observation.state,action,timestamp,frame_index,episode_index,index,task_index
"[0.6075488924980164, 0.17272742092609406, 0.06976937502622604, -0.1175030916929245, 0.9930586814880371, 0.0007126159034669399, 0.005187706556171179, 0.0]","[0.005242659244686365, 0.01852109096944332, -0.059172067791223526, 0.0, 0.0, -0.19829167425632477, 1.0]",0.800000011920929,2,22,495,0
"[0.5770516395568848, 0.10743727535009384, 0.14229512214660645, -0.055675894021987915, 0.9984393119812012, 0.0024554214905947447, 0.0036134535912424326, 0.0]","[0.010772651061415672, -0.007700363174080849, 0.1586061269044876, 0.0, 0.0, -0.02762027084827423, 0.0]",0.30000001192092896,9,37,383,0
"[0.5025542974472046, -0.09770970046520233, 0.09650752693414688, -0.5437309741973877, 0.8392535448074341, 0.0029195346869528294, -0.001272049848921597, 1.0]","[-0.018618816509842873, -0.11247485876083374, -0.016527505591511726, 0.0, 0.0, -0.3989735245704651, 0.0]",0.699999988079071,3,39,68,0
"[0.5674970149993896, 0.1774020940065384, 0.20037920773029327, 0.04075230658054352, 0.9991596937179565, 0.0012054565595462918, 0.0042084879241883755, 0.0]","[-0.0007772925309836864, -0.0006829401827417314, 0.09386120736598969, 0.0, 0.0, 0.0005141319707036018, 0.0]",0.0,7,0,335,0
"[0.5798628330230713, -0.09787283837795258, 0.16377924382686615, 0.22977706789970398, 0.9732339382171631, 0.00126655085477978, 0.0040800441056489944, 1.0]","[0.0, 0.0, 0.0, 0.0, 0.0, 0.0, 0.0]",0.10000000149011612,0,15,406,0
"[0.5626935958862305, 0.20826953649520874, 0.23200814425945282, -0.36223456263542175, 0.9320637583732605, 5.3626714361598715e-05, 0.006575447041541338, 1.0]","[0.018280846998095512, 0.02381150610744953, -0.062212057411670685, 0.0, 0.0, 0.06439744681119919, 1.0]",0.30000001192092896,4,31,182,0
"[0.5485909581184387, -0.0007955224136821926, 0.1399422138929367, 0.22850677371025085, 0.9735422730445862, 0.00034407820203341544, -0.000128769243019633, 1.0]","[-0.0011880885576829314, 0.045984189957380295, 0.009775650687515736, 0.0, 0.0, 0.22943463921546936, 1.0]",0.6000000238418579,0,0,392,0
"[0.5890658497810364, 0.03286010026931763, 0.2059171348810196, -0.1543351411819458, 0.9880163669586182, 0.0003743617853615433, 0.0020358688198029995, 1.0]","[-0.02334536612033844, -0.06750179082155228, -0.08183436095714569, 0.0, 0.0, -0.2012355923652649, 1.0]",0.5,2,11,314,0
"[0.578694224357605, -0.07059326022863388, 0.39698126912117004, -0.3719995617866516, 0.9282165169715881, -0.002509904792532325, 0.004912496544420719, 1.0]","[-0.03093016892671585, 0.01720340922474861, -0.03465963527560234, 0.0, 0.0, 0.09984398633241653, 0.0]",0.30000001192092896,8,14,179,0
"[0.548445463180542, 0.0005131338257342577, 0.07259440422058105, 0.23100101947784424, 0.9729534387588501, 0.00026183301815763116, -0.00026600173441693187, 1.0]","[0.011238377541303635, -0.007517592050135136, -0.00482344813644886, 0.0, 0.0, 0.01836576499044895, 0.0]",1.2999999523162842,12,14,64,0
"[0.5537273287773132, 0.2089175432920456, 0.08364001661539078, -0.3727804124355316, 0.9279118180274963, 0.0011820552172139287, 0.003614802611991763, 0.0]","[0.0, 0.0, 0.0, 0.0, 0.0, 0.0, 0.0]",0.5,2,5,473,0
"[0.6404546499252319, 0.2350955605506897, 0.15594787895679474, -0.25904905796051025, 0.9658464193344116, 0.0005482786218635738, 0.005831089336425066, 1.0]","[0.0, 0.0, 0.0, 0.0, 0.0, 0.0, 0.0]",1.2000000476837158,4,37,320,0
"[0.5031492710113525, -0.10843019187450409, 0.0876544639468193, -0.07753050327301025, 0.9969897270202637, 0.0004413712304085493, -0.0005492845084518194, 0.0]","[0.03765743225812912, -0.025599857792258263, -0.15524613857269287, 0.0, 0.0, -0.14037494361400604, 1.0]",1.399999976158142,2,35,354,0
"[0.49475982785224915, -0.14289645850658417, 0.07275024056434631, 0.11895422637462616, 0.9928688406944275, -0.0005596693372353911, 0.007814149372279644, 1.0]","[0.02636774070560932, 0.008716742508113384, -0.0014259505551308393, 0.0, 0.0, -0.28766289353370667, 0.0]",0.10000000149011612,1,43,281,0
"[0.4857609272003174, -0.04833438992500305, 0.07697635143995285, 0.12033892422914505, 0.992719829082489, 0.00507850106805563, -0.0002477067173458636, 0.0]","[0.0015715716872364283, 0.0042953877709805965, 0.001468394068069756, 0.0, 0.0, 0.0148106524720788, 1.0]",1.0,14,2,102,0
"[0.5549310445785522, 0.20637068152427673, 0.0848223865032196, -0.3695127069950104, 0.9292178750038147, 0.0006191327120177448, 0.0037535945884883404, 1.0]","[-0.05418817326426506, 0.0020229113288223743, -0.04541157931089401, 0.0, 0.0, -0.12243753671646118, 0.0]",1.2000000476837158,5,15,328,0
"[0.572250485420227, -0.10159426927566528, 0.2691149115562439, -0.06943613290786743, 0.9975817203521729, -0.0010324943577870727, 0.00287016318179667, 1.0]","[0.0, 0.0, 0.0, 0.0, 0.0, 0.0, 0.0]",0.8999999761581421,0,42,441,0
"[0.4872737526893616, 0.21988016366958618, 0.08826800435781479, -0.1475352793931961, 0.9890563488006592, 0.0008467032457701862, 0.00035824699443764985, 0.0]","[0.009417669847607613, -0.009953094646334648, 0.08178039640188217, 0.0, 0.0, 0.010883191600441933, 0.0]",0.0,11,40,178,0
"[0.5494264364242554, 0.0545242577791214, 0.07844143360853195, -0.19771796464920044, 0.980206310749054, -0.0014243859332054853, 0.010055738501250744, 1.0]","[0.005880855955183506, 0.0011879638768732548, -0.00010955236211884767, 0.0, 0.0, -0.0021638423204421997, 1.0]",0.5,1,10,341,0
"[0.5346294045448303, -0.013140219263732433, 0.2213326394557953, 6.876433417346561e-06, 0.9999945759773254, 0.0006698395009152591, -0.0032316234428435564, 0.0]","[0.0024822421837598085, 0.05402516946196556, -0.0024572324473410845, 0.0, 0.0, -0.1227179765701294, 1.0]",0.5,1,43,425,0
"[0.5176523923873901, 0.07039304822683334, 0.06925366073846817, -0.8895300030708313, 0.45687365531921387, 0.0016780085861682892, -0.0002483439166098833, 1.0]","[0.0, 0.0, 0.0, 0.0, 0.0, 0.0, 0.0]",0.800000011920929,4,26,284,0
"[0.4765240550041199, 0.060456328094005585, 0.06990176439285278, -0.66170734167099, 0.7497589588165283, 0.0014654790284112096, -0.0016600595554336905, 0.0]","[0.0, 0.0, 0.0, 0.0, 0.0, 0.0, 0.0]",0.0,7,37,249,0
"[0.5059214234352112, 0.13981805741786957, 0.10069778561592102, -0.11851803958415985, 0.992915153503418, -0.0035591807682067156, 0.007766328286379576, 0.0]","[0.0, 0.0, 0.0, 0.0, 0.0, 0.0, 0.0]",1.0,5,5,17,0
"[0.48381397128105164, 0.20276159048080444, 0.12220842391252518, 0.2698487639427185, 0.9628793001174927, 0.003159378655254841, 0.005929368082433939, 1.0]","[0.02887224406003952, 0.007486129179596901, -0.09487062692642212, 0.0, 0.0, -0.6034754514694214, 1.0]",0.800000011920929,0,15,24,0
"[0.5871718525886536, 0.10635306686162949, 0.11043412238359451, -0.04642772302031517, 0.9989207983016968, -0.0008970755152404308, 0.0009212258155457675, 0.0]","[0.05120773985981941, 0.03387327119708061, -0.001972280442714691, 0.0, 0.0, 0.13170917332172394, 1.0]",0.5,6,28,112,0
"[0.5189864635467529, -0.07458654791116714, 0.16702401638031006, 0.00039458696846850216, 0.9999942779541016, 0.00015669692947994918, -0.0033615557476878166, 0.0]","[0.0, 0.0, 0.0, 0.0, 0.0, 0.0, 0.0]",0.10000000149011612,3,0,82,0
"[0.499430775642395, -0.10466012358665466, 0.07097923755645752, -0.3337593674659729, 0.9426514506340027, -0.0005915633519180119, 0.003547398140653968, 1.0]","[-0.06242641434073448, 0.03822063282132149, -0.039709486067295074, 0.0, 0.0, -0.022879470139741898, 1.0]",0.5,4,25,251,0
"[0.502228856086731, -0.10265778005123138, 0.13417468965053558, -0.3318028748035431, 0.9433472156524658, 4.819186506210826e-05, 0.0017136933747678995, 1.0]","[0.013266095891594887, -0.05208473652601242, 0.0017410264117643237, 0.0, 0.0, -0.046594880521297455, 1.0]",0.30000001192092896,0,39,118,0
"[0.6027384996414185, -0.061097413301467896, 0.07167384773492813, -0.1557285040616989, 0.9877920150756836, -0.0008840753580443561, 0.003851657034829259, 1.0]","[0.037837378680706024, -0.038127120584249496, -0.00486990250647068, 0.0, 0.0, -0.05064593255519867, 1.0]",0.6000000238418579,0,18,330,0
"[0.5681176781654358, 0.2050839364528656, 0.07294057309627533, -0.17173227667808533, 0.9849422574043274, -0.01880144327878952, 0.006578909233212471, 0.0]","[5.2396178944036365e-05, -5.5282825996982865e-06, 0.07939176261425018, 0.0, 0.0, -3.6890471619699383e-06, 0.0]",0.4000000059604645,9,23,62,0
"[0.5070586800575256, 0.09955441951751709, 0.07107817381620407, -0.1323307901620865, 0.9911687970161438, -0.00033735285978764296, 0.0085328109562397, 1.0]","[0.0, 0.0, 0.0, 0.0, 0.0, 0.0, 0.0]",0.10000000149011612,0,33,13,0
"[0.48403993248939514, -0.03126715123653412, 0.2359156310558319, -0.14103034138679504, 0.9900045394897461, 2.5378380087204278e-05, 0.0011918589007109404, 1.0]","[0.0, 0.0, 0.0, 0.0, 0.0, 0.0, 0.0]",1.0,7,9,238,0
"[0.5016750693321228, 0.06085633859038353, 0.0758979544043541, -0.2980802655220032, 0.95428067445755, -0.003458209801465273, 0.02201303467154503, 1.0]","[-0.005912246648222208, -0.001449738279916346, 0.11702403426170349, 0.0, 0.0, -0.09686553478240967, 0.0]",0.10000000149011612,0,18,438,0
"[0.4993664026260376, 0.0876222774386406, 0.1487659215927124, -0.0028481276240199804, 0.9999916553497314, 0.00014373092562891543, -0.0029205596074461937, 0.0]","[-0.010593820363283157, -0.010880623012781143, 0.18977636098861694, 0.0, 0.0, -0.04516042768955231, 0.0]",0.8999999761581421,11,1,14,0
"[0.5830598473548889, -0.0021783013362437487, 0.09900101274251938, -0.19031450152397156, 0.9817193746566772, 0.00011141620052512735, 0.0027225459925830364, 1.0]","[0.033706001937389374, 0.06066618487238884, -0.06087631359696388, 0.0, 0.0, 0.1360573172569275, 1.0]",0.10000000149011612,4,24,493,0
"[0.5987849831581116, -0.016406087204813957, 0.2996854782104492, -0.11284137517213821, 0.9935994148254395, -0.0021991159301251173, 0.004713165573775768, 1.0]","[0.0, 0.0, 0.0, 0.0, 0.0, 0.0, 0.0]",0.4000000059604645,1,17,276,0
"[0.47820141911506653, 0.16545259952545166, 0.06659937649965286, 0.009085041470825672, 0.9999575018882751, 0.0015370195033028722, -0.0003332379856146872, 0.0]","[-0.019910188391804695, 0.013594272546470165, -0.1696895807981491, 0.0, 0.0, -0.10108204931020737, 1.0]",0.10000000149011612,9,25,152,0
"[0.6247814297676086, 0.20159831643104553, 0.2271909862756729, 0.1336662322282791, 0.9909619688987732, 0.004160815849900246, 0.01050470769405365, 1.0]","[0.02380676008760929, -0.0024491746444255114, 0.13857756555080414, 0.0, 0.0, 0.015127316117286682, 0.0]",0.10000000149011612,5,18,252,0
"[0.5689706206321716, -0.10810566693544388, 0.0799824446439743, 0.008388077840209007, 0.999958872795105, -0.0005816341144964099, 0.0034064301289618015, 0.0]","[-0.04333111643791199, -0.05030187964439392, 0.11202908307313919, 0.0, 0.0, -0.035800814628601074, 0.0]",0.0,5,33,397,0
"[0.5529521703720093, 0.03252324089407921, 0.14601361751556396, 0.03866878151893616, 0.9992519021034241, 0.0005552800721488893, 5.121034701005556e-05, 0.0]","[-0.0015823873691260815, 0.03465107083320618, -0.1296832114458084, 0.0, 0.0, -0.204673171043396, 1.0]",0.800000011920929,6,10,367,0
"[0.507575273513794, 0.07118390500545502, 0.20585449039936066, -0.10534743964672089, 0.9944254159927368, 1.668784534558654e-05, 0.004475860390812159, 1.0]","[0.0, 0.0, 0.0, 0.0, 0.0, 0.0, 0.0]",1.100000023841858,7,43,235,0
"[0.5759266018867493, 0.052129168063402176, 0.16487061977386475, -0.0019131306326016784, 0.9999886751174927, 8.292344864457846e-05, -0.004357901867479086, 0.0]","[0.0, 0.0, 0.0, 0.0, 0.0, 0.0, 0.0]",1.0,10,16,109,0
"[0.500801146030426, 0.07095655798912048, 0.2346908003091812, -0.6487497687339783, 0.7609840035438538, -0.0022950342390686274, 0.004672865383327007, 1.0]","[-0.003359952475875616, -0.004426648840308189, -0.0704091265797615, 0.0, 0.0, -0.1691126525402069, 1.0]",0.10000000149011612,5,7,468,0
"[0.546173095703125, 0.10139147192239761, 0.44191691279411316, -0.08504567295312881, 0.9962282180786133, 0.00477797444909811, 0.016544334590435028, 1.0]","[0.0009150251280516386, -0.014951793476939201, -0.022917313501238823, 0.0, 0.0, 0.13952606916427612, 1.0]",0.800000011920929,11,8,474,0
"[0.5150258541107178, 0.08544977009296417, 0.16925263404846191, -0.286609411239624, 0.9578960537910461, -0.000677018950227648, 0.017021801322698593, 1.0]","[0.0, 0.0, 0.0, 0.0, 0.0, 0.0, 0.0]",0.5,6,17,483,0
"[0.5871618986129761, 0.08796318620443344, 0.12215656042098999, -0.39151716232299805, 0.9201698303222656, -0.0007880580378696322, 0.0010755634866654873, 1.0]","[0.0, 0.0, 0.0, 0.0, 0.0, 0.0, 0.0]",0.10000000149011612,7,23,291,0
"[0.5961201190948486, 0.04454955458641052, 0.3148593604564667, -0.5325318574905396, 0.8462873101234436, -0.0029325338546186686, 0.014108416624367237, 1.0]","[0.03280679136514664, 0.04098422825336456, -0.001863122801296413, 0.0, 0.0, 0.2568633556365967, 1.0]",0.8999999761581421,5,31,227,0
"[0.481171578168869, 0.13148701190948486, 0.07054067403078079, -0.04285657778382301, 0.9990776181221008, 0.0010528357233852148, 0.0024734085891395807, 0.0]","[0.0023040184751152992, -0.05002575367689133, -0.11036910116672516, 0.0, 0.0, 0.19713887572288513, 1.0]",0.699999988079071,3,8,41,0
"[0.5722312331199646, -0.04713493213057518, 0.20682209730148315, -0.10942777991294861, 0.9939931035041809, 0.00021014580852352083, 0.0017912582261487842, 1.0]","[0.010986768640577793, 0.005851170979440212, 0.02922535501420498, 0.0, 0.0, 0.12324255704879761, 1.0]",0.10000000149011612,3,8,160,0
"[0.6115240454673767, 0.05790378898382187, 0.07202187180519104, -0.3924470841884613, 0.9197682738304138, 0.0009674602770246565, -0.003259941702708602, 1.0]","[0.0, 0.0, 0.0, 0.0, 0.0, 0.0, 0.0]",0.20000000298023224,5,40,421,0
"[0.5801293253898621, 0.06195233762264252, 0.1422850787639618, -0.41826432943344116, 0.90830397605896, -3.5187422326998785e-05, 0.0062339589931070805, 1.0]","[0.0, 0.0, 0.0, 0.0, 0.0, 0.0, 0.0]",0.6000000238418579,4,32,111,0
"[0.49474501609802246, -0.12083836644887924, 0.10078497976064682, -0.16591192781925201, 0.9861385226249695, -0.000900028389878571, 0.0018091279780492187, 0.0]","[0.0, 0.0, 0.0, 0.0, 0.0, 0.0, 1.0]",0.699999988079071,7,14,78,0
"[0.5003744959831238, 0.051288727670907974, 0.14655211567878723, -0.000269626296358183, 0.9999992251396179, 0.00026938269729726017, 0.0012007288169115782, 0.0]","[0.008401316590607166, 0.016620486974716187, -0.07270289957523346, 0.0, 0.0, -0.3850567638874054, 1.0]",0.699999988079071,6,21,184,0
"[0.5545433163642883, 0.12286742031574249, 0.10945762693881989, -0.2207818329334259, 0.9753124713897705, -0.00014418394130188972, 0.004576022271066904, 0.0]","[-0.017858782783150673, 0.05345144495368004, -0.07317464053630829, 0.0, 0.0, -0.24426031112670898, 0.0]",0.4000000059604645,2,35,201,0
"[0.5852372050285339, -0.11479932069778442, 0.09755101799964905, 0.12563174962997437, 0.9920763373374939, 0.00026880469522438943, 0.0010844989446923137, 0.0]","[-0.02469269186258316, 0.04155280441045761, -0.08961020410060883, 0.0, 0.0, -0.5508647561073303, 1.0]",0.10000000149011612,3,43,372,0
"[0.5492562055587769, 0.08029046654701233, 0.17036819458007812, -0.33591705560684204, 0.9418841600418091, -0.00041280995355919003, 0.003705937648192048, 1.0]","[8.221907773986459e-05, -0.0001329306687694043, 0.09132272005081177, 0.0, 0.0, -1.836881710914895e-05, 0.0]",1.0,9,23,36,0
"[0.4922138750553131, 0.09317073971033096, 0.3207566738128662, -0.19041380286216736, 0.9816230535507202, -0.000947854365222156, 0.012562585063278675, 1.0]","[-0.0021561156027019024, 0.016815967857837677, 0.14338114857673645, 0.0, 0.0, -0.06018921732902527, 0.0]",0.8999999761581421,7,7,321,0
"[0.5936445593833923, 0.10130881518125534, 0.11826024949550629, -0.47659316658973694, 0.8790668845176697, -0.0010947644477710128, 0.009956338442862034, 1.0]","[0.03910648077726364, 0.023632297292351723, 0.003085567383095622, 0.0, 0.0, -0.20176182687282562, 1.0]",0.20000000298023224,6,20,460,0
"[0.5565173029899597, 0.013341101817786694, 0.14946779608726501, 0.05113441124558449, 0.9986873865127563, 0.0005421976093202829, 0.0029190191999077797, 1.0]","[0.0, 0.0, 0.0, 0.0, 0.0, 0.0, 1.0]",0.5,0,39,428,0
"[0.5579685568809509, 0.1293247789144516, 0.06877781450748444, -0.10574719309806824, 0.9943929314613342, -2.8101145289838314e-05, -0.0005053745117038488, 0.0]","[0.023404192179441452, 0.08233951032161713, -0.09075965732336044, 0.0, 0.0, 0.10955940932035446, 1.0]",0.4000000059604645,3,25,218,0
"[0.569095253944397, -0.09671055525541306, 0.07675634324550629, 0.0826948955655098, 0.996573269367218, 0.0007727800402790308, 0.0016192359616979957, 1.0]","[-0.010704939253628254, 0.013591691851615906, 0.19472239911556244, 0.0, 0.0, -0.03853210434317589, 0.0]",0.0,7,40,7,0
"[0.5838857293128967, -0.001920201233588159, 0.10260778665542603, -0.18826913833618164, 0.9821128249168396, 0.0003481426974758506, 0.0029977033846080303, 1.0]","[0.0, 0.0, 0.0, 0.0, 0.0, 0.0, 1.0]",0.30000001192092896,15,8,150,0
"[0.5396185517311096, 0.014510772190988064, 0.1215403601527214, -0.2372438758611679, 0.9712405204772949, -0.0056574540212750435, 0.019369227811694145, 1.0]","[0.07018671929836273, 0.050263699144124985, -0.07689697295427322, 0.0, 0.0, -0.16941910982131958, 1.0]",0.5,1,20,202,0
"[0.5297539234161377, 0.19525402784347534, 0.14116202294826508, -0.21461635828018188, 0.9766892790794373, -0.00021290713630151004, -0.004223414696753025, 1.0]","[0.0, 0.0, 0.0, 0.0, 0.0, 0.0, 0.0]",1.0,1,16,170,0
"[0.4846492111682892, 0.20413948595523834, 0.07970969378948212, 0.27122926712036133, 0.9624729156494141, 0.005097715184092522, 0.007391844876110554, 1.0]","[-1.809985587897245e-05, -5.690725811291486e-05, 0.061519917100667953, 0.0, 0.0, -3.457294587860815e-05, 0.0]",0.6000000238418579,2,22,319,0
"[0.6137760877609253, 0.2045648694038391, 0.07225828617811203, 0.13639004528522491, 0.9906325936317444, 0.003668911522254348, 0.005601508542895317, 0.0]","[0.015750056132674217, 0.05062408372759819, 0.009494821541011333, 0.0, 0.0, -0.07315357029438019, 1.0]",0.4000000059604645,3,27,15,0
"[0.560244083404541, 0.014138761907815933, 0.08829378336668015, 0.041107941418886185, 0.9991419315338135, 0.0006704134284518659, 0.00500674732029438, 1.0]","[-8.292133315990213e-06, 4.865646405960433e-05, 0.050313666462898254, 0.0, 0.0, -1.2182884347566869e-05, 0.0]",0.4000000059604645,1,13,115,0
"[0.48863476514816284, 0.2193824052810669, 0.14623326063156128, -8.848850120557472e-05, 0.9999998211860657, 0.0003607877588365227, -0.0004694765084423125, 0.0]","[-0.019627433270215988, 0.07308528572320938, -0.07876592874526978, 0.0, 0.0, 0.030618011951446533, 1.0]",0.5,1,4,494,0
"[0.5050531029701233, 0.04224902018904686, 0.2614009976387024, -0.24023191630840302, 0.9707109928131104, -0.0006594859878532588, 0.002898236969485879, 1.0]","[0.027544064447283745, -0.0006444003083743155, 0.10270804911851883, 0.0, 0.0, -0.008224325254559517, 0.0]",0.6000000238418579,10,16,342,0
"[0.47829195857048035, 0.061113547533750534, 0.07268493622541428, -0.6621177792549133, 0.7493996620178223, 0.0002638488949742168, 0.0003715646162163466, 1.0]","[0.009551441296935081, -0.04559506103396416, -0.15171508491039276, 0.0, 0.0, -0.2526337802410126, 1.0]",1.399999976158142,9,28,305,0
"[0.4852440655231476, -0.04932986944913864, 0.17564550042152405, 0.0011714397696778178, 0.9999929070472717, 0.0006642647203989327, -0.003516500350087881, 0.0]","[-0.06084715574979782, -0.06599585711956024, -0.05984463915228844, 0.0, 0.0, -0.008502056822180748, 1.0]",1.0,1,2,208,0
"[0.5973759889602661, 0.10172663629055023, 0.21697115898132324, -0.4733591079711914, 0.8806797862052917, -0.0031939514447003603, 0.01800180971622467, 1.0]","[-0.016978392377495766, -0.025937410071492195, 0.11499498784542084, 0.0, 0.0, -0.09071144461631775, 0.0]",0.6000000238418579,3,11,167,0
"[0.595670223236084, 0.048899389803409576, 0.183923602104187, -0.5569188594818115, 0.8305442333221436, -0.0004751836240757257, 0.006115740165114403, 1.0]","[0.0, 0.0, 0.0, 0.0, 0.0, 0.0, 0.0]",0.699999988079071,13,7,471,0
"[0.5769901871681213, -0.11255606263875961, 0.3452078700065613, -0.14959540963172913, 0.9887282848358154, -0.0018539177253842354, 0.005844824481755495, 1.0]","[-0.0033487221226096153, -0.015008625574409962, -0.1004565879702568, 0.0, 0.0, 0.10061497241258621, 1.0]",1.2999999523162842,0,19,67,0
"[0.552234947681427, -0.024429071694612503, 0.1242683008313179, -0.07600698620080948, 0.9970921277999878, -0.0007811957621015608, 0.005446120630949736, 1.0]","[-0.004920784384012222, 0.0017620845464989543, -0.01441461592912674, 0.0, 0.0, -0.2923022508621216, 1.0]",0.800000011920929,20,36,358,0
"[0.4969845414161682, -0.14441156387329102, 0.26601508259773254, 0.11820004880428314, 0.9929682016372681, -0.0010065652895718813, 0.006467972416430712, 1.0]","[0.0, 0.0, 0.0, 0.0, 0.0, 0.0, 0.0]",0.5,1,42,304,0
"[0.6034514904022217, 0.21937404572963715, 0.26493245363235474, -0.38520610332489014, 0.9228275418281555, -0.0004266332252882421, 0.0023129202891141176, 1.0]","[0.0, 0.0, 0.0, 0.0, 0.0, 0.0, 1.0]",0.20000000298023224,10,17,324,0
"[0.6327272057533264, 0.21321077644824982, 0.0667220950126648, -0.03903277590870857, 0.9992359280586243, 0.0012588213430717587, 0.0015408515464514494, 0.0]","[0.013255814090371132, -0.013026450760662556, -0.041494499891996384, 0.0, 0.0, -0.3717978894710541, 1.0]",0.699999988079071,1,35,210,0
"[0.6230795383453369, 0.018232164904475212, 0.14666138589382172, -7.136544013519597e-07, 0.9999995827674866, 0.0005417474894784391, 0.0007305930485017598, 0.0]","[0.05602756515145302, 0.06948922574520111, -0.09348279982805252, 0.0, 0.0, -0.184428408741951, 1.0]",0.10000000149011612,3,17,378,0
"[0.55726158618927, 0.12730813026428223, 0.07047035545110703, 0.06932667642831802, 0.9975919127464294, 0.0005538550904020667, 0.0019841783214360476, 0.0]","[-0.00010157834185520187, -8.387078560190275e-05, 0.028517743572592735, 0.0, 0.0, 6.68958637106698e-06, 0.0]",1.0,9,35,90,0
"[0.48907890915870667, -0.029387731105089188, 0.18713262677192688, 2.785457400023006e-05, 0.9999931454658508, 0.00016571066225878894, -0.0036948504857718945, 0.0]","[-3.6953017115592957e-05, -5.1267252274556085e-05, 0.045335885137319565, 0.0, 0.0, -2.0324481738498434e-05, 0.0]",0.0,10,16,141,0
"[0.5296738743782043, 0.07880751043558121, 0.06987950950860977, -0.025699768215417862, 0.9996656179428101, 0.0022040025796741247, 0.001828916952945292, 0.0]","[0.0, 0.0, 0.0, 0.0, 0.0, 3.709813726560703e-17, 1.0]",1.0,4,13,302,0
"[0.5799129605293274, 0.11327047646045685, 0.1114945039153099, -0.323407381772995, 0.9462515711784363, 0.0003372567589394748, 0.003944948315620422, 0.0]","[-0.04303468391299248, 0.02650540880858898, -0.09798353165388107, 0.0, 0.0, -0.1185961663722992, 1.0]",0.10000000149011612,9,10,376,0
"[0.6537977457046509, 0.07697407901287079, 0.07452573627233505, -0.19846247136592865, 0.9800882935523987, 0.000833440397400409, 0.006237655878067017, 1.0]","[0.0, 0.0, 0.0, 0.0, 0.0, 0.0, 0.0]",0.699999988079071,13,36,185,0
"[0.5700042247772217, 0.08980437368154526, 0.07270535826683044, -0.0069398037157952785, 0.9999752640724182, -0.000335042888764292, 0.0010843264171853662, 0.0]","[0.0436454676091671, 0.04086370766162872, 0.08906323462724686, 0.0, 0.0, -0.10997457057237625, 0.0]",0.20000000298023224,2,29,26,0
"[0.48942387104034424, -0.14270398020744324, 0.10314575582742691, 0.09492664039134979, 0.9954822063446045, -0.00028483575442805886, 0.0020087724551558495, 0.0]","[-0.06136269122362137, 0.07921910285949707, -0.01866447739303112, 0.0, 0.0, -0.07057962566614151, 1.0]",0.8999999761581421,3,19,331,0
"[0.5872899293899536, -0.07466033101081848, 0.19943976402282715, -0.0007374262786470354, 0.9999939799308777, -0.0006469866493716836, 0.0033266879618167877, 0.0]","[0.0, 0.0, 0.0, 0.0, 0.0, 0.0, 0.0]",0.699999988079071,6,35,268,0
"[0.5791787505149841, 0.08295642584562302, 0.21755632758140564, -1.3593706171377562e-05, 0.9999983906745911, 0.0003734279016498476, 0.0017470490420237184, 0.0]","[0.0, 0.0, 0.0, 0.0, 0.0, 0.0, 0.0]",0.5,6,19,382,0
"[0.501728892326355, -0.10849346965551376, 0.07780295610427856, -0.04490913078188896, 0.998971164226532, -0.0008904069545678794, 0.006241746246814728, 1.0]","[0.0, 0.0, 0.0, 0.0, 0.0, 0.0, 0.0]",0.0,10,21,267,0
"[0.5636705756187439, 0.06305145472288132, 0.0731867104768753, -0.1373371034860611, 0.9904959797859192, 0.000397939671529457, 0.007489376235753298, 1.0]","[0.0, 0.0, 0.0, 0.0, 0.0, 0.0, 0.0]",0.5,1,5,262,0
"[0.5786056518554688, 0.16445395350456238, 0.07186312228441238, 0.009645176120102406, 0.9999474287033081, 0.0020605691242963076, 0.002796327928081155, 0.0]","[0.0, 0.0, 0.0, 0.0, 0.0, 0.0, 0.0]",0.8999999761581421,8,31,101,0
"[0.5569788813591003, 0.12763440608978271, 0.07062368839979172, 0.06892161816358566, 0.9976202845573425, 0.0006208348204381764, 0.0017981181154027581, 1.0]","[0.011333334259688854, 0.005161825567483902, 0.1295146644115448, 0.0, 0.0, -0.05478999391198158, 0.0]",0.699999988079071,10,32,288,0
"[0.5793838500976562, -0.09756794571876526, 0.07184351235628128, 0.23340308666229248, 0.9723774790763855, 0.000886212510522455, 0.0020678089931607246, 1.0]","[0.0, 0.0, 0.0, 0.0, 0.0, 0.0, 0.0]",1.100000023841858,8,17,161,0
"[0.582199215888977, 0.10405096411705017, 0.15043430030345917, -0.0023781289346516132, 0.9999949932098389, 0.00040667792200110853, -0.002055081771686673, 0.0]","[-0.007525334600359201, 0.06023538485169411, 0.037446483969688416, 0.0, 0.0, -0.1865105777978897, 1.0]",0.5,2,35,88,0
"[0.6238764524459839, 0.20389443635940552, 0.07746544480323792, 0.1350177824497223, 0.9907985329627991, 0.0035487294662743807, 0.00871364027261734, 1.0]","[0.0, 0.0, 0.0, 0.0, 0.0, 0.0, 0.0]",0.8999999761581421,15,29,134,0
"[0.4880153238773346, 0.13954338431358337, 0.08263800293207169, -0.2218056172132492, 0.9750241637229919, -0.011361290700733662, -0.0010438722092658281, 1.0]","[0.05454840883612633, 0.08342596143484116, -0.030697783455252647, 0.0, 0.0, -0.12715986371040344, 1.0]",0.0,4,32,58,0
"[0.5202156901359558, 0.2029658406972885, 0.19579175114631653, -0.05455002933740616, 0.9985067248344421, -0.0009363857097923756, -0.002777797169983387, 0.0]","[0.0, 0.0, 0.0, 0.0, 0.0, 0.0, 0.0]",0.0,8,35,240,0
"[0.5244178771972656, -0.1440485119819641, 0.15961019694805145, -0.14032328128814697, 0.9901052117347717, 0.0008104001171886921, -0.0006409783381968737, 0.0]","[-0.02223740704357624, 0.004354481119662523, 0.15244561433792114, 0.0, 0.0, 0.019172780215740204, 0.0]",0.30000001192092896,2,25,499,0
"[0.4935186803340912, -0.13145337998867035, 0.0951504185795784, 0.05231431871652603, 0.9986255764961243, -0.0004546730197034776, 0.003148240502923727, 0.0]","[0.0, 0.0, 0.0, 0.0, 0.0, 0.0, 0.0]",0.30000001192092896,8,5,459,0
"[0.653825581073761, 0.07697799056768417, 0.07454455643892288, -0.19840478897094727, 0.9800996780395508, 0.0008907172596082091, 0.0062704263255000114, 1.0]","[0.00015541433822363615, -0.00012088099174434319, 0.03383144363760948, 0.0, 0.0, -1.677930777077563e-05, 0.0]",0.4000000059604645,9,33,31,0
"[0.5473888516426086, 0.13652098178863525, 0.21157190203666687, 0.037818897515535355, 0.9992716312408447, 0.0015196962049230933, 0.004855884704738855, 1.0]","[0.03545090928673744, 0.017955390736460686, 0.1195424348115921, 0.0, 0.0, -0.34939154982566833, 0.0]",0.699999988079071,2,15,211,0
"[0.4865996241569519, 0.08740130066871643, 0.07173888385295868, 0.024564361199736595, 0.9996945261955261, 0.0007685049204155803, 0.0026204902678728104, 0.0]","[0.029795536771416664, 0.02344423532485962, -0.09807076305150986, 0.0, 0.0, -0.11440825462341309, 1.0]",0.800000011920929,1,41,54,0
"[0.510273814201355, -0.09389752894639969, 0.19232752919197083, -0.002523502567782998, 0.9999949932098389, -0.0003747973241843283, 0.0018822640413418412, 0.0]","[-0.07585093379020691, 0.002463190583512187, -0.07750473916530609, 0.0, 0.0, -0.28365358710289, 1.0]",0.8999999761581421,10,45,63,0
"[0.5566049814224243, -0.05354830622673035, 0.17188860476016998, -0.07339806854724884, 0.9972819685935974, -0.0014822636730968952, 0.0062599643133580685, 0.0]","[0.007393272127956152, -0.010949347168207169, 0.1474224030971527, 0.0, 0.0, -0.15570499002933502, 0.0]",0.20000000298023224,9,28,489,0
"[0.5531538128852844, 0.04538833349943161, 0.1107555627822876, -0.045568451285362244, 0.9989595413208008, 0.001815357361920178, 0.00026875842013396323, 0.0]","[0.0, 0.0, 0.0, 0.0, 0.0, 0.0, 0.0]",1.2000000476837158,9,25,85,0
"[0.6034687757492065, 0.22227273881435394, 0.28370726108551025, -0.4051530957221985, 0.9142290949821472, -1.4600859685742762e-05, 0.006011910270899534, 1.0]","[0.0, 0.0, 0.0, 0.0, 0.0, 0.0, 0.0]",0.4000000059604645,1,17,214,0
"[0.5797754526138306, 0.11164376884698868, 0.4000261425971985, -0.16491571068763733, 0.9862470030784607, 0.0011031320318579674, 0.010884186252951622, 1.0]","[0.014255648478865623, -0.003368041245266795, -0.09140735119581223, 0.0, 0.0, 0.16117598116397858, 0.0]",1.2000000476837158,3,13,99,0
"[0.5104501247406006, 0.09331311285495758, 0.09011280536651611, -0.6103156805038452, 0.7920705080032349, -0.00855617132037878, 0.008113761432468891, 1.0]","[0.0002047152811428532, -0.00036302991793490946, 0.07195698469877243, 0.0, 0.0, 0.000304473505821079, 0.0]",0.0,0,20,25,0
"[0.5839231014251709, 0.07532866299152374, 0.15761636197566986, -0.0035866512916982174, 0.9999901056289673, 0.000408478663302958, -0.002601258922368288, 0.0]","[0.0, 0.0, 0.0, 0.0, 0.0, 0.0, 0.0]",0.6000000238418579,2,14,209,0
"[0.4885619282722473, -0.09624785929918289, 0.07381436973810196, -0.12232843041419983, 0.9924196004867554, -0.0031207315623760223, 0.0113742146641016, 0.0]","[0.0, 0.0, 0.0, 0.0, 0.0, 0.0, 0.0]",0.0,6,13,309,0
"[0.49217236042022705, -0.1395866870880127, 0.18795765936374664, 0.0015402851859107614, 0.9999935030937195, 0.0007996700005605817, -0.0031603174284100533, 0.0]","[0.05033644288778305, -0.011246751993894577, -0.09893656522035599, 0.0, 0.0, -0.14908252656459808, 1.0]",0.10000000149011612,1,18,215,0
"[0.5893073081970215, 0.10017400979995728, 0.07242031395435333, -0.4309628903865814, 0.9023361802101135, -0.001596613321453333, 0.007605488877743483, 0.0]","[-0.0116996755823493, 0.008394893258810043, 0.13577744364738464, 0.0, 0.0, -0.06447218358516693, 0.0]",0.4000000059604645,7,5,61,0
"[0.5222199559211731, 0.15048034489154816, 0.07835821062326431, -0.011448062025010586, 0.9999340176582336, 0.0009466038318350911, 6.874225800856948e-05, 1.0]","[-0.002628555055707693, 0.03027883730828762, 0.057237137109041214, 0.0, 0.0, -0.006854123901575804, 1.0]",0.0,4,34,124,0
"[0.5660645961761475, 0.01008028257638216, 0.40799856185913086, -0.12921473383903503, 0.9915690422058105, -0.0011240449966862798, 0.009648211300373077, 1.0]","[-0.0011841373052448034, -0.00016692469944246113, -0.053906604647636414, 0.0, 0.0, -0.5073379278182983, 1.0]",1.600000023841858,5,22,233,0
"[0.48024699091911316, 0.16105277836322784, 0.07015634328126907, 0.014440538361668587, 0.9998941421508789, 0.000946133048273623, 0.001506039989180863, 1.0]","[0.00016748848429415375, 9.186272654915228e-05, 0.0035445799585431814, 0.0, 0.0, -2.319997292943299e-06, 0.0]",0.5,9,12,410,0
"[0.5454830527305603, 0.21291059255599976, 0.12073422968387604, -0.08229774236679077, 0.9964568614959717, 0.005874466150999069, 0.016318166628479958, 0.0]","[0.012958032079041004, 0.07604003697633743, -0.08209851384162903, 0.0, 0.0, -0.06901589035987854, 1.0]",0.699999988079071,1,21,229,0
"[0.5705997943878174, 0.049592602998018265, 0.07193595170974731, -0.020768016576766968, 0.9997833967208862, 0.0005702474736608565, 0.0012311836471781135, 1.0]","[-0.003527120454236865, 0.012994762510061264, 0.18742810189723969, 0.0, 0.0, 0.007554573472589254, 0.0]",0.30000001192092896,8,32,285,0
"[0.620454728603363, 0.20223134756088257, 0.10087472200393677, 0.13506366312503815, 0.990830659866333, 0.0009075816487893462, 0.0034048466477543116, 1.0]","[-0.03140414133667946, 0.017790386453270912, -0.07944878190755844, 0.0, 0.0, 0.018175549805164337, 1.0]",0.8999999761581421,7,8,488,0
"[0.49722880125045776, 0.10292381793260574, 0.07024690508842468, -0.038626715540885925, 0.9992431998252869, 0.0010482369689270854, 0.004457448609173298, 0.0]","[-0.06043875589966774, 0.005271695554256439, -0.03815044090151787, 0.0, 0.0, -0.7472845315933228, 0.0]",1.600000023841858,13,28,151,0
"[0.541164755821228, -0.11322838813066483, 0.4006437063217163, -0.1477271318435669, 0.9889999628067017, -0.0030847894959151745, 0.0067977397702634335, 1.0]","[0.0, 0.0, 0.0, 0.0, 0.0, 0.0, 0.0]",0.5,0,8,450,0
"[0.5721102952957153, 0.011006562039256096, 0.07157387584447861, -0.19240884482860565, 0.981314480304718, 0.00042017886880785227, 0.0007333168759942055, 1.0]","[-0.03381401300430298, 0.068162702023983, -0.051570720970630646, 0.0, 0.0, -0.1844322383403778, 1.0]",0.0,8,31,465,0
"[0.5871418118476868, 0.09043437987565994, 0.12446114420890808, -0.39196768403053284, 0.9199759364128113, 4.530623846221715e-05, 0.002379276091232896, 0.0]","[0.0, 0.0, 0.0, 0.0, 0.0, 0.0, 0.0]",0.6000000238418579,1,29,496,0
"[0.5439932346343994, 0.06899309158325195, 0.20202967524528503, -0.04068527743220329, 0.9991617202758789, 0.0005894687492400408, 0.004491714294999838, 1.0]","[0.006206351798027754, -0.05865899845957756, -0.09084808826446533, 0.0, 0.0, -0.011819928884506226, 1.0]",1.600000023841858,4,26,19,0
"[0.5009340643882751, -0.10375545173883438, 0.12384013086557388, -0.3326552212238312, 0.9430437088012695, -0.0007066894904710352, 0.0029207835905253887, 1.0]","[-1.2532876098703127e-05, -0.0001148998926510103, 0.08714421838521957, 0.0, 0.0, -1.922832234413363e-05, 0.0]",0.30000001192092896,0,19,206,0
"[0.5778969526290894, -0.0035557823721319437, 0.07338789105415344, -0.19604331254959106, 0.9805892705917358, 0.00019489676924422383, 0.0034094767179340124, 0.0]","[-8.823689131531864e-05, 0.00017722071788739413, 0.03781340643763542, 0.0, 0.0, -8.915916623664089e-06, 0.0]",0.6000000238418579,10,13,348,0
"[0.5636724829673767, 0.063041090965271, 0.07315008342266083, -0.13751383125782013, 0.9904714822769165, 0.0003790682530961931, 0.007485024631023407, 1.0]","[0.008311271667480469, 0.01188676804304123, -0.143271341919899, 0.0, 0.0, -0.4665742814540863, 1.0]",0.20000000298023224,14,5,86,0
"[0.5333338975906372, 0.05649670958518982, 0.2244877815246582, 0.002192490268498659, 0.9999961853027344, 0.00018942522001452744, 0.0016848264494910836, 1.0]","[0.0, 0.0, 0.0, 0.0, 0.0, 0.0, 0.0]",0.5,10,16,300,0
"[0.4898797571659088, -0.13287073373794556, 0.09166480600833893, 0.06759948283433914, 0.9977108240127563, -0.00016176828648895025, 0.0018327449215576053, 0.0]","[0.003568081883713603, 0.029735341668128967, -0.030864447355270386, 0.0, 0.0, 0.05217874050140381, 1.0]",0.0,4,31,431,0
"[0.5276111960411072, 0.16011454164981842, 0.12955069541931152, 0.06840729713439941, 0.9976555109024048, -0.0002558607957325876, -0.0019675991497933865, 0.0]","[-0.0280449278652668, 0.018685314804315567, 0.12480901926755905, 0.0, 0.0, -0.03569985553622246, 0.0]",0.20000000298023224,17,30,136,0
"[0.6003020405769348, 0.1011044904589653, 0.26552048325538635, -0.3719123899936676, 0.9276275634765625, -0.010199046693742275, 0.03292763978242874, 1.0]","[0.0, 0.0, 0.0, 0.0, 0.0, 0.0, 0.0]",0.20000000298023224,2,21,260,0
"[0.5142170786857605, 0.11953217536211014, 0.1518343687057495, -0.0019630303140729666, 0.9999935030937195, 1.5444338714587502e-05, -0.0030301811639219522, 0.0]","[0.0, 0.0, 0.0, 0.0, 0.0, 0.0, 0.0]",0.5,4,20,277,0
"[0.5820437669754028, -0.09843537956476212, 0.24483123421669006, 0.22645209729671478, 0.9739739298820496, 0.001695754355750978, 0.009560388512909412, 1.0]","[0.03284207358956337, 0.036435145884752274, -0.01343551091849804, 0.0, 0.0, -0.15795332193374634, 0.0]",0.6000000238418579,0,8,279,0
"[0.5383090972900391, 0.05014343559741974, 0.13742734491825104, -0.0879155695438385, 0.9961196780204773, 0.0031232936307787895, 0.0025893952697515488, 1.0]","[8.965474262367934e-05, 4.868453288509045e-06, 0.02641887404024601, 0.0, 0.0, 0.0003220885992050171, 0.0]",0.4000000059604645,5,3,403,0
"[0.5951582193374634, -0.06369426101446152, 0.14922714233398438, 0.0022249731700867414, 0.9999960064888, -0.0003347720194142312, -0.0017271509859710932, 0.0]","[-0.01403969619423151, 0.039774276316165924, -0.0060116685926914215, 0.0, 0.0, 0.2102140635251999, 1.0]",1.2000000476837158,16,42,1,0
"[0.5620390176773071, 0.040158484131097794, 0.10915731638669968, 0.06656001508235931, 0.9977760314941406, 0.0011640841839835048, 0.0033701208885759115, 1.0]","[-0.004097951576113701, 0.02834063582122326, 0.17260269820690155, 0.0, 0.0, -0.062394991517066956, 0.0]",1.100000023841858,7,16,449,0
"[0.5692554712295532, 0.20256046950817108, 0.114888496696949, -0.118299700319767, 0.9929221868515015, -0.004079813603311777, 0.009698056615889072, 0.0]","[0.0050155227072536945, 0.02432229369878769, 0.16422562301158905, 0.0, 0.0, -0.04412992298603058, 0.0]",0.10000000149011612,12,32,242,0
"[0.5092480182647705, 0.21125859022140503, 0.17843566834926605, -0.1319187581539154, 0.9912405014038086, 0.001536794239655137, 0.006112595088779926, 1.0]","[-0.008139140903949738, 0.009385707788169384, 0.031222183257341385, 0.0, 0.0, -0.1320357471704483, 1.0]",0.0,8,41,228,0
"[0.6535064578056335, 0.2238878458738327, 0.24523626267910004, -0.2513141632080078, 0.967875063419342, -0.0003873391542583704, 0.00767521932721138, 1.0]","[0.0, 0.0, 0.0, 0.0, 0.0, 0.0, 0.0]",1.0,9,21,53,0
"[0.5566366910934448, 0.013783060945570469, 0.19969983398914337, -0.12292977422475815, 0.9924099445343018, 1.740214429446496e-05, 0.0032806077506393194, 1.0]","[0.0, 0.0, 0.0, 0.0, 0.0, 0.0, 0.0]",0.4000000059604645,2,9,298,0
"[0.5536473989486694, -0.007978499867022038, 0.07029813528060913, 0.11335648596286774, 0.9935323596000671, -0.0006104862550273538, 0.006584657821804285, 0.0]","[-8.300476474687457e-05, 3.472112803137861e-05, 0.0835101380944252, 0.0, 0.0, -1.1641253877314739e-05, 0.0]",0.4000000059604645,3,18,194,0
"[0.5139085650444031, 0.08409528434276581, 0.245639830827713, -0.1790420413017273, 0.9838405847549438, 3.3837764931377023e-05, 0.0012807901948690414, 1.0]","[-0.0018662322545424104, 0.0005869469605386257, 0.051595769822597504, 0.0, 0.0, -0.0005214287666603923, 0.0]",0.4000000059604645,5,0,243,0
"[0.5824525952339172, -0.08898794651031494, 0.07403182238340378, -0.0467083677649498, 0.9988802671432495, -0.0006634506280533969, 0.007487487513571978, 0.0]","[0.0030837818048894405, -8.830178558127955e-05, 0.19365963339805603, 0.0, 0.0, -0.03483903408050537, 0.0]",0.800000011920929,4,1,368,0
"[0.5659860372543335, 0.026854045689105988, 0.07347027212381363, 0.2340727597475052, 0.9722153544425964, 0.002672293223440647, -0.0003066697099711746, 0.0]","[0.006983084138482809, 0.0007416337612085044, -0.047059111297130585, 0.0, 0.0, -0.26814335584640503, 1.0]",0.10000000149011612,7,35,4,0
"[0.6025986671447754, 0.05430924519896507, 0.11575312167406082, -0.3266068696975708, 0.9451330900192261, -0.0034634198527783155, 0.006280121393501759, 0.0]","[0.012960211373865604, 0.0705103799700737, -0.1104922965168953, 0.0, 0.0, 0.07383027672767639, 1.0]",0.30000001192092896,10,24,282,0
"[0.5375677347183228, 0.09076082706451416, 0.07373038679361343, -0.06820951402187347, 0.9976509213447571, 0.0025522063951939344, 0.005797178950160742, 0.0]","[-0.005456226412206888, 0.021525686606764793, -0.0072432635352015495, 0.0, 0.0, -0.34149369597435, 1.0]",0.4000000059604645,3,14,5,0
"[0.5824632048606873, 0.00674350606277585, 0.10227671265602112, -0.20279833674430847, 0.9792075157165527, -0.0013114369940012693, 0.004870625678449869, 0.0]","[0.0, 0.0, 0.0, 0.0, 0.0, 0.0, 0.0]",0.4000000059604645,0,18,280,0
"[0.5332154035568237, 0.06759259849786758, 0.11404471099376678, -0.07415123283863068, 0.9972459673881531, 0.0013987403362989426, -0.0002868139126803726, 0.0]","[0.01638103649020195, 0.0860498920083046, -0.0885084792971611, 0.0, 0.0, -0.02168082445859909, 1.0]",0.0,5,5,299,0
"[0.594297468662262, 0.10206031799316406, 0.0737512856721878, -0.46839046478271484, 0.8834346532821655, -0.001321895862929523, 0.012324721552431583, 1.0]","[0.0247233547270298, 0.02573998086154461, -0.022664707154035568, 0.0, 0.0, -0.05476345121860504, 1.0]",0.800000011920929,2,5,414,0
"[0.4909070134162903, 0.09731404483318329, 0.16183216869831085, -0.3246728181838989, 0.9458261728286743, -0.0005152891972102225, -0.0003386394237168133, 1.0]","[-0.04417865350842476, 0.1420532763004303, -0.03746962547302246, 0.0, 0.0, -0.017201252281665802, 1.0]",0.10000000149011612,7,36,231,0
"[0.5029421448707581, 0.09022198617458344, 0.15737202763557434, -0.3112005293369293, 0.9503416419029236, 0.0005260221660137177, 0.0021851377096027136, 1.0]","[0.024740630760788918, 0.013561911880970001, 0.1997436136007309, 0.0, 0.0, -0.011479576118290424, 0.0]",0.4000000059604645,5,31,47,0
"[0.5424094200134277, -0.14846712350845337, 0.29201051592826843, -0.21164874732494354, 0.977332592010498, -0.0022179896477609873, 0.004565507639199495, 1.0]","[0.0, 0.0, 0.0, 0.0, 0.0, 0.0, 0.0]",0.10000000149011612,1,3,71,0
"[0.6098552346229553, 0.0601128414273262, 0.14040154218673706, -0.3900970220565796, 0.9207718372344971, 5.858657095814124e-05, 0.0018865560414269567, 1.0]","[0.0, 0.0, 0.0, 0.0, 0.0, 0.0, 0.0]",0.20000000298023224,2,31,196,0
"[0.5705912113189697, 0.1307143270969391, 0.07144594937562943, -0.10578861087560654, 0.9943528771400452, 0.0022655767388641834, 0.00812277477234602, 1.0]","[0.0, 0.0, 0.0, 0.0, 0.0, 0.0, 0.0]",0.800000011920929,5,32,137,0
"[0.5504094958305359, 0.057617831975221634, 0.17045658826828003, 0.005720383487641811, 0.999983549118042, 0.0003095081483479589, 0.00016435679572168738, 0.0]","[-0.04352182522416115, -0.027337435632944107, -0.13581080734729767, 0.0, 0.0, 0.029107211157679558, 1.0]",0.800000011920929,9,26,11,0
"[0.4819723069667816, -0.11907566338777542, 0.14685866236686707, 0.0016990132862702012, 0.9999949336051941, 0.00019942921062465757, -0.0026733772829174995, 0.0]","[-0.0022063159849494696, 0.0009853432420641184, -0.07272537797689438, 0.0, 0.0, -0.3988610506057739, 1.0]",0.5,15,39,393,0
"[0.5130918622016907, 0.15353277325630188, 0.24512559175491333, -0.00250929594039917, 0.9999939799308777, 5.368839993025176e-06, -0.0024012834765017033, 0.0]","[0.0, 0.0, 0.0, 0.0, 0.0, 0.0, 0.0]",0.4000000059604645,11,37,39,0
"[0.5006641745567322, -0.05613217502832413, 0.06671317666769028, -0.16337791085243225, 0.98656165599823, 0.0018605641089379787, 0.0005427947035059333, 0.0]","[0.0, 0.0, 0.0, 0.0, 0.0, 0.0, 0.0]",0.800000011920929,7,44,466,0
"[0.546794056892395, 0.06326524913311005, 0.2778702974319458, -0.09128624945878983, 0.9957878589630127, 0.003739779582247138, 0.007708635646849871, 1.0]","[0.0, 0.0, 0.0, 0.0, 0.0, 0.0, 0.0]",0.10000000149011612,6,45,347,0
"[0.5247873067855835, -0.15033577382564545, 0.24890421330928802, -0.22307027876377106, 0.9747918248176575, -0.0019821366295218468, 0.00408203573897481, 1.0]","[0.0, 0.0, 0.0, 0.0, 0.0, 0.0, 0.0]",0.800000011920929,4,2,119,0
"[0.502837598323822, 0.21424879133701324, 0.09184087812900543, -0.05716533586382866, 0.9982488751411438, -0.00638323649764061, 0.01380303967744112, 1.0]","[6.440839933929965e-05, -2.8303405997576192e-05, 0.018368970602750778, 0.0, 0.0, -3.3710841762513155e-06, 0.0]",0.30000001192092896,5,10,253,0
"[0.4847830533981323, 0.20369060337543488, 0.09426556527614594, 0.27140364050865173, 0.9624227285385132, 0.0049814498052001, 0.00760197639465332, 1.0]","[0.0, 0.0, 0.0, 0.0, 0.0, 0.0, 0.0]",1.899999976158142,11,0,359,0
"[0.5255831480026245, 0.2033592015504837, 0.12673771381378174, -0.16074053943157196, 0.9869895577430725, 0.0010513828601688147, 0.003606695681810379, 0.0]","[0.0, 0.0, 0.0, 0.0, 0.0, 0.0, 0.0]",0.8999999761581421,7,21,396,0
"[0.5516995191574097, 0.13755589723587036, 0.10143589228391647, -0.16986535489559174, 0.9854618906974792, 0.00023178044648375362, 0.0032457958441227674, 0.0]","[0.0, 0.0, 0.0, 0.0, 0.0, 0.0, 0.0]",0.0,12,10,447,0
"[0.5273503661155701, -0.06035173684358597, 0.2117072492837906, -0.15329907834529877, 0.988163948059082, -0.0011060683755204082, 0.005491107236593962, 1.0]","[-0.007072774227708578, 0.008249630220234394, 0.07264667749404907, 0.0, 0.0, -0.012528483755886555, 0.0]",1.0,3,5,432,0
"[0.5071255564689636, 0.09952270984649658, 0.07114750891923904, -0.13245812058448792, 0.9911512136459351, -0.0003284392296336591, 0.008603254333138466, 1.0]","[-0.013648261316120625, 0.09065374732017517, 0.02895619347691536, 0.0, 0.0, -0.10031214356422424, 1.0]",0.5,1,2,444,0
"[0.5944471955299377, -0.05358481779694557, 0.0800786092877388, -0.021161247044801712, 0.9997685551643372, -0.0004791947139892727, 0.003848867490887642, 0.0]","[0.006667396053671837, 0.1327521651983261, -0.0754544585943222, 0.0, 0.0, -0.12122603505849838, 1.0]",0.0,10,10,454,0
"[0.6213760375976562, 0.018177736550569534, 0.14178650081157684, -0.0002317568432772532, 0.9999956488609314, 0.0003188644186593592, -0.002920763101428747, 0.0]","[-2.2299493139144033e-05, 1.5594583601341583e-05, 0.08686459064483643, 0.0, 0.0, -5.621412128675729e-06, 0.0]",1.2999999523162842,14,13,172,0
"[0.6261649131774902, 0.033948514610528946, 0.16907483339309692, -0.06144865229725838, 0.9981061220169067, 5.327535109245218e-05, 0.00287697184830904, 0.0]","[0.0, 0.0, 0.0, 0.0, 0.0, 0.0, 0.0]",1.100000023841858,5,25,241,0
"[0.5402418971061707, 0.05207427218556404, 0.24861696362495422, 0.0037717109080404043, 0.9999737739562988, 0.0009631742141209543, 0.006103490013629198, 1.0]","[8.994999006972648e-06, 5.5971602705540136e-05, 0.025598671287298203, 0.0, 0.0, -1.6870426406967454e-05, 0.0]",0.4000000059604645,6,32,273,0
"[0.5568560361862183, 0.1489746868610382, 0.07095876336097717, -0.20238596200942993, 0.9793053865432739, 0.0008240658789873123, 0.00043584531522355974, 1.0]","[0.0, 0.0, 0.0, 0.0, 0.0, 0.0, 0.0]",0.0,2,20,72,0
"[0.5007736682891846, -0.05842270329594612, 0.06941047310829163, -0.16143648326396942, 0.9868829250335693, 0.0005752629949711263, 6.10837887506932e-05, 1.0]","[0.0, 0.0, 0.0, 0.0, 0.0, 0.0, 0.0]",1.2999999523162842,2,19,200,0
"[0.574140727519989, 0.02018720470368862, 0.2603648900985718, 0.010542791336774826, 0.999936044216156, 0.0013419733149930835, 0.003872430417686701, 1.0]","[-0.011194324120879173, 0.04659329354763031, -0.04233160987496376, 0.0, 0.0, 0.014185627922415733, 1.0]",0.20000000298023224,2,27,144,0
"[0.525156557559967, 0.12878106534481049, 0.1836804896593094, -0.3065752685070038, 0.9518284797668457, -0.0009112354600802064, 0.0057718995958566666, 1.0]","[0.0, 0.0, 0.0, 0.0, 0.0, 0.0, 1.0]",0.5,2,41,237,0
"[0.5437570214271545, 0.025999367237091064, 0.07165992259979248, 0.015076839365065098, 0.9998713135719299, 0.001131041906774044, 0.005362875293940306, 0.0]","[0.020316412672400475, 0.008993961848318577, 0.1573711335659027, 0.0, 0.0, 0.03073803149163723, 0.0]",1.7999999523162842,3,43,42,0
"[0.5697222352027893, 0.07597723603248596, 0.0857517346739769, -0.040375493466854095, 0.9991716146469116, 0.0003099743917118758, 0.005079064518213272, 0.0]","[0.023838454857468605, -0.00964613351970911, 0.053883735090494156, 0.0, 0.0, -0.151645690202713, 0.0]",0.30000001192092896,6,13,133,0
"[0.5167239904403687, -0.09070900827646255, 0.07277780026197433, 0.023440932855010033, 0.999701738357544, 0.00048373808385804296, 0.006837435532361269, 0.0]","[-0.011609051376581192, -0.07381823658943176, -0.04660942032933235, 0.0, 0.0, -0.00884963944554329, 1.0]",0.30000001192092896,5,45,357,0
"[0.5053955912590027, -0.11397147923707962, 0.10013657063245773, -0.3370322585105896, 0.9414924383163452, 2.3340093321166933e-05, 0.0011034008348360658, 0.0]","[0.07023175805807114, -0.1371314823627472, -0.010756727308034897, 0.0, 0.0, -0.4395047724246979, 0.0]",0.30000001192092896,1,22,193,0
"[0.4803745150566101, 0.16624166071414948, 0.07008436322212219, -0.06466370075941086, 0.9979070425033569, 0.00011204411566723138, 0.0002665371575858444, 1.0]","[0.002416306408122182, 0.0001300684962188825, -0.03945763036608696, 0.0, 0.0, -0.021846817806363106, 1.0]",0.20000000298023224,11,42,126,0
"[0.6101568341255188, 0.07056870311498642, 0.09098613262176514, -0.25207096338272095, 0.9676705598831177, 0.0011047618463635445, 0.008524439297616482, 1.0]","[0.0, 0.0, 0.0, 0.0, 0.0, 0.0, 0.0]",1.399999976158142,5,2,419,0
"[0.5288329124450684, 0.07781914621591568, 0.2896084785461426, -0.0882069393992424, 0.9960957765579224, -0.0002380532241659239, 0.0035623416770249605, 1.0]","[0.0, 0.0, 0.0, 0.0, 0.0, 0.0, 0.0]",0.20000000298023224,3,16,369,0
"[0.4863036274909973, -0.10313991457223892, 0.1507587730884552, -0.0001304115285165608, 0.9999999403953552, 0.0002862350665964186, -1.1789840073106461e-06, 0.0]","[0.00014590437058359385, -6.619336636504158e-05, 0.076347716152668, 0.0, 0.0, -1.816111216612626e-05, 0.0]",0.20000000298023224,8,14,408,0
"[0.5724309682846069, 0.029302122071385384, 0.15817302465438843, 0.23155881464481354, 0.9728038907051086, 0.0022354833781719208, 0.005300682503730059, 1.0]","[-0.026960797607898712, 0.06605726480484009, -0.11812537908554077, 0.0, 0.0, -0.1743636280298233, 1.0]",0.800000011920929,16,6,190,0
"[0.5788525938987732, -0.09748750180006027, 0.07479722052812576, 0.23273858428001404, 0.972537100315094, 0.0008462294354103506, 0.0019134224858134985, 1.0]","[0.03042854554951191, -0.03010389395058155, -0.01579374074935913, 0.0, 0.0, -0.8046261668205261, 0.0]",0.8999999761581421,8,25,259,0
"[0.5498494505882263, 0.07561404258012772, 0.15349896252155304, -0.4359287917613983, 0.8997213840484619, -0.00973748229444027, 0.019304264336824417, 1.0]","[0.0, 0.0, 0.0, 0.0, 0.0, 0.0, 0.0]",1.0,0,5,475,0
"[0.5602315664291382, 0.014091295190155506, 0.0882837325334549, 0.04097966477274895, 0.9991474151611328, 0.0005748058902099729, 0.004981186706572771, 1.0]","[0.034054744988679886, 0.11370175331830978, -0.05366997420787811, 0.0, 0.0, -0.08283773809671402, 1.0]",0.30000001192092896,3,5,146,0
"[0.5033029317855835, 0.21637190878391266, 0.2659383714199066, -0.059944313019514084, 0.9980481266975403, -0.0032158009707927704, 0.01721094734966755, 1.0]","[0.0, 0.0, 0.0, 0.0, 0.0, 0.0, 1.0]",0.30000001192092896,7,18,294,0
"[0.5212567448616028, 0.1714470386505127, 0.18115951120853424, 0.08765906095504761, 0.9961488842964172, -0.0006081524770706892, -0.0017166667385026813, 1.0]","[0.048658035695552826, 0.029806409031152725, -0.07833130657672882, 0.0, 0.0, -0.003567534266039729, 1.0]",0.8999999761581421,6,24,87,0
"[0.5494623184204102, 0.0541498102247715, 0.18286079168319702, -0.0336148738861084, 0.9994275569915771, 0.0006506596691906452, 0.003771831514313817, 0.0]","[0.0, 0.0, 0.0, 0.0, 0.0, 0.0, 0.0]",0.0,0,43,250,0
"[0.570131242275238, 0.018657371401786804, 0.07502090185880661, -0.12819716334342957, 0.9917425513267517, 0.0019253550563007593, 0.002904818393290043, 1.0]","[0.0, 0.0, 0.0, 0.0, 0.0, 0.0, 0.0]",0.8999999761581421,7,22,173,0
"[0.5029715299606323, 0.10562873631715775, 0.07104380428791046, -0.03670906648039818, 0.999322772026062, 0.000985532533377409, 0.002336155390366912, 0.0]","[-0.0007555093616247177, -0.0002845582494046539, 0.03991406783461571, 0.0, 0.0, 0.0002504996082279831, 0.0]",1.0,1,42,23,0
"[0.5810655951499939, -0.11053040623664856, 0.19148267805576324, 5.633497130475007e-05, 0.9999982118606567, -0.00012003497977275401, 0.0018819017568603158, 0.0]","[0.009138344787061214, -0.002930370857939124, 0.10316703468561172, 0.0, 0.0, -0.24182070791721344, 0.0]",0.20000000298023224,1,3,199,0
"[0.5005577802658081, -0.05843522399663925, 0.06922668218612671, -0.16176702082157135, 0.9868287444114685, 0.0007025497616268694, -0.00014093206846155226, 1.0]","[0.0, 0.0, 0.0, 0.0, 0.0, 0.0, 0.0]",0.6000000238418579,4,11,128,0
"[0.6361544132232666, 0.07171401381492615, 0.14576348662376404, -0.2365800142288208, 0.9716094136238098, 0.00034699248499237, 0.0022137390915304422, 0.0]","[0.0, 0.0, 0.0, 0.0, 0.0, 0.0, 0.0]",0.20000000298023224,4,9,2,0
"[0.6115243434906006, 0.057954706251621246, 0.07202430814504623, -0.3927719295024872, 0.919629693031311, 0.000913898169528693, -0.0032500517554581165, 1.0]","[0.023188626393675804, 0.029124615713953972, -0.03048785962164402, 0.0, 0.0, -0.2358260154724121, 0.0]",0.699999988079071,2,15,40,0
"[0.48577964305877686, 0.20299749076366425, 0.26719239354133606, 0.2675793170928955, 0.9634536504745483, 0.006744458340108395, 0.010626197792589664, 1.0]","[-0.019129369407892227, 0.03452063351869583, -0.07052363455295563, 0.0, 0.0, -0.5022890567779541, 0.0]",0.30000001192092896,8,39,355,0
"[0.4793967008590698, -0.1110071912407875, 0.14962469041347504, -0.00018924220057670027, 0.9999999403953552, -0.00010022651986218989, -0.00019312680524308234, 0.0]","[0.0, 0.0, 0.0, 0.0, 0.0, 0.0, 0.0]",0.30000001192092896,8,12,375,0
"[0.5878345370292664, -0.10858722776174545, 0.13890907168388367, 0.0015730037121102214, 0.9999963641166687, 0.00011182470188941807, -0.0021943561732769012, 0.0]","[-0.0029325266368687153, 0.019243307411670685, -0.06469938158988953, 0.0, 0.0, 0.3842969834804535, 1.0]",2.0,2,31,94,0
"[0.5859671235084534, 0.13559889793395996, 0.17432527244091034, -0.0011507566086947918, 0.9999939203262329, 0.00042279454646632075, -0.003269187407568097, 0.0]","[0.0, 0.0, 0.0, 0.0, 0.0, 0.0, 0.0]",0.4000000059604645,0,9,21,0
"[0.5626997351646423, 0.028293101117014885, 0.16254445910453796, -0.1528596431016922, 0.9882370829582214, 0.00019903546490240842, 0.004620024003088474, 0.0]","[0.0, 0.0, 0.0, 0.0, 0.0, 0.0, 0.0]",0.30000001192092896,0,2,176,0
"[0.5599939823150635, -0.05327251926064491, 0.0773414894938469, -0.08316633105278015, 0.9965144991874695, -0.0008146042237058282, 0.006449880078434944, 1.0]","[-0.015679650008678436, -0.009143402799963951, -0.019094247370958328, 0.0, 0.0, -0.18293429911136627, 0.0]",0.20000000298023224,0,45,360,0
"[0.5042177438735962, 0.21538782119750977, 0.07453296333551407, -0.05797945335507393, 0.9981716275215149, -0.005663634743541479, 0.016116423532366753, 1.0]","[0.004655711352825165, -0.0004465457168407738, -0.012040147557854652, 0.0, 0.0, 0.04939615726470947, 1.0]",0.6000000238418579,4,35,198,0
"[0.623887836933136, 0.20386891067028046, 0.07761132717132568, 0.13500462472438812, 0.9907999634742737, 0.0035409864503890276, 0.008754106238484383, 1.0]","[0.004041261970996857, 0.06801115721464157, -0.14328129589557648, 0.0, 0.0, -0.10057108849287033, 1.0]",1.2000000476837158,8,45,103,0
"[0.5323285460472107, 0.18183879554271698, 0.3581569492816925, -0.18011043965816498, 0.9836385846138, 0.0009755240171216428, 0.0037954270374029875, 1.0]","[0.00017242708418052644, 8.621622691862285e-05, 0.05061151459813118, 0.0, 0.0, -5.609006166196195e-06, 0.0]",0.6000000238418579,7,23,108,0
"[0.5341506600379944, -0.09603604674339294, 0.12328766286373138, -0.021563654765486717, 0.9997589588165283, -0.0012044237228110433, 0.0039542303420603275, 0.0]","[-0.025925489142537117, 0.002493332838639617, 0.12119492888450623, 0.0, 0.0, -0.1109023317694664, 0.0]",0.800000011920929,4,22,147,0
"[0.49475806951522827, -0.14292210340499878, 0.07275053858757019, 0.11868841201066971, 0.9929007887840271, -0.0007031020359136164, 0.007787610869854689, 1.0]","[0.0, 0.0, 0.0, 0.0, 0.0, 0.0, 0.0]",1.2000000476837158,6,5,177,0
"[0.47732335329055786, -0.11136933416128159, 0.14607657492160797, 0.0005308829131536186, 0.9999923706054688, 0.0005515989032573998, -0.003825416322797537, 0.0]","[-0.05444514378905296, 0.0066643389873206615, -0.008441433310508728, 0.0, 0.0, -0.20827870070934296, 0.0]",0.800000011920929,1,21,50,0
"[0.563866138458252, 0.0007990107405930758, 0.1504911482334137, -0.07694091647863388, 0.9970158338546753, -0.0009061633027158678, 0.006223689299076796, 1.0]","[0.02048715390264988, 0.029772277921438217, -0.08601203560829163, 0.0, 0.0, -0.2981660068035126, 0.0]",0.10000000149011612,1,33,307,0
"[0.4788941740989685, 0.17855100333690643, 0.1517079770565033, -0.021654896438121796, 0.999762773513794, 0.0019458436872810125, -0.0012866564793512225, 0.0]","[-0.03551792353391647, 0.013868377543985844, -0.005304618738591671, 0.0, 0.0, 0.18937471508979797, 1.0]",0.30000001192092896,6,16,127,0
"[0.502438485622406, 0.053648170083761215, 0.17957113683223724, -0.000991829321719706, 0.9999952912330627, 3.1285850127460435e-05, -0.0029133916832506657, 0.0]","[-0.0009798577520996332, 0.00013250460324343294, 0.026118749752640724, 0.0, 0.0, -0.005070569925010204, 0.0]",0.800000011920929,12,36,75,0
"[0.48065289855003357, -0.1096283420920372, 0.14416036009788513, -0.008495671674609184, 0.9999597072601318, -0.000985551974736154, 0.002721075201407075, 0.0]","[0.0015548933297395706, 0.000306730333250016, -0.03314575180411339, 0.0, 0.0, 0.04924103990197182, 1.0]",0.20000000298023224,9,0,317,0
"[0.5421621799468994, -0.00959576852619648, 0.07653273642063141, -0.04302234947681427, 0.9990684390068054, 0.0008442800608463585, 0.0032499090302735567, 0.0]","[0.0, 0.0, 0.0, 0.0, 0.0, 0.0, 0.0]",0.5,1,16,385,0
"[0.5960996150970459, 0.05460992455482483, 0.12004343420267105, -0.1950300931930542, 0.9807744026184082, -0.0008978151599876583, 0.0066337380558252335, 0.0]","[-0.013137451373040676, 0.05729866027832031, -0.07003051042556763, 0.0, 0.0, -0.026410382241010666, 1.0]",0.6000000238418579,4,34,269,0
"[0.6397824883460999, 0.2076030820608139, 0.07164616882801056, 0.1314300149679184, 0.9913116097450256, 0.00015558474115096033, 0.005237542558461428, 0.0]","[-0.0007606094004586339, -0.0589434914290905, -0.0006518844747915864, 0.0, 0.0, -0.00727680791169405, 1.0]",1.7999999523162842,2,1,469,0
"[0.574237048625946, 0.13657063245773315, 0.07755854725837708, -0.10333126783370972, 0.9946441054344177, 0.001215017749927938, 0.0020809557754546404, 0.0]","[4.7676352551206946e-05, 0.00021327196736820042, 0.051478054374456406, 0.0, 0.0, -1.2037671694997698e-05, 0.0]",0.30000001192092896,3,23,0,0
"[0.6265185475349426, 0.0703992173075676, 0.1290833204984665, -0.03507518395781517, 0.9993835091590881, -0.000146691789268516, 0.0015010343631729484, 0.0]","[-4.825602445635013e-05, -3.6636265576817095e-05, 0.040015920996665955, 0.0, 0.0, -1.2550582141557243e-05, 0.0]",0.0,7,24,313,0
"[0.568352997303009, 0.12917709350585938, 0.08441229909658432, -0.10727023333311081, 0.9942259788513184, 0.0016153287142515182, 0.002267195377498865, 1.0]","[0.0, 0.0, 0.0, 0.0, 0.0, 0.0, 0.0]",0.4000000059604645,2,19,244,0
"[0.5845924019813538, 0.09162946045398712, 0.11842254549264908, -0.15929102897644043, 0.9872269034385681, 8.418411016464233e-05, 0.003057081950828433, 0.0]","[0.0003181746869813651, -0.006935792975127697, -0.01828373596072197, 0.0, 0.0, -0.7675095200538635, 0.0]",0.8999999761581421,8,3,169,0
"[0.6534386277198792, 0.07721755653619766, 0.0850389152765274, -0.1981872171163559, 0.9801604151725769, 0.000860645086504519, 0.0025812394451349974, 1.0]","[0.030188631266355515, 0.03570140525698662, -0.1096203476190567, 0.0, 0.0, 0.10375384241342545, 1.0]",0.30000001192092896,3,24,445,0
"[0.4881405234336853, 0.14822077751159668, 0.10563143342733383, -0.13076861202716827, 0.991249680519104, -0.013339060358703136, -0.01207069493830204, 0.0]","[0.0, 0.0, 0.0, 0.0, 0.0, 0.0, 0.0]",0.5,9,42,415,0
"[0.5586739778518677, 0.05573383718729019, 0.07776102423667908, -0.1267704963684082, 0.9919249415397644, 1.319386501563713e-05, -0.003760109655559063, 0.0]","[-0.03742083162069321, 0.03634947910904884, -0.0965837687253952, 0.0, 0.0, -0.14905980229377747, 1.0]",0.10000000149011612,4,17,49,0
"[0.486488401889801, 0.2273286134004593, 0.20439104735851288, -0.24411971867084503, 0.9697182774543762, 0.0021570955868810415, 0.006882438436150551, 1.0]","[0.0, 0.0, 0.0, 0.0, 0.0, 0.0, 0.0]",0.5,7,2,18,0
"[0.5707860589027405, -0.12221310287714005, 0.1679835319519043, 0.0026335101574659348, 0.9999942183494568, 0.000568945542909205, -0.0020795688033103943, 0.0]","[0.0061612920835614204, 0.0014879748923704028, -0.05004343390464783, 0.0, 0.0, -0.31972646713256836, 1.0]",1.899999976158142,6,24,255,0
"[0.5363340973854065, 0.1100330650806427, 0.3327895998954773, -0.05968889221549034, 0.9981987476348877, 0.0010598547523841262, 0.005949739832431078, 0.0]","[-0.0396779365837574, 0.008048574440181255, 0.13331077992916107, 0.0, 0.0, -0.2815229296684265, 0.0]",0.8999999761581421,3,1,6,0
"[0.5134969353675842, 0.07010232657194138, 0.13628974556922913, -0.6280421614646912, 0.7781789302825928, 0.0006876714178360999, 0.00038680070429109037, 0.0]","[0.0, 0.0, 0.0, 0.0, 0.0, 0.0, 0.0]",0.10000000149011612,3,11,222,0
"[0.53500896692276, 0.03383059799671173, 0.1097094863653183, 0.03394652158021927, 0.9994155764579773, 0.0005732565768994391, -0.003981324844062328, 0.0]","[0.0, 0.0, 0.0, 0.0, 0.0, 0.0, 0.0]",0.6000000238418579,16,15,125,0
"[0.6340347528457642, 0.21251371502876282, 0.07166537642478943, -0.03760075569152832, 0.9992837905883789, 0.0018451014766469598, 0.0038260258734226227, 1.0]","[-0.027209626510739326, 0.06688325852155685, 0.08809235692024231, 0.0, 0.0, -0.10621140897274017, 1.0]",0.8999999761581421,9,0,433,0
"[0.5530394315719604, 0.06008360907435417, 0.17187616229057312, -0.32124343514442444, 0.9465703368186951, -0.00926884077489376, 0.02685823291540146, 1.0]","[-0.0034044841304421425, 0.001988678704947233, -0.030633362010121346, 0.0, 0.0, 0.08496881276369095, 1.0]",0.8999999761581421,4,13,74,0
"[0.5681670904159546, 0.04793393611907959, 0.06708267331123352, -0.021671954542398453, 0.9997609853744507, -0.00017180887516587973, -0.002883332083001733, 0.0]","[-0.013585623353719711, 0.03647278621792793, -0.0732559934258461, 0.0, 0.0, 0.05314726009964943, 1.0]",1.399999976158142,2,21,373,0
"[0.4979241192340851, -0.1277931034564972, 0.2175709456205368, -0.11123964935541153, 0.9937780499458313, -0.0013571522431448102, 0.005393315106630325, 1.0]","[0.03195668011903763, 0.07956009358167648, -0.09453320503234863, 0.0, 0.0, -0.2967185974121094, 1.0]",0.20000000298023224,11,15,402,0
"[0.4775233864784241, 0.07509071379899979, 0.07283496111631393, 0.021616598591208458, 0.9996967911720276, 0.002558080479502678, 0.01151207648217678, 0.0]","[0.0, 0.0, 0.0, 0.0, 0.0, 0.0, 0.0]",0.800000011920929,2,17,430,0
"[0.4880993962287903, 0.1034330278635025, 0.0716872364282608, -0.008847152814269066, 0.9999303221702576, -0.0004451122076716274, 0.0078061167150735855, 0.0]","[0.0, 0.0, 0.0, 0.0, 0.0, 0.0, 0.0]",0.0,4,24,394,0
"[0.48804253339767456, 0.144256591796875, 0.08324464410543442, -0.22415946424007416, 0.9745190739631653, -0.007802212610840797, 0.002051558578386903, 0.0]","[0.01799517124891281, 0.013613145798444748, 0.13063649833202362, 0.0, 0.0, -0.054998621344566345, 0.0]",0.20000000298023224,3,30,171,0
"[0.5074262022972107, 0.17542287707328796, 0.27550458908081055, 0.007209564093500376, 0.9999545216560364, 0.002286394126713276, 0.005814320873469114, 1.0]","[0.005094585940241814, 0.0010885258670896292, 0.14138157665729523, 0.0, 0.0, 0.012627767398953438, 0.0]",0.0,12,14,306,0
"[0.5996862053871155, -0.14846891164779663, 0.23249460756778717, 0.0018478366546332836, 0.9999940991401672, 0.0006416545365937054, -0.002824582392349839, 0.0]","[-0.017190799117088318, -0.003791072405874729, -0.04721107706427574, 0.0, 0.0, 0.0821462944149971, 1.0]",0.8999999761581421,13,9,258,0
"[0.5180131196975708, 0.1339084357023239, 0.07016896456480026, 0.0026979162357747555, 0.9999929070472717, -0.0013972072629258037, -0.0022253794595599174, 0.0]","[0.0, 0.0, 0.0, 0.0, 0.0, 0.0, 0.0]",0.800000011920929,8,40,186,0
"[0.5178151726722717, 0.13704192638397217, 0.0742335170507431, 0.002937945071607828, 0.9999951720237732, 0.0002377732889726758, -0.0009626327082514763, 0.0]","[-0.05560670047998428, -0.07013332843780518, -0.06660258024930954, 0.0, 0.0, -0.14687123894691467, 1.0]",0.5,3,26,221,0
"[0.5147659182548523, 0.18082347512245178, 0.29263556003570557, -0.18135133385658264, 0.9833914041519165, 0.002248633885756135, 0.006928121205419302, 1.0]","[0.021644430235028267, 0.0036408279556781054, -0.06543470174074173, 0.0, 0.0, 0.1782209575176239, 1.0]",1.0,8,6,45,0
"[0.527263343334198, 0.23073987662792206, 0.2058108001947403, -0.0018192806746810675, 0.999994695186615, -3.203353571734624e-06, -0.002706934465095401, 0.0]","[0.03134283050894737, 0.009514205157756805, 0.04177985340356827, 0.0, 0.0, -0.24292242527008057, 1.0]",0.0,10,39,400,0
"[0.5921722054481506, 0.10199939459562302, 0.08673840761184692, -0.47795578837394714, 0.878346860408783, 0.0003813370130956173, 0.008059132844209671, 1.0]","[0.0, 0.0, 0.0, 0.0, 0.0, 0.0, 0.0]",1.2000000476837158,6,23,325,0
"[0.5189394354820251, 0.024925611913204193, 0.1849730759859085, -0.2471350133419037, 0.9687539339065552, -0.004737643990665674, 0.020436285063624382, 1.0]","[0.0, 0.0, 0.0, 0.0, 0.0, 0.0, 0.0]",1.2999999523162842,7,43,423,0
"[0.5601012110710144, 0.05592002719640732, 0.08105964958667755, -0.1244870275259018, 0.9922203421592712, 0.00041215441888198256, -0.0012627181131392717, 0.0]","[-0.03241289034485817, 0.048959702253341675, -0.10447127372026443, 0.0, 0.0, -0.08345427364110947, 1.0]",0.20000000298023224,6,9,8,0
"[0.5501770377159119, 0.041636135429143906, 0.07900003343820572, 0.05313944071531296, 0.9985829591751099, 0.0010298106353729963, 0.0026820297352969646, 0.0]","[0.012966829352080822, 0.021552154794335365, 0.09362971037626266, 0.0, 0.0, 0.029483841732144356, 0.0]",0.5,14,33,10,0
"[0.4937256872653961, 0.02377881295979023, 0.11660942435264587, 0.12195493280887604, 0.9925352931022644, 0.0008014351478777826, 0.000196123102796264, 0.0]","[0.015270563773810863, 0.04403745010495186, -0.045727990567684174, 0.0, 0.0, -0.08830669522285461, 1.0]",0.0,13,19,236,0
"[0.5806950330734253, -0.05345212295651436, 0.07970094680786133, -0.020975960418581963, 0.9997300505638123, -0.004014857113361359, 0.009150051511824131, 1.0]","[0.0, 0.0, 0.0, 0.0, 0.0, 0.0, 0.0]",0.10000000149011612,0,38,138,0
"[0.5522361397743225, -0.024380316957831383, 0.12426818162202835, -0.07588628679513931, 0.9971013069152832, -0.0007033587316982448, 0.005451040808111429, 1.0]","[0.0, 0.0, 0.0, 0.0, 0.0, 0.0, 0.0]",0.4000000059604645,1,25,399,0
"[0.4975069463253021, -0.14481398463249207, 0.06999335438013077, -0.08249685168266296, 0.9965908527374268, 0.00020177407714072615, 0.0009197033941745758, 1.0]","[0.0, 0.0, 0.0, 0.0, 0.0, 0.0, 0.0]",0.8999999761581421,8,1,424,0
"[0.5622649192810059, 0.040909603238105774, 0.23893386125564575, -0.0023468630388379097, 0.9999958276748657, -0.0001543828984722495, -0.0016625731950625777, 0.0]","[0.018795136362314224, 0.015363721176981926, -0.13119657337665558, 0.0, 0.0, 0.07565898448228836, 0.0]",0.5,7,39,110,0
"[0.6541564464569092, 0.07714667171239853, 0.07505571842193604, -0.19826939702033997, 0.9801309108734131, 0.0009367309976369143, 0.0056365556083619595, 1.0]","[-0.001112425816245377, 0.0345134362578392, -0.0005406761774793267, 0.0, 0.0, -0.042088910937309265, 1.0]",0.5,6,5,197,0
"[0.5518308281898499, -0.013994180597364902, 0.1601850539445877, -0.012010118924081326, 0.9999234676361084, 0.00022359428112395108, 0.00296547869220376, 0.0]","[-0.0015807142481207848, 0.007090465631335974, 0.0989849641919136, 0.0, 0.0, -0.428813099861145, 1.0]",1.2999999523162842,0,33,293,0
"[0.5229705572128296, -0.12870223820209503, 0.18049229681491852, 0.0005644403863698244, 0.999998152256012, -0.0005491063348017633, 0.001747721224091947, 0.0]","[4.239345798850991e-06, 4.749429081130074e-06, 0.020388148725032806, 0.0, 0.0, -2.8363672754494473e-05, 0.0]",0.10000000149011612,10,13,480,0
"[0.48790016770362854, -0.07587237656116486, 0.08393199741840363, -0.14609463512897491, 0.9892611503601074, -0.001011654268950224, 0.0042107123881578445, 0.0]","[0.0, 0.0, 0.0, 0.0, 0.0, 0.0, 0.0]",0.30000001192092896,12,3,271,0
"[0.594904363155365, 0.10217387974262238, 0.07368557900190353, -0.47645410895347595, 0.8791174292564392, -0.0011208156356588006, 0.011950783431529999, 1.0]","[-0.009557096287608147, 0.04048687964677811, -0.0038143708370625973, 0.0, 0.0, 0.007222342770546675, 1.0]",0.10000000149011612,6,25,361,0
"[0.5015054941177368, -0.05826548486948013, 0.06992829591035843, -0.1617990881204605, 0.9868229627609253, 0.0005562928854487836, 0.0010927142575383186, 0.0]","[0.0, 0.0, 0.0, 0.0, 0.0, 0.0, 1.0]",0.800000011920929,9,15,135,0
"[0.5720999240875244, 0.010998783633112907, 0.07154065370559692, -0.19244129955768585, 0.9813081622123718, 0.00041357928421348333, 0.0007098469650372863, 1.0]","[-0.050475601106882095, -0.0020501643884927034, 0.04404621571302414, 0.0, 0.0, 0.21651196479797363, 1.0]",1.0,5,29,316,0
"[0.5406605005264282, 0.04683275520801544, 0.08940251171588898, -0.08883187919855118, 0.9960343241691589, 0.002987248357385397, 0.0039527746848762035, 1.0]","[0.030850809067487717, 0.08599808067083359, -0.10328099876642227, 0.0, 0.0, 0.029737910255789757, 1.0]",1.399999976158142,8,29,482,0
"[0.6316056251525879, -0.07864094525575638, 0.3797583281993866, 0.02620062045753002, 0.9996354579925537, -0.0007029574480839074, 0.006476918235421181, 1.0]","[0.0, 0.0, 0.0, 0.0, 0.0, 0.0, 0.0]",0.0,2,18,73,0
"[0.5033810138702393, 0.08961410075426102, 0.157090425491333, -0.31281188130378723, 0.9498119950294495, 0.00010396589641459286, 0.0024367510341107845, 1.0]","[0.03834602236747742, -0.009609846398234367, -0.004233518615365028, 0.0, 0.0, 0.13400427997112274, 1.0]",0.10000000149011612,9,13,362,0
"[0.5210085511207581, -0.1291416734457016, 0.17606137692928314, 0.001875201240181923, 0.999995231628418, 0.00026924998383037746, -0.002449718536809087, 0.0]","[0.015211292542517185, 0.029512174427509308, -0.09018505364656448, 0.0, 0.0, -0.23152440786361694, 1.0]",1.399999976158142,12,5,192,0
"[0.5132670998573303, 0.09843031316995621, 0.22652582824230194, -0.032399650663137436, 0.9994707107543945, -0.0006980365724302828, 0.0028366432525217533, 1.0]","[0.0, 0.0, 0.0, 0.0, 0.0, 0.0, 0.0]",0.699999988079071,0,45,442,0
"[0.5598353743553162, 0.011827324517071247, 0.13795536756515503, -0.07161829620599747, 0.9974156022071838, 0.00012914703984279186, 0.0057337298057973385, 1.0]","[0.0, 0.0, 0.0, 0.0, 0.0, 0.0, 0.0]",0.5,3,23,435,0
"[0.5606940984725952, 0.03831429407000542, 0.06804217398166656, 0.06782213598489761, 0.9976382255554199, 0.00455361558124423, 0.009866740554571152, 1.0]","[0.0041311923414468765, 0.022723905742168427, -0.074089914560318, 0.0, 0.0, -0.17165030539035797, 1.0]",0.800000011920929,7,14,464,0
"[0.5792413949966431, -0.0030778690706938505, 0.0750807523727417, -0.19458138942718506, 0.9808824062347412, 0.0003929643426090479, 0.002761278534308076, 0.0]","[-0.007534426636993885, 0.047628115862607956, -0.10957113653421402, 0.0, 0.0, -0.07247839868068695, 1.0]",0.30000001192092896,4,8,66,0
"[0.544118344783783, -0.009401962161064148, 0.07848907262086868, -0.043541319668293, 0.9990324974060059, 0.0008477746741846204, 0.006119461264461279, 1.0]","[0.0, 0.0, 0.0, 0.0, 0.0, 0.0, 0.0]",0.699999988079071,4,6,168,0
"[0.5608089566230774, 0.03884873911738396, 0.06629543751478195, 0.06648074835538864, 0.9977203607559204, 0.0044343373738229275, 0.010708925314247608, 1.0]","[0.0, 0.0, 0.0, 0.0, 0.0, 0.0, 0.0]",1.100000023841858,3,38,308,0
"[0.6107912063598633, 0.05794166401028633, 0.07574652880430222, -0.392071932554245, 0.919929563999176, 0.0011565624736249447, -0.0027968722861260176, 1.0]","[0.013077212497591972, 0.03028259612619877, -0.06613559275865555, 0.0, 0.0, -0.04824936017394066, 1.0]",1.0,6,15,52,0
"[0.528789758682251, 0.19753696024417877, 0.10334671288728714, -0.2059008926153183, 0.9785705804824829, -0.0001952109014382586, -0.0021052362862974405, 1.0]","[0.0019688154570758343, -0.004320570733398199, -0.030544590204954147, 0.0, 0.0, 0.12347504496574402, 1.0]",0.699999988079071,7,8,356,0
"[0.5774986743927002, -0.0065770759247243404, 0.24237337708473206, 0.0009027404012158513, 0.999997615814209, 5.2025210607098415e-05, 0.0019940256606787443, 0.0]","[0.043637510389089584, -0.009575282223522663, 0.011633059941232204, 0.0, 0.0, -0.05597741901874542, 0.0]",0.30000001192092896,1,8,219,0
"[0.5288446545600891, 0.07411154359579086, 0.07031077891588211, -0.02305367775261402, 0.999734103679657, 0.000450487103080377, 0.00020585588936228305, 1.0]","[0.0, 0.0, 0.0, 0.0, 0.0, 0.0, 0.0]",0.699999988079071,12,25,407,0
"[0.4814341962337494, 0.1676410436630249, 0.07041014730930328, -0.06591185182332993, 0.9978210926055908, 0.00098058907315135, 0.0027764770202338696, 0.0]","[0.0, 0.0, 0.0, 0.0, 0.0, 0.0, 0.0]",0.0,6,35,188,0
"[0.6514126658439636, 0.07736639678478241, 0.11285603046417236, -0.19814059138298035, 0.9801715016365051, 0.0009674921748228371, -0.0017787794349715114, 1.0]","[0.008219538256525993, 0.03442735597491264, -0.011059649288654327, 0.0, 0.0, 0.23530878126621246, 1.0]",0.10000000149011612,11,14,426,0
"[0.5798113942146301, -0.1112331971526146, 0.18653877079486847, 0.002332399832084775, 0.9999955892562866, 0.00037015744601376355, -0.0018102481262758374, 0.0]","[0.0, 0.0, 0.0, 0.0, 0.0, 0.0, 0.0]",0.5,4,11,257,0
"[0.5622676014900208, 0.02884950116276741, 0.10054459422826767, 0.17444489896297455, 0.9846646189689636, 0.001215255237184465, 0.001767902635037899, 0.0]","[0.0, 0.0, 0.0, 0.0, 0.0, 0.0, 0.0]",0.5,2,36,452,0
"[0.49065589904785156, 0.219689279794693, 0.07358405739068985, -0.27926191687583923, 0.9601964950561523, 0.0011478508822619915, 0.005846886895596981, 1.0]","[0.00031179116922430694, 0.00033325314871035516, 0.06367434561252594, 0.0, 0.0, -0.012761685997247696, 0.0]",0.30000001192092896,6,40,296,0
"[0.519210159778595, -0.09127338975667953, 0.07532203197479248, 0.024160213768482208, 0.9996537566184998, 3.357471723575145e-05, 0.010424090549349785, 1.0]","[0.0, 0.0, 0.0, 0.0, 0.0, 0.0, 0.0]",0.6000000238418579,9,18,97,0
"[0.5168456435203552, -0.015894537791609764, 0.0697546973824501, 0.06910650432109833, 0.9976089596748352, 0.0007244558655656874, -0.00038572237826883793, 1.0]","[0.0034703020937740803, -0.053327526897192, -0.06612624228000641, 0.0, 0.0, -0.01242030505090952, 1.0]",0.6000000238418579,7,22,114,0
"[0.5632537603378296, 0.12254452705383301, 0.15947100520133972, -0.2185278683900833, 0.9758262634277344, 0.00027867298922501504, 0.0029400635976344347, 1.0]","[0.0, 0.0, 0.0, 0.0, 0.0, 0.0, 0.0]",1.0,10,39,461,0
"[0.5040522217750549, -0.0987718254327774, 0.0777951329946518, -0.5447244644165039, 0.8386147618293762, 0.0003996203013230115, -0.0006240729126147926, 1.0]","[0.014493608847260475, 0.00375484605319798, -0.02792300656437874, 0.0, 0.0, -0.4307197034358978, 1.0]",0.20000000298023224,3,35,274,0
"[0.5690841674804688, -0.09672427922487259, 0.07673358172178268, 0.08268184959888458, 0.9965744018554688, 0.0007906529936008155, 0.00160708068870008, 1.0]","[0.017303958535194397, -0.0012700975639745593, -0.02902957797050476, 0.0, 0.0, -0.4785544276237488, 1.0]",1.7000000476837158,1,0,162,0
"[0.48663651943206787, 0.22049491107463837, 0.14179874956607819, -0.002213612664490938, 0.9999906420707703, -0.0003868946514558047, -0.0036985466722398996, 0.0]","[0.03643937036395073, -0.011984565295279026, 0.04933800920844078, 0.0, 0.0, -0.27483582496643066, 0.0]",1.0,5,14,16,0
"[0.4870070815086365, -0.04923049360513687, 0.17888514697551727, 0.00022021144104655832, 0.9999999403953552, 0.000281741056824103, 4.064043969265185e-05, 0.0]","[2.704607686609961e-05, -8.680846076458693e-05, 0.04862652346491814, 0.0, 0.0, -7.26580765331164e-05, 0.0]",1.100000023841858,5,34,427,0
"[0.5502490401268005, -0.012448200024664402, 0.1902615875005722, 0.0402785949409008, 0.999187707901001, 0.00030662669450975955, 0.0011928966268897057, 0.0]","[-0.07195926457643509, 0.008791129104793072, -0.050842151045799255, 0.0, 0.0, -0.3190591037273407, 1.0]",0.30000001192092896,13,25,55,0
"[0.5967768430709839, -0.06876905262470245, 0.25959107279777527, -0.02579851634800434, 0.9996435642242432, -0.001107775722630322, 0.006776878144592047, 1.0]","[0.045116838067770004, 0.06309032440185547, -0.1128607913851738, 0.0, 0.0, 0.09769853204488754, 1.0]",0.10000000149011612,2,15,437,0
"[0.526869535446167, -0.001972254365682602, 0.13543470203876495, 0.14566640555858612, 0.9893332719802856, 0.00048718188190832734, -0.0008273546118289232, 0.0]","[0.0, 0.0, 0.0, 0.0, 0.0, 0.0, 0.0]",0.30000001192092896,4,27,318,0
"[0.5196449756622314, -0.05139124020934105, 0.17962034046649933, 0.0004395320429466665, 0.9999983310699463, -0.0002611697418615222, 0.0017378153279423714, 0.0]","[0.012322821654379368, 0.03282174840569496, -0.11713261902332306, 0.0, 0.0, -0.05035248398780823, 1.0]",0.4000000059604645,5,3,232,0
"[0.49390771985054016, 0.15657661855220795, 0.17744022607803345, -0.044500358402729034, 0.9990025162696838, 0.0008898458909243345, 0.00359278148971498, 1.0]","[-0.0012319000670686364, -0.0005851443274877965, 0.05665133520960808, 0.0, 0.0, -0.0015551443211734295, 0.0]",1.100000023841858,0,36,353,0
"[0.5443365573883057, 0.10727756470441818, 0.25084808468818665, 0.00011749674013117328, 0.9999985694885254, 0.0009346765582449734, 0.0014040637761354446, 0.0]","[-0.0222258772701025, -0.06225103884935379, -0.07357221096754074, 0.0, 0.0, -0.19458793103694916, 1.0]",1.0,7,34,286,0
"[0.5917217135429382, 0.056530147790908813, 0.12979057431221008, -0.13391326367855072, 0.990987241268158, -7.123946124920622e-05, 0.003398053115233779, 0.0]","[0.0, 0.0, 0.0, 0.0, 0.0, 0.0, 0.0]",0.30000001192092896,0,10,340,0
"[0.5610401034355164, -0.09667062759399414, 0.08204014599323273, 0.05849922448396683, 0.998223066329956, 0.0008951752679422498, 0.011304410174489021, 0.0]","[0.0, 0.0, 0.0, 0.0, 0.0, 0.0, 0.0]",0.0,4,30,364,0
"[0.5794321298599243, -0.09766944497823715, 0.1111559048295021, 0.23107214272022247, 0.9729299545288086, 0.0011352585861459374, 0.003409801982343197, 1.0]","[0.017235152423381805, -0.05458914861083031, 0.0466165617108345, 0.0, 0.0, 0.01833466626703739, 0.0]",0.699999988079071,5,28,132,0
"[0.5459782481193542, 0.00013964834215585142, 0.09196507185697556, 0.23033654689788818, 0.9731003046035767, -0.0005629801889881492, -0.004535323940217495, 1.0]","[-0.004850467666983604, 0.007250540889799595, 0.13103468716144562, 0.0, 0.0, 0.07200281322002411, 0.0]",0.10000000149011612,6,9,278,0
"[0.4973905086517334, -0.0983990728855133, 0.2963358759880066, -0.3694326877593994, 0.9292508363723755, -0.0019659087993204594, 0.0029103339184075594, 1.0]","[-0.01780025102198124, -0.01403226051479578, -0.07780855894088745, 0.0, 0.0, 0.08906491100788116, 1.0]",0.10000000149011612,19,26,130,0
"[0.5288031101226807, 0.19748012721538544, 0.10335174947977066, -0.20618917047977448, 0.9785100817680359, -0.0002255389408674091, -0.002010675612837076, 1.0]","[6.709997251164168e-05, 5.027177758165635e-05, 0.10875054448843002, 0.0, 0.0, -1.9854500351357274e-05, 0.0]",0.8999999761581421,4,15,106,0
"[0.5889473557472229, 0.0326932817697525, 0.20574834942817688, -0.15406166017055511, 0.9880594611167908, 0.0005406246054917574, 0.0017784329829737544, 0.0]","[0.0, 0.0, 0.0, 0.0, 0.0, 0.0, 0.0]",0.10000000149011612,0,13,100,0
"[0.5866163969039917, 0.1325685679912567, 0.11721107363700867, -0.14693480730056763, 0.9891437292098999, 0.0002491517225280404, 0.002191288396716118, 0.0]","[0.0, 0.0, 0.0, 0.0, 0.0, 0.0, 0.0]",1.899999976158142,8,41,157,0
"[0.512316882610321, -0.06068669632077217, 0.16075965762138367, 0.0005579272983595729, 0.9999948740005493, 0.0006181552307680249, -0.003099277149885893, 0.0]","[-2.123087142535951e-05, -1.844902908487711e-05, 0.04696105048060417, 0.0, 0.0, -1.6942642105277628e-05, 0.0]",0.6000000238418579,8,43,263,0
"[0.524556040763855, 0.05819520726799965, 0.2203889638185501, -0.0005154458922334015, 0.9999951124191284, 0.00047950720181688666, -0.0030386182479560375, 0.0]","[-0.016525177285075188, 0.0057511162012815475, 0.1602334976196289, 0.0, 0.0, -0.033477626740932465, 0.0]",0.699999988079071,3,14,371,0
"[0.5567898154258728, 0.14919185638427734, 0.07094331830739975, -0.20242464542388916, 0.9792974591255188, 0.0007849782123230398, 0.00040678190998733044, 1.0]","[0.0, 0.0, 0.0, 0.0, 0.0, 0.0, 0.0]",0.30000001192092896,6,17,225,0
"[0.5051610469818115, -0.09896242618560791, 0.07455939799547195, -0.544876754283905, 0.8385158181190491, -0.0005092371720820665, -0.0005484262364916503, 1.0]","[0.03879387304186821, -0.041450247168540955, -0.07757727056741714, 0.0, 0.0, 0.04350436478853226, 1.0]",0.6000000238418579,8,19,224,0
"[0.5961283445358276, 0.06077380105853081, 0.08579374104738235, -0.308950275182724, 0.9510344862937927, -0.003124150913208723, 0.008563096635043621, 1.0]","[0.011795097030699253, -0.010309985838830471, 0.10352102667093277, 0.0, 0.0, 0.043915461748838425, 0.0]",0.20000000298023224,5,2,290,0
"[0.5224617123603821, 0.1719074845314026, 0.18454457819461823, 0.0870390310883522, 0.9962038993835449, 0.0005329702980816364, 0.0013071650173515081, 0.0]","[-0.0031357398256659508, 0.051988981664180756, -0.033722154796123505, 0.0, 0.0, -0.17103137075901031, 1.0]",0.10000000149011612,3,6,3,0
"[0.5262954831123352, 0.023441046476364136, 0.2696838676929474, -0.20476305484771729, 0.9788050651550293, -0.0009658592753112316, 0.0034337379038333893, 1.0]","[0.006054713856428862, 0.04533515125513077, 0.14483094215393066, 0.0, 0.0, -0.06119527295231819, 0.0]",0.699999988079071,3,41,59,0
"[0.5667695999145508, -0.1541626900434494, 0.07634013891220093, 0.04671921581029892, 0.9989017844200134, 0.001347062992863357, -0.0032820424530655146, 0.0]","[0.03369177505373955, -0.009599671699106693, 0.0969824343919754, 0.0, 0.0, -0.17865152657032013, 0.0]",0.5,0,16,142,0
"[0.569807767868042, 0.028636738657951355, 0.07813989371061325, 0.23261842131614685, 0.9725516438484192, 0.002457271795719862, 0.005093549378216267, 1.0]","[8.337096369359642e-05, -1.2332198821241036e-05, 0.019539153203368187, 0.0, 0.0, -6.06682669967995e-06, 0.0]",0.30000001192092896,4,27,404,0
"[0.5345509052276611, -0.03715429827570915, 0.18036909401416779, -0.004003257490694523, 0.9999819993972778, 0.0005554185481742024, 0.004438490606844425, 0.0]","[0.0, 0.0, 0.0, 0.0, 0.0, 0.0, 0.0]",0.699999988079071,1,35,117,0
"[0.5586305260658264, 0.12288900464773178, 0.06952602416276932, -0.22575679421424866, 0.9741806983947754, 0.0018204086227342486, 0.001572675653733313, 1.0]","[0.0012497002026066184, 0.03405313193798065, 0.020486650988459587, 0.0, 0.0, 0.2057020515203476, 1.0]",0.5,17,45,453,0
"[0.5272581577301025, 0.110651396214962, 0.07451758533716202, -0.07696669548749924, 0.997003436088562, 0.00011653713590931147, 0.007764119189232588, 0.0]","[0.0, 0.0, 0.0, 0.0, 0.0, 0.0, 0.0]",0.20000000298023224,0,26,481,0
"[0.5474691987037659, -0.019607746973633766, 0.136164590716362, -0.04122490435838699, 0.9991405010223389, -0.0009567007073201239, 0.004229120910167694, 0.0]","[0.0035803585778921843, 0.01237973477691412, 0.07514715939760208, 0.0, 0.0, 0.019298633560538292, 0.0]",0.20000000298023224,1,25,254,0
"[0.5607174038887024, -0.10957373678684235, 0.17720727622509003, -0.1488639861345291, 0.988856315612793, -0.00048751651775091887, 0.0015667902771383524, 1.0]","[0.06093328446149826, -0.0380157008767128, -0.05979016795754433, 0.0, 0.0, -0.18635594844818115, 0.0]",1.0,18,4,463,0
"[0.5867083072662354, -0.14101308584213257, 0.15924319624900818, 0.0017493471968919039, 0.9999946355819702, 0.0006679135258309543, -0.0026875422336161137, 0.0]","[0.0, 0.0, 0.0, 0.0, 0.0, 0.0, 0.0]",0.4000000059604645,7,42,498,0
"[0.5395295023918152, 0.026082834228873253, 0.07077464461326599, 0.05335536226630211, 0.998559832572937, 0.001430777250789106, 0.00542210740968585, 0.0]","[0.0, 0.0, 0.0, 0.0, 0.0, 0.0, 0.0]",0.0,5,36,350,0
"[0.5605859160423279, 0.03927060216665268, 0.07422008365392685, 0.06723040342330933, 0.9977155923843384, 0.0032034514006227255, 0.005778300575911999, 1.0]","[0.0, 0.0, 0.0, 0.0, 0.0, 0.0, 0.0]",0.699999988079071,0,32,315,0
"[0.48638150095939636, -0.13708747923374176, 0.19764593243598938, -0.08849304169416428, 0.9960631132125854, -0.002458488568663597, 0.004611732438206673, 1.0]","[0.0, 0.0, 0.0, 0.0, 0.0, 0.0, 1.0]",0.4000000059604645,11,44,246,0
"[0.6521340608596802, 0.07716725766658783, 0.09307138621807098, -0.1982014924287796, 0.9801607728004456, 0.0009316622163169086, -0.00045043686986900866, 1.0]","[-0.0065064881928265095, -0.00400928407907486, 0.12781433761119843, 0.0, 0.0, -0.10982690751552582, 0.0]",0.10000000149011612,3,5,352,0
"[0.5029478669166565, 0.09022101759910583, 0.15736454725265503, -0.3121543824672699, 0.9500285387039185, 0.0004503778473008424, 0.0022731574717909098, 0.0]","[-0.010232633911073208, 0.006218779366463423, 0.024126295000314713, 0.0, 0.0, -0.01362634263932705, 0.0]",0.0,1,29,230,0
"[0.49757570028305054, -0.11100510507822037, 0.07668253779411316, -0.04424513131380081, 0.999018132686615, -0.0007441632333211601, 0.002147204475477338, 0.0]","[0.0, 0.0, 0.0, 0.0, 0.0, 0.0, 0.0]",0.4000000059604645,7,34,401,0
"[0.5999042987823486, 0.05077841877937317, 0.13867084681987762, -0.4433304965496063, 0.8962997198104858, -0.001490321010351181, 0.01013090554624796, 1.0]","[0.00014389707939699292, -4.978875585948117e-05, 0.00016521525685675442, 0.0, 0.0, 6.287356882239692e-06, 0.0]",0.30000001192092896,0,31,312,0
"[0.6534837484359741, 0.07722432911396027, 0.07817566394805908, -0.19829677045345306, 0.9801344275474548, 0.0009651767322793603, 0.003738242434337735, 1.0]","[0.0, 0.0, 0.0, 0.0, 0.0, 0.0, 0.0]",0.4000000059604645,17,36,195,0
"[0.5968173146247864, 0.11899471282958984, 0.07265917956829071, 0.014669694006443024, 0.999882698059082, 0.0016098389169201255, 0.004094409290701151, 0.0]","[0.0, 0.0, 0.0, 0.0, 0.0, 0.0, 1.0]",0.8999999761581421,4,21,390,0
"[0.5719481706619263, 0.05927356332540512, 0.13469938933849335, -0.11985679715871811, 0.992756187915802, -0.0007589324377477169, 0.008299339562654495, 0.0]","[0.0, 0.0, 0.0, 0.0, 0.0, 0.0, 0.0]",0.699999988079071,0,20,164,0
"[0.4909486472606659, 0.19340769946575165, 0.10086444765329361, -0.08675927668809891, 0.9962208271026611, -0.0017050040187314153, 0.0037468187510967255, 0.0]","[0.022441299632191658, 0.07748361676931381, -0.13644827902317047, 0.0, 0.0, -0.39933180809020996, 1.0]",0.699999988079071,2,19,366,0
"[0.5601292848587036, -0.08251597732305527, 0.22876855731010437, 0.05862642452120781, 0.9982709288597107, 1.5944004189805128e-05, 0.004252457991242409, 1.0]","[0.0, 0.0, 0.0, 0.0, 0.0, 0.0, 0.0]",0.30000001192092896,9,20,89,0
"[0.5490339398384094, 0.1163293644785881, 0.12725389003753662, -0.0018056095577776432, 0.9999957084655762, 0.0003109430253971368, -0.0022988247219473124, 0.0]","[0.0, 0.0, 0.0, 0.0, 0.0, 0.0, 0.0]",0.4000000059604645,4,18,46,0
"[0.6172899603843689, 0.009994635358452797, 0.2064482867717743, -0.00024523059255443513, 0.9999963641166687, 0.0004140520468354225, -0.0026631304062902927, 0.0]","[0.004874960985034704, -0.04581151902675629, -0.1551038920879364, 0.0, 0.0, 0.043834954500198364, 1.0]",0.30000001192092896,1,17,338,0
"[0.49084895849227905, 0.028409691527485847, 0.15546509623527527, 9.713665349408984e-05, 0.9999992251396179, 0.00018219715275336057, 0.0012249815044924617, 0.0]","[-0.01772245578467846, -0.02208520472049713, -0.13527649641036987, 0.0, 0.0, -0.0807735025882721, 1.0]",0.4000000059604645,3,40,395,0
"[0.56083083152771, 0.03882202133536339, 0.070494644343853, 0.06775850802659988, 0.9976628422737122, 0.0040800622664391994, 0.007809356786310673, 1.0]","[0.0, 0.0, 0.0, 0.0, 0.0, 0.0, 0.0]",0.8999999761581421,8,18,289,0
"[0.5427895784378052, 0.06342831999063492, 0.20753173530101776, -0.08626187592744827, 0.9962638020515442, 0.003534268122166395, 0.002211102517321706, 1.0]","[0.0, 0.0, 0.0, 0.0, 0.0, 0.0, 1.0]",0.20000000298023224,4,30,265,0
"[0.48090168833732605, 0.21200133860111237, 0.07221020758152008, -0.13317003846168518, 0.9910767674446106, 0.0016074785962700844, 0.005472586490213871, 0.0]","[0.0, 0.0, 0.0, 0.0, 0.0, 0.0, 0.0]",1.100000023841858,5,35,154,0
"[0.5619229674339294, -0.0153355672955513, 0.1407901495695114, 0.053024228662252426, 0.99859219789505, 0.0004895512829534709, -0.001327481702901423, 0.0]","[-0.0025622504763305187, -0.05431067943572998, 0.0008340682252310216, 0.0, 0.0, -0.03698118403553963, 1.0]",0.8999999761581421,3,1,478,0
"[0.516900360584259, 0.2021765261888504, 0.19123628735542297, -0.14506086707115173, 0.9893789887428284, 0.0021158454474061728, 0.009062104858458042, 0.0]","[0.0, 0.0, 0.0, 0.0, 0.0, 0.0, 0.0]",0.5,7,4,492,0
"[0.578450620174408, -0.0976068526506424, 0.1217658743262291, 0.23067957162857056, 0.9730287194252014, 0.000932060822378844, 0.0010753065580502152, 1.0]","[0.0, 0.0, 0.0, 0.0, 0.0, -8.322289289186633e-17, 1.0]",0.20000000298023224,7,9,479,0
"[0.5006607174873352, -0.10448309034109116, 0.07974730432033539, 0.09929021447896957, 0.9950528740882874, -0.0013266295427456498, 0.0030731032602488995, 0.0]","[0.007648963015526533, 0.029688570648431778, 0.005425869952887297, 0.0, 0.0, -0.030619367957115173, 1.0]",1.5,13,7,79,0
"[0.48405420780181885, -0.11863309144973755, 0.15087758004665375, 6.55465992167592e-05, 0.9999988079071045, -0.0006236202316358685, 0.0013923030346632004, 0.0]","[-0.00010406546061858535, 0.00011229758820263669, 0.05292147397994995, 0.0, 0.0, -2.901643028963008e-06, 0.0]",0.20000000298023224,2,45,180,0
"[0.5042170286178589, 0.2153874933719635, 0.07453679293394089, -0.0579802431166172, 0.9981715083122253, -0.005664478987455368, 0.016118111088871956, 1.0]","[-0.07021432369947433, 0.008365201763808727, -0.006340136751532555, 0.0, 0.0, -0.2576926648616791, 1.0]",0.30000001192092896,1,1,301,0
"[0.49072888493537903, 0.2197117656469345, 0.07362499833106995, -0.27920472621917725, 0.9602124094963074, 0.0012046790216118097, 0.005947557277977467, 1.0]","[0.018542904406785965, 0.001738605322316289, -0.1257917582988739, 0.0, 0.0, -0.24452510476112366, 1.0]",0.699999988079071,4,45,48,0
"[0.6092016100883484, 0.05842871218919754, 0.09109237045049667, -0.3917217254638672, 0.9200745820999146, 0.001902816817164421, -0.0036458312533795834, 1.0]","[0.034602683037519455, 0.018879668787121773, 0.11774085462093353, 0.0, 0.0, -0.022024834528565407, 0.0]",0.0,6,28,95,0
"[0.5934337973594666, -0.13216465711593628, 0.07135608792304993, 0.08704061806201935, 0.9961825013160706, -0.0008432843605987728, 0.00660324189811945, 0.0]","[2.1641088210344606e-07, 0.00022025774524081498, 0.025967275723814964, 0.0, 0.0, -2.488901372998953e-05, 0.0]",0.8999999761581421,4,13,332,0
"[0.5787506699562073, -0.010808560065925121, 0.21304160356521606, -0.08449172228574753, 0.996408224105835, -0.0007939808419905603, 0.005587036721408367, 1.0]","[0.0002732857537921518, 2.2083977455622517e-05, 0.010144599713385105, 0.0, 0.0, -1.6262078133877367e-05, 0.0]",0.20000000298023224,6,28,92,0
"[0.47840702533721924, -0.056115832179784775, 0.0718717947602272, -0.11920640617609024, 0.9928640127182007, -0.0002558848063927144, -0.003287289524450898, 1.0]","[0.0, 0.0, 0.0, 0.0, 0.0, 0.0, 1.0]",0.6000000238418579,9,13,327,0
"[0.5432813167572021, -0.010333389975130558, 0.07690592855215073, -0.04427942633628845, 0.9990045428276062, 0.0006918588769622147, 0.005360818468034267, 0.0]","[0.0037352147046476603, -0.0019997013732790947, -0.07601362466812134, 0.0, 0.0, 0.07217681407928467, 1.0]",0.20000000298023224,6,29,29,0
"[0.551603376865387, 0.016357719898223877, 0.22573238611221313, -0.18347741663455963, 0.9830170273780823, 3.985578950960189e-05, 0.0036814305931329727, 1.0]","[0.024930786341428757, 0.002281505847349763, -0.15396417677402496, 0.0, 0.0, -0.02934318035840988, 1.0]",0.5,3,6,83,0
"[0.5808300375938416, 0.08031820505857468, 0.22699254751205444, -0.08422141522169113, 0.9964361786842346, 0.00013918313197791576, 0.004655021708458662, 1.0]","[-0.013797273859381676, -0.029491929337382317, -0.010689768940210342, 0.0, 0.0, -0.018691817298531532, 0.0]",0.6000000238418579,6,42,20,0
"[0.5051392316818237, -0.09894585609436035, 0.0745454654097557, -0.5447328090667725, 0.8386093378067017, -0.00041091805906035006, -0.0005988369812257588, 1.0]","[0.0036361459642648697, 0.06747415661811829, -0.11795765161514282, 0.0, 0.0, -0.4208901524543762, 1.0]",0.10000000149011612,7,22,165,0
"[0.4854514002799988, 0.20448991656303406, 0.06958436220884323, 0.27086132764816284, 0.9625681638717651, 0.005621204152703285, 0.008064244873821735, 1.0]","[-0.00967489369213581, 0.03262009471654892, -0.075577013194561, 0.0, 0.0, -0.6942819952964783, 1.0]",0.6000000238418579,2,17,84,0
"[0.5617592334747314, 0.12268583476543427, 0.1584853231906891, -0.2215905338525772, 0.9751222729682922, -0.00050393893616274, 0.005821213126182556, 1.0]","[0.09244770556688309, 0.008699349127709866, -0.09515508264303207, 0.0, 0.0, -0.06006455793976784, 1.0]",0.800000011920929,3,8,486,0
"[0.5870802402496338, 0.17554189264774323, 0.07197228074073792, 0.06692497432231903, 0.9977283477783203, 0.0016304333694279194, 0.00752188079059124, 0.0]","[0.0, 0.0, 0.0, 0.0, 0.0, 0.0, 0.0]",0.30000001192092896,7,24,439,0
"[0.496366947889328, -0.12757189571857452, 0.2132813036441803, -0.11125489324331284, 0.9937906861305237, 0.0001412071578670293, 0.001549878274090588, 0.0]","[0.0, 0.0, 0.0, 0.0, 0.0, 0.0, 0.0]",0.20000000298023224,0,42,365,0
"[0.5571750402450562, 0.1227944940328598, 0.06828773021697998, -0.22980031371116638, 0.9732375144958496, 0.0007650312618352473, -0.0001008281615213491, 0.0]","[-0.06864263117313385, -0.012493346817791462, -0.1118195429444313, 0.0, 0.0, 0.011773776262998581, 1.0]",1.0,2,36,148,0
"[0.5331898331642151, 0.17743200063705444, 0.06932584196329117, -0.029966602101922035, 0.9995508193969727, -0.0002094889641739428, -0.00036640025791712105, 0.0]","[0.0, 0.0, 0.0, 0.0, 0.0, 0.0, 0.0]",0.20000000298023224,8,40,44,0
"[0.5999300479888916, -0.04692972078919411, 0.2247762829065323, -0.02016359753906727, 0.9997926950454712, -0.00026795026496984065, 0.0028101990465074778, 1.0]","[0.0, 0.0, 0.0, 0.0, 0.0, 0.0, 0.0]",0.8999999761581421,8,5,295,0
"[0.5378183126449585, -0.05154713988304138, 0.11899256706237793, 0.008884504437446594, 0.9999576807022095, 8.059447281993926e-05, 0.002380553400143981, 0.0]","[0.0, 0.0, 0.0, 0.0, 0.0, 0.0, 0.0]",0.0,0,43,497,0
"[0.6024447083473206, 0.09513895213603973, 0.1132277175784111, -0.04341275990009308, 0.9990550875663757, 0.0010559657821431756, 0.0017583910375833511, 0.0]","[0.0, 0.0, 0.0, 0.0, 0.0, 0.0, 0.0]",2.0,5,11,223,0
"[0.5976389646530151, 0.012251109816133976, 0.12567271292209625, -0.00320034078322351, 0.9999872446060181, -0.00010319160355720669, -0.0039107054471969604, 0.0]","[0.014864281751215458, -0.014376549981534481, -0.12123628705739975, 0.0, 0.0, -0.16544745862483978, 1.0]",0.800000011920929,9,12,27,0
"[0.5325024724006653, 0.05808504670858383, 0.16361477971076965, -0.39298203587532043, 0.9192533493041992, -0.008070677518844604, 0.021754737943410873, 1.0]","[0.02345726452767849, 0.0013891299022361636, -0.0583655908703804, 0.0, 0.0, -0.1536485105752945, 1.0]",0.30000001192092896,4,14,389,0
"[0.5805585384368896, -0.053389716893434525, 0.0796624943614006, -0.021237770095467567, 0.999725878238678, -0.004053026903420687, 0.008981481194496155, 1.0]","[-0.002514897147193551, 0.03621806204319, -0.06189725548028946, 0.0, 0.0, -0.19245725870132446, 1.0]",0.4000000059604645,7,31,205,0
"[0.5099924206733704, -0.09405899792909622, 0.19251318275928497, -0.0022539314813911915, 0.999995768070221, -0.00038144137943163514, 0.0017936318181455135, 0.0]","[0.006037646904587746, 0.02390102669596672, -0.12943977117538452, 0.0, 0.0, -0.048155639320611954, 1.0]",0.20000000298023224,3,25,28,0
"[0.488876074552536, 0.028592640534043312, 0.15209850668907166, -0.0010067183757200837, 0.9999961256980896, 3.240018486394547e-05, -0.002603922039270401, 0.0]","[0.0, 0.0, 0.0, 0.0, 0.0, 0.0, 0.0]",1.100000023841858,5,2,418,0
"[0.5599814653396606, -0.05329997092485428, 0.07733503729104996, -0.08288189768791199, 0.9965383410453796, -0.000744651653803885, 0.006430543959140778, 1.0]","[-0.008107652887701988, -0.004133247304707766, 0.13167376816272736, 0.0, 0.0, 0.03584356978535652, 0.0]",0.5,5,37,139,0
"[0.5003718733787537, 0.004393332172185183, 0.06686960160732269, -0.025656292214989662, 0.9996687173843384, 0.00020248554938007146, -0.002054285490885377, 0.0]","[0.007517325226217508, -0.0025311061181128025, 0.08941912651062012, 0.0, 0.0, -0.03409084305167198, 0.0]",1.5,7,1,266,0
"[0.6045653820037842, 0.05682544782757759, 0.11705911159515381, -0.26768165826797485, 0.9634843468666077, -0.0030753850005567074, 0.005914861802011728, 0.0]","[0.04454895481467247, 0.03994377329945564, -0.02108222246170044, 0.0, 0.0, -0.14059218764305115, 1.0]",0.5,13,32,448,0
"[0.5541084408760071, -0.05944787710905075, 0.07405220717191696, -0.03579665720462799, 0.9993293285369873, 0.0007103107054717839, 0.007678053341805935, 0.0]","[-0.0009525723289698362, -0.010610828176140785, 0.12712876498699188, 0.0, 0.0, -0.18333259224891663, 0.0]",0.10000000149011612,8,6,60,0
"[0.5361592173576355, -0.01319906860589981, 0.22510389983654022, -0.00015773710038047284, 0.9999995827674866, 0.0004874515871051699, 0.0007535992772318423, 0.0]","[0.02773803472518921, 0.047563668340444565, -0.0572538897395134, 0.0, 0.0, 0.025364063680171967, 1.0]",0.0,5,17,183,0
"[0.5508537292480469, 0.1019827350974083, 0.23374643921852112, -0.0012344765709713101, 0.9999897480010986, -0.00018517074931878597, -0.004348777700215578, 0.0]","[6.285374547587708e-05, 0.00010381257743574679, 0.0009712546598166227, 0.0, 0.0, 2.9084308152960148e-06, 0.0]",0.10000000149011612,7,27,470,0
"[0.596710205078125, -0.06345625221729279, 0.15437288582324982, 0.0009774960344657302, 0.999997079372406, -0.0007379559683613479, 0.0020926259458065033, 0.0]","[-0.02211861126124859, 0.012830620631575584, -0.01765446737408638, 0.0, 0.0, -0.08859992027282715, 1.0]",0.0,8,35,429,0
"[0.5826336145401001, -0.08093723654747009, 0.1151951253414154, 0.007357616443186998, 0.9999658465385437, -0.0009174554725177586, 0.0036495474632829428, 0.0]","[0.0, 0.0, 0.0, 0.0, 0.0, 0.0, 0.0]",0.6000000238418579,10,27,283,0
"[0.5656850934028625, 0.12206529825925827, 0.210154190659523, -0.21414192020893097, 0.9767907857894897, -0.0004028740804642439, 0.0047783153131604195, 1.0]","[-0.009602747857570648, 0.009671802632510662, -0.07495173811912537, 0.0, 0.0, -0.4455185532569885, 1.0]",0.30000001192092896,6,10,411,0
"[0.4938494563102722, -0.09497521072626114, 0.07570856064558029, -0.19413059949874878, 0.9809669256210327, -0.000656254356727004, 0.004095424897968769, 0.0]","[0.00011492130579426885, -0.00031911247060634196, 0.07533606886863708, 0.0, 0.0, -2.2497144527733326e-05, 0.0]",0.6000000238418579,8,31,405,0
"[0.5126599669456482, -0.13234157860279083, 0.14557701349258423, -0.22794318199157715, 0.9736741781234741, 0.00028169056167826056, 0.000675668241456151, 0.0]","[0.0, 0.0, 0.0, 0.0, 0.0, 0.0, 0.0]",0.800000011920929,6,27,113,0
"[0.506499171257019, -0.0971493348479271, 0.22353389859199524, -0.5418431758880615, 0.8404640555381775, -0.0028238187078386545, 0.004260197281837463, 1.0]","[0.0, 0.0, 0.0, 0.0, 0.0, 0.0, 0.0]",1.7000000476837158,2,27,322,0
"[0.49859920144081116, -0.10787814110517502, 0.07038149237632751, -0.3311709463596344, 0.9435660243034363, -0.001369062694720924, 0.0026640831492841244, 0.0]","[-0.00033090292708948255, 5.4458138038171455e-05, 0.009571700356900692, 0.0, 0.0, -0.00010935766476904973, 0.0]",0.699999988079071,1,10,175,0
"[0.5692266821861267, 0.10268712043762207, 0.21099260449409485, -0.16370022296905518, 0.9865031242370605, 0.00020371323626022786, 0.0037175645120441914, 1.0]","[-0.003852667286992073, 0.015928415581583977, 0.20343372225761414, 0.0, 0.0, 0.03332590311765671, 0.0]",0.20000000298023224,4,28,145,0
"[0.566490650177002, 0.07175882905721664, 0.13455058634281158, -0.13049569725990295, 0.9914387464523315, 6.451832450693473e-05, 0.004477344453334808, 1.0]","[2.179295051973895e-06, 7.211472257040441e-05, 0.04342980310320854, 0.0, 0.0, -2.6309629902243614e-05, 0.0]",0.6000000238418579,3,14,38,0
"[0.598957896232605, -0.10207386314868927, 0.24382922053337097, 0.0014792702859267592, 0.9999967813491821, 0.00021436891984194517, -0.0020624722819775343, 0.0]","[-0.005073115695267916, 0.006032010540366173, -0.02417437918484211, 0.0, 0.0, -0.19583077728748322, 1.0]",1.0,0,15,189,0
"[0.5793073177337646, -0.13822683691978455, 0.1918095201253891, -0.08174166083335876, 0.9966517686843872, -7.653283682884648e-05, 0.0018844010774046183, 0.0]","[0.0051439497619867325, -0.006072196643799543, 0.1489197462797165, 0.0, 0.0, -0.3608410060405731, 0.0]",0.4000000059604645,11,39,207,0
"[0.48425528407096863, -0.10347868502140045, 0.14689697325229645, 0.0014242407632991672, 0.9999907612800598, 0.0009893254609778523, -0.0039325375109910965, 0.0]","[0.013668137602508068, 0.11360262334346771, -0.055465102195739746, 0.0, 0.0, -0.23703190684318542, 1.0]",0.20000000298023224,10,40,345,0
"[0.5198214054107666, 0.15531976521015167, 0.07413998246192932, -0.015160083770751953, 0.9998785853385925, 0.0020109021570533514, -0.0029894274193793535, 0.0]","[0.013448427431285381, -0.014083662070333958, 0.1738811433315277, 0.0, 0.0, -0.01301557570695877, 0.0]",0.6000000238418579,9,45,384,0
"[0.5821288228034973, -0.09000071883201599, 0.07698603719472885, -0.048127107322216034, 0.9988207221031189, -0.0018243350787088275, 0.006138170603662729, 1.0]","[0.0, 0.0, 0.0, 0.0, 0.0, 5.471282267847065e-17, 1.0]",0.20000000298023224,15,42,457,0
"[0.5774367451667786, 0.08341929316520691, 0.2132713347673416, -0.001108542550355196, 0.9999966621398926, -7.3768810580077115e-06, -0.002338194288313389, 0.0]","[0.0, 0.0, 0.0, 0.0, 0.0, 0.0, 0.0]",0.6000000238418579,0,29,256,0
"[0.5607212781906128, -0.10951487720012665, 0.17722198367118835, -0.148691326379776, 0.988882303237915, -0.0003639868227764964, 0.0016025585355237126, 1.0]","[-0.005496596451848745, 0.010327361524105072, 0.35259687900543213, 0.0, 0.0, -0.17868442833423615, 0.0]",0.5,4,18,96,0
"[0.5760271549224854, -0.006567711941897869, 0.23858395218849182, 0.000906871457118541, 0.9999980330467224, 6.632451550103724e-05, -0.0017492498736828566, 0.0]","[0.00011971320054726675, 4.1285475163022056e-05, 0.020312398672103882, 0.0, 0.0, 2.8932379336765734e-06, 0.0]",0.6000000238418579,9,30,131,0
"[0.5118539333343506, -0.0666688084602356, 0.11026808619499207, -0.20473115146160126, 0.9788155555725098, 0.0011703709606081247, 0.0019581736996769905, 0.0]","[0.0, 0.0, 0.0, 0.0, 0.0, 0.0, 0.0]",0.20000000298023224,5,25,455,0
"[0.5493265390396118, 0.0005042129196226597, 0.07026924937963486, 0.23144158720970154, 0.9728479385375977, 0.0006089542293921113, 0.0011363031808286905, 1.0]","[0.0, 0.0, 0.0, 0.0, 0.0, 0.0, 0.0]",1.0,9,44,487,0
"[0.4891020953655243, 0.21963630616664886, 0.12390660494565964, -0.031487442553043365, 0.9994970560073853, 0.0020460349041968584, 0.003154208417981863, 0.0]","[0.01643349975347519, 0.0064544156193733215, -0.06942914426326752, 0.0, 0.0, -0.45739999413490295, 1.0]",0.699999988079071,5,35,476,0
"[0.5377885699272156, 0.033252183347940445, 0.0770910382270813, -0.08469036966562271, 0.9963998198509216, -0.0003987499512732029, 0.003845586907118559, 0.0]","[0.017218856140971184, -0.003783934749662876, -0.0016872367123141885, 0.0, 0.0, -0.249198317527771, 1.0]",0.4000000059604645,1,18,440,0
"[0.5502616763114929, -0.01243306789547205, 0.19025512039661407, 0.0400947630405426, 0.9991950392723083, 0.00026066519785672426, 0.0012750631431117654, 0.0]","[0.023802446201443672, -0.029233690351247787, -0.005727723240852356, 0.0, 0.0, 0.261896014213562, 0.0]",0.4000000059604645,3,26,485,0
"[0.5781888365745544, -0.09743795543909073, 0.09920898079872131, 0.23138369619846344, 0.9728617668151855, 0.0008327653631567955, 0.0009238480706699193, 1.0]","[0.006818303372710943, 0.009700893424451351, 0.1555662900209427, 0.0, 0.0, 0.04227988049387932, 0.0]",0.10000000149011612,0,13,333,0
"[0.4821370542049408, 0.20046789944171906, 0.06668967008590698, 0.26332589983940125, 0.9646801948547363, 0.004943537525832653, 0.005208393093198538, 0.0]","[0.0, 0.0, 0.0, 0.0, 0.0, 0.0, 0.0]",0.800000011920929,2,30,104,0
"[0.5087394714355469, 0.09817716479301453, 0.11107181012630463, -0.18274375796318054, 0.9831467866897583, -0.0008859867230057716, 0.005129917990416288, 1.0]","[0.0, 0.0, 0.0, 0.0, 0.0, 0.0, 0.0]",0.0,7,6,245,0
"[0.47833845019340515, 0.2111867368221283, 0.07033224403858185, -0.13058389723300934, 0.991435170173645, 0.0009413961670361459, 0.0018212487921118736, 1.0]","[7.958020432852209e-05, -7.00364398653619e-05, 0.04804082214832306, 0.0, 0.0, -1.3965347534394823e-05, 0.0]",1.100000023841858,20,23,422,0
"[0.5255895853042603, 0.20112843811511993, 0.20420275628566742, -0.21818456053733826, 0.975907027721405, 0.00029985830769874156, 0.0009180721244774759, 1.0]","[-0.013982007279992104, 0.03866554796695709, 0.005959608592092991, 0.0, 0.0, -0.22247709333896637, 1.0]",0.10000000149011612,4,26,56,0
"[0.4784400761127472, -0.056113891303539276, 0.07184823602437973, -0.11901956796646118, 0.9928866028785706, -0.000340902159223333, -0.0032209865748882294, 1.0]","[-0.0049443659372627735, -0.0006138824974186718, 0.11304356902837753, 0.0, 0.0, 0.03690064698457718, 0.0]",0.800000011920929,3,16,121,0
"[0.5870165228843689, 0.13776877522468567, 0.13501408696174622, -0.28423982858657837, 0.958744466304779, 0.0008724864455871284, 0.003996608778834343, 0.0]","[-0.0335623063147068, 0.04764034226536751, -0.008507035672664642, 0.0, 0.0, 0.104755699634552, 1.0]",0.30000001192092896,3,9,149,0
"[0.5492851734161377, 0.0005379156209528446, 0.07026348263025284, 0.23185420036315918, 0.9727497100830078, 0.0006705830455757678, 0.0011057324009016156, 1.0]","[-0.03896306827664375, 0.027954446151852608, -0.040755558758974075, 0.0, 0.0, -0.15397892892360687, 1.0]",0.6000000238418579,5,24,412,0
"[0.5667645335197449, 0.19934280216693878, 0.2252461463212967, -0.048288341611623764, 0.9988316297531128, 0.0012788031017407775, -0.0014087536837905645, 0.0]","[0.020216699689626694, 0.060049135237932205, -0.03551996499300003, 0.0, 0.0, -0.34065917134284973, 1.0]",0.10000000149011612,1,9,363,0
"[0.6327980160713196, 0.2283562272787094, 0.28259924054145813, -0.02271541953086853, 0.9997184872627258, 0.0024253136944025755, 0.006411971990019083, 1.0]","[0.01234409213066101, 0.02952219359576702, -0.07576348632574081, 0.0, 0.0, 0.13001716136932373, 1.0]",0.20000000298023224,3,9,129,0
"[0.5950630903244019, -0.06799976527690887, 0.2542235851287842, -0.026531163603067398, 0.9996459484100342, -0.0001947198761627078, 0.0020030452869832516, 1.0]","[0.0, 0.0, 0.0, 0.0, 0.0, 0.0, 0.0]",0.8999999761581421,19,25,32,0
"[0.5909281969070435, 0.19328366219997406, 0.3534650504589081, 0.05425868183374405, 0.9985107779502869, 0.0016772652743384242, 0.005424711387604475, 1.0]","[0.0, 0.0, 0.0, 0.0, 0.0, 0.0, 0.0]",0.30000001192092896,7,18,22,0
"[0.5853589773178101, 0.13398349285125732, 0.10815044492483139, -0.17046697437763214, 0.9853161573410034, 0.0015533402329310775, 0.009524000808596611, 1.0]","[0.0, 0.0, 0.0, 0.0, 0.0, 0.0, 0.0]",0.800000011920929,0,17,159,0
"[0.5139579772949219, 0.07445157319307327, 0.07001912593841553, -0.12272273749113083, 0.9924407601356506, 0.0004979626392014325, -0.00046598882181569934, 1.0]","[-0.01699536107480526, 0.03079923242330551, -0.04043412581086159, 0.0, 0.0, -0.1059032753109932, 1.0]",1.5,3,19,248,0
"[0.526124119758606, 0.10339643806219101, 0.24678394198417664, -0.054798517376184464, 0.99848872423172, 0.0007221641135402024, 0.004103188868612051, 1.0]","[0.0, 0.0, 0.0, 0.0, 0.0, 0.0, 0.0]",0.4000000059604645,5,19,140,0
"[0.48770567774772644, 0.20523495972156525, 0.07946795970201492, 0.011088595725595951, 0.9999315738677979, 0.0021661759819835424, 0.003034660592675209, 0.0]","[-0.03597910702228546, -0.010723995044827461, -0.034278642386198044, 0.0, 0.0, -0.6784884929656982, 0.0]",0.4000000059604645,6,15,292,0
"[0.5021358728408813, 0.095863476395607, 0.1840982735157013, -0.19003479182720184, 0.9817689657211304, -0.0008257346344180405, 0.003969668410718441, 1.0]","[0.003157374681904912, 0.021291568875312805, 0.16655437648296356, 0.0, 0.0, -0.028309762477874756, 0.0]",0.30000001192092896,10,22,70,0
"[0.5406618118286133, 0.04682125896215439, 0.08940690010786057, -0.08883021771907806, 0.9960346221923828, 0.0029067315626889467, 0.00396597059443593, 1.0]","[0.0, 0.0, 0.0, 0.0, 0.0, 0.0, 0.0]",0.6000000238418579,3,36,234,0
"[0.47854891419410706, -0.10151854157447815, 0.24510310590267181, -0.19560720026493073, 0.9806762337684631, -0.0014088720781728625, 0.0031569215934723616, 1.0]","[-0.0030396548099815845, -0.0015089265070855618, 0.023058587685227394, 0.0, 0.0, 0.0001484584208810702, 0.0]",0.800000011920929,14,38,467,0
"[0.5523067116737366, 0.03327209874987602, 0.10172969847917557, 0.1143336147069931, 0.993434488773346, 0.0014298111200332642, 0.0037057294975966215, 0.0]","[-0.007660387549549341, 0.040498457849025726, -0.11435911804437637, 0.0, 0.0, -0.3659520745277405, 1.0]",0.6000000238418579,5,21,484,0
"[0.5045886039733887, -0.10230892896652222, 0.23682507872581482, -0.3303324282169342, 0.9438483715057373, -0.0022741900756955147, 0.005057946778833866, 1.0]","[0.007726524956524372, -0.04879719763994217, -0.006532734259963036, 0.0, 0.0, 0.01094822771847248, 1.0]",1.100000023841858,19,0,344,0
"[0.5486301183700562, -0.0018692391458898783, 0.1413465142250061, 0.2261645495891571, 0.9740883708000183, -0.0005003527621738613, -0.0011071934131905437, 1.0]","[0.0, 0.0, 0.0, 0.0, 0.0, 0.0, 0.0]",0.699999988079071,0,7,158,0
"[0.5701083540916443, 0.01860303431749344, 0.07501597702503204, -0.12750579416751862, 0.991831362247467, 0.0021354248747229576, 0.002884071320295334, 1.0]","[7.792271935613826e-05, 7.68188401707448e-05, 0.04070407897233963, 0.0, 0.0, -8.679868187755346e-06, 0.0]",0.30000001192092896,4,22,379,0
"[0.6473913788795471, 0.096367746591568, 0.13333527743816376, -0.23040930926799774, 0.9730897545814514, 0.0012158694444224238, 0.0025213498156517744, 0.0]","[0.012706605717539787, -0.017360026016831398, -0.07685866951942444, 0.0, 0.0, 0.14345483481884003, 1.0]",0.20000000298023224,5,37,43,0
"[0.5337590575218201, 0.177652508020401, 0.07055223733186722, -0.027717603370547295, 0.9996155500411987, 0.0005708164535462856, 0.0004492388106882572, 1.0]","[-0.03963681682944298, -0.09881166368722916, -0.0982867181301117, 0.0, 0.0, 0.021752512082457542, 1.0]",0.10000000149011612,2,11,217,0
"[0.5678595304489136, 0.07738399505615234, 0.09735352545976639, -0.13850916922092438, 0.9903579950332642, 0.00039619437302462757, 0.002463744953274727, 0.0]","[0.0, 0.0, 0.0, 0.0, 0.0, 0.0, 0.0]",0.6000000238418579,18,26,264,0
"[0.5162587761878967, 0.13675568997859955, 0.07384034246206284, 0.0018883597804233432, 0.9999912977218628, -0.0005091970670036972, -0.0036821060348302126, 1.0]","[0.0, 0.0, 0.0, 0.0, 0.0, 0.0, 0.0]",0.699999988079071,2,15,12,0
"[0.5263519883155823, 0.02446673810482025, 0.09854530543088913, -0.006223700474947691, 0.9999781250953674, 0.0002319657214684412, 0.0022213426418602467, 0.0]","[0.00013551417214330286, 2.024834066105541e-05, 0.08260339498519897, 0.0, 0.0, -1.136517857958097e-05, 0.0]",0.8999999761581421,10,34,490,0
"[0.5255576372146606, -0.07753271609544754, 0.14892396330833435, -0.021102547645568848, 0.9997726082801819, -0.0010733477538451552, 0.0028667799197137356, 0.0]","[0.0, 0.0, 0.0, 0.0, 0.0, 0.0, 0.0]",0.4000000059604645,6,23,153,0
"[0.5742114782333374, 0.029389886185526848, 0.17882776260375977, -0.09503138810396194, 0.995473325252533, -0.00019355115364305675, 0.0013433528365567327, 0.0]","[0.008144968189299107, -0.05338497459888458, -0.09085315465927124, 0.0, 0.0, 0.19924874603748322, 1.0]",0.699999988079071,2,10,374,0
"[0.5333496928215027, 0.05646955221891403, 0.22448647022247314, 0.0022599014919251204, 0.9999960064888, 0.00018572082626633346, 0.001694754115305841, 1.0]","[0.019972166046500206, 0.0703975185751915, -0.06969691812992096, 0.0, 0.0, -0.49975910782814026, 1.0]",0.0,6,37,458,0
"[0.5910665988922119, 0.02101743407547474, 0.20910310745239258, -0.055334869772195816, 0.99844890832901, -0.00126854598056525, 0.006016888655722141, 0.0]","[-0.03739267960190773, -0.033139683306217194, 0.13108272850513458, 0.0, 0.0, -0.2545611560344696, 0.0]",0.6000000238418579,8,37,462,0
"[0.4952249526977539, -0.09036164730787277, 0.20122379064559937, -0.030161119997501373, 0.9995316863059998, -0.0017752491403371096, 0.004859483800828457, 1.0]","[-0.02106579579412937, 0.005308082792907953, -0.05328766629099846, 0.0, 0.0, 0.090057373046875, 1.0]",0.5,7,23,329,0
"[0.5089205503463745, 0.14527711272239685, 0.3491445481777191, -0.10325459390878677, 0.994638979434967, 0.00104027078486979, 0.005540415644645691, 1.0]","[0.0, 0.0, 0.0, 0.0, 0.0, 0.0, 0.0]",0.699999988079071,0,38,212,0
"[0.550133466720581, -0.015401727519929409, 0.09118026494979858, 0.017819778993725777, 0.9998323321342468, -0.000726149941328913, 0.0041453298181295395, 0.0]","[-0.005409887991845608, 0.006369329057633877, 0.19465646147727966, 0.0, 0.0, -0.09963326156139374, 0.0]",0.8999999761581421,0,4,416,0
"[0.5786930322647095, -0.09768326580524445, 0.14728064835071564, 0.23002955317497253, 0.9731808304786682, 0.0010829962557181716, 0.002080518752336502, 1.0]","[0.001727533875964582, -0.006810707040131092, -0.11587682366371155, 0.0, 0.0, -0.3853704333305359, 1.0]",0.8999999761581421,16,15,77,0
"[0.5054364204406738, 0.06310991942882538, 0.16623863577842712, -0.00021839923283550888, 0.9999996423721313, 0.0007923764642328024, 0.00020339562615845352, 0.0]","[0.0, 0.0, 0.0, 0.0, 0.0, 0.0, 0.0]",0.0,0,37,339,0
"[0.587536633014679, 0.13501249253749847, 0.179531529545784, -0.00037506481749005616, 0.9999990463256836, 0.0010404546046629548, 0.000833712168969214, 0.0]","[-0.059681281447410583, 0.019903356209397316, -0.013742376118898392, 0.0, 0.0, 0.07570140808820724, 1.0]",0.20000000298023224,8,1,143,0
"[0.5743852853775024, 0.030206289142370224, 0.2201833724975586, 0.23044028878211975, 0.973071813583374, 0.0021033817902207375, 0.00490598427131772, 1.0]","[-1.590990177646745e-05, 7.691318023717031e-05, 0.035834960639476776, 0.0, 0.0, -1.781931860023178e-05, 0.0]",0.800000011920929,9,44,409,0
"[0.5601078271865845, 0.056088514626026154, 0.08109231293201447, -0.125081866979599, 0.9921456575393677, 0.00039759677019901574, -0.001183030428364873, 1.0]","[-0.037216916680336, -0.061182666569948196, -0.05367373302578926, 0.0, 0.0, -0.06782324612140656, 1.0]",0.5,1,7,33,0
"[0.5923426747322083, -0.13098366558551788, 0.07029350847005844, 0.08664216101169586, 0.996232271194458, -0.00019194430205971003, 0.0037849696818739176, 0.0]","[0.012635626830160618, -0.015563176944851875, 0.17622306942939758, 0.0, 0.0, -0.014799196273088455, 0.0]",0.30000001192092896,11,22,334,0
"[0.6498957276344299, 0.10102362930774689, 0.08169636130332947, -0.18142864108085632, 0.9833971858024597, 0.0011167797492817044, 0.0035195332020521164, 0.0]","[0.00010550305887591094, -0.00017691784887574613, 0.06656047701835632, 0.0, 0.0, -1.0451612979522906e-05, 0.0]",0.8999999761581421,1,14,456,0
"[0.5186697840690613, 0.18227477371692657, 0.23149538040161133, -0.041193071752786636, 0.999149739742279, 0.0002619030128698796, 0.0017045189160853624, 0.0]","[-0.05084513500332832, -0.018558349460363388, -0.1402130275964737, 0.0, 0.0, -0.07042445242404938, 1.0]",0.30000001192092896,0,15,247,0
"[0.6063134670257568, 0.1738114356994629, 0.07346644252538681, -0.11667848378419876, 0.9931685924530029, 0.0012955943820998073, 0.0008115476230159402, 1.0]","[-0.005769840441644192, 0.034404318779706955, -0.04812264069914818, 0.0, 0.0, 0.011110181920230389, 0.0]",0.699999988079071,2,31,116,0
"[0.5656311511993408, 0.15968872606754303, 0.22917674481868744, -0.18121446669101715, 0.9834319949150085, 0.0008984049782156944, 0.004690568428486586, 1.0]","[0.0032672728411853313, 0.029260529205203056, -0.04476912319660187, 0.0, 0.0, 0.013641418889164925, 0.0]",1.5,1,4,239,0
"[0.5489822626113892, 0.08439452946186066, 0.21098090708255768, 0.044519465416669846, 0.9990046620368958, 0.0013146901037544012, 0.002444221405312419, 0.0]","[0.004932897165417671, -0.00415235897526145, -0.11653877049684525, 0.0, 0.0, 0.313500314950943, 1.0]",0.20000000298023224,10,28,163,0
"[0.5029847025871277, 0.07479052245616913, 0.06750711053609848, -0.6821773648262024, 0.7311330437660217, -0.005690732970833778, 0.006789953447878361, 1.0]","[0.019627777859568596, -0.034891996532678604, 0.07706694304943085, 0.0, 0.0, 0.2490270733833313, 1.0]",0.4000000059604645,8,34,443,0
"[0.5178892016410828, -0.051458582282066345, 0.176444411277771, 0.001339431619271636, 0.9999974966049194, 8.588361379224807e-05, -0.0017810924910008907, 0.0]","[0.0, 0.0, 0.0, 0.0, 0.0, 0.0, 0.0]",0.800000011920929,6,15,35,0
"[0.5442898273468018, 0.10746569186449051, 0.25085315108299255, -0.00022064344375394285, 0.9999985098838806, 0.0009359028772450984, 0.001444467925466597, 0.0]","[-0.07906041294336319, 0.03280772641301155, -0.16249461472034454, 0.0, 0.0, -0.5967418551445007, 1.0]",0.0,3,5,272,0
"[0.5362093448638916, -0.06839629262685776, 0.16977360844612122, -0.031638629734516144, 0.9994857311248779, -0.0007694376981817186, 0.005164457950741053, 0.0]","[0.03264695033431053, 0.0026949404273182154, 0.12058839201927185, 0.0, 0.0, -0.056211940944194794, 0.0]",0.800000011920929,1,35,105,0
"[0.5777485370635986, 0.05192748084664345, 0.16908228397369385, -0.001271939603611827, 0.9999989867210388, 0.0003087859367951751, -0.0005800830549560487, 0.0]","[-0.006791983265429735, -0.006300736218690872, -0.009467961266636848, 0.0, 0.0, 0.5355737805366516, 1.0]",1.100000023841858,3,28,413,0
"[0.4854362905025482, 0.20449551939964294, 0.06957824528217316, 0.27107083797454834, 0.9625087976455688, 0.00567040778696537, 0.00807937327772379, 1.0]","[0.0, 0.0, 0.0, 0.0, 0.0, 0.0, 1.0]",1.2999999523162842,8,14,69,0
"[0.5363359451293945, -0.0598624087870121, 0.09322355687618256, 0.022856054827570915, 0.999712347984314, 0.00047717001871205866, 0.007252784911543131, 0.0]","[0.010549920611083508, -0.020006194710731506, -0.12148268520832062, 0.0, 0.0, 0.17317460477352142, 1.0]",0.0,1,35,386,0
"[0.5721719861030579, -0.13516828417778015, 0.34065088629722595, -0.16820389032363892, 0.985750675201416, -0.0010683008003979921, 0.0013702899450436234, 1.0]","[0.009147712029516697, -0.00541320675984025, -0.0017296982696279883, 0.0, 0.0, 0.12284903973340988, 1.0]",1.2999999523162842,2,37,491,0
"[0.5782531499862671, -0.09738325327634811, 0.07046616077423096, 0.2338411509990692, 0.9722744226455688, 0.0006400399724952877, 0.0006097599980421364, 0.0]","[0.031140845268964767, 0.06127646192908287, 0.07842398434877396, 0.0, 0.0, -0.29137763381004333, 0.0]",0.0,10,2,303,0
"[0.6033278107643127, -0.05840745568275452, 0.064885713160038, -0.13260774314403534, 0.9911378026008606, -0.000953002308961004, 0.007753210607916117, 1.0]","[0.0, 0.0, 0.0, 0.0, 0.0, 0.0, 0.0]",0.699999988079071,4,28,57,0
"[0.5922384858131409, 0.014699569903314114, 0.16534452140331268, -0.17926017940044403, 0.983745276927948, -0.0022127400152385235, 0.010299165733158588, 1.0]","[0.0, 0.0, 0.0, 0.0, 0.0, 3.2280379400617676e-06, 1.0]",0.8999999761581421,1,46,446,0
"[0.589704155921936, -0.10835211724042892, 0.14376603066921234, 0.0005112660583108664, 0.999998152256012, -0.0004935735487379134, 0.0017815466271713376, 0.0]","[0.00016947595577221364, -0.00015429036284331232, 0.024370921775698662, 0.0, 0.0, -2.192711690440774e-05, 0.0]",0.4000000059604645,5,26,93,0
"[0.6011199355125427, -0.14759598672389984, 0.2375047355890274, 3.6824490962317213e-05, 0.999999463558197, -0.00010318408749299124, 0.0010472480207681656, 0.0]","[-0.010983477346599102, 0.013861230574548244, 0.1497747153043747, 0.0, 0.0, -0.04854176566004753, 0.0]",0.6000000238418579,11,17,76,0
"[0.5806062817573547, 0.12785202264785767, 0.16828672587871552, 0.0006613810546696186, 0.999989926815033, -0.001336983172222972, -0.0042266761884093285, 0.0]","[-0.01625703275203705, 0.01893390156328678, -0.04026808589696884, 0.0, 0.0, -0.2636965811252594, 1.0]",0.0,0,35,326,0
"[0.5042939782142639, -0.09788390249013901, 0.11174586415290833, -0.543617844581604, 0.8393319845199585, 0.001119395368732512, 0.000489407975692302, 1.0]","[-0.006827046629041433, -0.01504602562636137, -0.027353523299098015, 0.0, 0.0, 0.0010113626485690475, 1.0]",0.6000000238418579,12,4,472,0
"[0.5168504118919373, -0.015882467851042747, 0.06975258141756058, 0.06902290135622025, 0.9976147413253784, 0.0006822968134656549, -0.00039598828880116343, 1.0]","[-0.0020516114309430122, -0.011771307326853275, -0.021664809435606003, 0.0, 0.0, 0.0022936328314244747, 1.0]",0.10000000149011612,10,20,323,0
"[0.5205382704734802, 0.20210519433021545, 0.17243778705596924, -0.0012893496314063668, 0.9999962449073792, 0.00011002585961250588, -0.002414430258795619, 0.0]","[-0.03531942144036293, -0.009247095324099064, -0.06411167234182358, 0.0, 0.0, -0.09297944605350494, 1.0]",0.699999988079071,10,40,204,0
"[0.5718798637390137, 0.09263047575950623, 0.13942913711071014, -0.21711842715740204, 0.9761213660240173, -0.0004996550851501524, 0.006814137101173401, 0.0]","[0.014710256829857826, 0.007243706379085779, -0.11155951023101807, 0.0, 0.0, 0.14343401789665222, 1.0]",0.5,4,10,226,0
"[0.5250102877616882, 0.030726155266165733, 0.19002024829387665, -0.008409286849200726, 0.9999603033065796, 0.0003217369376216084, -0.0029220290016382933, 0.0]","[0.0, 0.0, 0.0, 0.0, 0.0, 0.0, 0.0]",0.0,2,2,310,0
"[0.5294486880302429, 0.22946268320083618, 0.21021303534507751, 0.0014831782318651676, 0.9999977350234985, 0.0009163518552668393, 0.001230659894645214, 0.0]","[0.008716200478374958, -0.00022295600501820445, -0.07839962840080261, 0.0, 0.0, -0.29297757148742676, 1.0]",1.0,1,5,30,0
"[0.48258018493652344, 0.20920376479625702, 0.08441461622714996, 0.011897754855453968, 0.9999244213104248, -0.00047867067041806877, -0.0030647022649645805, 0.0]","[0.0, 0.0, 0.0, 0.0, 0.0, 0.0, 0.0]",0.4000000059604645,9,3,98,0
"[0.5857381820678711, -0.0018938427092507482, 0.2692314684391022, -0.18513931334018707, 0.9826968908309937, -0.0008638353901915252, 0.005431545432657003, 1.0]","[0.0, 0.0, 0.0, 0.0, 0.0, 0.0, 0.0]",1.5,8,12,351,0
"[0.5467727780342102, 0.06067482382059097, 0.16805143654346466, -0.07942448556423187, 0.9967876076698303, 0.0038714653346687555, 0.009548570960760117, 1.0]","[-0.004360886290669441, -0.012659535743296146, -0.0022767160553485155, 0.0, 0.0, -0.07359348237514496, 1.0]",0.4000000059604645,10,3,337,0
"[0.5008490085601807, 0.21531519293785095, 0.149042546749115, -0.05808679759502411, 0.9982362985610962, -0.00598539924249053, 0.010694463737308979, 1.0]","[0.0, 0.0, 0.0, 0.0, 0.0, 0.0, 0.0]",0.30000001192092896,10,25,434,0
"[0.6184020638465881, 0.009986941702663898, 0.21161766350269318, -0.0001279151620110497, 0.9999992251396179, 0.0004528044955804944, 0.0011482777772471309, 0.0]","[0.0, 0.0, 0.0, 0.0, 0.0, 0.0, 0.0]",0.0,9,32,34,0
"[0.49800634384155273, -0.046402569860219955, 0.07065188139677048, -0.3311630189418793, 0.9435648322105408, -0.0002890188479796052, 0.004054030869156122, 0.0]","[0.0, 0.0, 0.0, 0.0, 0.0, 0.0, 0.0]",1.2000000476837158,6,25,349,0
"[0.5320158004760742, 0.19706760346889496, 0.18143166601657867, -0.2148975431919098, 0.9766306281089783, 0.0005537297111004591, 0.003368874778971076, 1.0]","[-0.026729371398687363, 0.0738028958439827, -0.03717922419309616, 0.0, 0.0, -0.07921770960092545, 1.0]",0.699999988079071,2,9,275,0
"[0.5218024849891663, 0.2016848623752594, 0.17494626343250275, -0.0003377942193765193, 0.9999998211860657, 0.0004978367360308766, -1.8776663637254387e-05, 0.0]","[-0.007354701869189739, 0.02169002592563629, 0.009573849849402905, 0.0, 0.0, 0.09253796190023422, 1.0]",0.699999988079071,4,11,65,0
"[0.549211859703064, -0.00027783491532318294, 0.10969546437263489, 0.22977903485298157, 0.9732418656349182, 0.0006386590539477766, 0.0011951348278671503, 1.0]","[0.0, 0.0, 0.0, 0.0, 0.0, 0.0, 0.0]",0.20000000298023224,5,39,213,0
"[0.5483086705207825, -0.0005486147711053491, 0.12164665758609772, 0.22910621762275696, 0.9734010696411133, 0.00015045424515847117, -0.0008384169777855277, 1.0]","[0.0, 0.0, 0.0, 0.0, 0.0, 0.0, 0.0]",1.7999999523162842,3,30,37,0
"[0.654022753238678, 0.07819613814353943, 0.21447835862636566, -0.19703669846057892, 0.9803742170333862, -0.00018597191956359893, 0.0065468051470816135, 1.0]","[0.0, 0.0, 0.0, 0.0, 0.0, 0.0, 0.0]",0.4000000059604645,9,15,311,0
"[0.5378676056861877, 0.18543800711631775, 0.19968321919441223, -0.002352450042963028, 0.9999938607215881, 0.0003252436872571707, -0.002574171405285597, 0.0]","[0.0339278019964695, -0.07232390344142914, -0.04899256303906441, 0.0, 0.0, -0.012444076128304005, 1.0]",0.800000011920929,9,31,122,0
"[0.588945746421814, 0.032662395387887955, 0.20574112236499786, -0.15404224395751953, 0.9880625605583191, 0.0005459811654873192, 0.0017640580190345645, 0.0]","[0.02834317274391651, 0.06841740012168884, 0.0031303984578698874, 0.0, 0.0, 0.007006252184510231, 1.0]",0.800000011920929,1,30,155,0
"[0.489307165145874, 0.24094979465007782, 0.0708489939570427, 0.09943367540836334, 0.9949347376823425, 0.007183680310845375, 0.012892651371657848, 0.0]","[-0.03511195629835129, -0.11124541610479355, -0.04488849639892578, 0.0, 0.0, 0.09530284255743027, 1.0]",0.6000000238418579,8,15,343,0
"[0.5922345519065857, -0.060419537127017975, 0.14839963614940643, -0.010550976730883121, 0.9999268651008606, -0.00078534398926422, 0.005863013211637735, 0.0]","[0.029669243842363358, 0.03222041577100754, -0.10888514667749405, 0.0, 0.0, 0.14021821320056915, 1.0]",0.10000000149011612,5,29,191,0
"[0.5582332015037537, 0.12283673882484436, 0.06911096721887589, -0.22666455805301666, 0.973970890045166, 0.0016611031023785472, 0.0010868879035115242, 0.0]","[0.0, 0.0, 0.0, 0.0, 0.0, 0.0, 0.0]",1.600000023841858,4,6,107,0
"[0.5199076533317566, 0.18254370987415314, 0.23587772250175476, -0.04154440388083458, 0.9991222620010376, 0.0010357475839555264, 0.005264536011964083, 1.0]","[3.8399884942919016e-05, -9.10544185899198e-05, 0.017643732950091362, 0.0, 0.0, -0.00010279098933096975, 0.0]",0.800000011920929,5,38,220,0
"[0.49362754821777344, 0.22504203021526337, 0.33026787638664246, -0.2578229010105133, 0.9660971760749817, 0.0031469569075852633, 0.013180418871343136, 1.0]","[0.01197971310466528, 0.03411582484841347, -0.048124320805072784, 0.0, 0.0, 0.16642364859580994, 1.0]",0.5,4,11,187,0
"[0.5789960622787476, -0.09761348366737366, 0.08403059095144272, 0.2322218418121338, 0.9726597666740417, 0.000831462035421282, 0.002298182575032115, 1.0]","[0.0, 0.0, 0.0, 0.0, 0.0, 0.0, 0.0]",0.699999988079071,2,28,270,0
"[0.4866901934146881, 0.20620553195476532, 0.04951334744691849, -0.0016587992431595922, 0.99991774559021, 0.0047734323889017105, 0.011788330040872097, 0.0]","[-0.0054512033239007, -0.011072631925344467, 0.007334469817578793, 0.0, 0.0, 0.08636702597141266, 1.0]",0.6000000238418579,1,40,388,0
"[0.49304693937301636, 0.05223573371767998, 0.07197213172912598, -0.10185068100690842, 0.9947906136512756, 0.0014374537859112024, 0.0039953612722456455, 0.0]","[0.0, 0.0, 0.0, 0.0, 0.0, 0.0, 0.0]",0.0,8,15,123,0
"[0.5713492631912231, 0.09078222513198853, 0.07489917427301407, -0.006168057676404715, 0.9999762773513794, 0.0012424373999238014, 0.00281132897362113, 1.0]","[0.0, 0.0, 0.0, 0.0, 0.0, 0.0, 0.0]",0.30000001192092896,18,5,398,0
"[0.5333338975906372, 0.05649946630001068, 0.22448785603046417, 0.0021723925601691008, 0.9999961853027344, 0.0001893250591820106, 0.0016851179534569383, 0.0]","[0.0, 0.0, 0.0, 0.0, 0.0, 0.0, 0.0]",0.20000000298023224,9,16,420,0
"[0.5134360790252686, 0.07534663379192352, 0.0690656527876854, -0.1231723204255104, 0.9923846125602722, 0.0010887966491281986, -0.00040923181222751737, 0.0]","[-0.024103419855237007, 0.026284288614988327, -0.08043429255485535, 0.0, 0.0, -0.20837299525737762, 1.0]",1.7000000476837158,2,5,336,0
"[0.4925043284893036, -0.14452329277992249, 0.07415937632322311, 0.06979060173034668, 0.9975305199623108, -0.0008964996668510139, 0.00782997440546751, 0.0]","[0.009401524439454079, 0.16408376395702362, -0.05155736953020096, 0.0, 0.0, -0.2169998586177826, 1.0]",1.100000023841858,0,22,261,0
"[0.49838024377822876, 0.05143018439412117, 0.14325599372386932, -0.0011866550194099545, 0.9999961256980896, -3.5622745144792134e-06, -0.0025215682107955217, 0.0]","[0.0, 0.0, 0.0, 0.0, 0.0, 0.0, 1.0]",0.6000000238418579,0,15,370,0
"[0.49908682703971863, -0.07054620236158371, 0.07048776000738144, -0.2074725329875946, 0.9782248735427856, -0.0005235204007476568, 0.0055688852444291115, 0.0]","[0.00107852416113019, -0.013636996038258076, 0.007340201176702976, 0.0, 0.0, -0.10654060542583466, 1.0]",0.699999988079071,3,20,381,0
"[0.6014083623886108, 0.12129753828048706, 0.0783565565943718, 0.014517094008624554, 0.9998096227645874, 0.00466914102435112, 0.01217465940862894, 1.0]","[0.0005454815691336989, -0.0004845727817155421, 0.0451040118932724, 0.0, 0.0, 0.0026144259609282017, 0.0]",0.0,15,35,51,0
"[0.5807379484176636, -0.07300674915313721, 0.13818392157554626, 0.0023749838583171368, 0.9999857544898987, 0.001283843070268631, -0.004610857926309109, 0.0]","[-0.0273269135504961, -0.006950434762984514, -0.10494627058506012, 0.0, 0.0, -0.38725608587265015, 1.0]",0.10000000149011612,5,29,81,0
"[0.55029296875, -0.012538873590528965, 0.19028255343437195, 0.04073434695601463, 0.9991689324378967, 0.00041703463648445904, 0.001428786083124578, 1.0]","[0.0, 0.0, 0.0, 0.0, 0.0, 0.0, 0.0]",0.4000000059604645,2,17,156,0
"[0.5448063611984253, 0.08043721318244934, 0.36558014154434204, -0.41668686270713806, 0.9090253114700317, -0.0016729802591726184, 0.006495790556073189, 1.0]","[0.01756705716252327, 0.03421710059046745, 0.22729060053825378, 0.0, 0.0, 0.05058213695883751, 0.0]",0.699999988079071,9,20,9,0
"[0.5511547923088074, 0.11606539040803909, 0.1308763176202774, 0.0004838206514250487, 0.9999986886978149, 0.0008500560652464628, 0.00128878781106323, 0.0]","[-0.008212609216570854, -0.06468497961759567, -0.11875694245100021, 0.0, 0.0, -0.013054356910288334, 1.0]",0.20000000298023224,1,35,166,0
"[0.5706085562705994, 0.13069427013397217, 0.07142595201730728, -0.10559798777103424, 0.9943735599517822, 0.0024076965637505054, 0.008029955439269543, 1.0]","[0.0, 0.0, 0.0, 0.0, 0.0, 4.666855602408759e-06, 1.0]",0.8999999761581421,5,12,380,0
"[0.5664458274841309, 0.02799556590616703, 0.07518141716718674, 0.23307596147060394, 0.9724575281143188, 0.001238750177435577, -0.000609859183896333, 0.0]","[0.08601413667201996, -0.04338432103395462, 0.028027871623635292, 0.0, 0.0, -0.20801357924938202, 1.0]",0.10000000149011612,6,27,436,0
"[0.6136987209320068, 0.18912065029144287, 0.1322120577096939, -0.07017728686332703, 0.9975330829620361, -0.000472385436296463, 0.0016441907500848174, 0.0]","[-0.007225976325571537, 0.016651663929224014, -0.027551021426916122, 0.0, 0.0, 0.22181446850299835, 1.0]",0.699999988079071,2,21,346,0
"[0.5297115445137024, 0.14575275778770447, 0.23177732527256012, -0.1907300055027008, 0.9816192388534546, 0.0009421008871868253, 0.006694394163787365, 1.0]","[-0.040692031383514404, 0.02908368967473507, -0.0026591820642352104, 0.0, 0.0, -0.4386536777019501, 1.0]",0.0,6,40,91,0
"[0.5129351615905762, 0.06975133717060089, 0.1355438232421875, -0.6297052502632141, 0.7768337726593018, 0.0007298518321476877, -0.00015484821051359177, 1.0]","[0.002754815388470888, -0.04257653281092644, -0.0023984452709555626, 0.0, 0.0, 0.07670977711677551, 1.0]",0.20000000298023224,2,5,216,0
"[0.5366978645324707, 0.05942169204354286, 0.16819041967391968, -0.3132743239402771, 0.9492741823196411, -0.006753216963261366, 0.026308126747608185, 1.0]","[0.0, 0.0, 0.0, 0.0, 0.0, 0.0, 0.0]",0.0,10,34,80,0
"[0.49749308824539185, -0.1452101171016693, 0.07005861401557922, -0.08058985322713852, 0.996745765209198, 0.00017311095143668354, 0.0017702218610793352, 0.0]","[-0.05607646331191063, -0.04802966117858887, 0.0010378592414781451, 0.0, 0.0, -0.022156961262226105, 1.0]",0.4000000059604645,9,27,203,0
"[0.5261050462722778, 0.05791086703538895, 0.2239641696214676, -0.0001016659225570038, 0.9999994039535522, 0.0007257546531036496, 0.0008025850402191281, 0.0]","[-0.014024426229298115, -0.02585575357079506, -0.08630827069282532, 0.0, 0.0, -0.03819359466433525, 1.0]",0.4000000059604645,5,37,174,0
"[0.5794185400009155, -0.09755581617355347, 0.07182673364877701, 0.2330647110939026, 0.9724586009979248, 0.0009043430327437818, 0.002070068381726742, 1.0]","[0.0, 0.0, 0.0, 0.0, 0.0, 0.0, 0.0]",1.0,8,39,297,0
"[0.596836268901825, 0.1188792884349823, 0.0726618841290474, 0.014927760697901249, 0.9998788237571716, 0.0016717639518901706, 0.004081057384610176, 0.0]","[-0.019777504727244377, 0.00873410701751709, 0.06450195610523224, 0.0, 0.0, -0.022396981716156006, 0.0]",0.800000011920929,7,17,417,0
"[0.5050851702690125, 0.1644745022058487, 0.4759739935398102, -0.29023343324661255, 0.9569296836853027, 0.0001121722161769867, 0.007080597337335348, 1.0]","[-3.1556606700178236e-05, -0.00013371460954658687, 0.018526621162891388, 0.0, 0.0, -3.5566677070164587e-06, 0.0]",0.8999999761581421,14,32,391,0
"[0.6440079212188721, 0.19865086674690247, 0.23169904947280884, 0.0024925600737333298, 0.9999936819076538, 0.0018845604499801993, 0.001685936120338738, 0.0]","[0.00284402072429657, -0.020695535466074944, -0.06333526968955994, 0.0, 0.0, 0.06237904354929924, 1.0]",0.800000011920929,4,20,120,0
"[0.5409020781517029, -0.06883921474218369, 0.08821538090705872, 0.06588007509708405, 0.9978123903274536, 0.003724968759343028, 0.0040409560315310955, 0.0]","[0.0, 0.0, 0.0, 0.0, 0.0, 0.0, 0.0]",0.10000000149011612,6,43,451,0
"[0.5788395404815674, -0.006179747637361288, 0.10063336044549942, -0.23744934797286987, 0.9713991284370422, -0.00011792744771810248, 0.0012272554449737072, 0.0]","[0.0, 0.0, 0.0, 0.0, 0.0, 0.0, 0.0]",0.4000000059604645,0,45,377,0
"[0.5535656213760376, 0.057723142206668854, 0.10675425827503204, -0.028078250586986542, 0.9996020793914795, 0.0008414604235440493, 0.002562378067523241, 0.0]","[0.0, 0.0, 0.0, 0.0, 0.0, 0.0, 0.0]",0.4000000059604645,6,1,477,0
"[0.5818592309951782, -0.0022865922655910254, 0.07727515697479248, -0.19281311333179474, 0.9812079668045044, 0.00047592775081284344, 0.00733132055029273, 1.0]","[0.0, 0.0, 0.0, 0.0, 0.0, 0.0, 0.0]",0.20000000298023224,0,6,287,0
"[0.5843968391418457, -0.024664822965860367, 0.14944878220558167, 0.10443878918886185, 0.9945166707038879, -0.00030447664903476834, 0.005388847552239895, 0.0]","[-0.005153212230652571, -0.04834222048521042, 0.02951223962008953, 0.0, 0.0, 0.07789343595504761, 1.0]",0.20000000298023224,8,6,181,0
"[0.5063300728797913, -0.034838639199733734, 0.11855572462081909, -0.03345808759331703, 0.9994344711303711, 5.25919688243448e-07, 0.003357726614922285, 0.0]","[0.0, 0.0, 0.0, 0.0, 0.0, 0.0, 0.0]",0.6000000238418579,11,6,387,0
