model,base_model,revision,precision,params,architectures,weight_type,status,submitted_time,model_type,job_id,job_start_time,use_chat_template,sender
Aculi/Little-Bitch-3B,,f4df1b9c2bf37bbfd6b2e8f2ff244c6029a5d546,float16,24.942,Qwen2ForCausalLM,Original,FINISHED,2024-07-08 15:50:51,🟩 : 🟩 continuously pretrained,14681306,2024-08-12T12:31:54.626652,False,jebish7
4season/final_model_test_v2,,7a447e7af3ce9ea515f25c04ab7f942fe637b521,bfloat16,8.03,Qwen2ForCausalLM,Original,FINISHED,2024-12-06 14:13:34,merge,14541672,2025-01-13T13:00:55.656211,False,BlackBeenie
01-ai/Yi-9B-200K,,ccd4d86e3de01187043683dea1e28df904f7408e,float16,8.03,MistralForCausalLM,Original,FINISHED,2024-11-22 08:04:02,pretrained,13657084,2024-09-23T13:54:57.628826,True,paloalma
BAAI/Infinity-Instruct-3M-0625-Qwen2-7B,,7fc79144d17da44c736f6f4a0ea32b8c9152718a,bfloat16,1.236,Qwen2ForCausalLM,Original,FINISHED,2025-02-16 05:59:32,chat,9555448,2024-08-19T12:43:48.971969,True,hyxmmm
Azure99/blossom-v5-4b,,683bde57913b834f71ca454f490fe76556e50785,bfloat16,34.389,MistralForCausalLM,Original,FINISHED,2024-07-04 14:48:38,"💬 : 💬 chat models (RLHF, DPO, IFT, ...)",14749721,2024-08-12T13:36:13.087035,True,Amu
Alepach/notHumpback-M1-v2,,47b8045ba10031e9bc3533b61e9955e05c7d4d30,bfloat16,6.91,LlamaForCausalLM,Original,FAILED,2024-06-26 18:02:34,fine-tuned,11584574,2025-02-18T15:40:31.694986,False,Alepach
DeepMount00/Qwen2.5-7B-Instruct-MathCoder,,b5434e21936031982db15694c91b783bf85d06ea,bfloat16,8.03,LlamaForCausalLM,Original,FAILED,2024-08-26 08:05:36,fine-tuned,8095663,2024-11-03T23:03:07.271032,True,bedio
DavidAU/L3.1-Dark-Planet-SpinFire-Uncensored-8B,Qwen/Qwen2-1.5B-Instruct,05a9ef37686d678f267a15664b5ce66612b7996a,bfloat16,3.086,Gemma2ForCausalLM,Original,FINISHED,2024-08-27 07:45:51,🔶 : 🔶 fine-tuned on domain-specific datasets,14364378,2024-09-13T16:43:28.044869,True,DavidAU
AXCXEPT/EZO-Qwen2.5-72B-Instruct,,c6e394cc0579423c9cde6df6cc192c07dae73388,bfloat16,4.513,MistralForCausalLM,Original,FINISHED,2024-09-30 08:30:36,chat,14378276,2025-03-09T03:58:30.373616,True,lole25
Daemontatox/ZwZ2_32B,,0c60a40e7561b645e41304d5d60cbead4d76a9c5,bfloat16,7.616,LlamaForCausalLM,Original,FINISHED,2024-09-12 01:26:02,fine-tuned,14364354,2024-10-28T19:11:30.377732,False,
01-ai/Yi-34B-200K,,44d6f26fa7e3b0d238064d844569bf8a07b7515e,bfloat16,32.764,LlamaForCausalLM,Original,FINISHED,2024-12-02 13:08:42,pretrained,13314822,2024-11-22T08:07:18.423617,False,CultriX
Dans-DiscountModels/Dans-Instruct-Mix-8b-ChatML-V0.3.0,,66d0feb9f54c375520fa6342f3d8f7e2be707101,bfloat16,32.764,LlamaForCausalLM,Original,FINISHED,2024-06-26 14:45:12,merge,13579025,2025-03-09T04:02:48.094333,True,AALF
1024m/QWEN-14B-B100,,ecd140c95985b4292c896e25a94a7629d2924ad1,bfloat16,7.242,Qwen2ForCausalLM,Original,FAILED,2025-03-10 02:23:27,🔶 : 🔶 fine-tuned on domain-specific datasets,14692929,2025-01-30T11:06:50.449610,True,lole25
CultriX/Qwen2.5-14B-Brocav7,,3f9ab222344d35e00480186aad07fe4116ec009c,bfloat16,7.616,?,Original,FINISHED,2024-12-12 11:49:33,🔶 : 🔶 fine-tuned on domain-specific datasets,8097392,2024-12-10T23:52:01.916848,True,csabakecskemeti
BEE-spoke-data/tFINE-900m-e16-d32-flan,,1a6840a69d854734dc9fbd19a3296f946a7ab3d7,bfloat16,8.03,Qwen2ForCausalLM,Original,FINISHED,2024-10-24 16:30:45,🤝 : 🤝 base merges and moerges,11341232,2025-02-23T21:14:56.921251,False,DavieLion
Changgil/K2S3-14b-v0.2,,876db86b226fe6eec6f1b02e6c082a6dfe0317e0,float16,8.714,LlamaForCausalLM,Original,FINISHED,2024-08-26 09:38:03,fine-tuned,8897649,2025-03-04T10:35:35.639708,True,
BlackBeenie/Neos-Gemma-2-9b,,a04fe33734ab21ff8e327f7c4e2d02c51a68ab18,bfloat16,7.0,MistralForCausalLM,Original,FINISHED,2025-02-05 09:35:45,🔶 : 🔶 fine-tuned on domain-specific datasets,14596596,2024-07-22T09:21:53.904671,True,Daemontatox
Daemontatox/ZwZ_32B,,bb26643db413bada7e0c3c50752bf9da82403dba,float16,7.616,LlamaForCausalLM,Original,FINISHED,2024-11-11 13:33:08,🤝 : 🤝 base merges and moerges,7815842,2024-09-12T14:13:14.727004,True,CombinHorizon
Daemontatox/Zirel_1.5,,f67309ade51aeecc355c29abfcc0f94b1eb6a251,float16,8.03,Qwen2ForCausalLM,Original,FINISHED,2025-01-10 17:11:20,fine-tuned,14692633,2025-02-27T12:55:29.437054,False,AmeerH
Aashraf995/Creative-7B-nerd,,55a7ee13f7cec1be0933958ffda7e3ccb507fbed,bfloat16,14.766,Qwen2ForCausalLM,Original,FINISHED,2025-02-28 13:08:07,fine-tuned,14749717,2025-03-09T04:20:11.555434,True,Daemontatox
Daemontatox/ReasonTest,,53891d973087e8909e1c9cc968b7bf222247e2ab,float16,8.03,StableLmForCausalLM,Original,FAILED,2025-01-09 23:12:24,🤝 : 🤝 base merges and moerges,13995565,2025-01-31T08:20:24.319712,True,BramVanroy
Davidsv/SUONG-4,,d9b3274662c2ac6c6058daac90504b5a8ebcac3c,float16,8.03,LlamaForCausalLM,Original,FAILED,2025-02-16 05:56:32,merge,13489312,2025-01-16T15:22:27.637598,True,DRXD1000
DavieLion/Lllma-3.2-1B,,9f43ad41542be56f6a18f31bfa60086318735ed5,float16,8.03,LlamaForCausalLM,Original,FINISHED,2025-02-26 18:54:25,fine-tuned,6693790,2024-09-20T03:33:05.214886,True,alozowski
Delta-Vector/Holland-4B,,accc28aa00084fe89801baa0885c291d18a031ec,float16,0.63,LlamaForCausalLM,Original,FINISHED,2024-06-26 16:55:48,merge,8693461,2024-06-16T17:23:13.160082,True,DavidAU
CultriX/Qwen2.5-14B-Wernicke,,ae511fd6bae53efd2656dd3cc6fc87d0fc56356c,bfloat16,8.03,LlamaForCausalLM,Original,FAILED,2025-02-19 09:20:55,merge,14359214,2024-10-25T10:59:55.925529,False,nlpguy
BAAI/Infinity-Instruct-7M-0729-mistral-7B,,d43283c52d7df164e1d3542745e9d505d6269042,bfloat16,14.0,LlamaForCausalLM,Adapter,FAILED,2024-07-04 14:49:31,finetuned,13489903,2024-09-05T22:19:57.266115,False,Ateron
Daemontatox/AetherUncensored,,a310eb51c1cdcd4217e2aa303f7aac938dcc9ae1,bfloat16,32.764,Qwen2ForCausalLM,Original,FAILED,2025-01-26 18:45:10,🔶 : 🔶 fine-tuned on domain-specific datasets,10064602,2025-01-23T10:17:08.347371,False,
CYFRAGOVPL/PLLuM-8x7B-nc-chat,,0562af3800440fe9839bd6e885d9e0062ab70ead,bfloat16,32.764,MistralForCausalLM,Original,FAILED,2024-07-27 20:12:17,🔶 : 🔶 fine-tuned on domain-specific datasets,13046568,2024-09-17T23:48:10.469547,True,adamog234
AuraIndustries/Aura-4B,AiMavenAi/Athena-70B-L3,df6b8ed99a44693cfca83e0f676d9f3f2d5d298f,bfloat16,7.613,CohereForCausalLM,Original,FINISHED,2025-01-19 16:54:01,fine-tuned,8999155,2024-12-19T18:04:08.843483,True,CultriX
CausalLM/34b-beta,,0da422b42196d121e3274bce003776c141969434,bfloat16,8.03,GPT2LMHeadModel,Original,FINISHED,2024-06-26 21:28:25,fine-tuned,10103488,2025-03-07T22:39:44.596381,False,DavieLion
AALF/FuseChat-Llama-3.1-8B-SFT-preview,,48af6b20168c9e157b33a7a005b6515901c93b0e,bfloat16,7.242,LlamaForCausalLM,Original,FINISHED,2025-02-05 20:47:14,merge,14414271,2024-09-19T14:41:54.332000,False,Cran-May
CultriX/Qwen2.5-14B-Brocav3,,9367c1273b0025793531fcf3a2c15416539f5d81,bfloat16,8.03,Qwen2ForCausalLM,Original,FINISHED,2024-09-10 09:09:08,🤝 : 🤝 base merges and moerges,8740857,2025-02-26T18:58:46.784704,False,007ankit
CortexLM/btlm-7b-base-v0.2,,e6fe05febaf35c026fb048f1091bbe9f219c39a8,bfloat16,-1.0,LlamaForCausalLM,Original,FINISHED,2025-01-30 10:03:09,fine-tuned,14541670,2024-12-24T05:57:51.849726,False,BlackBeenie
Daemontatox/Cogito-R1,,79c734cfcfc59ea5ade94e3f71c840706128a7f2,float16,7.616,Qwen2ForCausalLM,Original,FINISHED,2024-10-06 16:35:24,🔶 : 🔶 fine-tuned on domain-specific datasets,13660588,2024-12-10T22:46:49.416273,False,Daemontatox
CultriX/Qwen2.5-14B-Broca,CultriX/Qwen2.5-14B-Hyperionv3,d30a7a121c2ef5dc14004cfdf3fd13208dfbdb4f,bfloat16,7.242,LlamaForCausalLM,Original,FINISHED,2025-01-01 02:45:32,fine-tuned,14470141,2024-07-29T17:34:17.888901,False,
BAAI/OPI-Llama-3.1-8B-Instruct,,7079c4e915e6f549df9f1c3fa3a3260f9a835f48,bfloat16,12.683,MixtralForCausalLM,Original,FINISHED,2025-03-04 10:32:40,"💬 : 💬 chat models (RLHF, DPO, IFT, ...)",14075134,2024-10-11T03:39:20.783929,True,SrikanthChellappa
BAAI/Infinity-Instruct-3M-0625-Llama3-70B,,641aac3f105805414efe0a55b18736dce73da0a0,float16,8.03,Qwen2ForCausalLM,Original,FINISHED,2024-12-19 18:01:25,chat,8767967,2024-11-12T12:53:07.202205,True,
CohereForAI/c4ai-command-r-plus-08-2024,,601f2b8c448acc5686656d3979ed732ce050b827,bfloat16,3.213,MllamaForConditionalGeneration,Original,FINISHED,2024-07-01 16:34:44,"💬 : 💬 chat models (RLHF, DPO, IFT, ...)",9334853,2025-03-08T21:19:48.330745,True,
CohereForAI/aya-23-35B,,20397f6cafc09c2cb74f105867cd99b3c68c71dc,bfloat16,34.389,LlamaForCausalLM,Original,FAILED,2025-01-11 06:26:28,"💬 : 💬 chat models (RLHF, DPO, IFT, ...)",14598188,2025-03-08T04:14:49.815984,True,
DeepAutoAI/ldm_soup_Llama-3.1-8B-Inst,,6915a51631ff005cd686d1dac0ec570d0b197014,bfloat16,0.218,LlamaForCausalLM,Original,FINISHED,2024-12-13 12:37:37,merge,14414272,2024-08-13T11:07:14.779342,True,
Aashraf995/Qwen-Evo-7B,,804d5864127e603abec179a159b43f446246fafc,bfloat16,7.242,Qwen2ForCausalLM,Original,FAILED,2024-10-09 13:16:46,"💬 : 💬 chat models (RLHF, DPO, IFT, ...)",11089131,2025-02-25T18:47:29.586746,True,
Daemontatox/Phi-4-COT,,82e9951d78355fd6b37c2a54778df2948e1b52a9,bfloat16,12.248,LlamaForCausalLM,Original,FINISHED,2025-01-11 06:25:32,🤝 : 🤝 base merges and moerges,14586836,2024-12-11T14:31:12.727997,True,
Daemontatox/RA2.0,,beae08105412b6f650ffacfdf7e6ca6dab157f14,bfloat16,14.77,Qwen2ForCausalLM,Original,FAILED,2024-10-21 20:22:37,fine-tuned,14752981,2024-08-12T20:42:55.196415,True,DavidAU
Amaorynho/BBAI270V4,,59502a062d6d3bdc6376756bab28c9b7bd5b1a98,bfloat16,7.616,Qwen2ForCausalLM,Original,FINISHED,2025-03-02 22:02:46,"💬 : 💬 chat models (RLHF, DPO, IFT, ...)",7798038,2024-10-25T11:09:11.593505,False,Daemontatox
CYFRAGOVPL/PLLuM-12B-chat,,02b5050d7e600ce3db81a19638f6043c895d60cf,bfloat16,-1.0,Qwen2ForCausalLM,Original,FINISHED,2024-07-13 21:14:21,🔶 : 🔶 fine-tuned on domain-specific datasets,8096720,2025-02-13T06:22:29.762428,False,CultriX
Aakash21/Noobie,Qwen/Qwen2-7B,2c95189201f94c64fcf4c9a7edc4777741f18999,bfloat16,32.764,Qwen2ForCausalLM,Original,FINISHED,2025-02-27 10:29:11,🔶 : 🔶 fine-tuned on domain-specific datasets,14586835,2024-12-07T05:20:38.361120,False,AELLM
Daemontatox/RA_Reasoner2.0,,b5f0a72d981b5b2c6bd6294093c6956d88477a3e,bfloat16,32.76,Qwen2ForCausalLM,Original,FAILED,2025-03-09 00:58:38,"💬 : 💬 chat models (RLHF, DPO, IFT, ...)",10345646,2025-01-13T12:27:03.226535,True,AtAndDev
CausalLM/14B,,fc24bca48549ef8e39cbee5a438e5a16e25e4afa,float16,68.977,LlamaForCausalLM,Original,FAILED,2024-07-07 15:13:17,🔶 : 🔶 fine-tuned on domain-specific datasets,7817223,2025-01-13T12:15:38.875882,False,Daemontatox
DeepAutoAI/ldm_soup_Llama-3.1-8B-Instruct-v0.1,,5f5faeade9308eea4f11e7fb87a4e7ec581e56c2,bfloat16,27.227,LlamaForCausalLM,Original,FINISHED,2024-10-11 03:38:18,"💬 : 💬 chat models (RLHF, DPO, IFT, ...)",13995571,2025-02-27T21:57:16.547690,True,Leechael
Deci/DeciLM-6b-instruct,,01f7fabb6cfb26efeb764da4a0a19cad2c754232,float16,70.554,MistralForCausalLM,Original,FINISHED,2024-09-12 14:41:05,"💬 : 💬 chat models (RLHF, DPO, IFT, ...)",14689401,2024-10-18T18:23:51.891400,False,DeepMount00
CultriX/Qwen2.5-14B-MegaMerge-pt2,,65a9e957dc4211aa3d87fdf588767823af5cde3f,float16,1.236,Qwen2ForCausalLM,Original,FINISHED,2025-02-18 04:50:29,fine-tuned,13489671,2025-03-10T02:52:45.477841,True,SuperNintendoChalmers
Daemontatox/Cogito-Ultima,,2c03a29761e4174f20347a60fbe229be4383d48b,bfloat16,8.03,LlamaForCausalLM,Original,FINISHED,2024-12-23 23:26:58,chat,11475324,2025-03-06T07:21:02.678531,True,Delta-Vector
Corianas/Neural-Mistral-7B,,bc87d8557c98dc1e5fdef6ec23ed31088c4d3f35,float16,0.124,LlamaForCausalLM,Original,FINISHED,2024-06-12 12:07:11,fine-tuned,7812958,2024-09-27T17:05:52.499574,False,AIJUUD
BEE-spoke-data/smol_llama-220M-openhermes,,6d4593645d1c4dc61d1c223922f635d79283d22b,float16,70.554,LlamaForCausalLM,Original,FAILED,2024-10-13 13:43:02,fine-tuned,9555444,2025-01-20T20:59:59.889364,True,Azure99
Ahmedhany216/Fake-news-gen,,7dd541d58a3f8ec8da9f7fb59588e72bdadddbbe,bfloat16,7.231,Phi3ForCausalLM,Original,FINISHED,2025-03-06 14:25:33,🔶 : 🔶 fine-tuned on domain-specific datasets,14586830,2024-09-05T02:35:14.041837,False,PocketDoc
01-ai/Yi-1.5-9B-32K,,dc926f98d650feb02c83949f21a4db419c135470,bfloat16,12.248,MistralForCausalLM,Original,FAILED,2025-03-10 15:15:03,merge,14694222,2024-09-20T12:18:11.066487,True,Ateron
Dans-DiscountModels/Dans-Instruct-Mix-8b-ChatML-V0.1.0,,e2cec0d68a67092951e9205dfe634a59f2f4a2dd,bfloat16,5.199,LlamaForCausalLM,Original,FAILED,2024-07-08 16:47:21,🔶 : 🔶 fine-tuned on domain-specific datasets,13351421,2025-02-24T03:19:49.466709,True,DavidAU
Columbia-NLP/LION-Gemma-2b-dpo-v1.0,,2d8cf3ab0af78b9e43546486b096f86adf3ba4d0,float16,7.242,MllamaForConditionalGeneration,Original,FINISHED,2024-10-24 01:06:12,🔶 : 🔶 fine-tuned on domain-specific datasets,8095660,2024-09-25T15:33:50.908465,False,
DavidAU/DeepSeek-Grand-Horror-SMB-R1-Distill-Llama-3.1-16B,,d24d927d110786097dba5512d12f9311c49c4ddc,8bit,20.245,Qwen2ForCausalLM,Original,FAILED,2024-11-19 04:11:26,🟢 : 🟢 pretrained,6693788,2024-12-25T20:34:14.918259,True,BenevolenceMessiah
Ateron/Lotus-Magpic,,7be7c0ff1e35c3bb781c47222da99a1724f5f1da,bfloat16,14.766,MistralForCausalLM,Original,FINISHED,2024-11-20 03:11:05,"💬 : 💬 chat models (RLHF, DPO, IFT, ...)",9640226,2024-10-09T16:21:14.212077,False,1024m
AXCXEPT/EZO-Qwen2.5-32B-Instruct,,cf690c35d9cf0b0b6bf034fa16dbf88c56fe861c,float16,8.03,CohereForCausalLM,Original,FAILED,2025-01-11 10:12:02,chat,8095290,2024-06-17T14:32:41.855511,False,bedio
Daemontatox/Cogito-Ultima,,459891ec78c9bbed2836a8bba706e1707db10231,bfloat16,14.766,LlamaForCausalLM,Original,FINISHED,2024-11-21 03:32:13,🔶 : 🔶 fine-tuned on domain-specific datasets,8138528,2025-01-13T09:25:26.281589,False,PocketDoc
Daemontatox/PathFinderAI-S1,,31d6fd858f20539a55401c7ad913086f54d9ca2c,float16,8.03,Qwen2ForCausalLM,Original,FINISHED,2024-11-20 12:18:31,fine-tuned,13489983,2024-10-24T09:16:19.410215,True,Alepach
Alibaba-NLP/gte-Qwen2-7B-instruct,,1106fd7a24859eb22f43eca9d18d7040a2c73f86,bfloat16,6.893,LlamaForCausalLM,Original,FINISHED,2025-03-08 13:28:52,🔶 : 🔶 fine-tuned on domain-specific datasets,14752919,2024-06-23T04:43:31.913457,True,CreitinGameplays
DeepAutoAI/d2nwg_causal_gpt2_v1,,a8a435e8cdd3b8a83f17ad63b51ec86504cf7e47,float16,0.887,Qwen2ForCausalLM,Original,FINISHED,2025-01-19 04:14:05,chat,14586837,2024-07-29T19:16:21.500416,False,PocketDoc
Daemontatox/AetherSett,,5f8c7b1c49d946c3feb028f138add7efabde94e7,bfloat16,8.03,Qwen2ForCausalLM,Original,FINISHED,2025-03-10 02:17:10,multimodal,8701151,2024-12-26T16:36:01.955542,True,jeiku
Ba2han/Llama-Phi-3_DoRA,,7318b14104e3eb06c8e571ec8a51c7f027834d74,bfloat16,9.543,Qwen2ForCausalLM,Original,FINISHED,2024-09-14 23:05:04,continuously pretrained,14179368,2024-09-10T09:10:40.072649,False,pszemraj
Daemontatox/Zireal-R1,,881729709fbf263b75e0f7341b66b5a880b82d11,bfloat16,4.65,Cohere2ForCausalLM,Original,FAILED,2024-12-30 13:58:06,chat,11011639,2024-08-12T13:37:39.110827,True,flygon250
BlackBeenie/Neos-Phi-3-14B-v0.1,,1e6d2d17ebda8d70c1d332b85518467ebae27c87,float16,1.544,Qwen2ForCausalLM,Original,FAILED,2025-02-28 13:07:17,"💬 : 💬 chat models (RLHF, DPO, IFT, ...)",14414273,2024-12-31T19:55:04.553277,True,Delta-Vector
Daemontatox/AetherDrake-SFT,,448ef54e5af03e13f16f3db8ad8d1481479ac12e,bfloat16,3.821,Qwen2ForCausalLM,Original,FINISHED,2024-07-04 14:49:14,chat,14016381,2024-09-13T16:05:27.493421,True,
AuraIndustries/Aura-8B,,b7dd53b35d0c7c9e162cd336f5c9d8a13dbf6992,bfloat16,32.764,LlamaForCausalLM,Original,FINISHED,2025-02-28 13:05:27,merge,14395554,2024-08-12T09:33:10.337713,False,Aashraf995
BenevolenceMessiah/Yi-Coder-9B-Chat-Instruct-TIES-MoE-v1.0,,36f99064a7be8ba475c2ee5c5424e95c263ccb87,4bit,14.77,MistralForCausalLM,Original,FINISHED,2024-09-05 22:19:22,🔶 : 🔶 fine-tuned on domain-specific datasets,7811100,2025-03-09T03:54:03.784138,True,alozowski
AmeerH/FPT-Base,,1789345da11489c55c12c8fc21c68c5789956ad1,float16,14.766,?,Original,FINISHED,2024-10-10 19:40:46,🔶 : 🔶 fine-tuned on domain-specific datasets,14395509,2025-03-02T22:01:11.625304,True,AnimateBow4809
Daemontatox/PathFinderAI4.0,,c1d59d3bc93d7ae4816800e37333f375e1debabf,bfloat16,8.028,Qwen2ForCausalLM,Original,FAILED,2024-08-05 21:45:49,🔶 : 🔶 fine-tuned on domain-specific datasets,-1,2025-02-28T22:50:54.816963,True,CultriX
1TuanPham/T-VisStar-7B-v0.1,yam-peleg/Experiment26-7B,c3916b69283eb7424aa4df62deeeafbd81883521,bfloat16,2.879,PhariaForCausalLM,Original,FAILED,2024-12-02 20:07:24,chat,14359224,2025-03-10T03:10:18.878384,False,freeCS-dot-org
Amaorynho/BBAI09V1,,51204ee25a629abfd6d5e77a850b5e7a36c78462,bfloat16,14.352,LlamaForCausalLM,Original,FAILED,2025-02-19 09:20:55,🔶 : 🔶 fine-tuned on domain-specific datasets,14752979,2025-03-10T03:14:49.600829,True,Danielbrdz
AI-MO/NuminaMath-7B-CoT,,2e528b6a80fb064a0a746c5ca43114b135e30464,bfloat16,3.213,DeciLMForCausalLM,Original,FINISHED,2025-01-19 11:30:57,🔶 : 🔶 fine-tuned on domain-specific datasets,14595028,2024-10-25T11:02:59.830211,False,hyxmmm
Daemontatox/Cogito-Maximus,,f9fe98f490411181a2310bad039206514a724318,bfloat16,8.03,LlamaForCausalLM,Original,FAILED,2025-01-11 06:26:01,"💬 : 💬 chat models (RLHF, DPO, IFT, ...)",9868674,2024-11-20T12:19:10.981726,True,CombinHorizon
Cran-May/SCE-3-24B,,1062ad627bd1823458a3b1b22f434941dea75f35,bfloat16,6.061,GemmaForCausalLM,Original,FINISHED,2024-06-26 14:34:45,fine-tuned,14752978,2025-03-09T04:11:25.448793,True,Delta-Vector
Daemontatox/AetherTOT,,0e7dac17e39f161865e1dd76602295201415608f,float16,1.1,LlamaForCausalLM,Original,FINISHED,2024-09-25 15:33:35,fine-tuned,14725974,2024-08-12T11:39:41.097102,False,Alepach
3rd-Degree-Burn/L3.2-Math-Soup-3B,,6a477b347fa6c0ce76bcaf353ddc282dd1cc75c3,bfloat16,70.554,LlamaForCausalLM,Original,FINISHED,2025-01-09 23:13:19,🤝 : 🤝 base merges and moerges,10197830,2025-02-24T03:45:43.113211,True,OwenArli
DeepAutoAI/d2nwg_Llama-3.1-8B-Instruct-v0.0,,bf7686fb36203e0e09f3f92cd8c5e0ab385d5335,bfloat16,34.389,Qwen2ForCausalLM,Original,FINISHED,2025-03-06 08:40:32,"💬 : 💬 chat models (RLHF, DPO, IFT, ...)",13624506,2025-02-28T13:43:05.301665,True,DavidAU
ContactDoctor/Bio-Medical-MultiModal-Llama-3-2-11B-V7,,77ca2edd6650455182d0c7e6a7be4249cfc34f8c,bfloat16,8.03,LlamaForCausalLM,Original,FINISHED,2024-07-11 07:39:17,🤝 : 🤝 base merges and moerges,13624487,2025-02-28T13:31:04.232143,False,Abhaykoul
BlackBeenie/Meta-Llama-3.3-70B,,688f1a4c3c69fe9c6440cad7919ab602ae61fa39,bfloat16,14.766,Qwen2ForCausalLM,Original,FINISHED,2025-02-04 00:39:04,fine-tuned,7714842,2024-12-19T04:48:14.361428,False,jakeboggs
Daemontatox/Zirel_32B,,90df996cdb1f3d5f051513c50df4cdfda858b5f2,float16,14.766,MistralForCausalLM,Original,FAILED,2024-10-24 16:41:58,🤝 : 🤝 base merges and moerges,8653568,2024-08-12T14:29:37.405278,True,Abhaykoul
AIDC-AI/Marco-o1,,9fc53668064bdda22975ca72c5a287f8241c95b3,bfloat16,3.0,Qwen2ForCausalLM,Original,FINISHED,2025-03-10 00:16:45,pretrained,10758818,2024-12-23T23:28:19.696457,False,CombinHorizon
3rd-Degree-Burn/Llama-Squared-8B,,f24956949dbd0d0713da0e14562e74fc20b7367d,bfloat16,8.03,LlamaForCausalLM,Original,FINISHED,2025-03-08 13:32:14,chat,10744603,2025-03-10T02:57:13.988318,True,BlackBeenie
DeepMount00/Llama-3.1-8b-Ita,,9bdbfd8f330754c4103822ce180e0e3e3ce0973e,bfloat16,7.0,LlamaForCausalLM,Original,FINISHED,2025-02-05 00:05:45,fine-tuned,14691792,2025-03-10T14:39:32.391276,False,Daemontatox
AI-Sweden-Models/Llama-3-8B-instruct,,0afb7cc74a94f11f2695dc92788cdc6e28325f9c,float16,18.519,Qwen2ForCausalLM,Original,FINISHED,2025-03-02 22:01:09,🔶 : 🔶 fine-tuned on domain-specific datasets,14691862,2024-11-19T20:46:53.982401,False,CultriX
CultriX/Qwen2.5-14B-HyperionSeek,,8b8f3326a5547a424ea5d2104ffc04ad64006503,bfloat16,15.664,Qwen2ForCausalLM,Original,FINISHED,2025-03-10 02:24:38,🔶 : 🔶 fine-tuned on domain-specific datasets,10885446,2025-02-27T13:50:26.421653,False,CultriX
CreitinGameplays/Llama-3.1-8B-R1-v0.1,,48504799d009b4e1b29e6d2948a7cde68acdc3b0,bfloat16,23.572,LlamaForCausalLM,Original,FINISHED,2024-10-10 14:01:10,merge,14364348,2025-02-24T03:37:00.913239,True,CoexistAI
Casual-Autopsy/L3-Super-Nova-RP-8B,,2fe6c3d94e567367edd79ac6d27ff572d91a8b8b,bfloat16,16.537,LlamaForCausalLM,Original,FINISHED,2024-12-19 18:01:12,🔶 : 🔶 fine-tuned on domain-specific datasets,8888822,2025-01-24T10:23:03.421535,True,gr0010
Dans-DiscountModels/12b-mn-dans-reasoning-test-3,,a48b7c04b854e5c60fe3464f96904bfc53c8640c,bfloat16,7.044,MllamaForConditionalGeneration,Original,FINISHED,2025-02-07 16:01:21,merge,10958022,2025-01-21T06:19:05.190599,False,hyxmmm
Dans-DiscountModels/12b-mn-dans-reasoning-test-2,,d4af4d73ba5fea0275fd1e3ba5102a79ac8009db,bfloat16,0.218,Qwen2ForCausalLM,Original,FINISHED,2024-10-04 05:42:07,fine-tuned,13995573,2024-12-18T04:20:56.243537,True,Daemontatox
CohereForAI/c4ai-command-r7b-12-2024,,8ac1a1ebe011df28b78ccd08012aeb2222443c77,float16,32.764,LlamaForCausalLM,Original,FINISHED,2024-09-04 10:34:21,merge,9983923,2024-07-28T12:11:28.034859,False,
DavieLion/Llama-3.2-1B-SPIN-iter3,,7271fc7d08fca9b12c49b40af6245a982273a5c3,bfloat16,23.572,GemmaForCausalLM,Original,FINISHED,2024-10-13 17:14:29,fine-tuned,13522320,2025-01-13T12:53:22.390375,True,
AbacusResearch/haLLAwa3,,3abe75d01094b713368e3d911ffb78a2d66ead22,float16,34.714,LlamaForCausalLM,Original,FAILED,2024-09-05 20:32:34,fine-tuned,9966677,2024-11-03T23:14:08.228744,True,Daemontatox
Delta-Vector/Odin-9B,,dc926f98d650feb02c83949f21a4db419c135470,float16,32.764,MixtralForCausalLM,Original,FINISHED,2025-03-09 04:16:45,🔶 : 🔶 fine-tuned on domain-specific datasets,9000472,2024-10-04T14:43:41.700670,True,CultriX
1-800-LLMs/Qwen-2.5-14B-Hindi,,b4ec9078ac753553851a2bf80e517bcea6a0e5fc,bfloat16,8.829,LlamaForCausalLM,Original,FAILED,2024-12-30 13:43:35,fine-tuned,8094579,2024-10-09T09:48:26.201241,False,Daemontatox
Amaorynho/BBAI2006,,f8770799a0f1f32861a19ae190933ed475fe5488,bfloat16,2.795,LlamaForCausalLM,Original,FINISHED,2024-07-27 13:42:07,fine-tuned,14595029,2024-12-11T14:37:00.531719,False,Amaorynho
BEE-spoke-data/Meta-Llama-3-8Bee,DUAL-GPO/zephyr-7b-dpo-new-lora-v1-merged,97a87606addb28c1d76d27cca5e5485c1dbff4e3,float16,10.67,Qwen2ForCausalLM,Original,FINISHED,2024-09-09 12:40:15,merge,14749778,,True,SuperNintendoChalmers
Changgil/K2S3-v0.1,,280c912c90dbeedb330cd3283cbf665fb7ff7578,float16,32.764,LlamaForCausalLM,Original,FINISHED,2025-03-10 02:16:43,fine-tuned,8767952,2024-11-06T18:52:35.561195,False,ClaudioItaly
Ahdoot/StructuredThinker-v0.3-MoreStructure,,25f5123401151a36ada50cce93c590a259a11150,float16,12.248,MistralForCausalLM,Original,FINISHED,2024-06-26 20:34:56,🔶 : 🔶 fine-tuned on domain-specific datasets,14747539,2024-10-28T12:50:39.851786,True,adamog234
01-ai/Yi-6B-Chat,,8c93accd5589dbb74ee938e103613508c4a9b88d,bfloat16,4.513,LlamaForCausalLM,Original,FINISHED,2025-02-08 22:55:15,🔶 : 🔶 fine-tuned on domain-specific datasets,8097314,2024-11-10T07:53:24.645954,True,Abhaykoul
AALF/gemma-2-27b-it-SimPO-37K-100steps,,6c9aa17cee032523ce17de111d6865e33825cf1d,bfloat16,8.03,LlamaForCausalLM,Original,FINISHED,2024-12-14 23:00:23,🔶 : 🔶 fine-tuned on domain-specific datasets,14367891,2025-02-23T22:44:44.205779,False,Arthur-LAGACHERIE
BoltMonkey/NeuralDaredevil-SuperNova-Lite-7B-DARETIES-abliterated,,df5320d7ff115f1e39e42506ed86a340eb2d12e0,bfloat16,1.777,LlamaForCausalLM,Original,FINISHED,2024-12-13 00:01:56,fine-tuned,14614537,2024-09-16T02:38:10.588912,False,
Daemontatox/TinySphinx,,674c6d49b604fdf26e327e1e86c4fde0724b98e8,bfloat16,14.77,LlamaForCausalLM,Original,FINISHED,2025-02-28 10:13:17,merge,14597378,2025-02-28T13:05:09.277904,False,DeepMount00
Daemontatox/Llama3.3-70B-CogniLink,,fada53c826e3ae5db7a7c10936d2a5d05395ddbe,bfloat16,8.03,Qwen2ForCausalLM,Original,FINISHED,2025-03-08 20:35:44,🟢 : 🟢 pretrained,10885884,2025-02-26T18:50:52.391938,True,Amaorynho
CreitinGameplays/Llama-3.1-8B-R1-experimental,,8b541ace084aa8c95a4e89c0d4c4c64a74bcdf51,bfloat16,3.213,T5ForConditionalGeneration,Original,FINISHED,2024-11-29 16:50:32,"💬 : 💬 chat models (RLHF, DPO, IFT, ...)",-1,2025-03-10T03:05:50.933735,False,
CYFRAGOVPL/PLLuM-12B-nc-base,,c8743ee5ca0efd31aa9dd1bd14c770430c85a6c1,bfloat16,8.03,Qwen2ForCausalLM,Original,FINISHED,2024-10-17 06:06:37,merge,14564011,2024-08-12T12:30:23.460571,True,CombinHorizon
Deathsquad10/NoNameBrand_1.1B,,71d99f8fb69276422daae61222e57087000c05b0,bfloat16,7.242,LlamaForCausalLM,Original,FINISHED,2025-03-10 02:22:24,fine-tuned,14395558,2025-01-19T04:17:47.467959,False,nlpguy
Artples/L-MChat-7b,,b91871dcd31fe2e445c233a449d021b47ebfe1fb,bfloat16,12.248,LlamaForCausalLM,Original,FINISHED,2024-11-25 21:44:09,"💬 : 💬 chat models (RLHF, DPO, IFT, ...)",7810967,2024-09-10T17:10:32.672317,True,CreitinGameplays
Daemontatox/PixelParse_AI,,d7f840c57c89fd655690a8371ce8f5c82f57ad80,bfloat16,8.03,MixtralForCausalLM,Original,FAILED,2024-12-31 19:48:02,fine-tuned,14704989,2025-02-24T05:38:00.158634,False,
Columbia-NLP/LION-Gemma-2b-sft-v1.0,Ahmedhany216/Fake-news-gen,218d47917320b2bd16edb30f6cba68767973ee91,float16,8.03,Phi3ForCausalLM,Original,FINISHED,2024-12-16 05:11:13,chat,14744210,2024-07-26T11:22:58.665624,False,Daemontatox
Aryanne/QwentileSwap,,104d5e9f5df50c0782ff1a830f7ec3c4943210f3,bfloat16,45.247,Qwen2ForCausalLM,Original,FINISHED,2024-10-08 16:57:26,🤝 : 🤝 base merges and moerges,8894258,2025-02-04T00:44:35.310852,True,CultriX
152334H/miqu-1-70b-sf,,bf2b658dd404c423228e7001498bd69c2d147da2,bfloat16,3.086,Qwen2ForCausalLM,Original,FINISHED,2024-06-12 12:10:07,fine-tuned,13523083,2025-03-05T11:45:58.084573,True,Anoshor
Daemontatox/Cogito-Ultima,,eae32cc9dffa3a2493fd793f7b847e7bb3376853,bfloat16,10.034,LlamaForCausalLM,Original,FINISHED,2024-06-27 06:24:27,🤝 : 🤝 base merges and moerges,10196600,2024-09-09T12:41:50.396493,False,PocketDoc
Alepach/notHumpback-M1-v2.1,,5bab856eaa8836d4f37d736926bdd18b97ac3241,bfloat16,12.248,MistralForCausalLM,Original,FAILED,2024-09-22 02:22:09,chat,14364383,2024-08-12T22:23:24.104636,True,Ahdoot
DavidAU/L3-Jamet-12.2B-MK.V-Blackroot-Instruct,,a9650f3bda8b0e00825ee36592e086b4ee621102,bfloat16,32.764,MistralForCausalLM,Original,FINISHED,2024-06-12 13:42:51,fine-tuned,14614098,2025-01-13T09:32:58.771526,True,Daemontatox
Chan-Y/MathLlama3.1,,4e1c955228bdb4d69c1c4560e8d5872312a8f033,bfloat16,32.764,?,Original,FAILED,2024-12-31 19:23:49,merge,14752987,2024-06-16T17:15:26.863404,True,DavidAU
DavidAU/Gemma-The-Writer-DEADLINE-10B,,a4e3f54a7a3d5db6486cc1bc491a1b38e9883954,bfloat16,2.78,MistralForCausalLM,Original,FINISHED,2024-08-27 07:43:00,🤝 : 🤝 base merges and moerges,8464214,2025-01-17T06:42:47.159663,False,CultriX
CYFRAGOVPL/PLLuM-12B-base,,37545fbc229061956c1801968c33c5b187512c41,bfloat16,14.766,LlamaForCausalLM,Original,FAILED,2024-12-29 07:55:24,pretrained,7811350,2024-11-17T23:21:48.258503,True,SrikanthChellappa
BSC-LT/salamandra-7b,,2bec01c2c5d53276eac2222c80190eb44ab2e6af,float16,34.389,MixtralForCausalLM,Original,FINISHED,2024-10-19 10:51:39,fine-tuned,14364361,,True,
Chan-Y/MathLlama3.1,,0b1829e4631ff716278c81dac4ed1cab655a3505,bfloat16,1.236,Qwen2ForCausalLM,Original,FAILED,2024-06-12 13:27:56,🤝 : 🤝 base merges and moerges,8701155,2024-09-10T03:36:57.109419,False,DavidAU
BeaverAI/mistral-doryV2-12b,,5316ff209ced432a86bec9c8de4d028b27269318,bfloat16,7.768,Qwen2ForCausalLM,Original,FINISHED,2025-02-28 13:05:14,🔶 : 🔶 fine-tuned on domain-specific datasets,14767764,,False,3rd-Degree-Burn
01-ai/Yi-6B-200K,,7c4ee5d33686c4957ec70b30f1504f88198dd073,bfloat16,8.03,LlamaForCausalLM,Original,FINISHED,2024-10-07 18:34:01,pretrained,14749777,2025-02-18T16:07:02.226933,True,Daemontatox
Corianas/llama-3-reactor,,d9bb11fb02f8eca3aec408912278e513377115da,bfloat16,70.554,LlamaForCausalLM,Original,FINISHED,2024-12-19 04:44:54,🤝 : 🤝 base merges and moerges,5777971,2025-02-28T13:47:09.231850,True,DeepMount00
ArliAI/Llama-3.1-70B-ArliAI-RPMax-v1.1,,503c24156d7682458686a7b5324f7f886e63470d,bfloat16,14.77,T5ForConditionalGeneration,Original,FINISHED,2025-01-11 06:28:08,merge,14691724,2024-09-11T14:06:57.841039,True,Daemontatox
Cran-May/merge_model_20250308_4,,33fe7318e700f67458fa3c1872f4821e35d0095a,float16,8.829,LlamaForCausalLM,Original,FINISHED,2024-11-17 01:07:17,pretrained,14694007,2024-09-02T15:39:10.626719,False,Daemontatox
DeepMount00/Llama-3-8b-Ita,,86fed893893cc2a6240f0ea09ce2eeda1a5178cc,bfloat16,-1.0,LlamaForCausalLM,Original,FINISHED,2025-03-09 03:34:21,fine-tuned,8160358,2024-08-12T16:10:35.450883,True,Daemontatox
Dampfinchen/Llama-3.1-8B-Ultra-Instruct,,363c54b904dc3cbd67820d1fca1ec297a49a1857,bfloat16,3.95,LlamaForCausalLM,Original,FINISHED,2024-10-18 18:22:37,fine-tuned,14752975,2024-09-21T07:16:52.355273,True,CombinHorizon
DeepAutoAI/Explore_Llama-3.2-1B-Inst_v1,,643e7615446a20d9ffe7cb66b88a6791cc6ae1eb,float16,10.306,MistralForCausalLM,Original,FINISHED,2025-02-28 22:48:01,fine-tuned,14679878,2025-03-10T02:44:16.033362,False,1024m
DavidAU/Qwen2.5-QwQ-35B-Eureka-Cubed,,7f7fb7662fd8ec09029364f408053c954986c8e5,bfloat16,11.52,MistralForCausalLM,Original,FINISHED,2024-06-12 12:06:41,fine-tuned,9414459,2024-12-29T08:41:55.162868,False,Davidsv
DUAL-GPO/zephyr-7b-dpo-0k-15k-0.001-i1,,1ef63c4993a8c723c9695c827295c17080a64435,float16,3.213,MistralForCausalLM,Original,FINISHED,2025-01-06 15:40:12,merge,14364386,2024-09-24T07:17:47.887728,True,Daemontatox
Danielbrdz/Barcenas-14b-phi-4,,99ede7d64184a107a405eea01f0a3eb5dc9f669a,bfloat16,14.77,LlamaForCausalLM,Original,FAILED,2025-02-08 00:38:27,🔶 : 🔶 fine-tuned on domain-specific datasets,-1,2025-03-01T03:27:17.104749,True,adamog234
BAAI/Infinity-Instruct-7M-0729-Llama3_1-8B,,352c4b6f9a3580ca831bc6698978ed8e89e0075a,float16,28.309,MistralForCausalLM,Original,FAILED,2024-12-23 23:27:29,🔶 : 🔶 fine-tuned on domain-specific datasets,13624509,2025-02-06T07:48:59.202507,True,Azure99
DevQuasar/coma-7B-v0.1,,9509dee6b01fff1a11dc26cf58d7eecbe3d9d9c4,bfloat16,7.616,GemmaForCausalLM,Original,FAILED,2025-03-10 02:24:18,🔶 : 🔶 fine-tuned on domain-specific datasets,14690867,2024-08-12T13:33:31.386208,False,
DeepMount00/mergekit-ties-okvgjfz,,26a66f0d862e2024ce4ad0a09c37052ac36e8af6,bfloat16,1.236,LlamaForCausalLM,Original,FINISHED,2024-09-23 13:53:47,🤝 : 🤝 base merges and moerges,9644515,2025-01-06T15:43:34.106895,False,Daemontatox
Aoyinke/qwen2-merged,,06acee7f6e9796081ced6201001784907c77f96f,bfloat16,14.766,Qwen2ForCausalLM,Original,FINISHED,2024-08-05 19:30:54,"💬 : 💬 chat models (RLHF, DPO, IFT, ...)",11599203,2025-01-30T10:53:34.806747,False,Davidsv
BSC-LT/salamandra-7b-instruct,,e20f8087a9507ac8bce409dc5db5d0c608124238,float16,14.766,Qwen2ForCausalLM,Original,FINISHED,2024-09-21 07:18:10,chat,13315361,2024-06-16T17:32:12.069240,False,3rd-Degree-Burn
DavidAU/Qwen2.5-MOE-6x1.5B-DeepSeek-Reasoning-e32,,157a3d77ab5a8a8f079510eaa25169b547481f06,bfloat16,27.227,LlamaForCausalLM,Original,FAILED,2025-01-17 06:42:02,🤝 : 🤝 base merges and moerges,14749780,2024-12-23T05:55:57.286809,False,
Alepach/notHumpback-M1,,90df996cdb1f3d5f051513c50df4cdfda858b5f2,float16,14.352,MistralForCausalLM,Original,FINISHED,2024-09-21 15:22:53,"💬 : 💬 chat models (RLHF, DPO, IFT, ...)",11606496,2024-08-12T11:38:01.870297,True,Cran-May
01-ai/Yi-1.5-34B-Chat,,d149d83d8e8f3883421d800848fec85766181923,bfloat16,3.213,LlamaForCausalLM,Original,FAILED,2024-09-19 03:31:01,"💬 : 💬 chat models (RLHF, DPO, IFT, ...)",14681386,2024-10-19T10:52:23.643442,False,Delta-Vector
BAAI/Infinity-Instruct-3M-0625-Yi-1.5-9B,,26a66f0d862e2024ce4ad0a09c37052ac36e8af6,float16,4.015,LlamaForCausalLM,Original,FINISHED,2024-07-29 15:58:31,🔶 : 🔶 fine-tuned on domain-specific datasets,14395731,2025-03-06T14:27:12.208140,False,CombinHorizon
DZgas/GIGABATEMAN-7B,,9b48520ec1a777be0f1fd88f95454d85ac568407,bfloat16,8.03,Qwen2ForCausalLM,Original,FINISHED,2025-03-01 17:49:09,🟢 : 🟢 pretrained,14753589,2024-06-16T21:48:47.602488,False,Alepach
Deci/DeciLM-7B-instruct,,17c6339702cda2eb3feb08aec58b8e681ac4e678,bfloat16,46.703,MistralForCausalLM,Original,FINISHED,2025-02-28 13:07:52,fine-tuned,14394791,2024-11-19T22:26:02.714730,False,alozowski
DavidAU/DeepSeek-BlackRoot-R1-Distill-Llama-3.1-8B,,09339d9c3b118ae3c6e7beab8b84347471990988,bfloat16,7.616,DeciLMForCausalLM,Original,FAILED,2025-01-16 02:15:28,merge,5778446,2025-02-06T01:37:14.527794,True,adamog234
DeepAutoAI/causal_gpt2,,f30737e92b3a3fa0ef2a3f3ade487cc94ad34400,float16,32.764,GemmaForCausalLM,Original,FAILED,2024-08-19 01:56:18,continuously pretrained,7811258,2024-12-29T07:11:38.692673,True,Daemontatox
AI-MO/NuminaMath-7B-TIR,,36651591cb13346ecbde23832013e024029700fa,bfloat16,14.491,MistralForCausalLM,Original,FINISHED,2024-10-08 06:28:22,🔶 : 🔶 fine-tuned on domain-specific datasets,10885334,2024-07-29T19:17:37.515663,True,
BlackBeenie/Llama-3.1-8B-OpenO1-SFT-v0.1,,26a6671a48c0023293c447932798a3ec72b55a29,bfloat16,5.717,Qwen2ForCausalLM,Original,FINISHED,2025-02-16 06:01:54,merge,11475325,,False,BoltMonkey
AuraIndustries/Aura-MoE-2x4B-v2,,d61b1849fbde09970e3bd355bb5d6ec918e3a3a1,bfloat16,34.389,Qwen2ForCausalLM,Adapter,FAILED,2024-09-21 16:32:41,merge,7818173,2025-01-26T18:49:01.453485,True,Daemontatox
BasiliskLabs/Sovereign-0.1-72B,,39b96b8ceca904a96a5e3e524c2a9513f1850bdd,bfloat16,10.159,MistralForCausalLM,Original,FAILED,2025-03-09 03:32:58,merge,14690843,2024-07-26T07:39:12.587538,True,Daemontatox
Dans-DiscountModels/Dans-MemoryCore-CoreCurriculum-TestLora-1,DUAL-GPO/phi-2-sft-lora-ultrachat-merged,0e7dac17e39f161865e1dd76602295201415608f,bfloat16,2.506,Qwen2ForCausalLM,Original,FINISHED,2024-11-25 22:28:37,fine-tuned,8095324,2024-12-19T18:07:07.396017,False,legolasyiu
ClaudioItaly/Evolutionstory-7B-v2.2,,b6bb9172444c07e51ad16e8092d0f23e864a8956,bfloat16,8.03,Qwen2ForCausalLM,Original,FINISHED,2025-03-10 15:05:00,🤝 : 🤝 base merges and moerges,8097285,2024-09-05T02:37:49.963702,True,
Davidsv/SUONG-3,,5d4b420e8c7defbb33dd50f8a590b6fd032d21bb,float16,46.703,Qwen2ForCausalLM,Original,FINISHED,2024-12-13 10:18:35,fine-tuned,13133480,2024-12-24T05:19:16.879538,False,Dampfinchen
BramVanroy/fietje-2-instruct,,2b21473c8a086f8d0c54b82c3454bf5499cdde3a,bfloat16,14.766,LlamaForCausalLM,Original,FINISHED,2024-11-02 23:16:58,chat,8902106,2024-07-25T14:55:19.679843,False,Aryanne
CoexistAI/deep_ft_r3_hf_16bit,,622c0a58ecb0c0c679d7381a823d2ae5ac2b8ce1,bfloat16,14.766,Gemma2ForCausalLM,Adapter,FINISHED,2025-02-16 05:55:05,🔶 : 🔶 fine-tuned on domain-specific datasets,13995570,2024-08-19T13:55:43.458342,True,csabakecskemeti
DavidAU/Gemma-The-Writer-9B,,180175561e8061be067fc349ad4491270f19976f,float16,1.777,LlamaForCausalLM,Original,FAILED,2024-07-21 07:29:43,🔶 : 🔶 fine-tuned on domain-specific datasets,14691764,2024-10-13T17:16:38.055406,False,DavidAU
01-ai/Yi-1.5-9B-Chat-16K,,5f84709710dcce7cc05fa12473e8bb207fe25849,bfloat16,32.764,CohereForCausalLM,Adapter,FINISHED,2025-03-09 00:59:02,🔶 : 🔶 fine-tuned on domain-specific datasets,7812670,2024-12-31T19:20:49.288071,True,adamog234
CYFRAGOVPL/Llama-PLLuM-70B-chat,,22dd37b5d3b433069b1685d6b1f01035e3c4a817,bfloat16,7.242,LlamaForCausalLM,Original,FINISHED,2025-03-08 13:55:48,merge,13995560,2024-09-13T16:47:58.909791,True,DavidAU
Daemontatox/PathfinderAI5.0,,d544e389f091983bb4f11314edb526d81753c919,4bit,8.03,LlamaForCausalLM,Original,FINISHED,2024-07-04 08:46:07,fine-tuned,10336213,2025-03-08T21:58:01.867528,True,SrikanthChellappa
Amu/t1-1.5B,,8bf0e31b23ee22858bbde2cee44dde88963f5084,float16,9.242,LlamaForCausalLM,Original,FINISHED,2024-10-28 14:46:36,🤝 : 🤝 base merges and moerges,8653574,2024-11-21T12:33:28.417944,True,3rd-Degree-Burn
Caesarisnotasalad/SmolLM-360M-Capybara-ORPO,,99ede7d64184a107a405eea01f0a3eb5dc9f669a,bfloat16,8.03,Qwen2MoeForCausalLM,Original,FINISHED,2025-03-09 03:32:41,🔶 : 🔶 fine-tuned on domain-specific datasets,10196593,2025-03-07T19:55:02.898098,True,Aashraf995
CultriX/Qwen2.5-14B-Hyper,,6b74d29b20a99f2cc681967178c98413f933f982,bfloat16,14.77,Gemma2ForCausalLM,Original,FINISHED,2024-06-26 17:29:57,fine-tuned,10160584,2025-02-18T16:01:37.626754,False,
AtAndDev/Qwen2.5-1.5B-continuous-learnt,,e799c6877cb70b6e78c1e337eaa58383040c8fa9,bfloat16,14.766,LlamaForCausalLM,Original,FINISHED,2024-09-07 16:15:04,chat,14691775,2024-12-31T19:48:52.448243,True,adamog234
CultriX/SeQwence-14B-EvolMergev1,,b1e2f12f5224be9f7da0cb5ff30e1bbb3f10f6ca,bfloat16,8.03,LlamaForCausalLM,Original,FAILED,2024-06-13 18:10:21,merge,14364345,2024-08-12T12:33:12.375735,True,andresparraguirado
AicoresSecurity/Cybernet-Sec-3B-R1-V0-Coder,,e373a84c38c369967edd4ba037d24dba7cb35738,bfloat16,72.706,MistralForCausalLM,Original,FAILED,2025-02-18 16:26:48,fine-tuned,14394272,2024-07-25T09:43:28.863498,True,Daemontatox
Danielbrdz/Barcenas-10b,,6acc1308274031b045f028b0a0290cdbe4243a04,bfloat16,10.306,LlamaForCausalLM,Original,FINISHED,2024-11-27 19:57:01,"💬 : 💬 chat models (RLHF, DPO, IFT, ...)",14016380,2024-09-23T09:35:53.904591,False,Amaorynho
CultriX/Qwen2.5-14B-HyperMarck-dl,,ff74452e11f0f749ab872dc19b1dd3813c25c4d8,bfloat16,0.494,MllamaForConditionalGeneration,Original,FINISHED,2025-01-23 10:05:43,🔶 : 🔶 fine-tuned on domain-specific datasets,13624508,,True,SuperNintendoChalmers
BenevolenceMessiah/Qwen2.5-72B-2x-Instruct-TIES-v1.0,,d43a819172ee7464e0dafc985fd9fdd0fd50df35,bfloat16,1.544,LlamaForCausalLM,Original,FAILED,2024-12-27 07:25:27,🤝 : 🤝 base merges and moerges,5779919,2025-02-23T19:58:52.293157,False,CombinHorizon
Daemontatox/Zireal-R1,,479b068ff6975774ee12ab8a4fa02525d146ccde,float16,32.764,LlamaForCausalLM,Original,FINISHED,2024-12-23 05:53:57,chat,5777931,2025-03-02T22:13:14.719654,False,SuperNintendoChalmers
Daemontatox/DocumentCogito,,9e4ae1310a0d2c82d50fe2aedc94ef084901ac48,float16,70.554,Qwen2ForCausalLM,Original,FINISHED,2024-12-10 23:50:15,"💬 : 💬 chat models (RLHF, DPO, IFT, ...)",14694953,2024-10-10T19:42:46.025317,False,BraylonDash
DeepMount00/Llama-3.1-Distilled,meta-llama/Llama-3.2-1B,e286bfafbc28e36859202c9f06ed8287a4f1d8b6,bfloat16,14.766,LlamaForCausalLM,Original,FINISHED,2024-06-12 12:06:32,fine-tuned,13652405,2024-10-11T13:33:29.520802,False,DeepMount00
CoolSpring/Qwen2-0.5B-Abyme,,53b197b95c7a5b0b2fb23e40face26c94805e43e,float16,72.706,LlamaForCausalLM,Original,FINISHED,2024-12-25 04:25:37,🔶 : 🔶 fine-tuned on domain-specific datasets,5778506,2024-12-11T01:29:49.659606,True,pszemraj
Arthur-LAGACHERIE/Precis-1B-Instruct,,b602beb38b9a82ac497e6689751927eca9dbd876,bfloat16,7.616,Qwen2ForCausalLM,Original,FAILED,2024-08-29 07:25:09,🟢 : 🟢 pretrained,14017711,2025-01-13T09:21:43.127203,True,Daemontatox
DavidAU/Qwen2.5-QwQ-35B-Eureka-Cubed-abliterated-uncensored,,4fea400b8c87ab929f5dd5df62d1bd92635a66d1,bfloat16,14.766,MistralForCausalLM,Original,FINISHED,2024-07-04 14:48:51,🤝 : 🤝 base merges and moerges,8094633,2024-09-02T13:37:33.562023,False,CombinHorizon
01-ai/Yi-Coder-9B,,995f029f6645dde1ef830406001754b904c49775,bfloat16,12.248,CohereForCausalLM,Original,FINISHED,2024-11-02 14:16:02,🤝 : 🤝 base merges and moerges,14694003,2024-08-12T16:17:38.093015,True,lole25
DebateLabKIT/Llama-3.3-Argunaut-1-70B-SFT,,ff7e3044218efe64128bd9c21f9ec66c3de04324,bfloat16,7.242,MistralForCausalLM,Original,FAILED,2025-01-30 10:01:50,🔶 : 🔶 fine-tuned on domain-specific datasets,8767825,2024-06-17T09:04:46.768248,False,Aryanne
Delta-Vector/Control-8B,,d8d86c6dc1b693192931b02e39290eca331ae84e,bfloat16,3.086,MistralForCausalLM,Original,FINISHED,2024-09-15 13:31:36,🤝 : 🤝 base merges and moerges,7811846,2024-12-29T04:02:54.959118,True,gr0010
CultriX/Qwen2.5-14B-Wernicke-SLERP,,79e1b4ba9fc13f3a3c4dafc1ef2228e3655e9506,bfloat16,34.389,Qwen2ForCausalLM,Original,FINISHED,2024-12-30 13:44:18,merge,13660578,2025-03-02T22:16:21.132155,True,DavidAU
Daemontatox/EyeofHorus,,7d86cfe7522a080853a6c25f7115fa5106c9d671,bfloat16,3.808,GlmForCausalLM,Original,FINISHED,2024-09-10 17:09:22,fine-tuned,9567420,2024-06-16T17:19:58.908042,True,
CultriX/Qwen2.5-14B-HyperMarck,,91ea35e2e65516988021e4bb3b908e3e497e05c2,float16,8.058,Qwen2ForCausalLM,Original,FAILED,2025-02-06 16:19:33,fine-tuned,7797999,2025-02-06T05:09:40.096339,True,CultriX
BarraHome/Mistroll-7B-v2.2,,597a11bc03462e67c98ecc8312a307cb385b9861,bfloat16,14.77,Qwen2ForCausalLM,Original,FAILED,2025-02-06 06:54:21,fine-tuned,13578863,2024-08-12T14:08:44.833288,True,
Baptiste-HUVELLE-10/LeTriomphant2.1_ECE_iLab,,a53faf62d0f99b67478ed9d262872c821a3ba83c,bfloat16,10.67,MixtralForCausalLM,Original,FINISHED,2024-12-24 05:16:29,"💬 : 💬 chat models (RLHF, DPO, IFT, ...)",10885447,2024-12-23T23:31:16.969108,False,Daemontatox
AI-Sweden-Models/gpt-sw3-40b,,77ddccbc7d9f9ffd55a8535365e8eebc493ccb8e,float16,7.616,LlamaForCausalLM,Original,FINISHED,2024-11-24 22:50:17,🔶 : 🔶 fine-tuned on domain-specific datasets,8616004,2024-12-18T03:03:21.529174,False,DavieLion
Amaorynho/BBAI09V1_calme-2.3-llama3.1-70b,,6d8ceada57e55cff3503191adc4d6379ff321fe2,bfloat16,8.03,Gemma2ForCausalLM,Original,FINISHED,2024-06-26 21:28:41,🟢 : 🟢 pretrained,9555013,2024-10-04T09:02:59.059635,True,
CohereForAI/c4ai-command-r-plus,,523790b424a66cfcbef03bfb360686d7e51d81c0,bfloat16,8.03,Gemma2ForCausalLM,Original,FINISHED,2024-12-29 07:09:26,🟢 : 🟢 pretrained,14017489,2024-10-11T12:49:38.797550,False,007ankit
ConvexAI/Luminex-34B-v0.2,,5e4deeeb286b7a2e35a6d16989e64df860f7f4e5,bfloat16,34.389,LlamaForCausalLM,Adapter,FINISHED,2024-06-26 17:40:40,🔶 : 🔶 fine-tuned on domain-specific datasets,-1,2025-01-13T12:19:23.029322,False,Corianas
Anoshor/fine-tuned-model,,eda8b4298365a26c8981316e09427c237b11217f,bfloat16,14.766,Qwen2ForCausalLM,Original,FINISHED,2025-01-26 18:45:26,fine-tuned,6065670,2024-09-23T09:27:20.289828,False,richardburleigh
DavieLion/Llama-3.2-1B-SPIN-iter1,,1ed5318f6bf5461efa5168289ab6786f4987ca96,bfloat16,14.66,LlamaForCausalLM,Original,FINISHED,2025-03-01 03:24:20,merge,7817383,2025-01-13T12:04:04.014758,True,CultriX
AIJUUD/JUUD_Barun_GPT_V1,,1ed6a90da30dfd6639f022ff7af74f9872352e9e,bfloat16,2.775,LlamaForCausalLM,Original,FAILED,2024-07-10 18:19:33,fine-tuned,14749775,2024-11-22T08:10:19.573277,False,AndreasThinks
DeepMount00/Lexora-Lite-3B_v2,,a5caa8036d8b7819eb723debe3f037471b5c4882,bfloat16,1.497,LlamaForCausalLM,Original,FAILED,2024-06-12 12:27:37,🔶 : 🔶 fine-tuned on domain-specific datasets,5780188,2024-09-13T16:39:20.649198,True,adamog234
DeepMount00/Qwen2-1.5B-Ita_v2,,ab5dbaaff606538db73b6fd89aa169760104a566,bfloat16,8.03,Gemma2ForCausalLM,Original,FAILED,2024-09-03 19:35:14,chat,14596946,2024-08-12T21:03:07.514804,True,BenevolenceMessiah
Ahdoot/Test_StealthThinker,,8979241089bc73efdb2b89c47fcadc90586d7688,bfloat16,34.389,MistralForCausalLM,Original,FINISHED,2024-08-05 19:42:43,🤝 : 🤝 base merges and moerges,13489650,2025-03-02T22:07:18.442704,True,Daemontatox
Black-Ink-Guild/Pernicious_Prophecy_70B,,ac6f1c0b756412163e17cb05d9e2f7ced274dc12,bfloat16,70.0,LlamaForCausalLM,Original,FINISHED,2024-06-12 12:27:22,merge,14749719,2025-03-09T03:36:46.876002,False,CultriX
007ankit/mergekit-ties-xbmrcyj,,ac2b889b9d37f28125c4c2109799e479f6bf8e38,bfloat16,6.91,Qwen2ForCausalLM,Original,FINISHED,2025-03-08 04:13:38,merge,8900651,2024-08-21T13:22:47.315374,False,DavidAU
Cran-May/T.E-8.1,,ef5c5f13ab01d574ee0512d618b41177fec19a66,float16,8.028,LlamaForCausalLM,Original,FINISHED,2024-12-11 01:36:26,merge,14359218,2024-12-31T19:23:49.382522,False,Delta-Vector
Daemontatox/PathFinderAI2.0,,adecb879fc4c585b789f36f19d5bccc150f40837,bfloat16,8.03,LlamaForCausalLM,Original,FINISHED,2024-06-26 18:02:48,🤝 : 🤝 base merges and moerges,8698546,2024-09-29T17:09:29.223744,False,nlpguy
Alsebay/Qwen2.5-7B-test-novelist,,62172ccb670864070581498fb12e7d2594ac3a77,bfloat16,70.554,LlamaForCausalLM,Adapter,FINISHED,2024-10-25 19:40:22,fine-tuned,14087373,2024-10-17T04:58:17.239129,False,DavidAU
01-ai/Yi-9B,,c53d166f4f2996a5b7f161529f1ea6548b54a2b2,bfloat16,7.616,Qwen2ForCausalLM,Original,FAILED,2024-09-01 18:06:09,🔶 : 🔶 fine-tuned on domain-specific datasets,14745300,2024-09-30T08:31:51.251378,False,Cran-May
Daemontatox/Cogito-MIS,,3a0b90db5f90490eb05e757355b711b59fca7b95,bfloat16,7.242,MllamaForConditionalGeneration,Original,FAILED,2024-12-13 09:43:51,🤝 : 🤝 base merges and moerges,14685438,2025-02-06T16:20:58.960025,False,1024m
DeepMount00/Lexora-Medium-7B,,4754976361b6f11107115121ff8bcb942c9b8b7e,bfloat16,7.242,PhiForCausalLM,Original,FINISHED,2024-10-28 12:54:24,🔶 : 🔶 fine-tuned on domain-specific datasets,8138998,2024-06-23T04:42:07.776319,True,
CausalLM/35b-beta-long,,24fac6bce6a46df86f9c1795b1c25033dd09ea8a,4bit,1.544,Qwen2ForCausalLM,Original,FAILED,2024-12-31 19:50:52,chat,8095120,2024-06-16T17:27:48.954729,False,Daemontatox
AIJUUD/QWEN2_70B_JUUD_V2,meta-llama/Llama-2-7b-chat-hf,6cc7116cdea757635dba52bb82a306654d118e77,bfloat16,7.613,Qwen2ForCausalLM,Original,FINISHED,2024-09-19 14:30:00,chat,7812618,2024-07-22T09:54:14.040052,False,DavidAU
1024m/PHI-4-Hindi,,95a95ccc16bb0d1c36a78e2bdf68bc60148608a3,float16,32.764,Qwen2ForCausalLM,Original,FINISHED,2025-01-17 21:03:18,🤝 : 🤝 base merges and moerges,14692739,2025-01-23T11:15:48.012921,False,CombinHorizon
01-ai/Yi-1.5-9B,,24e1de07258925d5ddb52134b66e2eb0d698dc11,bfloat16,72.706,MistralForCausalLM,Original,FINISHED,2024-09-21 07:17:19,continuously pretrained,8465501,2024-10-17T06:08:55.862747,False,BlackBeenie
DeepAutoAI/Explore_Llama-3.1-8B-Inst,,1e6d2d17ebda8d70c1d332b85518467ebae27c87,bfloat16,8.03,Qwen2ForCausalLM,Original,FAILED,2025-01-11 06:24:30,fine-tuned,10060136,2025-01-14T15:14:35.391639,False,CombinHorizon
ContactDoctor/Bio-Medical-Llama-3-8B,,5be46c768d800447b82de41fdc9df2f8c43ba3c0,bfloat16,12.174,Qwen2ForCausalLM,Adapter,FAILED,2024-08-21 13:21:31,🤝 : 🤝 base merges and moerges,14019471,2025-03-10T03:01:26.131864,False,DavidAU
DUAL-GPO/zephyr-7b-ipo-0k-15k-i1,,36c9b3fd7196c6bac0fbe8f1e9c4f4fb3bcc993a,bfloat16,34.981,MllamaForConditionalGeneration,Original,FAILED,2024-10-25 11:15:45,fine-tuned,14694962,2025-02-28T13:27:05.520130,False,Daemontatox
CYFRAGOVPL/PLLuM-8x7B-base,,fb4bcd4b7eee363baacb4176a26cea2aaeb173f4,bfloat16,2.472,GPT2LMHeadModel,Original,FAILED,2025-02-13 06:14:38,"💬 : 💬 chat models (RLHF, DPO, IFT, ...)",14745484,2025-02-28T13:35:04.108827,False,BoltMonkey
Aryanne/SHBA,,b961a89bf10cd5132d2fb1c03618e0078c853667,bfloat16,76.723,LlamaForCausalLM,Original,FINISHED,2024-08-12 08:37:28,fine-tuned,14689407,2024-07-17T09:25:26.104103,True,CombinHorizon
DavidAU/L3.1-MOE-2X8B-Deepseek-DeepHermes-e32-uncensored-abliterated-13.7B,,e179a406ac0855b3b0e8806323e35bfa154653de,bfloat16,8.03,Qwen2ForCausalLM,Original,FAILED,2024-09-20 16:17:40,continuously pretrained,14745488,2024-12-07T05:23:34.450473,True,Daemontatox
BenevolenceMessiah/Reasoning-TIES-Coder-v1.1,,28b21c433dc11d24dbe570f3e53ae8354fca250f,bfloat16,6.738,LlamaForCausalLM,Original,FINISHED,2024-08-08 23:40:12,fine-tuned,8701460,2024-07-30T04:43:26.557381,False,yttria
CultriX/Qwen2.5-14B-Emergedv3,,46662d14130cfd34f7d90816540794f24a301f86,bfloat16,8.03,PhiForCausalLM,Original,FAILED,2025-01-14 15:09:52,🔶 : 🔶 fine-tuned on domain-specific datasets,10842460,2024-10-20T16:37:18.213783,False,
BoltMonkey/NeuralDaredevil-SuperNova-Lite-7B-DARETIES-abliterated,,225e3c0df87134f900511ec546b2ecc9e9dbef8d,bfloat16,3.397,LlamaForCausalLM,Original,FINISHED,2025-03-02 22:01:26,🔶 : 🔶 fine-tuned on domain-specific datasets,14753676,2025-02-27T10:32:41.240924,True,CombinHorizon
Dans-DiscountModels/Dans-Instruct-Mix-8b-ChatML,,8e3b11520917ddb457cdabaf802a622e251b632b,bfloat16,7.294,Qwen2ForCausalLM,Original,FAILED,2025-02-28 13:05:41,chat,14692711,2024-11-19T22:29:14.391056,True,
BEE-spoke-data/smol_llama-220M-GQA-fineweb_edu,,eab065cba5a7a9b08f8b264d61d504c4ecbb611b,bfloat16,8.414,Qwen2ForCausalLM,Original,FINISHED,2024-08-05 18:24:48,fine-tuned,8886803,2025-02-28T13:39:03.276085,True,
AicoresSecurity/Cybernet-Sec-3B-R1-V0-Coder,,cc94604b91fc38513ca61f11dd9e1de1c3cc3b3d,bfloat16,3.397,Qwen2ForCausalLM,Original,FAILED,2024-07-07 10:53:15,chat,14681184,,False,
AiMavenAi/AiMaven-Prometheus,,8a297d4ebb98d1a835e5a8d202080d5ab969f769,bfloat16,32.764,Qwen2ForCausalLM,Original,FINISHED,2025-01-30 09:11:48,merge,13490703,2025-03-09T21:11:38.618447,True,jefferylovely
DavidAU/Gemma-The-Writer-N-Restless-Quill-10B-Uncensored,,23dcfc6bf91d84db1c977b151fd0923270d3e3ef,bfloat16,16.537,Qwen2ForCausalLM,Original,FINISHED,2024-10-18 01:28:50,"💬 : 💬 chat models (RLHF, DPO, IFT, ...)",14749712,2024-10-25T11:31:43.458627,True,CoolSpring
01-ai/Yi-6B,,2f6720d85dbebbf42923991b3314f41ad8dbdb7b,bfloat16,32.764,LlamaForCausalLM,Original,FINISHED,2025-03-08 20:41:24,fine-tuned,7811130,2024-08-12T14:15:58.627623,True,
AXCXEPT/EZO-AutoCoTRAG-Qwen2.5-32B-Instruct,,302e3ae0bcc50dae3fb69fc1b08b518398e8c407,bfloat16,3.213,MllamaForConditionalGeneration,Original,FINISHED,2025-02-18 04:50:29,🤝 : 🤝 base merges and moerges,8015242,2024-07-25T11:15:06.967285,True,CultriX
01-ai/Yi-1.5-6B-Chat,,8358359ac3152fba1d284b2dcd00a4efc205cc63,bfloat16,3.821,MistralForCausalLM,Original,FINISHED,2024-09-16 02:37:57,🔶 : 🔶 fine-tuned on domain-specific datasets,8094575,2025-03-09T04:15:45.296581,False,CombinHorizon
Dans-DiscountModels/mistral-7b-test-merged,,53b197b95c7a5b0b2fb23e40face26c94805e43e,bfloat16,7.231,Qwen2ForCausalLM,Original,FINISHED,2025-03-09 03:34:45,fine-tuned,14753499,2025-03-06T08:43:32.007739,True,legolasyiu
Dans-DiscountModels/Dans-Instruct-Mix-8b-ChatML-V0.2.0,,5fd16c5b1f70a6548d5ea779b0fa0810bd1af458,float16,10.67,Qwen2ForCausalLM,Original,FINISHED,2024-10-09 13:18:46,chat,14471726,2024-07-29T09:41:43.043300,False,CreitinGameplays
Columbia-NLP/LION-LLaMA-3-8b-odpo-v1.0,,1ef586b983a01fe9bd2a1d311e411f8fd2db825d,float16,8.03,Qwen2ForCausalLM,Original,FINISHED,2025-03-05 14:55:41,fine-tuned,14017714,2024-09-02T14:30:09.782626,True,
CYFRAGOVPL/Llama-PLLuM-8B-chat,,39e655b61e11cd9a53529c6bdf0e6357b5be6b2c,float16,7.616,LlamaForCausalLM,Original,FINISHED,2024-12-29 05:17:25,multimodal,8673365,2024-09-16T18:18:14.700692,False,BlackBeenie
Daemontatox/Llama3.3-70B-CogniLink,,89f34e5e67378dc38ce0da19d347ea26c23fbca5,bfloat16,14.66,MistralForCausalLM,Original,FAILED,2024-10-22 19:42:46,fine-tuned,13990714,2024-06-17T10:53:42.370699,True,Daemontatox
AnimateBow4809/test,,1d2597e73ce81c7aec291343e84da2cd9e37e126,4bit,0.247,LlamaForCausalLM,Original,FINISHED,2024-12-15 22:44:37,🤝 : 🤝 base merges and moerges,10408088,2024-08-12T22:14:00.851468,False,
Azure99/Blossom-V6-14B,,37e0ac4b64a82964af3b33324629324cbcbf7cda,float16,1.544,LlamaForCausalLM,Original,FINISHED,2024-09-05 02:59:40,fine-tuned,5778450,2024-09-27T12:17:47.299000,True,jeiku
Daemontatox/Cogito-R1,,4672b7de38c2cc390b146d6b6ce7a6dd295d8a0e,bfloat16,1.236,Qwen2ForCausalLM,Original,FINISHED,2024-10-19 11:08:56,merge,8094637,2024-11-27T09:40:42.032145,False,BenevolenceMessiah
BramVanroy/GEITje-7B-ultra,,ef5c5f13ab01d574ee0512d618b41177fec19a66,bfloat16,3.213,LlamaForCausalLM,Original,FINISHED,2024-12-29 08:41:54,fine-tuned,8890741,2025-03-10T02:40:09.488830,True,SuperNintendoChalmers
CultriX/SeQwence-14B-EvolMerge,,b4f0e1eed2640df2b75847ff37e6ebb1be217b6c,4bit,14.766,Qwen2Model,Original,FINISHED,2024-06-12 13:39:08,🤝 : 🤝 base merges and moerges,8940176,2024-10-23T15:14:11.041562,False,CultriX
Ba2han/QwQenSeek-coder,,0429951eb30ccdfff3515e711aaa7649a8a7364c,bfloat16,8.03,Qwen2ForCausalLM,Original,FAILED,2024-10-06 16:35:10,🔶 : 🔶 fine-tuned on domain-specific datasets,14395721,2025-01-19T04:27:52.749763,True,Danielbrdz
AicoresSecurity/Cybernet-Sec-3B-R1-V1.1,,a5f780075831374f8850324448acf94976dea504,float16,34.714,MistralForCausalLM,Original,FINISHED,2024-11-12 12:52:10,merge,8095658,2024-08-12T22:00:56.888389,False,CultriX
DavidAU/Gemma-The-Writer-N-Restless-Quill-V2-Enhanced32-10B-Uncensored,cognitivess/bella-1-8b,bef2eac42fd89baa0064badbc9c7958ad9ccbed3,bfloat16,8.03,Qwen2ForCausalLM,Original,FAILED,2025-03-11 00:34:46,🤝 : 🤝 base merges and moerges,9334929,2024-12-30T14:03:32.724032,False,3rd-Degree-Burn
3rd-Degree-Burn/Llama-3.1-Squared-8B,,d90f6e36584dc9b367461701e83c833bdeb736f2,bfloat16,14.766,LlamaForCausalLM,Original,FINISHED,2024-10-22 22:21:03,🔶 : 🔶 fine-tuned on domain-specific datasets,14409441,2025-01-01T02:48:25.692738,False,Daemontatox
Delta-Vector/Holland-4B-V1,,588a8df0c7bf321fcede62d99102e8901a201ff0,bfloat16,7.242,MixtralForCausalLM,Original,FAILED,2025-01-07 21:52:53,fine-tuned,14377925,2024-09-15T14:41:40.127055,False,Delta-Vector
Azure99/blossom-v5.1-34b,,6574eed7624b12e60253509ea4e208ce27493c9b,float16,8.03,DeciLMForCausalLM,Original,FINISHED,2024-12-21 20:12:16,🔶 : 🔶 fine-tuned on domain-specific datasets,14752980,2024-08-19T14:12:57.136854,True,CultriX
CultriX/Qwen2.5-14B-ReasoningMerge,,540bd352e59c63900af91b95a932b33aaee70c76,bfloat16,32.764,Qwen2ForCausalLM,Original,FAILED,2024-06-27 06:02:46,🔶 : 🔶 fine-tuned on domain-specific datasets,-1,2025-02-07T18:27:58.268789,True,Daemontatox
BlackBeenie/Bloslain-8B-v0.2,,64288dd8e3305f2dc11d84fe0c653f351b2e8a9d,bfloat16,10.952,LlamaForCausalLM,Original,FINISHED,2024-12-20 11:59:40,🟢 : 🟢 pretrained,14679757,2024-12-18T02:42:21.461335,True,PocketDoc
CultriX/Qwen2.5-14B-ReasoningMerge,,b96213180934664665855bae599d2a4c2023b68a,bfloat16,25.506,?,Original,FINISHED,2024-12-23 23:27:14,finetuned,8615199,2024-09-02T14:28:30.022322,True,bedio
DeepMount00/Qwen2-1.5B-Ita_v6,,f02384bc12a9b892c3e0fdcd300a1d275d599a89,bfloat16,3.213,LlamaForCausalLM,Original,FAILED,2024-12-05 18:36:30,🔶 : 🔶 fine-tuned on domain-specific datasets,14752985,2025-01-19T11:49:42.569906,True,SuperNintendoChalmers
BAAI/Infinity-Instruct-7M-Gen-mistral-7B,,ef1b582a54bf86ee883ea809cf53b6ffcdf8d023,bfloat16,12.174,LlamaForCausalLM,Original,FINISHED,2025-03-03 09:10:38,🔶 : 🔶 fine-tuned on domain-specific datasets,8094394,2025-03-10T03:19:19.365943,True,DZgas
ClaudioItaly/intelligence-cod-rag-7b-v3,,116561dfae63af90f9d163b43077629e0e916bb1,bfloat16,12.248,Qwen2ForCausalLM,Original,FAILED,2024-07-24 18:36:25,fine-tuned,14689416,2025-02-28T20:35:00.103735,False,hyxmmm
CarrotAI/Llama-3.2-Rabbit-Ko-3B-Instruct,,ebcb7f9f30bc172523a827d1ddefeb52b1aba494,float16,8.03,LlamaForCausalLM,Original,FINISHED,2025-03-10 02:16:11,"💬 : 💬 chat models (RLHF, DPO, IFT, ...)",8899972,2024-09-13T15:32:01.805202,False,Daemontatox
BlackBeenie/Neos-Llama-3.1-base,,0a94c7ddb196107e8bf1b02e31488ff8c17b9eb3,bfloat16,14.766,LlamaForCausalLM,Original,FINISHED,2024-12-25 20:30:54,fine-tuned,10333920,2024-12-29T05:23:10.977615,True,Cran-May
Artples/L-MChat-Small,,20d12c01e831675a563c978900bcf291def5f7dd,float16,1.544,MistralForCausalLM,Original,FAILED,2024-06-12 12:26:44,🤝 : 🤝 base merges and moerges,14506235,2024-08-12T10:48:53.963232,False,
DevQuasar/analytical_reasoning_r16a32_unsloth-Llama-3.2-3B-Instruct-bnb-4bit_adapter,,6033f9c74718476922ed65db899a1c7815752ceb,4bit,8.03,Qwen2ForCausalLM,Original,FINISHED,2025-01-26 18:58:04,chat,8771911,2025-01-19T11:32:30.039503,True,PocketDoc
ArliAI/ArliAI-RPMax-12B-v1.1,,681e6db531df0cc3d7806251659b973ed4ff8c8f,float16,8.829,Qwen2ForCausalLM,Original,FINISHED,2024-10-24 15:20:00,merge,14745485,2024-06-16T17:12:13.152792,False,DRXD1000
DavieLion/Llama-3.2-1B-SPIN-iter0,,a8d1e74064a6f5a2cf3f91c153e1ed200f7fe27d,float16,0.218,Qwen2ForCausalLM,Original,FINISHED,2024-11-27 09:40:04,🤝 : 🤝 base merges and moerges,5777975,2024-11-27T09:43:38.173999,True,Delta-Vector
DeepAutoAI/Explore_Llama-3.2-1B-Inst_v1.1,,5ede1e388b6b15bc06acd364a8f805fe9ed16db9,bfloat16,7.616,LlamaForCausalLM,Original,FINISHED,2025-03-02 21:59:38,🔶 : 🔶 fine-tuned on domain-specific datasets,14679876,2024-08-12T19:24:20.203685,True,CultriX
Delta-Vector/Darkens-8B,,709e97e4be8ab731f6f81bebd1402db15468b29f,bfloat16,32.296,MistralForCausalLM,Original,FAILED,2025-02-28 13:04:00,fine-tuned,14752986,2024-09-14T22:53:28.999830,False,CultriX
Aryanne/SuperHeart,,beae08105412b6f650ffacfdf7e6ca6dab157f14,bfloat16,0.124,LlamaForCausalLM,Original,FINISHED,2025-02-27 12:02:49,"💬 : 💬 chat models (RLHF, DPO, IFT, ...)",14615028,2024-11-11T13:34:26.729662,False,BlackBeenie
Danielbrdz/Barcenas-27b,,cf11a5be35e20965978e0c96a043d6e1766047da,float16,8.03,Qwen2ForCausalLM,Original,FINISHED,2024-06-12 12:06:49,fine-tuned,13958197,2024-07-22T09:14:11.967413,True,legolasyiu
Cran-May/merge_model_20250308_1,,f87a539a9adddb514b721c929f57c35a6cbf5990,float16,7.0,MllamaForConditionalGeneration,Original,FINISHED,2024-06-12 12:27:29,fine-tuned,7797977,2025-01-01T16:49:47.567697,True,CultriX
Daemontatox/Mini_QwQ,,2f17c5f8d1d718f00ada7bc7b744f51cd33651fc,bfloat16,6.061,?,Original,FAILED,2024-12-31 19:23:02,fine-tuned,8934162,2024-07-18T11:02:29.686523,False,OwenArli
CultriX/Qwen2.5-14B-Ultimav2,,05762859c0efcd44e7aa0043868de67208cde7ff,bfloat16,0.313,?,Original,FINISHED,2025-01-19 04:25:30,fine-tuned,10145021,2024-11-29T16:54:47.808038,True,Corianas
Daemontatox/PathfinderAI5.0,,d4552cdc6f015754646464d8411aa4f6bcdba8e8,float16,10.159,Qwen2ForCausalLM,Original,FINISHED,2024-07-04 21:18:39,multimodal,14756305,2025-03-08T14:02:36.272281,True,bedio
ArliAI/Llama-3.1-8B-ArliAI-RPMax-v1.1, meta-llama/Meta-Llama-3.1-8B-Instruct ,2941a682fcbcfea3f1485c9e0691cc1d9edc742e,bfloat16,32.764,LlamaForCausalLM,Original,FINISHED,2025-01-05 00:53:35,🤝 : 🤝 base merges and moerges,8095331,2024-07-25T13:46:40.347915,True,CombinHorizon
01-ai/Yi-1.5-6B,,9f838721d24a5195bed59a5ed8d9af536f7f2459,bfloat16,14.766,Qwen2ForCausalLM,Original,FINISHED,2025-03-10 02:23:09,🤝 : 🤝 base merges and moerges,5780185,2025-03-09T03:49:40.665614,False,Daemontatox
CultriX/MergeQwen2.5-14B,,090d9f59c3b47ab8dd099ddd278c058aa6d2d529,bfloat16,14.766,Qwen2ForCausalLM,Original,FINISHED,2024-12-26 16:35:16,🔶 : 🔶 fine-tuned on domain-specific datasets,14749720,,True,
DavidAU/Qwen2.5-MOE-2X1.5B-DeepSeek-Uncensored-Censored-4B,,1601d6b025b4a5d58cbe373e59da1626e5ff0da5,bfloat16,23.572,?,Original,FAILED,2025-03-02 22:04:44,fine-tuned,14378507,2024-10-09T13:20:45.338537,True,bedio
DRXD1000/Atlas-7B,,05b8099d33cc43eb065ab4aadb13c5362e1c3cbe,float16,7.242,LlamaForCausalLM,Original,FAILED,2025-03-06 07:03:24,fine-tuned,9076772,2024-11-24T22:52:34.965466,False,CultriX
Aurel9/testmerge-7b,,ae7d23e5f123ed0e6348c8e2704a8ec97eb85cf9,float16,0.362,LlamaForCausalLM,Original,FINISHED,2024-09-12 01:31:26,merge,14016385,2025-03-10T15:39:41.250617,False,Amaorynho
CultriX/Qwenfinity-2.5-14B,,14c6a91351006b7be0aff85292733470ff1b546d,bfloat16,3.696,MllamaForConditionalGeneration,Original,FAILED,2024-09-24 07:17:05,fine-tuned,14691770,2025-02-07T18:31:27.431331,True,CultriX
Baptiste-HUVELLE-10/LeTriomphant2.2_ECE_iLAB,,3f8b0fb6dcc1e9725ba52dd086241d5d9e413100,bfloat16,72.706,Qwen2ForCausalLM,Original,FINISHED,2024-08-05 19:32:13,🤝 : 🤝 base merges and moerges,14747533,2025-01-06T10:10:01.976770,True,CombinHorizon
Daemontatox/NemoR,,bc36be5b5ca3053ae96d85e962249efd0b283c82,bfloat16,6.061,Qwen2ForCausalLM,Original,FINISHED,2024-12-07 05:21:49,fine-tuned,13995561,2024-12-30T13:45:33.172155,True,Daemontatox
01-ai/Yi-1.5-34B-Chat-16K,,f4a147b717ba0e9392f96e343250b00239196a22,float16,7.242,LlamaForCausalLM,Original,FAILED,2024-07-02 03:11:56,chat,8461177,2024-10-28T18:42:09.089132,False,Daemontatox
Azure99/blossom-v5-34b,,4adc7aa9efe61b47b0a98b2cc94527d9c45c3b4f,bfloat16,7.768,LlamaForCausalLM,Original,FINISHED,2024-09-05 00:00:36,🤝 : 🤝 base merges and moerges,11583568,2024-10-28T14:14:52.360850,True,PocketDoc
DavidAU/QwQ-35B-Eureka-Cubed,,60cc366b0648bcb40ed22ebc53d64cc5aca25550,float16,8.03,MistralForCausalLM,Original,FINISHED,2024-12-28 15:20:06,fine-tuned,7686145,2024-09-17T11:13:08.117556,False,DavidAU
ClaudioItaly/Albacus,,d3f6eb2a46fc0fbea1f70c0cc7d0e8b7f25a0f36,float16,1.544,LlamaForCausalLM,Original,FINISHED,2025-02-14 23:07:10,multimodal,8461261,2024-12-18T02:51:16.581856,False,Daemontatox
CombinHorizon/huihui-ai-abliterated-Qwen2.5-32B-Inst-BaseMerge-TIES,,8cfde9604384c50137bee480b8cef8a08e5ae81d,bfloat16,34.714,MistralForCausalLM,Original,FINISHED,2024-06-12 12:26:50,🔶 : 🔶 fine-tuned on domain-specific datasets,14752968,2024-10-09T13:25:42.709439,False,Daemontatox
Daemontatox/SphinX,,ae54351faca8170c93bf1de3a51bf16650f5bcf5,float16,9.242,MistralForCausalLM,Original,FINISHED,2025-03-08 00:14:48,merge,10886314,2025-03-10T02:18:21.289051,True,CoolSpring
AGI-0/Art-v0-3B,,f9a5302a0c4b464c44d79f745b8498ab51dd97de,bfloat16,8.03,LlamaForCausalLM,Original,FINISHED,2024-12-11 01:28:21,fine-tuned,8899970,,True,
CortexLM/btlm-7b-base-v0.1,,8e81cfddd97a13d81d6207eb72be8b730a7ca12f,bfloat16,32.764,Qwen2ForCausalLM,Original,FINISHED,2024-07-09 20:02:02,🔶 : 🔶 fine-tuned on domain-specific datasets,8904491,2024-12-20T11:59:41.180632,True,
Daemontatox/Llama_cot,,a207b871d09091847f806a51c2ec879ce91c6040,bfloat16,9.242,MistralForCausalLM,Original,FAILED,2024-10-08 09:22:08,merge,14749711,2025-01-17T21:06:38.993339,True,CultriX
Amu/t1-3B,,2cafbaccd72a457a613c75841a7bbec2e44b7694,bfloat16,32.764,Qwen2ForCausalLM,Original,FAILED,2025-01-19 11:31:33,chat,10332101,2024-10-06T16:47:23.564984,False,
BlackBeenie/Llama-3.1-DarkNova,,e26182b2122f4435e8b3ebecbf363990f409b45b,bfloat16,0.248,MistralForCausalLM,Original,FINISHED,2025-02-06 07:47:14,fine-tuned,7798127,2025-01-13T12:23:15.680855,True,CombinHorizon
AndreasThinks/mistral-7b-english-welsh-translate,,27f15219df2000a16955c9403c3f38b5f3413b3d,bfloat16,8.03,LlamaForCausalLM,Adapter,FINISHED,2024-10-17 04:57:51,🔶 : 🔶 fine-tuned on domain-specific datasets,11832613,2024-09-06T08:20:08.583000,True,CombinHorizon
Daemontatox/PathFinderAI-S1,meta-llama/Meta-Llama-3.1-8B-Instruct,28b2cf24ee46567c55939ec12edc1bf17d445adb,bfloat16,10.67,Qwen2ForCausalLM,Original,FINISHED,2025-03-10 02:27:34,🤝 : 🤝 base merges and moerges,14596053,2024-10-16T08:05:24.612133,True,Azure99
Columbia-NLP/LION-Gemma-2b-odpo-v1.0,,090ba5a7aa589caddea76e05a6ffa8101ca2c7f9,bfloat16,34.389,LlamaForCausalLM,Original,FINISHED,2024-10-25 00:25:20,merge,8095116,2025-03-10T02:31:18.822688,False,DeepMount00
CoolSpring/Qwen2-0.5B-Abyme-merge2,,16881ccde1c68bbc7041280e6a66637bc46bfe88,float16,12.248,MllamaForConditionalGeneration,Original,FAILED,2024-07-07 10:54:28,🤝 : 🤝 base merges and moerges,10337969,2025-03-09T01:03:41.047157,False,PerRing
3rd-Degree-Burn/L-3.1-Science-Writer-8B,,8845b1d3c0bc73522ef2700aab467183cbdca9f7,float16,70.554,LlamaForCausalLM,Original,FINISHED,2024-06-27 00:13:44,merge,13995555,2025-03-02T22:04:13.489150,False,PocketDoc
1024m/PHI-4-Hindi-4bit,,1888d339ff13fae8792dddb3f3b5aa18734f650b,bfloat16,103.811,LlamaForCausalLM,Original,FINISHED,2024-10-11 12:47:44,merge,9878560,2025-03-10T13:30:07.923023,True,Davidsv
1024m/Qwen-2.5-14B-Hindi-4bit,,808d578b460382ddc90f8828a4dcd1c58deb7045,bfloat16,14.66,MistralForCausalLM,Original,FINISHED,2024-11-10 07:51:03,multimodal,9878838,2025-03-13T11:54:11.067649,True,AIJUUD
Azure99/blossom-v5-32b,,bc1a37920fb5e3cb64a71a4deda649f33fecb95d,bfloat16,70.554,LlamaForCausalLM,Original,FINISHED,2024-09-18 02:05:25,🔶 : 🔶 fine-tuned on domain-specific datasets,8095665,2024-07-22T09:10:13.279036,False,
Daemontatox/DocumentCogito,,2a7477f34b171d2ae090e57abdbd997546dee242,bfloat16,1.09,Qwen2ForCausalLM,Adapter,FINISHED,2024-06-28 07:02:58,fine-tuned,10756945,2024-12-18T02:54:11.508047,True,
Dampfinchen/Ultra-Instruct-12B,,5ec9c5763ca6662dd897cd292e08014ec10b0d74,float16,10.159,LlamaForCausalLM,Adapter,FINISHED,2024-12-07 04:20:59,"💬 : 💬 chat models (RLHF, DPO, IFT, ...)",9179924,2024-09-23T07:09:01.940277,True,bedio
Amu/supertiny-llama3-0.25B-v0.1,,5436cda92c65b0ef520d278d864305c0f429824b,bfloat16,76.723,Qwen2ForCausalLM,Original,FINISHED,2024-06-12 12:27:04,merge,13026957,2024-10-09T13:23:07.089752,True,BenevolenceMessiah
BAAI/Infinity-Instruct-3M-0613-Llama3-70B,,06f4294cfd9d1f4a74c50f43078ea0c1c2ca4458,bfloat16,1.236,MllamaForConditionalGeneration,Original,FAILED,2024-12-20 06:44:45,🤝 : 🤝 base merges and moerges,8095844,2024-09-18T02:06:49.727324,False,invisietch
CohereForAI/c4ai-command-r-v01,,253811a0910e8fa0e6485ca9516d8d610688181e,bfloat16,8.028,Qwen2ForCausalLM,Original,FINISHED,2024-12-07 05:18:45,fine-tuned,8767886,2024-09-05T02:36:31.175845,False,Davidsv
CultriX/Qwen2.5-14B-Wernickev3,,0429951eb30ccdfff3515e711aaa7649a8a7364c,float16,6.738,LlamaForCausalLM,Original,FAILED,2024-08-19 01:57:04,fine-tuned,10334053,2025-02-28T13:12:01.723274,False,Chan-Y
Davidsv/SUONG-1,,9bb64444dcd4d306619ac29bcb32d29299238373,bfloat16,-1.0,LlamaForCausalLM,Original,FINISHED,2025-01-27 20:05:36,pretrained,9984867,2025-03-02T21:01:09.049454,True,CombinHorizon
BAAI/Infinity-Instruct-3M-0625-Llama3-8B,,b3f2b5273bbc996814a25aa9060fd6f4c0d93bca,float16,32.764,Gemma2ForCausalLM,Original,FAILED,2024-12-28 15:20:41,"💬 : 💬 chat models (RLHF, DPO, IFT, ...)",14691772,2025-02-23T22:36:52.104526,True,Daemontatox
CreitinGameplays/Mistral-Nemo-12B-R1-v0.1,,a5f780075831374f8850324448acf94976dea504,bfloat16,12.174,Qwen2ForCausalLM,Original,FINISHED,2024-10-28 12:52:54,merge,14595793,2025-02-24T03:03:46.530321,True,ClaudioItaly
Cran-May/SCE-2-24B,,974d2d453afdde40f6a993601bbbbf9d97b43606,float16,8.03,Qwen2ForCausalLM,Original,FAILED,2024-12-13 12:37:08,chat,14752976,2024-12-29T07:58:30.665345,False,alozowski
DavidAU/Qwen2.5-MOE-2X7B-DeepSeek-Abliterated-Censored-19B,,d6e0221f0a3fc019049cc411fddc2bf2f646519e,bfloat16,12.248,LlamaForCausalLM,Original,FAILED,2024-06-12 12:26:37,🤝 : 🤝 base merges and moerges,14745303,2025-03-08T13:54:21.763262,False,Daemontatox
Casual-Autopsy/L3-Umbral-Mind-RP-v2.0-8B,,6e97a8f99e4a2411c7498e1126c849abe55a3f29,bfloat16,8.829,LlamaForCausalLM,Original,FINISHED,2025-02-26 18:46:36,fine-tuned,13679603,2024-06-16T17:30:34.432874,False,DavieLion
Aleph-Alpha/Pharia-1-LLM-7B-control-aligned-hf,,1d2597e73ce81c7aec291343e84da2cd9e37e126,bfloat16,70.554,Qwen2ForCausalLM,Original,FAILED,2025-02-07 18:26:40,fine-tuned,9278994,2024-11-19T20:58:23.144493,True,jeiku
Daemontatox/Sphinx2.0,,e9d7396bc0fa3d1ff4c1f4b1a0d81a1d1a7e977c,bfloat16,8.03,MixtralForCausalLM,Original,FINISHED,2024-10-11 13:33:17,🟩 : 🟩 continuously pretrained,8094510,2024-12-18T04:23:49.378537,True,CombinHorizon
BAAI/Infinity-Instruct-7M-Gen-Llama3_1-8B,,f740497979293c90fa1cfaa7c446016e107cc2c1,float16,7.242,MistralForCausalLM,Original,FINISHED,2024-10-09 13:19:58,chat,8095303,2024-06-17T09:06:24.366883,True,adamog234
AELLM/gemma-2-aeria-infinity-9b,,52d6f6308eba9c3a0b9116706fbb1ddc448e6101,bfloat16,8.03,LlamaForCausalLM,Original,FINISHED,2024-06-26 14:34:07,🔶 : 🔶 fine-tuned on domain-specific datasets,14705627,2025-01-07T21:57:48.068295,False,Azure99
Daemontatox/EyeofHorus,,9a64907f1cba7c950cc4cb02ea817da50f6fe6ab,bfloat16,14.766,Qwen2ForCausalLM,Original,FINISHED,2024-09-13 00:33:27,merge,8096451,2024-09-02T14:36:57.186538,True,Anoshor
CultriX/Qwen2.5-14B-MergeStock,,4faa0ebc54beab39e1f044af1fee3ce44d9b8755,float16,18.405,Qwen2ForCausalLM,Adapter,FAILED,2025-03-09 03:34:03,fine-tuned,5777955,2025-01-16T01:01:27.080256,False,BlackBeenie
6cf/QwQ-32B-Preview-IdeaWhiz-v1,,fa1bd7fb1572ceb861bbbbecfa8af83b29fa8cca,bfloat16,7.768,Gemma2ForCausalLM,Original,FINISHED,2024-11-11 10:59:55,🔶 : 🔶 fine-tuned on domain-specific datasets,-1,2024-09-13T16:42:10.558681,True,BramVanroy
Daemontatox/PathFinderAi3.0,,8fd624d0d8989a312d344772814da3575423897a,bfloat16,34.389,LlamaForCausalLM,Original,FINISHED,2025-03-09 03:34:58,"💬 : 💬 chat models (RLHF, DPO, IFT, ...)",13318353,2024-10-24T19:34:05.507000,True,Daemontatox
DeepMount00/Qwen2-1.5B-Ita,,9e4d1b42ed8e2ebd64929871309cd04b99e3dbaa,bfloat16,12.248,LlamaForCausalLM,Original,FINISHED,2024-09-20 03:28:38,🔶 : 🔶 fine-tuned on domain-specific datasets,14691551,2025-03-02T22:10:14.061393,False,AINovice2005
CultriX/Qwen2.5-14B-Unity,,1356e92fc83a71d8f606eba94261aa8aadcf872f,bfloat16,8.829,Qwen2ForCausalLM,Original,FAILED,2024-06-26 14:33:46,🔶 : 🔶 fine-tuned on domain-specific datasets,14694006,2024-10-24T15:28:36.599000,True,Aashraf995
Dans-DiscountModels/Dans-Instruct-CoreCurriculum-12b-ChatML,,e9c2a4197001bf188e4bc7d49873ea84f01e27c6,bfloat16,70.554,Qwen2ForCausalLM,Original,FINISHED,2024-12-29 04:01:26,🔶 : 🔶 fine-tuned on domain-specific datasets,7816539,2025-03-03T09:17:00.950692,True,
Azure99/Blossom-V6-7B,,08b69cfa4240e2009c80ad304f000b491d1b8c38,bfloat16,12.248,Qwen2ForCausalLM,Original,FINISHED,2024-09-14 04:37:52,merge,8884947,2025-03-07T07:15:00.043777,False,
DataPilot/SKYCAVE-R1-32B-v0.1,,421d58121bdb191662238e224ee55c158f62b0aa,bfloat16,7.242,GPT2LMHeadModel,Original,FAILED,2024-11-25 22:32:09,🤝 : 🤝 base merges and moerges,5780030,2024-09-03T19:35:56.113949,False,Aryanne
DavidAU/DeepThought-MOE-8X3B-R1-Llama-3.2-Reasoning-18B,,b749dbcb19901b8fd0e9f38c923a24533569f895,bfloat16,8.03,Gemma2ForCausalLM,Original,FINISHED,2025-01-30 10:02:27,fine-tuned,8467832,2025-02-25T19:06:51.184041,True,
BAAI/Gemma2-9B-IT-Simpo-Infinity-Preference,,4062bd84b3650608fac6d496bb65abb9bb7e1088,float16,-1.0,Qwen2ForCausalLM,Original,FAILED,2024-07-04 14:47:24,merge,8463435,2025-02-05T20:48:09.982032,True,Corianas
DavidAU/Mistral-Grand-R1-Dolphin-3.0-Deep-Reasoning-Brainstorm-45B,,4a74338e778a599f313e9fa8f5bc08c717604420,float16,12.248,MistralForCausalLM,Original,FINISHED,2025-03-13 11:53:17,pretrained,14004429,2025-02-07T16:19:21.887691,False,hyxmmm
Delta-Vector/Baldur-8B,,d5cbf18b2eb90b77f5ddbb74cfcaeedfa692c90c,bfloat16,7.242,LlamaForCausalLM,Original,FINISHED,2024-09-26 14:18:03,"💬 : 💬 chat models (RLHF, DPO, IFT, ...)",14681171,2025-02-06T05:13:00.190513,True,Danielbrdz
DevQuasar/HermesNova-Llama-3.1-8B,,e1505dd5f9f2c8549cc852a1aca3ec545638e813,bfloat16,7.242,LlamaForCausalLM,Original,FINISHED,2024-09-04 08:27:30,🔶 : 🔶 fine-tuned on domain-specific datasets,14017324,2025-03-09T04:24:37.894018,False,
1TuanPham/T-VisStar-v0.1,,8bad8800d04a06f3f906728ee223cab2f50453a0,bfloat16,14.77,LlamaForCausalLM,Original,FINISHED,2024-06-12 12:07:07,"💬 : 💬 chat models (RLHF, DPO, IFT, ...)",9396388,2025-02-28T13:19:20.936679,False,CultriX
DevQuasar/DevQuasar-R1-Uncensored-Llama-8B,,e64145422fe367c1d3cbf8403cdc9cd2c6ccd5ca,float16,3.397,Qwen2ForCausalLM,Original,FINISHED,2025-01-17 21:04:18,fine-tuned,14395561,2024-12-18T04:00:17.048923,False,DavieLion
DavieLion/Llama-3.2-1B-SPIN-iter2,,35e7781b9dff5aea29576709201d641e5f44440d,bfloat16,8.03,Qwen2ForCausalLM,Original,FAILED,2024-12-31 19:19:12,🤝 : 🤝 base merges and moerges,8904836,2024-10-19T11:10:03.885549,False,adamog234
BoltMonkey/DreadMix,,554e931a1b7e72689bdf044f8507e319e4b722e7,bfloat16,3.213,Qwen2ForCausalLM,Original,FINISHED,2024-08-13 04:54:27,chat,14697869,2024-09-21T12:11:34.769000,False,CultriX
AicoresSecurity/Cybernet-Sec-3B-R1-V0,,356a1f8d4e4a606d0b879e54191ca809918576b8,bfloat16,14.766,Qwen2ForCausalLM,Original,FINISHED,2025-01-21 06:14:20,merge,8767926,2025-03-09T01:07:58.776795,True,andresparraguirado
ArliAI/Mistral-Nemo-12B-ArliAI-RPMax-v1.1,,3284c32f13733d1cd17c723ed754f2c01b65a15c,bfloat16,8.03,LlamaForCausalLM,Original,FAILED,2024-10-28 12:53:20,fine-tuned,14536582,2024-10-25T19:41:06.855891,True,noname0202
DavidAU/DeepSeek-MOE-4X8B-R1-Distill-Llama-3.1-Deep-Thinker-Uncensored-24B,,75c86715dab415b93644bf947efccde0f23e3e8f,bfloat16,32.764,LlavaForConditionalGeneration,Original,FINISHED,2025-01-02 10:24:07,pretrained,8504320,2024-10-09T10:07:31.685537,True,1024m
CultriX/Qwen2.5-14B-Emerged,,475333d513a2779ff839ceb003e626681569ac1c,bfloat16,6.061,Qwen2ForCausalLM,Original,FAILED,2024-11-16 18:05:07,continuously pretrained,8464336,2025-01-02T08:03:26.594666,True,3rd-Degree-Burn
CohereForAI/aya-101,,edd481ba969388f951af26d4a256538d02355342,float16,7.242,Qwen2MoeForCausalLM,Original,FINISHED,2024-07-24 07:40:39,🔶 : 🔶 fine-tuned on domain-specific datasets,14745283,2025-03-09T04:07:06.802820,False,PocketDoc
Daemontatox/mini-Cogito-R1,,71884e96b88f6c86fca3a528ddf71c7745cb1d76,bfloat16,7.242,Qwen2ForCausalLM,Original,FINISHED,2024-12-08 16:17:45,continuously pretrained,7817381,2025-01-01T02:45:27.262105,True,CultriX
DavieLion/Llama-3.2-1B-SPIN-iter3,,029d84d4f4a618aa798490c046753b12801158e2,bfloat16,32.764,MistralForCausalLM,Original,FAILED,2024-10-06 16:33:12,merge,14690858,2025-03-10T23:42:45.356540,True,amazingvince
CombinHorizon/huihui-ai-abliteratedV2-Qwen2.5-14B-Inst-BaseMerge-TIES,,e80eee8915db0a090d5c251af049f53ba98a6c5f,bfloat16,70.554,Qwen2ForCausalLM,Original,FAILED,2024-08-19 14:11:26,chat,14364324,2025-02-05T00:08:53.161135,True,DavidAU
BenevolenceMessiah/Yi-Coder-9B-Chat-Instruct-TIES,,974d5ee685f1be003a1d8d08e907fe672d225035,bfloat16,14.766,LlamaForCausalLM,Original,FAILED,2024-08-29 19:27:57,🤝 : 🤝 base merges and moerges,14614489,2025-02-04T00:41:11.196269,False,Daemontatox
BAAI/Infinity-Instruct-7M-Gen-Llama3_1-70B,,f3128b2d02d82989daae566c0a7eadc621ca3254,float16,8.829,LlamaForCausalLM,Original,FAILED,2024-06-29 16:02:19,fine-tuned,9420334,2024-08-12T21:04:42.318201,False,Ayush-Singh
DeepMount00/Qwen2-1.5B-Ita_v3,,c3c9f4226801dc0433f32aebffe0aac68ee2f051,bfloat16,7.242,LlavaNextForConditionalGeneration,Original,FINISHED,2024-09-29 17:07:10,fine-tuned,11011779,2025-03-10T02:23:01.478225,True,BramVanroy
Dans-DiscountModels/Mistral-7b-v0.3-Test-E0.7,,56925fafe6a543e224db36864dd0927171542776,bfloat16,4.513,MistralForCausalLM,Original,FINISHED,2024-09-23 09:23:29,merge,14749718,2025-01-30T11:10:01.777692,False,DeepMount00
0-hero/Matter-0.2-7B-DPO,,e82be0389bfcecd1998dba1c3bb35b8d95d01bf2,bfloat16,7.242,Qwen2ForCausalLM,Original,FINISHED,2024-10-24 14:46:54,fine-tuned,12220837,2025-01-13T12:08:10.510852,True,Daemontatox
AuraIndustries/Aura-MoE-2x4B,,423fbcaec045b0f4c3917b6ab974bf28605ceb57,bfloat16,0.887,Qwen2ForCausalLM,Original,FAILED,2024-06-27 06:22:11,continuously pretrained,8653572,2024-06-16T17:24:39.142874,False,1TuanPham
Columbia-NLP/LION-Gemma-2b-dpo-v1.0,,5ce57ccc371abb5104d7a7600e7fd3997bbc7b9f,float16,10.67,CohereForCausalLM,Original,FINISHED,2024-07-29 16:01:58,chat,8097302,2024-12-28T15:25:08.805209,True,DavieLion
CultriX/Qwen2.5-14B-BrocaV9,,8ce2c063c57040e87304e28f372fdb305926b6de,bfloat16,-1.0,Qwen2ForCausalLM,Original,FINISHED,2024-08-05 10:18:19,🔶 : 🔶 fine-tuned on domain-specific datasets,14733591,2024-11-20T09:08:21.002399,True,Casual-Autopsy
Daemontatox/RA_Reasoner,,97f5d321a8346551a5ed704997dd1e93c59883f3,bfloat16,2.786,MistralForCausalLM,Original,FINISHED,2024-10-16 18:12:55,🤝 : 🤝 base merges and moerges,8767957,2024-12-08T16:19:38.795519,True,Delta-Vector
Daemontatox/PathfinderAI,,a6188cd1807d0d72e55adc371ddd198d7e9aa7ae,bfloat16,4.089,Qwen2ForCausalLM,Original,FAILED,2024-12-23 23:26:49,🔶 : 🔶 fine-tuned on domain-specific datasets,8907359,2024-10-07T21:02:18.969444,True,
DavidAU/Gemma-The-Writer-Mighty-Sword-9B,,f32b204a85eb0145e42e5e1df0c6d91a901af0c3,bfloat16,2.78,LlamaForCausalLM,Original,FINISHED,2024-11-27 09:39:37,multimodal,10757255,2024-10-08T09:24:50.017242,True,Daemontatox
CultriX/Qwen2.5-14B-Wernicke-SFT,,bd141b0df78ad1f6e2938edf167c2305b395a2b2,bfloat16,14.766,LlamaForCausalLM,Original,FINISHED,2025-03-09 04:16:29,fine-tuned,10690915,2025-01-21T06:25:48.193555,False,
CombinHorizon/Rombos-Qwen2.5-7B-Inst-BaseMerge-TIES,,1e6d2d17ebda8d70c1d332b85518467ebae27c87,bfloat16,1.558,?,Original,FAILED,2024-09-22 08:09:45,multimodal,5777967,2025-02-24T04:15:51.732574,False,CultriX
AbacusResearch/Jallabi-34B,,75d877ecb1dd7b92764770153b0113840acd122b,bfloat16,14.766,LlamaForCausalLM,Original,FINISHED,2024-06-27 08:08:58,🤝 : 🤝 base merges and moerges,9566605,2024-12-28T15:22:05.084248,False,CombinHorizon
DeepAutoAI/Explore_Llama-3.2-1B-Inst_v0,,1dca4cce36f01f2104ee2e6b97bac6ff7bb300c1,bfloat16,14.766,LlamaForCausalLM,Original,FINISHED,2024-12-23 17:07:42,"💬 : 💬 chat models (RLHF, DPO, IFT, ...)",8920161,2024-12-30T13:48:32.567086,False,bedio
AiMavenAi/Prometheus-1.8,,7c4ee5d33686c4957ec70b30f1504f88198dd073,bfloat16,1.236,Qwen2ForCausalLM,Original,FINISHED,2025-01-24 10:18:45,🔶 : 🔶 fine-tuned on domain-specific datasets,14681304,2025-03-11T00:38:41.981043,True,bedio
BEE-spoke-data/smol_llama-101M-GQA,,f1ec40ffd8d26633e519ba3370f5e3fc309fce2d,bfloat16,8.03,LlamaForCausalLM,Original,FINISHED,2025-01-22 13:25:31,fine-tuned,8094635,2024-12-23T17:09:55.618924,True,CultriX
CombinHorizon/zetasepic-abliteratedV2-Qwen2.5-32B-Inst-BaseMerge-TIES,,f811864e769f380bf3b5108103792a5cbe830712,bfloat16,34.389,LlamaForCausalLM,Original,FINISHED,2025-02-21 06:47:21,pretrained,8095917,2024-06-17T09:56:20.868600,True,Daemontatox
DavidAU/DeepHermes-3-Llama-3-8B-Preview-16.5B-Brainstorm,,364e785d90438b787b94e33741a930c9932353c0,bfloat16,1.544,Qwen2ForCausalLM,Original,FINISHED,2024-10-20 16:35:34,🤝 : 🤝 base merges and moerges,14597002,2024-10-06T16:36:21.106760,True,3rd-Degree-Burn
DavidAU/DeepSeek-V2-Grand-Horror-SMB-R1-Distill-Llama-3.1-Uncensored-16.5B,,01c0981db9cf0f146fe050065f17343af75a8aa6,bfloat16,14.766,Qwen2ForCausalLM,Original,FINISHED,2024-10-09 08:44:12,🤝 : 🤝 base merges and moerges,14694190,2024-09-02T14:35:12.118638,False,adamog234
Daemontatox/mini_Pathfinder,,c9779bd9630a533f7e42fd8effcca69623d48c9c,bfloat16,5.717,MistralForCausalLM,Original,FAILED,2025-03-10 02:25:02,🔶 : 🔶 fine-tuned on domain-specific datasets,14749776,2025-02-23T21:10:05.871982,False,
CausalLM/preview-1-hf,,412099bb6f570707a3a6ee311bfeb93a204c1b7b,4bit,1.777,Gemma2ForCausalLM,Original,FINISHED,2024-10-08 13:15:12,"💬 : 💬 chat models (RLHF, DPO, IFT, ...)",8942331,2025-03-09T03:45:23.194882,False,DeepMount00
Ahdoot/StructuredThinker-v0.3-MoreStructure,,ebd8d6507623008567a0548cd0ff9e28cbd6a656,bfloat16,8.03,Qwen2ForCausalLM,Original,FAILED,2025-03-09 03:33:52,🤝 : 🤝 base merges and moerges,8774154,2024-12-20T23:10:30.755118,False,Amaorynho
AicoresSecurity/Cybernet-Sec-3B-R1-V1,,b3360bd6093edb8a98696443405f94ce37a40bd2,float16,6.885,LlamaForCausalLM,Original,FAILED,2024-12-10 22:43:48,fine-tuned,8890592,2024-06-16T17:21:36.188244,True,Ahdoot
Delta-Vector/Tor-8B,mistralai/Mistral-7B-v0.1,3333d404425acc09fda793d2942217f9ad16b817,bfloat16,103.811,PhiForCausalLM,Original,FINISHED,2025-01-15 04:07:25,multimodal,14679838,2024-12-21T20:12:23.189360,True,CultriX
AtAndDev/Qwen2.5-1.5B-continuous-learnt,,8582d00cfdfc328eb7dd9be9c296253686656015,bfloat16,7.616,LlamaForCausalLM,Original,FINISHED,2024-10-13 12:02:49,pretrained,10690943,,True,euclaise
AALF/gemma-2-27b-it-SimPO-37K,,db4ae3d7b608fd0e7490d2fcfa0436e56e21af33,float16,72.7,Qwen2ForCausalLM,Original,FINISHED,2025-01-16 15:20:40,🤝 : 🤝 base merges and moerges,10729684,2024-12-23T23:37:12.226364,False,ClaudioItaly
CYFRAGOVPL/PLLuM-8x7B-nc-base,,73f24e1679609e9cd6db709e35146dac936f24ae,bfloat16,5.335,CohereForCausalLM,Original,FINISHED,2025-01-19 18:33:53,fine-tuned,14541668,2024-10-28T14:21:46.731336,True,Daemontatox
Dans-DiscountModels/Dans-MemoryCore-CoreCurriculum-TestLora-1,,bb4b4e1fc8a1fef90735e28b336babe8e7450bd7,bfloat16,1.236,Qwen2ForCausalLM,Original,FINISHED,2024-10-28 12:53:53,🔶 : 🔶 fine-tuned on domain-specific datasets,8612619,2024-11-25T22:33:46.719087,True,
CohereForAI/aya-23-8B,,ed35274b035d52760c4bf00ecd28d04045a25f97,bfloat16,8.829,Qwen2ForCausalLM,Original,FINISHED,2024-09-08 21:14:56,fine-tuned,13624499,2024-06-26T14:48:57.752173,False,Daemontatox
CognitivessAI/bella-2-8b,,f1ec40ffd8d26633e519ba3370f5e3fc309fce2d,bfloat16,1.236,Qwen2ForCausalLM,Original,FINISHED,2024-09-16 18:17:04,🤝 : 🤝 base merges and moerges,9555440,2025-02-18T15:45:32.032626,True,CultriX
BlackBeenie/llama-3.1-8B-Galore-openassistant-guanaco,,969e4c9b41e733a367f5ea18ed50a6171b5e2357,bfloat16,2.506,Qwen2ForCausalLM,Original,FAILED,2024-09-21 07:16:01,fine-tuned,5781281,2025-02-24T02:59:52.795565,False,
ClaudioItaly/TopEvolutionWiz,,2b397e5f0fab87984efa66856c5c4ed4bbe68b50,bfloat16,0.887,Qwen2ForCausalLM,Original,FINISHED,2024-06-27 10:47:42,fine-tuned,14692926,2025-03-10T02:35:42.174853,True,
AALF/FuseChat-Llama-3.1-8B-Instruct-preview,,8efa806360abe24b0ea8aa318fb1af193c73bd05,bfloat16,10.67,Qwen2ForCausalLM,Original,FINISHED,2025-02-05 15:25:31,🔶 : 🔶 fine-tuned on domain-specific datasets,8940191,2024-10-13T13:45:28.235781,False,JosephusCheung
Daemontatox/CogitoDistil,,16abdfe2c214dc1da6bfe654b3d6716fcc8450e2,float16,3.085,Qwen2ForCausalLM,Original,FAILED,2024-08-05 19:25:30,fine-tuned,14752977,2024-07-25T14:29:42.192187,True,DeepMount00
BlackBeenie/Llama-3.1-8B-pythonic-passthrough-merge,,fead94d180d4997c92d9370b05567619adaa3acb,float16,13.668,MixtralForCausalLM,Original,FINISHED,2024-11-30 23:57:29,🟢 : 🟢 pretrained,10073543,2024-09-13T16:40:42.394986,True,Spestly
CombinHorizon/Josiefied-abliteratedV4-Qwen2.5-14B-Inst-BaseMerge-TIES,,7b626e50b6c35fcb064b8b039fcf30eae01c3fae,bfloat16,14.766,?,Original,FAILED,2024-09-05 06:23:17,"💬 : 💬 chat models (RLHF, DPO, IFT, ...)",14017553,2024-12-23T23:34:13.059234,True,CombinHorizon
ClaudioItaly/Book-Gut12B,,13a37a145597d0a3ddc1908caade10c224c89680,bfloat16,72.706,LlamaForCausalLM,Adapter,FINISHED,2025-02-09 01:58:19,"💬 : 💬 chat models (RLHF, DPO, IFT, ...)",8138970,2024-09-05T03:01:05.004292,True,CultriX
Aashraf995/Gemma-Evo-10B,,58b624e62557ea56b525ead061b6bd92dae37970,bfloat16,12.174,Qwen2ForCausalLM,Original,FAILED,2024-07-06 01:01:16,fine-tuned,8094558,2024-06-16T21:24:44.687322,False,AnimateBow4809
CultriX/SeQwence-14B-v5,,fd6d02d300e3b9015e07c217e26c6f1b4823963a,bfloat16,7.044,LlamaForCausalLM,Original,FINISHED,2025-03-07 07:06:04,"💬 : 💬 chat models (RLHF, DPO, IFT, ...)",13351071,2024-12-29T08:45:01.944589,True,Marsouuu
Daemontatox/AetherTOT,,93dd8c78518032c9b0f02924e9c4d5963ecf3add,bfloat16,34.389,LlamaForCausalLM,Original,FINISHED,2024-09-10 03:35:33,🟢 : 🟢 pretrained,14752983,2025-01-19T16:57:50.714447,False,CoolSpring
Amaorynho/BBAI_375,meta-llama/Llama-3.2-1B,a98c932f0d71d76883fe9aa9d708af0506b01343,bfloat16,0.63,LlamaForCausalLM,Original,FINISHED,2025-02-21 09:21:50,chat,14364350,2024-09-21T07:18:24.760917,False,
Columbia-NLP/LION-LLaMA-3-8b-dpo-v1.0,,dec16b41d5e94070dbc1f8449a554373fd4cc1d1,bfloat16,34.981,LlamaForCausalLM,Original,FINISHED,2024-11-22 08:08:17,fine-tuned,5779915,2025-02-24T07:20:26.039511,True,CombinHorizon
BEE-spoke-data/tFINE-900m-e16-d32-instruct_2e,unsloth/Llama-3.2-3B-Instruct-bnb-4bit,54da2d3373ce9e65c511997ed3f7da9fd648ccb2,float16,8.03,LlamaForCausalLM,Original,FINISHED,2024-12-29 09:09:55,🔶 : 🔶 fine-tuned on domain-specific datasets,8096582,2024-08-12T23:01:33.825649,False,CombinHorizon
Darkknight535/OpenCrystal-12B-L3,,e0a21c79bac74442252d36e2c01403afa3f0971b,bfloat16,0.247,Qwen2ForCausalLM,Original,FAILED,2025-02-28 13:07:35,🔶 : 🔶 fine-tuned on domain-specific datasets,14018174,2024-12-25T04:28:54.595464,True,jeiku
CoolSpring/Qwen2-0.5B-Abyme-merge3,,4b486f81c935a2dadde84c6baa1e1370d40a098f,float16,1.236,Gemma2ForCausalLM,Original,FINISHED,2025-01-16 12:11:48,fine-tuned,7798040,2024-11-19T22:10:13.302788,True,Baptiste-HUVELLE-10
BramVanroy/fietje-2,,8b8f3326a5547a424ea5d2104ffc04ad64006503,float16,32.764,MistralForCausalLM,Original,FAILED,2024-07-27 13:39:45,chat,10334034,2024-11-11T11:01:28.074176,False,DeepMount00
DavidAU/L3-SMB-Instruct-12.2B-F32,,210a97b4dadbda63cc9fe459e8415d4cd3bbaf99,bfloat16,10.034,LlamaForCausalLM,Original,FAILED,2024-06-26 18:13:04,fine-tuned,14394792,2025-03-08T00:18:51.302611,True,CultriX
AnimateBow4809/test,,a8d1e74064a6f5a2cf3f91c153e1ed200f7fe27d,bfloat16,7.616,LlamaForCausalLM,Adapter,FINISHED,2024-08-30 09:19:00,"💬 : 💬 chat models (RLHF, DPO, IFT, ...)",9152137,2024-09-04T10:35:25.610964,True,DavidAU
AXCXEPT/Borea-Phi-3.5-mini-Instruct-Jp,,98b0eda634c6a851004c90144b6744ce8d40d188,float16,34.389,MistralForCausalLM,Original,FINISHED,2025-01-11 06:26:48,🔶 : 🔶 fine-tuned on domain-specific datasets,13490704,2024-08-12T13:39:20.973055,False,Amu
DeepAutoAI/ldm_soup_Llama-3.1-8B-Instruct-v0.0,,e10137f5cbfc1b73068d6473e4a87241cca0b3f4,bfloat16,8.0,LlamaForCausalLM,Original,FINISHED,2025-02-28 13:08:27,"💬 : 💬 chat models (RLHF, DPO, IFT, ...)",14592478,2024-12-01T00:00:30.885821,True,Aurel9
DeepMount00/Lexora-Lite-3B,,8271fc32a601a4fa5efbe58c41a0ef4181ad8836,bfloat16,8.03,Qwen2MoeForCausalLM,Original,FINISHED,2025-02-07 18:26:56,fine-tuned,13502379,2025-02-24T04:11:37.058120,False,
AINovice2005/ElEmperador,,37079cf46385a70a551cbfd5d51d82d0b40f9bcd,bfloat16,32.764,PhiForCausalLM,Original,FINISHED,2025-03-01 17:49:56,fine-tuned,14395559,2024-09-19T03:32:06.994146,True,CultriX
CultriX/MergeStage2v3,,84a1d35d91b862a5cfc65988d4a0f65033b34c47,bfloat16,8.03,MistralForCausalLM,Original,FINISHED,2024-09-11 14:05:28,🔶 : 🔶 fine-tuned on domain-specific datasets,8464772,2025-01-13T12:11:56.661222,True,Danielbrdz
DavidAU/L3-DARKEST-PLANET-16.5B,,52484c277f6062c12dc6d6b6397ee0d0c21b0126,float16,10.034,LlamaForCausalLM,Original,FAILED,2024-07-23 04:31:32,"💬 : 💬 chat models (RLHF, DPO, IFT, ...)",9334800,2024-10-18T01:30:22.510057,True,BlackBeenie
Daemontatox/Research_PathfinderAI,,d92237b4b4deccb92a72b5209c79978f09fe3f08,bfloat16,70.554,Qwen2ForCausalLM,Original,FINISHED,2025-02-28 13:04:58,🔶 : 🔶 fine-tuned on domain-specific datasets,8747388,2024-06-19T15:18:50.253731,True,
Anoshor/prism-tuned,,3b68dfba2cf79e4a15e8f4271f7d4b62d2ab9f26,bfloat16,3.213,LlamaForCausalLM,Original,FINISHED,2024-06-12 12:27:15,🤝 : 🤝 base merges and moerges,8460014,2024-09-10T03:32:39.807437,False,BoltMonkey
DavidAU/L3-Lumimaid-12.2B-v0.1-OAS-Instruct,,e0f4941349664a75ddd03e4d2c190284c951e54b,float16,7.242,LlamaForCausalLM,Original,FINISHED,2024-11-27 13:19:13,🔶 : 🔶 fine-tuned on domain-specific datasets,13651598,2024-10-28T14:24:35.081556,False,CultriX
Daemontatox/TinySphinx2.0,,bd981505b6950df69216b260c3c0d86124fded7b,bfloat16,8.072,MistralForCausalLM,Original,FINISHED,2024-06-27 00:14:58,fine-tuned,8653603,2024-12-18T02:01:35.203757,False,AtAndDev
Azure99/blossom-v5-llama3-8b,,3cddd4a6f5939a0a4db1092a0275342b7b9912f3,float16,1.09,Qwen2ForCausalLM,Original,FINISHED,2024-09-14 22:52:14,fine-tuned,13611239,2024-07-22T09:52:57.379883,False,legolasyiu
3rd-Degree-Burn/Llama-3.1-8B-Squareroot-v1,,c31f7ec7d25d4ef3d3f631029e52d57af89511b5,bfloat16,14.483,?,Original,FAILED,2024-06-12 12:26:29,merge,8095671,2024-08-12T14:33:48.001199,False,nyuuzyou
Daemontatox/Cogito-Maximus,,71d99f8fb69276422daae61222e57087000c05b0,bfloat16,34.981,Qwen2ForCausalLM,Original,FAILED,2024-09-04 23:59:38,🟢 : 🟢 pretrained,13527595,2025-03-10T02:48:41.568792,False,1024m
ContactDoctor/Bio-Medical-3B-CoT-012025,,e498d645faab591062c6919a98b35656e2d0c783,bfloat16,21.421,Qwen2ForCausalLM,Original,FINISHED,2024-07-15 01:19:29,merge,8904822,2024-06-16T17:29:12.770814,True,Delta-Vector
DavidAU/L3-Stheno-v3.2-12.2B-Instruct,,b7b44797cd52eda1182667217e8371dbdfee4976,bfloat16,12.248,LlamaForCausalLM,Original,FINISHED,2024-09-22 10:41:52,fine-tuned,13995564,2024-09-26T14:18:45.805543,True,CombinHorizon
BoltMonkey/SuperNeuralDreadDevil-8b,,02c4c601453f7ecbfab5c95bf5afa889350026ba,bfloat16,9.242,?,Original,FAILED,2024-06-27 08:08:22,merge,10025182,2024-08-12T18:28:49.108427,True,Ateron
Cran-May/tempmotacilla-cinerea-0308,,e32bfdb8f5ac6f0fb644a1fcf91b0b82cadba260,float16,1.236,GPT2LMHeadModel,Original,FINISHED,2025-02-27 13:48:59,🔶 : 🔶 fine-tuned on domain-specific datasets,7205417,2025-01-13T11:37:51.598556,True,Daemontatox
Daemontatox/ZwZ2_32B,,cc78898fad6443ccfe79b956bfde17bd101c15a0,bfloat16,14.77,LlamaForCausalLM,Original,FINISHED,2025-03-10 02:12:44,🔶 : 🔶 fine-tuned on domain-specific datasets,14691793,2024-09-02T13:36:00.187780,False,BlackBeenie
BEE-spoke-data/tFINE-900m-e16-d32-flan-infinity-instruct-7m-T2T_en-1024,,4427f408214db1e1c79741ea173d9654c21e9c18,float16,7.616,MistralForCausalLM,Original,FINISHED,2024-07-13 00:46:18,🔶 : 🔶 fine-tuned on domain-specific datasets,14694223,2024-11-03T23:06:06.653237,False,CombinHorizon
Ateron/Glowing-Forest-12B,,36fa24a5e2288e2d81092523f14adb7d2b027a3b,bfloat16,12.921,LlamaForCausalLM,Original,FINISHED,2024-09-21 04:24:00,🤝 : 🤝 base merges and moerges,8767955,2024-10-04T20:40:40.311514,False,DavidAU
Dans-DiscountModels/Dans-Instruct-Mix-8b-ChatML-V0.1.1,,c098e4b4556c20e81ec9866a820431398eea4dab,bfloat16,3.213,LlamaForCausalLM,Original,FINISHED,2025-02-06 05:10:09,🔶 : 🔶 fine-tuned on domain-specific datasets,10200795,2024-09-21T16:33:10.577626,True,CombinHorizon
Baptiste-HUVELLE-10/LeTriomphant2.1_ECE_iLab,,a6399c43f84736ed1b11d8cc7a25edf634781207,bfloat16,1.236,Qwen2ForCausalLM,Original,FAILED,2025-01-26 08:08:45,merge,10196597,2025-03-10T15:07:47.968785,True,DavidAU
Delta-Vector/Control-8B-V1.1,,2be3e02d309d349f597de55ce0c939c70740e9a7,float16,14.766,LlamaForCausalLM,Original,FINISHED,2025-02-25 19:05:04,fine-tuned,14752984,2024-08-12T21:10:30.687989,False,1TuanPham
DRXD1000/Phoenix-7B,,01c0981db9cf0f146fe050065f17343af75a8aa6,bfloat16,8.987,MistralForCausalLM,Original,FINISHED,2024-08-05 19:40:36,🔶 : 🔶 fine-tuned on domain-specific datasets,7811319,2024-12-23T19:34:56.050369,True,Daemontatox
Davidsv/SUONG-2,,15a9988381fdba15281f1bd6b04c34f3f96120cc,bfloat16,34.389,DeciLMForCausalLM,Original,FINISHED,2024-10-04 20:36:33,merge,14745421,2025-02-28T10:13:17.347000,False,Daemontatox
CultriX/SeQwence-14Bv1,,462c9307ba4cfcb0c1edcceac5e06f4007bc803e,bfloat16,32.764,MistralForCausalLM,Original,FINISHED,2025-03-07 22:36:10,chat,14395560,2024-12-21T20:15:25.569844,False,SaylorTwift
Daemontatox/PathfinderAI,,d9ffec9798402d13d8f2c56ec3de3ad092445297,bfloat16,32.764,MistralForCausalLM,Original,FAILED,2024-09-04 23:58:00,pretrained,10885426,2024-09-13T16:45:13.392751,False,ChuGyouk
Corianas/Quokka_2.7b,,b46c066ea8387264858dc3461f382e7b42fd9c48,bfloat16,8.03,CustomQwen2Model,Original,FINISHED,2025-03-09 03:36:39,"💬 : 💬 chat models (RLHF, DPO, IFT, ...)",8094560,2024-07-25T11:39:24.302471,False,Daemontatox
AGI-0/smartllama3.1-8B-001,,8c632ae68bd385af2e2270933326edbcd0044e8c,bfloat16,46.703,LlamaForCausalLM,Original,FINISHED,2024-12-29 05:22:21,🟢 : 🟢 pretrained,8937858,2024-09-22T08:10:16.423968,False,Cran-May
DavidAU/DeepSeek-MOE-4X8B-R1-Distill-Llama-3.1-Mad-Scientist-24B,,bf30739316ceac4b624583a27ec96dfc401179e8,float16,8.829,LlamaForCausalLM,Original,FINISHED,2025-03-10 02:23:51,merge,5777940,2025-02-28T13:23:04.284238,False,Baptiste-HUVELLE-10
Daemontatox/Qwen2.5-Coder-32B-Instruct,,3ec46616f5b34821b3b928938931295f92e49213,float16,8.371,MistralForCausalLM,Original,FINISHED,2024-06-27 12:07:10,"💬 : 💬 chat models (RLHF, DPO, IFT, ...)",12957229,2025-02-05T15:27:18.413011,True,Dampfinchen
CYFRAGOVPL/Llama-PLLuM-8B-base,,f31e757fa26fc7be7cfeb2b134fdfa3f839d007d,float16,27.227,Qwen2ForCausalLM,Original,FINISHED,2025-02-28 20:31:33,🔶 : 🔶 fine-tuned on domain-specific datasets,14747530,2024-11-27T09:37:38.444903,True,CarrotAI
Daemontatox/CogitoZ,,93ef695a725c7b90e12c398721179c1bc4d06038,bfloat16,46.703,LlamaForCausalLM,Adapter,FAILED,2025-01-31 08:17:01,🔶 : 🔶 fine-tuned on domain-specific datasets,14017323,2024-09-05T20:34:11.621823,True,
AI4free/t2,,0aca33fd7500a781d041e8bf7e5e3789b03f54f4,bfloat16,14.766,LlamaForCausalLM,Original,FAILED,2024-08-27 05:40:16,"💬 : 💬 chat models (RLHF, DPO, IFT, ...)",8892861,2025-01-26T18:59:19.805199,False,PocketDoc
DeepMount00/Qwen2-1.5B-Ita_v5,,ac5e205a41b17a7b05b1b62f352aacc7e65b2f13,bfloat16,14.766,MixtralForCausalLM,Original,FINISHED,2025-01-19 10:48:26,merge,14364352,2024-09-02T21:28:29.297153,True,
AIM-ZJU/HawkLlama_8b,NovaSky-AI/Sky-T1-32B-Preview,5b29326cb35c193039ea219183f7e606ec7acda9,float16,10.306,MistralForCausalLM,Original,FINISHED,2024-08-10 20:46:39,🔶 : 🔶 fine-tuned on domain-specific datasets,10885347,2025-03-09T03:41:06.895369,True,ClaudioItaly
Amaorynho/BBAIIFEV1,,304e2931d30eccd1267e7d9495b1c62c7062ceca,bfloat16,7.242,Qwen2ForCausalLM,Original,FINISHED,2024-06-26 15:32:34,merge,9574342,2025-02-26T19:02:46.364408,True,CombinHorizon
Ayush-Singh/Llama1B-sft-2,,e91ad0ada3f0d906bacd3c0ad41da4f65ce77b08,float16,7.248,LlamaForCausalLM,Original,FINISHED,2025-02-25 18:41:52,"💬 : 💬 chat models (RLHF, DPO, IFT, ...)",14017337,2024-08-12T11:18:42.888139,True,DeepMount00
CultriX/Qwen2.5-14B-FinalMerge,,755df0d9ed26d10744ec1f9dbad8cab88882ce73,float16,70.554,GPT2LMHeadModel,Original,FINISHED,2025-01-19 11:44:44,merge,14725278,2024-12-06T14:16:19.647831,False,SuperNintendoChalmers
Baptiste-HUVELLE-10/LeTriomphant2.1_ECE_AILab,mistral-community/Mistral-7B-v0.2,01ba58653bac94e7e5b23f49ed82c5c1decd92ea,float16,39.927,T5ForConditionalGeneration,Original,FINISHED,2025-03-10 13:25:57,🔶 : 🔶 fine-tuned on domain-specific datasets,14679836,2024-12-29T09:13:09.395365,True,1024m
Delta-Vector/Henbane-7b-attempt2,,822eddb2fd127178d9fb7bb9f4fca0e93ada2836,bfloat16,1.236,LlamaForCausalLM,Original,FINISHED,2025-01-02 08:01:57,chat,14749716,2025-02-05T09:37:46.039219,True,Cran-May
CYFRAGOVPL/PLLuM-12B-nc-chat,,c7a742e539ec264b9eaeefe2aed29e92e8a7ebd6,bfloat16,8.414,Qwen2ForCausalLM,Original,FINISHED,2024-12-21 20:11:34,fine-tuned,8095334,2024-11-25T21:47:00.305535,False,Daemontatox
AnonY0324/Maths-llm,,c716f5dc63c3d82b185cbac27f6fafd970131db3,float16,14.483,Qwen2ForCausalLM,Original,FINISHED,2024-09-20 03:31:56,"💬 : 💬 chat models (RLHF, DPO, IFT, ...)",14613957,2024-12-31T19:27:04.836472,False,Daemontatox
BEE-spoke-data/tFINE-900m-instruct-orpo,,a310eb51c1cdcd4217e2aa303f7aac938dcc9ae1,float16,0.887,LlamaForCausalLM,Original,FINISHED,2024-12-24 05:57:17,merge,14089081,2024-12-29T02:27:00.638351,True,
AELLM/gemma-2-lyco-infinity-9b,,b93f8bf09ebb97ccddf405b8fa97d9f50c1215c8,bfloat16,8.494,LlamaForCausalLM,Original,FINISHED,2025-02-19 05:51:12,"💬 : 💬 chat models (RLHF, DPO, IFT, ...)",8095122,2024-10-08T13:15:40.972382,True,DavidAU
CultriX/Qwestion-14B,,66c848c4526d3db1ec41468c0f73ac4448c6abe9,bfloat16,14.766,Qwen2ForCausalLM,Original,FINISHED,2024-12-20 23:09:17,chat,9973190,2024-09-08T17:15:28.540222,True,CreitinGameplays
Danielbrdz/Barcenas-14b-Phi-3-medium-ORPO,CultriX/Qwen2.5-14B-Hyperionv3,06f4294cfd9d1f4a74c50f43078ea0c1c2ca4458,bfloat16,2.775,LlamaForCausalLM,Original,FAILED,2024-06-26 20:32:08,chat,10196618,2025-02-27T12:08:56.909698,False,bedio
Aashraf995/QwenStock-14B,,b4a466d95091696285409f1dcca3028543cb39da,bfloat16,12.248,Gemma2ForCausalLM,Original,FAILED,2024-09-23 07:08:28,🔶 : 🔶 fine-tuned on domain-specific datasets,11584080,2024-12-18T03:00:27.043650,True,BlackBeenie
Danielbrdz/Barcenas-R1-Qwen-1.5b,,2d664b90087a8f2e5569f0d88d8361189a3e5957,float16,14.766,Qwen2Model,Original,FINISHED,2025-03-10 02:26:14,fine-tuned,11475317,2024-09-02T14:18:14.062834,True,adamog234
Daemontatox/DocumentLlama,,e1e7da8c75cfd5c44522228599fd4d2990cedd1c,float16,3.861,CohereForCausalLM,Original,FAILED,2025-02-04 00:39:25,🔶 : 🔶 fine-tuned on domain-specific datasets,5777959,2024-09-23T09:37:08.397182,True,DRXD1000
DavieLion/Llama-3.2-1B-SPIN-iter0,,02c6491a2affea23c1e5d89d324a90d24a0e5381,bfloat16,1.777,?,Original,FINISHED,2025-03-09 03:34:33,"💬 : 💬 chat models (RLHF, DPO, IFT, ...)",13317525,2025-03-10T02:27:27.303094,False,CultriX
ConvexAI/Luminex-34B-v0.1,,d976a5d6768d54c5e59a88fe63238a055c30c06a,bfloat16,8.03,LlamaForCausalLM,Original,FINISHED,2025-02-27 12:50:22,🔶 : 🔶 fine-tuned on domain-specific datasets,14598190,2024-10-06T16:38:48.262592,True,SubtleOne
CohereForAI/aya-expanse-8b,,6f3fe686a79dcbcd5835ca100e194c49f493167b,bfloat16,14.77,Qwen2ForCausalLM,Original,FINISHED,2024-11-15 07:46:29,🔶 : 🔶 fine-tuned on domain-specific datasets,14685447,2025-03-10T00:20:20.979640,False,CombinHorizon
Columbia-NLP/LION-LLaMA-3-8b-sft-v1.0,,460053e9de243ea93116f750660db597a27c85b2,float16,3.213,Qwen2ForCausalLM,Original,FAILED,2024-09-08 17:14:28,🤝 : 🤝 base merges and moerges,5777961,2025-01-17T21:09:52.276710,True,Caesarisnotasalad
01-ai/Yi-1.5-34B-32K,,1138d6b3e3527b75e7331044b1f0589a90667e8d,float16,1.544,Qwen2ForCausalLM,Original,FINISHED,2024-10-29 02:35:25,fine-tuned,8096406,2024-10-08T06:30:11.731109,True,DeepMount00
BlackBeenie/Neos-Llama-3.1-8B,,53af159f98d8b428e719287f759500f95b601ee2,bfloat16,14.766,Qwen2ForCausalLM,Original,FAILED,2025-01-01 16:48:29,fine-tuned,14370317,2025-01-19T11:35:56.659069,False,Daemontatox
CultriX/SeQwence-14B,,967ee983e2a0b163c12da69f1f81aaf8ffb2a456,float16,76.723,Qwen2ForCausalLM,Original,FINISHED,2025-02-26 18:54:10,chat,14681140,2024-10-13T12:04:02.126544,True,DavidAU
01-ai/Yi-1.5-34B,,82c83d670a8954f4250547b53a057dea1fbd460d,bfloat16,14.766,LlamaForCausalLM,Original,FAILED,2024-07-08 19:52:30,🤝 : 🤝 base merges and moerges,9412768,2025-03-08T13:50:16.790028,False,Daemontatox
AGI-0/Artificium-llama3.1-8B-001,,645db1cf8ad952eb57854a133e8e15303b898b04,bfloat16,16.537,Qwen2ForCausalLM,Original,FINISHED,2025-03-09 03:35:22,🤝 : 🤝 base merges and moerges,14681141,2025-01-26T18:52:31.094186,True,
AI4free/Dhanishtha,,f65696da4ed82c9a20e94b200d9dccffa07af682,bfloat16,32.764,LlamaForCausalLM,Original,FINISHED,2024-09-20 12:17:17,fine-tuned,8767962,2025-01-13T12:49:34.099021,False,bedio
DeepAutoAI/Explore_Llama-3.2-1B-Inst,,07c1b6130747a2508a806d3b8df13e221312c713,float16,-1.0,MixtralForCausalLM,Original,FINISHED,2025-02-08 00:37:42,🤝 : 🤝 base merges and moerges,8774168,2024-10-28T16:45:28.093283,False,Daemontatox
Azure99/Blossom-V6-32B,,b29599acbef4cde587ea49725d7d825063bad077,float16,32.764,T5ForConditionalGeneration,Original,FAILED,2024-06-12 13:42:58,multimodal,-1,2024-10-16T18:13:38.851942,False,
3rd-Degree-Burn/Llama-3.1-8B-Squareroot,,b3dba86b0be166f3c4140e692d8cce45a5503bb4,bfloat16,1.544,LlamaForCausalLM,Original,FINISHED,2025-03-10 23:39:57,🤝 : 🤝 base merges and moerges,13048489,2025-03-01T18:01:04.787682,True,CultriX
1-800-LLMs/Qwen-2.5-14B-Hindi-Custom-Instruct,,b296254b1b36908cd5625c781d4df9c6ef99fec8,bfloat16,-1.0,MistralForCausalLM,Original,FINISHED,2025-03-08 20:37:07,fine-tuned,8904834,2025-01-19T10:51:24.329346,True,
AiMavenAi/Athena-70B-L3,,3da400d648b198211c81f61421bdcefac8073506,bfloat16,7.242,T5ForConditionalGeneration,Original,FINISHED,2025-03-02 22:01:46,fine-tuned,14691796,2024-10-01T16:56:50.572022,False,BramVanroy
DUAL-GPO/phi-2-dpo-chatml-i1,,a42c86c61b98ca4fdf238d688fe6ea11cf414d29,bfloat16,13.96,Qwen2ForCausalLM,Original,FINISHED,2024-06-12 12:06:28,🤝 : 🤝 base merges and moerges,5777969,2025-01-19T11:46:14.252748,False,pszemraj
Daemontatox/CogitoZ14,,ec151d218a24031eb039d92fb83d10445427efc9,bfloat16,32.512,MixtralForCausalLM,Original,FINISHED,2024-10-09 16:19:14,🤝 : 🤝 base merges and moerges,14691768,2024-06-17T10:55:12.393888,False,Daemontatox
CYFRAGOVPL/Llama-PLLuM-70B-base,,bfc745d1a347b74843671eb50687c2e88c07ec7d,bfloat16,10.159,Qwen2ForCausalLM,Original,FINISHED,2024-12-29 08:40:23,merge,-1,2025-01-26T08:12:56.706675,True,Baptiste-HUVELLE-10
DebateLabKIT/Llama-3.1-Argunaut-1-8B-SFT,,d805fe69b980f7295548d97e10264e8841392dbc,bfloat16,0.218,?,Original,FINISHED,2024-12-25 21:39:44,fine-tuned,8896298,2024-12-29T16:23:16.486775,True,AELLM
BEE-spoke-data/smol_llama-220M-GQA,,d6e0221f0a3fc019049cc411fddc2bf2f646519e,bfloat16,7.616,LlamaForCausalLM,Original,FAILED,2025-03-09 21:08:55,🔶 : 🔶 fine-tuned on domain-specific datasets,14681506,2024-10-10T14:02:49.014728,True,ggbetz
CarrotAI/Llama-3.2-Rabbit-Ko-3B-Instruct-2412,,e96df7ba6e989ee286da5d0b05a84525fdb56c53,bfloat16,8.03,LlamaForCausalLM,Original,FAILED,2025-01-11 04:12:30,🤝 : 🤝 base merges and moerges,13490694,2024-10-06T16:34:07.486181,False,Aashraf995
CultriX/Qwen2.5-14B-partialmergept1,,1d15e7941e6ceff5d6e4f293378947bee721a24d,float16,1.777,MistralForCausalLM,Original,FAILED,2025-02-22 13:20:31,🔶 : 🔶 fine-tuned on domain-specific datasets,8900548,2024-08-12T14:10:10.897901,False,bedio
Danielbrdz/Barcenas-3b-GRPO,,8896a9c03756dd01a912121946c9f838cebe3c63,bfloat16,72.706,Qwen2ForCausalLM,Original,FAILED,2024-07-04 14:49:21,chat,11988857,2024-06-16T21:23:08.057452,True,CombinHorizon
DavidAU/L3-Stheno-Maid-Blackroot-Grand-HORROR-16B,,3d014beed88fbc08c2998f25385a3811c4323954,float16,1.777,Qwen2ForCausalLM,Original,FINISHED,2025-03-03 08:13:50,🤝 : 🤝 base merges and moerges,14694099,2025-03-01T18:05:47.205127,True,
Daemontatox/MawaredT1,,bd07f90de0deaddea7e84a4a735663b9c1135c4c,bfloat16,8.03,Qwen2ForCausalLM,Original,FINISHED,2024-11-23 05:01:39,🔶 : 🔶 fine-tuned on domain-specific datasets,13624507,2024-09-14T04:38:05.201253,True,
Cran-May/merge_model_20250308_2,,ffc26e5c5ffbf42976e5bdc13ea858127eb96cf7,float16,1.777,Qwen2ForCausalLM,Original,FAILED,2024-09-17 23:46:43,continuously pretrained,13487613,2024-09-20T16:18:09.487601,False,DeepMount00
CYFRAGOVPL/PLLuM-8x7B-chat,,e1a32c9214158af0ad9a10d84a822abe7747f2ed,bfloat16,2.506,LlamaForCausalLM,Original,FINISHED,2024-06-13 17:58:54,fine-tuned,14364358,2025-01-16T12:14:31.600764,False,CultriX
Ateron/Way_of_MagPicaro,,828fa03c10e9085700b7abbe26f95067fab010fd,bfloat16,13.96,Qwen2ForCausalLM,Original,FINISHED,2025-01-20 20:58:00,🔶 : 🔶 fine-tuned on domain-specific datasets,-1,2024-08-12T16:19:02.507667,True,Shaleen123
BEE-spoke-data/zephyr-220m-dpo-full,,e80eee8915db0a090d5c251af049f53ba98a6c5f,float16,70.554,LlamaForCausalLM,Original,FINISHED,2024-10-01 16:54:22,🤝 : 🤝 base merges and moerges,8720766,2024-08-12T16:13:11.789604,True,alozowski
Alepach/notHumpback-M0,,7bc5a97a4faf8de6554255a287f76b1841f8572f,bfloat16,7.616,LlamaForCausalLM,Original,FINISHED,2025-02-06 05:07:21,"💬 : 💬 chat models (RLHF, DPO, IFT, ...)",14681172,2024-09-13T16:26:08.272721,False,SuperNintendoChalmers
01-ai/Yi-1.5-9B-Chat,,400974f4c14e78c9f0ea2660748e3b6d5253c350,bfloat16,6.124,CohereForCausalLM,Original,FINISHED,2024-09-15 14:40:25,fine-tuned,8097825,2025-01-16T02:19:21.728040,True,CultriX
AI4free/Dhanishtha,,56f9c2845ae024eb8b1dd9ea0d8891cbaf33c596,bfloat16,8.03,MistralForCausalLM,Original,FINISHED,2024-09-12 01:32:18,🔶 : 🔶 fine-tuned on domain-specific datasets,14596957,2024-11-27T13:22:07.575345,False,Amaorynho
CultriX/SeQwence-14Bv3,,b9848575c8731981dfcf2e1f3bfbcb917a2e585d,bfloat16,14.766,Qwen2ForCausalLM,Original,FINISHED,2025-03-02 20:59:08,merge,10146182,2024-12-25T21:43:20.695066,True,
BAAI/Infinity-Instruct-3M-0613-Mistral-7B,,1c5d6cb4b4b890acbd3c3d69e22c256f8146ab48,bfloat16,12.248,GPT2LMHeadModel,Original,FINISHED,2025-02-06 01:31:26,fine-tuned,8898352,2025-01-15T04:09:53.715063,True,CombinHorizon
DeepMount00/Llama-3-COT-ITA,,6f46a8f97ffe0f294e48b03e557c8ee8079de88c,bfloat16,12.248,LlamaForCausalLM,Original,FINISHED,2024-11-19 05:11:13,merge,10064156,2025-03-05T14:56:38.816015,False,Danielbrdz
CreitinGameplays/Mistral-Nemo-12B-R1-v0.1,,8143e34e77a49a30ec2617c5c9cc22cb3cda2287,bfloat16,8.829,LlamaForCausalLM,Original,FINISHED,2025-02-14 23:06:43,merge,14377917,,False,Ahmedhany216
DavidAU/L3-Dark-Planet-8B,,56dbbb4f972be887e5b57311a8a32e148e98d154,float16,0.124,Qwen2ForCausalLM,Original,FAILED,2024-12-29 16:21:19,🔶 : 🔶 fine-tuned on domain-specific datasets,14596948,2024-11-27T20:00:03.477606,True,AALF
CultriX/Qwen2.5-14B-Hyperionv4,,08e1e1ab428a591e74d849ff30bd8766474205bf,float16,8.03,LlamaForCausalLM,Original,FINISHED,2024-12-29 02:23:54,merge,14753575,2024-07-26T06:50:08.460944,False,Daemontatox
Danielbrdz/Barcenas-Llama3-8b-ORPO,,edf2840350e7fd55895d9df560b489ac10ecb95e,bfloat16,19.022,LlamaForCausalLM,Original,FINISHED,2024-11-27 09:35:54,🟢 : 🟢 pretrained,8828651,2024-11-25T22:31:02.565212,False,Danielbrdz
CultriX/Qwen2.5-14B-Brocav6,,ab34f2688e2254de4d73a580e1f8abb4a744c891,bfloat16,2.506,Qwen2ForCausalLM,Original,FAILED,2024-06-12 12:06:45,"💬 : 💬 chat models (RLHF, DPO, IFT, ...)",10690918,2024-08-12T16:11:50.315199,False,Daemontatox
01-ai/Yi-34B,,9ff20f5dd427e751ada834319bfdd9ea60b5e89c,bfloat16,12.248,MistralForCausalLM,Original,FINISHED,2025-03-10 02:12:07,🤝 : 🤝 base merges and moerges,14752973,2024-07-22T11:06:12.036422,False,DavidAU
Bllossom/llama-3.2-Korean-Bllossom-AICA-5B,DUAL-GPO/zephyr-7b-dpo-new-lora-v1-merged,5e908f66db8b042c7d9e92c38d21cc3fbebcab65,float16,34.389,LlamaForCausalLM,Original,FINISHED,2024-11-06 14:36:50,fine-tuned,8095669,2025-02-28T13:15:55.546514,False,Daemontatox
CohereForAI/aya-expanse-32b,,ed3eaa89db452e0c8dfad1a159f4d08578cfc787,float16,10.67,LlamaForCausalLM,Original,FINISHED,2025-02-27 21:50:01,fine-tuned,8095667,2025-01-27T20:09:01.613292,True,PocketDoc
BramVanroy/fietje-2-chat,,8a908eadce5fc13ddedab2c854433245de430e41,bfloat16,6.061,LlamaForCausalLM,Original,FAILED,2024-09-12 01:31:57,merge,5777963,2024-08-06T08:18:37.581059,True,legolasyiu
CultriX/Qwen2.5-DeepHyper,alpindale/Mistral-7B-v0.2-hf,38d5fbbe1d1201a03c425e0646ce15f5dfc27c12,bfloat16,8.829,LlamaForCausalLM,Original,FINISHED,2024-10-06 16:43:15,🔶 : 🔶 fine-tuned on domain-specific datasets,-1,2025-01-30T11:13:13.199725,True,BlackBeenie
Danielbrdz/Barcenas-14b-phi-4-v2,,fcd6c9a1d0f6acc5bffc7df72cd8e996a9573937,bfloat16,7.242,LlamaForCausalLM,Original,FINISHED,2024-08-29 07:17:11,merge,14690927,2024-06-16T17:26:08.455358,False,pszemraj
CombinHorizon/YiSM-blossom5.1-34B-SLERP,,cc054cf5953252d0709cb3267d1a85246e489e95,bfloat16,24.942,Qwen2ForCausalLM,Original,FINISHED,2025-01-21 06:15:14,fine-tuned,9335418,2024-09-02T13:15:57.355955,False,Chan-Y
Daemontatox/Zirel-7B-Math,,dbb6106453cedda4277e6bff2c86edd154d29946,bfloat16,1.236,Qwen2ForCausalLM,Original,FAILED,2025-02-15 22:45:46,🤝 : 🤝 base merges and moerges,8095124,2024-12-02T20:10:25.427471,True,
CultriX/Qwen2.5-14B-Hyperionv5,,69f38a595090ce6ba154b21d9d8b4c690f02b74e,bfloat16,14.766,LlamaForCausalLM,Original,FAILED,2024-09-22 01:21:06,fine-tuned,14598127,2025-03-03T08:14:36.471621,True,adamog234
0-hero/Matter-0.2-7B-DPO,,d573ad0cdb0ccfc194bc9c65dd81912dffeb1d35,float16,7.294,LlamaForCausalLM,Original,FINISHED,2025-01-01 02:43:47,fine-tuned,9555067,2024-07-25T19:13:14.210166,True,bedio
DavidAU/Gemma-The-Writer-J.GutenBerg-10B,,5e0d3bc7ca705a41f897a870efd4ff6ce455e20c,bfloat16,7.616,LlamaForCausalLM,Original,FAILED,2025-01-09 23:14:01,fine-tuned,14596843,2024-09-20T03:29:18.204391,True,
007ankit/mergekit-ties-xxazzps,,1af27994df1287a7fac1b10d60e40ca43a22a385,bfloat16,0.101,Qwen2ForCausalLM,Original,FINISHED,2025-03-10 02:15:26,"💬 : 💬 chat models (RLHF, DPO, IFT, ...)",14756298,2024-12-11T01:38:07.838483,False,Ahdoot
DUAL-GPO/zephyr-7b-dpo-0k-15k-i1-merged,,883dafbff4edb8c83ef58a33413d4e09e922a53d,bfloat16,7.616,MixtralForCausalLM,Original,FINISHED,2024-10-09 13:23:55,fine-tuned,7797983,2024-08-12T11:20:10.966718,False,Darkknight535
DavidAU/DeepSeek-R1-Distill-Qwen-25.5B-Brainstorm,,9daa0a45fa8c4018b7fd19e3ccfeea3ca39fc04b,bfloat16,3.213,LlamaForCausalLM,Original,FINISHED,2024-08-05 10:17:58,chat,13957039,2024-11-23T05:02:29.838630,True,
Baptiste-HUVELLE-10/LeTriomphant2.2_ECE_iLAB,,0a590a4c6ec9ea7ba74a6eb91927b68accc9bb91,float16,8.03,Gemma2ForCausalLM,Original,FAILED,2024-12-23 19:32:30,🤝 : 🤝 base merges and moerges,13522334,2024-06-17T10:53:22.862324,False,
Deci/DeciLM-7B,,d40847d2981b588690c1dc21d5157d3f4afb2978,bfloat16,14.766,Qwen2ForCausalLM,Original,FINISHED,2024-09-10 03:31:50,🔶 : 🔶 fine-tuned on domain-specific datasets,14691859,2024-10-29T02:37:31.514034,True,CarrotAI
CultriX/Qwen2.5-14B-Hyperionv3,,7e82a272468b192ca0afcc44e70c648357d30a73,bfloat16,14.766,LlamaForCausalLM,Original,FINISHED,2024-10-24 19:30:00,🔶 : 🔶 fine-tuned on domain-specific datasets,14752974,2025-02-18T16:46:54.721747,True,
Daemontatox/AetherPIXTRAL,,542bfbd2e6fb25ecd11b84d956764eb23233a034,bfloat16,14.766,Gemma2ForCausalLM,Original,FINISHED,2025-02-16 05:55:47,fine-tuned,14752982,2025-03-08T21:32:32.865356,True,Alsebay
CausalLM/34b-beta,Llama-2-7b-chat-hf,26fc8daed2a8e4ccf3c6b46622e8248e79196b31,bfloat16,3.086,LlamaForCausalLM,Original,FINISHED,2025-01-16 00:59:17,fine-tuned,14681181,2024-12-27T07:27:31.923843,True,CombinHorizon
01-ai/Yi-34B-Chat,,4c626138c9f4e0c3eafe74b2755eb89334c7ca59,bfloat16,8.03,LlamaForCausalLM,Original,FINISHED,2025-01-11 06:28:36,🔶 : 🔶 fine-tuned on domain-specific datasets,14749779,2024-08-12T14:35:12.310684,True,
BlackBeenie/llama-3-luminous-merged,,e0b1e5ec44b5dac34aa3bf99e0faf7c6c3f1390f,bfloat16,8.829,LlamaForCausalLM,Original,FINISHED,2025-01-19 11:45:05,🔶 : 🔶 fine-tuned on domain-specific datasets,14395507,2024-08-12T16:14:26.169137,True,BlackBeenie
Daemontatox/Cogito-Ultima,,73c3a7bb1d8bc33dbfb1418f607e115a61d6720a,float16,16.537,Gemma2ForCausalLM,Original,FINISHED,2025-02-15 20:46:59,pretrained,5777953,2024-12-20T06:45:48.582657,False,CultriX
Cran-May/merge_model_20250308_3,,fa00543296f2731793dfb0aac667571ccf1abb5b,bfloat16,10.67,LlamaForCausalLM,Original,FAILED,2025-01-11 06:24:08,merge,8673456,2025-02-24T03:15:47.610372,False,BoltMonkey
01-ai/Yi-Coder-9B-Chat,,cde6f0126310f38b6781cc26cdb9a02416b896b9,bfloat16,32.76,Qwen2ForCausalLM,Original,FINISHED,2025-03-10 14:29:39,fine-tuned,5780183,2025-02-06T06:56:11.625422,True,Daemontatox
BrainWave-ML/llama3.2-3B-maths-orpo,AiMavenAi/AiMaven-Prometheus,bf8266f0b2e558c7be2eddbd06cdcb71f071b48f,float16,14.766,Qwen2Model,Original,FINISHED,2025-03-07 19:52:47,🔶 : 🔶 fine-tuned on domain-specific datasets,8767959,2024-12-29T05:20:05.470773,True,Daemontatox
Azure99/blossom-v5.1-9b,,771924d1c83d67527d665913415d7086f11ea9c0,bfloat16,7.616,LlamaForCausalLM,Original,FINISHED,2025-03-05 10:42:57,merge,13669695,2025-01-06T12:29:54.169990,False,Cran-May
DeepAutoAI/d2nwg_causal_gpt2,,de6e80a0df81488866124ceb725de64cc10d8b7e,float16,14.66,Qwen2ForCausalLM,Original,FAILED,2024-09-19 03:33:26,fine-tuned,14691861,2024-08-12T16:16:06.056231,False,CombinHorizon
CultriX/SeQwence-14Bv2,,9ffc8a60fa1b88ccaf6fbb799070c03d53454542,float16,7.616,?,Original,FAILED,2024-06-12 12:26:55,merge,14767815,2025-01-19T18:37:13.241280,False,PocketDoc
BAAI/Infinity-Instruct-3M-0625-Mistral-7B,,10e2f6bd3bb254f7e4e6857ab2799aaa9c855876,float16,8.03,Qwen2ForCausalLM,Original,FINISHED,2024-06-28 00:54:22,🔶 : 🔶 fine-tuned on domain-specific datasets,13522971,2024-12-07T04:23:46.082534,True,ggbetz
BlackBeenie/mistral-7b-cot-neftune-v0.1,,89dedd479d5cd0be75d1ca638ec3b44440d13411,bfloat16,10.67,LlamaForCausalLM,Original,FINISHED,2025-02-28 13:06:59,🔶 : 🔶 fine-tuned on domain-specific datasets,9556023,2024-10-25T10:57:13.007307,True,
Deci/DeciLM-6b,,4a1c28ee08d98008b5ec2b7bf774d608586fcc88,bfloat16,32.764,LlamaForCausalLM,Original,FINISHED,2024-11-02 18:23:20,🤝 : 🤝 base merges and moerges,8095293,2024-09-21T15:23:21.155659,False,DavieLion
DavidAU/MN-Rocinante-18.5B-v1.1-Instruct,mistralai/Mistral-7B-v0.1,b7dd53b35d0c7c9e162cd336f5c9d8a13dbf6992,4bit,7.042,LlamaForCausalLM,Original,FINISHED,2024-11-18 19:32:54,merge,8896304,2024-09-14T23:06:28.860170,False,Cran-May
