episode_id,source_path,outcome,num_frames,num_track_points,external_cameras,wrist_camera,cameras_with_2d_tracks,cam2base_calibration,fx,fy,cx,cy,width,height,k1,k2,p1,p2,k3
,,failure,103.0,,,,,"{'AUTOLab+84bd5053+2023-07-21-13h-13m-17s': {'relative_path': 'AUTOLab/failure/2023-07-21/Fri_Jul_21_13:13:17_2023', '22008760': [0.25542015020200937, 0.8138909353166303, 0.39844534295161027, -1.7535007872739103, 0.02562944898111974, -2.617874160159564], '22008760_metric_type': 'IoU', '22008760_quality_metric': 0.8774137701424957, '22008760_source': 'GT', '24400334': [0.08545809493325633, -0.34197336132918005, 0.3248291341672271, -1.9073229362852633, -0.1406949129959143, -0.8495768448543879], '24400334_metric_type': 'num_matches', '24400334_quality_metric': 27894.0, '24400334_source': 'Pred'}}",531.81982421875,732.2020874023438,636.1510620117188,,1280.0,,0.0,0.0,0.0,0.0,
,,failure,,,,18026681,,"{'AUTOLab+84bd5053+2023-07-14-17h-09m-06s': {'relative_path': 'AUTOLab/failure/2023-07-14/Fri_Jul_14_17:09:06_2023', '24400334': [0.3031079935887764, -0.45131159576841506, 0.31521804528985303, -1.8887856213791974, 0.12518282678204606, -0.19364109226439705], '24400334_metric_type': 'IoU', '24400334_quality_metric': 0.8784382908151467, '24400334_source': 'GT', '22008760': [0.17811928585137105, 0.5943622507308899, 0.40924031483785406, -2.0594647784676665, -0.11833995749657422, -2.6282221169607483], '22008760_metric_type': 'num_matches', '22008760_quality_metric': 50340.0, '22008760_source': 'Pred'}}",531.7679443359375,524.385009765625,636.1512451171875,,1280.0,720.0,0.0,,0.0,0.0,0.0
,,,109.0,,,,,"{'AUTOLab+5d05c5aa+2023-07-23-22h-02m-53s': {'relative_path': 'AUTOLab/failure/2023-07-23/Sun_Jul_23_22:02:53_2023', '24400334': [0.1600668813760454, -0.34341619570066945, 0.29205623181587126, -1.9567320708808555, -0.04042690949690764, -0.7541418269594482], '24400334_metric_type': 'IoU', '24400334_quality_metric': 0.6160911344266748, '24400334_source': 'GT', '22008760': [0.34378226801201683, 0.6077176892644542, 0.38300961271615525, -2.0299008017966393, -0.023509821375950368, -2.755831998044179], '22008760_metric_type': 'IoU', '22008760_quality_metric': 0.6780218183579325, '22008760_source': 'GT'}}",732.2020874023438,531.7679443359375,640.0441284179688,370.2781677246094,,720.0,0.0,0.0,0.0,0.0,0.0
AUTOLab+84bd5053+2023-07-14-17h-25m-34s,,,,960.0,"['24400334', '22008760']",18026681,,,732.2020874023438,,640.0441284179688,365.7880554199219,,,,,,0.0,0.0
,,,,960.0,,,,,732.2020874023438,524.4169921875,639.7766723632812,,1280.0,720.0,0.0,,0.0,0.0,0.0
AUTOLab+84bd5053+2023-07-08-10h-00m-17s,,failure,,960.0,,18026681,"['24400334', '22008760', '18026681']",,,531.8850708007812,,,1280.0,720.0,0.0,0.0,,,0.0
,,,87.0,,"['24400334', '22008760']",18026681,"['22008760', '24400334', '18026681']","{'AUTOLab+5d05c5aa+2023-07-07-10h-00m-27s': {'relative_path': 'AUTOLab/failure/2023-07-07/Fri_Jul__7_10:00:27_2023', '24400334': [0.2596757315060087, -0.36626259649963777, 0.24849304837972613, -1.742115402153725, -0.0012127426938948194, -0.7149867215760838], '24400334_metric_type': 'IoU', '24400334_quality_metric': 0.6712943316156411, '24400334_source': 'GT', '22008760': [0.4039752945788883, 0.47318839256292644, 0.27170584157181743, -1.6827143529296786, 0.07550227077885108, -2.668292283962724], '22008760_metric_type': 'IoU', '22008760_quality_metric': 0.6186910915171785, '22008760_source': 'GT'}}",732.2020874023438,531.8297729492188,639.776123046875,,1280.0,720.0,0.0,,,0.0,0.0
,,,,960.0,,,,,531.8741455078125,,,370.2776184082031,,720.0,0.0,0.0,0.0,,0.0
,,,,960.0,"['24400334', '22008760']",,,,524.2562255859375,524.3674926757812,639.7770385742188,,1280.0,,0.0,0.0,,0.0,0.0
,AUTOLab/failure/2023-07-26/Wed_Jul_26_16:56:50_2023,,254.0,,,,,,,524.4598999023438,639.7781982421875,365.7880554199219,1280.0,720.0,0.0,0.0,0.0,0.0,0.0
,,,,960.0,"['24400334', '22008760']",,"['24400334', '22008760', '18026681']",,531.8776245117188,531.7877197265625,640.0441284179688,,1280.0,,,0.0,0.0,0.0,0.0
,,,,,,,,"{'AUTOLab+5d05c5aa+2023-07-07-18h-40m-42s': {'relative_path': 'AUTOLab/failure/2023-07-07/Fri_Jul__7_18:40:42_2023', '24400334': [0.30003995443526366, -0.4658078662612428, 0.3150260527908532, -1.8838427680005083, 0.07737475858958254, -0.7168887900569086], '24400334_metric_type': 'IoU', '24400334_quality_metric': 0.684793428263079, '24400334_source': 'GT', '22008760': [0.42155542255650963, 0.4283417332661078, 0.34060748682701825, -2.0115951547787603, -0.10234365161883052, -2.3089979996777203], '22008760_metric_type': 'IoU', '22008760_quality_metric': 0.9217863800420418, '22008760_source': 'GT'}}",,732.2020874023438,636.1526489257812,365.7880554199219,,720.0,0.0,,0.0,0.0,0.0
,AUTOLab/failure/2023-07-14/Fri_Jul_14_17:00:11_2023,failure,175.0,960.0,,,,,524.4526977539062,732.2020874023438,640.0441284179688,,1280.0,,,0.0,,,0.0
,AUTOLab/failure/2023-07-21/Fri_Jul_21_13:07:39_2023,failure,478.0,,,,,,524.3514404296875,,640.0441284179688,370.27752685546875,1280.0,720.0,,,0.0,0.0,0.0
,,failure,,,,,,,,,636.1511840820312,,1280.0,720.0,0.0,,,0.0,
,,,119.0,,"['22008760', '24400334']",,,,732.2020874023438,732.2020874023438,639.77880859375,344.0088195800781,1280.0,,0.0,,0.0,0.0,
,,,,,"['24400334', '22008760']",,"['24400334', '22008760', '18026681']",,524.3674926757812,,640.0441284179688,370.27783203125,1280.0,720.0,0.0,,0.0,0.0,0.0
,AUTOLab/failure/2023-07-21/Fri_Jul_21_12:57:38_2023,failure,,,,,,"{'AUTOLab+5d05c5aa+2023-07-13-11h-31m-03s': {'relative_path': 'AUTOLab/failure/2023-07-13/Thu_Jul_13_11:31:03_2023', '24400334': [0.28168829212273516, -0.48982425827139536, 0.29958134735889164, -1.9260917296512057, -0.01594116473449625, -0.7112080063957732], '24400334_metric_type': 'IoU', '24400334_quality_metric': 0.8315391994153204, '24400334_source': 'GT', '22008760': [0.4469095641130539, 0.4329151945348587, 0.4049502812203877, -1.9920164591077247, 0.05988320728808638, -2.721137041801416], '22008760_metric_type': 'IoU', '22008760_quality_metric': 0.8012196635288695, '22008760_source': 'GT'}}",531.790283203125,524.3390502929688,640.0441284179688,365.7880554199219,1280.0,720.0,0.0,0.0,0.0,0.0,
,,,,,,,,"{'AUTOLab+84bd5053+2023-07-21-12h-57m-54s': {'relative_path': 'AUTOLab/failure/2023-07-21/Fri_Jul_21_12:57:54_2023', '22008760': [0.25542015020200937, 0.8138909353166303, 0.39844534295161027, -1.7535007872739103, 0.02562944898111974, -2.617874160159564], '22008760_metric_type': 'IoU', '22008760_quality_metric': 0.8670133512518624, '22008760_source': 'GT', '24400334': [0.08798181093123866, -0.37461042289306234, 0.3084912017291619, -1.8763879167957556, -0.13496446803276374, -0.8185348697966429], '24400334_metric_type': 'num_matches', '24400334_quality_metric': 35585.0, '24400334_source': 'Pred'}}",,,640.0441284179688,,1280.0,720.0,0.0,0.0,,,
AUTOLab+84bd5053+2023-07-21-12h-57m-54s,,,95.0,960.0,,,,,531.8255615234375,531.9699096679688,636.15087890625,,,720.0,,0.0,0.0,0.0,
,AUTOLab/failure/2023-07-21/Fri_Jul_21_14:43:24_2023,,,,,,"['24400334', '22008760', '18026681']","{'AUTOLab+84bd5053+2023-07-14-16h-53m-39s': {'relative_path': 'AUTOLab/failure/2023-07-14/Fri_Jul_14_16:53:39_2023', '24400334': [0.3031079935887764, -0.45131159576841506, 0.31521804528985303, -1.8887856213791974, 0.12518282678204606, -0.19364109226439705], '24400334_metric_type': 'IoU', '24400334_quality_metric': 0.8995339009384128, '24400334_source': 'GT', '22008760': [0.16894433393656574, 0.5822615314563266, 0.4001070463815546, -2.0518257494067096, -0.1170849647929062, -2.6137844612389944], '22008760_metric_type': 'num_matches', '22008760_quality_metric': 50426.0, '22008760_source': 'Pred'}}",531.8335571289062,732.2020874023438,640.0441284179688,370.277587890625,1280.0,720.0,0.0,,0.0,0.0,
,,,,,,18026681,,,,524.469970703125,,365.7880554199219,1280.0,720.0,,0.0,0.0,,0.0
AUTOLab+5d05c5aa+2023-07-13-11h-27m-07s,,,,,,,"['24400334', '22008760', '18026681']",,524.3749389648438,531.9974365234375,636.1527099609375,,1280.0,,0.0,,0.0,,0.0
AUTOLab+5d05c5aa+2023-07-07-16h-11m-43s,,failure,613.0,,"['22008760', '24400334']",,,,524.3278198242188,524.4942016601562,,370.2779235839844,1280.0,720.0,,,0.0,0.0,
,,,,,,,,,,531.8023681640625,639.7740478515625,,1280.0,720.0,0.0,0.0,0.0,0.0,0.0
,,,170.0,,,18026681,,"{'AUTOLab+5d05c5aa+2023-07-23-21h-33m-22s': {'relative_path': 'AUTOLab/failure/2023-07-23/Sun_Jul_23_21:33:22_2023', '24400334': [0.09217052007980975, -0.3978484491408021, 0.3461051084316109, -2.019682191248893, 0.06498338417853766, -0.7268891849000068], '24400334_metric_type': 'Reprojection_error', '24400334_quality_metric': 10.220315933227539, '24400334_source': 'Pred', '22008760': [0.34378226801201683, 0.6077176892644542, 0.38300961271615525, -2.0299008017966393, -0.023509821375950368, -2.755831998044179], '22008760_metric_type': 'IoU', '22008760_quality_metric': 0.6110301365708172, '22008760_source': 'GT'}}",732.2020874023438,531.871337890625,,344.0085754394531,1280.0,,0.0,0.0,,0.0,0.0
,,,,,"['24400334', '22008760']",,"['22008760', '24400334', '18026681']",,531.8638305664062,531.9303588867188,636.1520385742188,365.7880554199219,1280.0,720.0,,0.0,0.0,0.0,0.0
,,,,,,,,,,524.3590087890625,639.7763061523438,365.7880554199219,1280.0,720.0,,,,0.0,
AUTOLab+84bd5053+2023-07-08-09h-47m-56s,,,1031.0,,,,,,524.4473266601562,531.8028564453125,636.152099609375,,1280.0,720.0,,0.0,0.0,0.0,0.0
AUTOLab+84bd5053+2023-07-14-16h-47m-37s,AUTOLab/failure/2023-07-21/Fri_Jul_21_12:44:49_2023,,,,"['24400334', '22008760']",,"['24400334', '22008760', '18026681']",,,524.3557739257812,639.7791748046875,370.2777099609375,1280.0,720.0,0.0,0.0,0.0,0.0,0.0
,,failure,112.0,960.0,,,,,732.2020874023438,531.8497314453125,636.1517333984375,370.2782897949219,1280.0,720.0,0.0,,0.0,,0.0
,,,,,,18026681,"['22008760', '24400334', '18026681']",,,,636.1524658203125,370.27691650390625,1280.0,720.0,0.0,0.0,0.0,,0.0
,,,,,,,,"{'AUTOLab+84bd5053+2023-07-21-13h-13m-00s': {'relative_path': 'AUTOLab/failure/2023-07-21/Fri_Jul_21_13:13:00_2023', '22008760': [0.25542015020200937, 0.8138909353166303, 0.39844534295161027, -1.7535007872739103, 0.02562944898111974, -2.617874160159564], '22008760_metric_type': 'IoU', '22008760_quality_metric': 0.8781408413614519, '22008760_source': 'GT', '24400334': [0.09159656509433016, -0.3575427983675294, 0.3207254913087088, -1.9051212474452783, -0.13804665394102078, -0.8444511652381741], '24400334_metric_type': 'num_matches', '24400334_quality_metric': 29079.0, '24400334_source': 'Pred'}}",531.7634887695312,,,344.0086669921875,,720.0,0.0,0.0,0.0,0.0,0.0
AUTOLab+5d05c5aa+2023-07-13-11h-31m-03s,,,175.0,,,,,,531.74609375,531.89453125,,344.00848388671875,1280.0,720.0,0.0,0.0,,0.0,0.0
AUTOLab+84bd5053+2023-07-21-15h-49m-36s,,,,,,,"['24400334', '22008760', '18026681']","{'AUTOLab+5d05c5aa+2023-07-23-20h-52m-15s': {'relative_path': 'AUTOLab/failure/2023-07-23/Sun_Jul_23_20:52:15_2023', '22008760': [0.34378226801201683, 0.6077176892644542, 0.38300961271615525, -2.0299008017966393, -0.023509821375950368, -2.755831998044179], '22008760_metric_type': 'IoU', '22008760_quality_metric': 0.6002794352722969, '22008760_source': 'GT', '24400334': [0.17850923851543837, -0.2273772312518754, 0.3221637099675958, -1.9632428039387226, -0.07127306636745168, -0.769888676024699], '24400334_metric_type': 'num_matches', '24400334_quality_metric': 41616.0, '24400334_source': 'Pred'}}",524.3305053710938,524.3803100585938,636.15185546875,344.00872802734375,1280.0,,,,0.0,0.0,0.0
,,,,,"['22008760', '24400334']",,"['24400334', '22008760', '18026681']",,732.2020874023438,531.8212890625,640.0441284179688,370.27874755859375,1280.0,720.0,0.0,0.0,0.0,0.0,0.0
,,,,,,,,"{'AUTOLab+84bd5053+2023-07-21-12h-14m-36s': {'relative_path': 'AUTOLab/failure/2023-07-21/Fri_Jul_21_12:14:36_2023', '24400334': [0.13571399730802516, -0.5260054242697205, 0.2991680466882737, -1.9129159808305245, -0.07570182865119501, -0.729133410079116], '24400334_metric_type': 'IoU', '24400334_quality_metric': 0.7188920280063874, '24400334_source': 'GT', '22008760': [0.25542015020200937, 0.8138909353166303, 0.39844534295161027, -1.7535007872739103, 0.02562944898111974, -2.617874160159564], '22008760_metric_type': 'IoU', '22008760_quality_metric': 0.8561794271236797, '22008760_source': 'GT'}}",,524.3514404296875,640.0441284179688,344.008544921875,1280.0,720.0,0.0,0.0,0.0,0.0,0.0
AUTOLab+84bd5053+2023-07-14-16h-01m-40s,,,,,,,,,531.820068359375,732.2020874023438,,365.7880554199219,1280.0,720.0,0.0,0.0,0.0,,0.0
,AUTOLab/failure/2023-07-14/Fri_Jul_14_15:14:11_2023,,,,"['24400334', '22008760']",,,"{'AUTOLab+5d05c5aa+2023-07-13-10h-58m-28s': {'relative_path': 'AUTOLab/failure/2023-07-13/Thu_Jul_13_10:58:28_2023', '24400334': [0.28168829212273516, -0.48982425827139536, 0.29958134735889164, -1.9260917296512057, -0.01594116473449625, -0.7112080063957732], '24400334_metric_type': 'IoU', '24400334_quality_metric': 0.6305812566491505, '24400334_source': 'GT', '22008760': [0.4469095641130539, 0.4329151945348587, 0.4049502812203877, -1.9920164591077247, 0.05988320728808638, -2.721137041801416], '22008760_metric_type': 'IoU', '22008760_quality_metric': 0.8512918848489318, '22008760_source': 'GT'}}",524.4066162109375,524.5068359375,639.7775268554688,,,720.0,0.0,0.0,0.0,,0.0
,,,,960.0,,,,,531.8195190429688,531.7340087890625,640.0441284179688,,1280.0,,0.0,0.0,0.0,0.0,0.0
AUTOLab+5d05c5aa+2023-07-13-11h-23m-16s,,,,,,,,"{'AUTOLab+84bd5053+2023-07-14-16h-41m-54s': {'relative_path': 'AUTOLab/failure/2023-07-14/Fri_Jul_14_16:41:54_2023', '24400334': [0.3031079935887764, -0.45131159576841506, 0.31521804528985303, -1.8887856213791974, 0.12518282678204606, -0.19364109226439705], '24400334_metric_type': 'IoU', '24400334_quality_metric': 0.89174350905844, '24400334_source': 'GT', '22008760': [0.16936966361355835, 0.6031901216531109, 0.39725208170552245, -2.045798296742523, -0.12129321608282773, -2.627058025913279], '22008760_metric_type': 'num_matches', '22008760_quality_metric': 61891.0, '22008760_source': 'Pred'}}",,524.3784790039062,636.1505126953125,344.0086669921875,1280.0,720.0,0.0,0.0,0.0,0.0,
,,,93.0,,,,"['24400334', '22008760', '18026681']",,524.4508056640625,732.2020874023438,639.7747802734375,370.2774353027344,1280.0,,0.0,0.0,0.0,0.0,0.0
,AUTOLab/failure/2023-07-14/Fri_Jul_14_16:52:02_2023,,,,,18026681,,,732.2020874023438,732.2020874023438,636.1513671875,370.2779541015625,1280.0,720.0,,0.0,0.0,0.0,
AUTOLab+5d05c5aa+2023-07-07-16h-27m-21s,,,,960.0,,,,,732.2020874023438,524.412841796875,640.0441284179688,370.2779541015625,1280.0,,,0.0,,0.0,
AUTOLab+84bd5053+2023-07-14-16h-57m-29s,AUTOLab/failure/2023-07-07/Fri_Jul__7_18:40:42_2023,,,,,,"['22008760', '24400334', '18026681']","{'AUTOLab+84bd5053+2023-07-21-12h-58m-33s': {'relative_path': 'AUTOLab/failure/2023-07-21/Fri_Jul_21_12:58:33_2023', '22008760': [0.25542015020200937, 0.8138909353166303, 0.39844534295161027, -1.7535007872739103, 0.02562944898111974, -2.617874160159564], '22008760_metric_type': 'IoU', '22008760_quality_metric': 0.8886867784767734, '22008760_source': 'GT', '24400334': [0.08862568501356241, -0.3494774069133261, 0.31383160613509964, -1.892910154913529, -0.13431974123454493, -0.8431551377074143], '24400334_metric_type': 'num_matches', '24400334_quality_metric': 32835.0, '24400334_source': 'Pred'}}",524.3265991210938,,636.1522216796875,370.2777404785156,1280.0,720.0,0.0,,0.0,0.0,0.0
AUTOLab+5d05c5aa+2023-07-07-18h-43m-03s,,,,,,,,"{'AUTOLab+84bd5053+2023-07-14-17h-21m-43s': {'relative_path': 'AUTOLab/failure/2023-07-14/Fri_Jul_14_17:21:43_2023', '24400334': [0.3031079935887764, -0.45131159576841506, 0.31521804528985303, -1.8887856213791974, 0.12518282678204606, -0.19364109226439705], '24400334_metric_type': 'IoU', '24400334_quality_metric': 0.848850156443416, '24400334_source': 'GT', '22008760': [0.1660159784137702, 0.5610376985155454, 0.412386697774466, -2.0756959948999336, -0.10732544175419645, -2.5998491290550256], '22008760_metric_type': 'num_matches', '22008760_quality_metric': 42167.0, '22008760_source': 'Pred'}}",,524.4102172851562,,344.00860595703125,1280.0,720.0,0.0,0.0,0.0,0.0,0.0
AUTOLab+5d05c5aa+2023-07-13-11h-13m-10s,,,,960.0,"['24400334', '22008760']",18026681,,,531.7564086914062,732.2020874023438,,370.27789306640625,1280.0,,0.0,0.0,0.0,0.0,
,,,163.0,,"['24400334', '22008760']",,"['24400334', '22008760', '18026681']",,,732.2020874023438,636.15234375,370.27838134765625,1280.0,720.0,0.0,0.0,,0.0,0.0
,,failure,,,,,,,,524.3540649414062,640.0441284179688,365.7880554199219,1280.0,720.0,0.0,0.0,0.0,0.0,0.0
,,,76.0,,"['24400334', '22008760']",,,,531.83837890625,732.2020874023438,636.15234375,365.7880554199219,1280.0,720.0,0.0,,0.0,0.0,0.0
,,,71.0,,,,,,524.385009765625,524.4097290039062,636.1521606445312,365.7880554199219,1280.0,,0.0,0.0,,0.0,0.0
,AUTOLab/failure/2023-07-08/Sat_Jul__8_11:42:17_2023,,,,"['22008760', '24400334']",,,"{'AUTOLab+84bd5053+2023-07-14-17h-28m-24s': {'relative_path': 'AUTOLab/failure/2023-07-14/Fri_Jul_14_17:28:24_2023', '24400334': [0.3031079935887764, -0.45131159576841506, 0.31521804528985303, -1.8887856213791974, 0.12518282678204606, -0.19364109226439705], '24400334_metric_type': 'IoU', '24400334_quality_metric': 0.9061419667415277, '24400334_source': 'GT', '22008760': [0.17405863558081439, 0.5767252301329417, 0.41102571183023945, -2.070755017357145, -0.11202794043055286, -2.6163915801724715], '22008760_metric_type': 'num_matches', '22008760_quality_metric': 45920.0, '22008760_source': 'Pred'}}",732.2020874023438,732.2020874023438,639.7760009765625,365.7880554199219,,,0.0,,0.0,0.0,0.0
,,,,,,,,,,732.2020874023438,640.0441284179688,,1280.0,720.0,,,0.0,0.0,
,,,165.0,,,18026681,"['24400334', '22008760', '18026681']",,531.9081420898438,,636.1525268554688,365.7880554199219,1280.0,720.0,,0.0,0.0,0.0,0.0
,,,,960.0,,,,,,732.2020874023438,639.777587890625,344.00909423828125,,720.0,0.0,0.0,0.0,,0.0
,,,,,"['24400334', '22008760']",,,"{'AUTOLab+84bd5053+2023-07-21-12h-37m-16s': {'relative_path': 'AUTOLab/failure/2023-07-21/Fri_Jul_21_12:37:16_2023', '24400334': [0.13571399730802516, -0.5260054242697205, 0.2991680466882737, -1.9129159808305245, -0.07570182865119501, -0.729133410079116], '24400334_metric_type': 'IoU', '24400334_quality_metric': 0.6492747784045125, '24400334_source': 'GT', '22008760': [0.25542015020200937, 0.8138909353166303, 0.39844534295161027, -1.7535007872739103, 0.02562944898111974, -2.617874160159564], '22008760_metric_type': 'IoU', '22008760_quality_metric': 0.875485054265446, '22008760_source': 'GT'}}",531.843994140625,,639.7758178710938,365.7880554199219,,720.0,0.0,0.0,0.0,0.0,0.0
AUTOLab+84bd5053+2023-07-21-12h-24m-18s,,,,,,,,"{'AUTOLab+5d05c5aa+2023-07-07-18h-59m-42s': {'relative_path': 'AUTOLab/failure/2023-07-07/Fri_Jul__7_18:59:42_2023', '24400334': [0.3543383290387372, -0.48539109490663446, 0.25882850826018133, -1.7786013301638655, 0.07299281322770179, -0.5207178547114876], '24400334_metric_type': 'Reprojection_error', '24400334_quality_metric': 18.991409301757812, '24400334_source': 'Pred', '22008760': [0.42155542255650963, 0.4283417332661078, 0.34060748682701825, -2.0115951547787603, -0.10234365161883052, -2.3089979996777203], '22008760_metric_type': 'IoU', '22008760_quality_metric': 0.8707840476963941, '22008760_source': 'GT'}}",,531.77880859375,639.7759399414062,365.7880554199219,1280.0,720.0,0.0,0.0,0.0,0.0,0.0
,AUTOLab/failure/2023-07-07/Fri_Jul__7_18:51:08_2023,,145.0,960.0,,18026681,,"{'AUTOLab+84bd5053+2023-07-21-14h-42m-01s': {'relative_path': 'AUTOLab/failure/2023-07-21/Fri_Jul_21_14:42:01_2023', '22008760': [0.2544810106537049, 0.81710616305262, 0.39850798124203, -1.771547130906803, 0.022984560108673557, -2.6101066832711513], '22008760_metric_type': 'IoU', '22008760_quality_metric': 0.91882553220179, '22008760_source': 'GT', '24400334': [0.09527006905317902, -0.30607534223777405, 0.3088472627156236, -1.9095172942313956, -0.12783491336937125, -0.8519772213498061], '24400334_metric_type': 'num_matches', '24400334_quality_metric': 25740.0, '24400334_source': 'Pred'}}",524.4172973632812,524.366943359375,636.1516723632812,344.00897216796875,1280.0,,0.0,,0.0,0.0,
AUTOLab+84bd5053+2023-07-14-16h-57m-00s,,failure,126.0,,,18026681,,,524.3651733398438,,636.1524658203125,344.00860595703125,1280.0,720.0,0.0,0.0,0.0,0.0,0.0
,,,,960.0,,18026681,"['24400334', '22008760', '18026681']",,,,639.7769165039062,,1280.0,720.0,0.0,,,,0.0
,,,,960.0,"['24400334', '22008760']",,,,531.7861938476562,524.3543701171875,639.7764892578125,365.7880554199219,1280.0,,0.0,0.0,,0.0,0.0
,,,96.0,,,,,,531.8073120117188,,,365.7880554199219,1280.0,720.0,0.0,,0.0,,0.0
AUTOLab+5d05c5aa+2023-07-13-11h-33m-14s,,failure,,,,,,"{'AUTOLab+5d05c5aa+2023-07-26-17h-05m-24s': {'relative_path': 'AUTOLab/failure/2023-07-26/Wed_Jul_26_17:05:24_2023', '24400334': [0.22496777546106378, -0.46252874908001973, 0.34986507477851264, -1.919259985032204, 0.0026313439193381694, -0.8400293181105547], '24400334_metric_type': 'IoU', '24400334_quality_metric': 0.824597606273215, '24400334_source': 'GT', '22008760': [0.3466221963851771, 0.5721798354453999, 0.38273747009892917, -2.0399492550211185, -0.019194463011699803, -2.81868606940933], '22008760_metric_type': 'IoU', '22008760_quality_metric': 0.8557980830232678, '22008760_source': 'GT'}}",524.357177734375,524.3864135742188,,344.0089111328125,1280.0,,,,0.0,0.0,0.0
,AUTOLab/failure/2023-07-21/Fri_Jul_21_12:56:19_2023,,158.0,,,18026681,,,,524.4066162109375,,365.7880554199219,1280.0,720.0,,0.0,0.0,,0.0
,AUTOLab/failure/2023-07-14/Fri_Jul_14_17:15:41_2023,,,960.0,,,,,524.5068359375,732.2020874023438,636.1524658203125,,1280.0,,0.0,0.0,0.0,0.0,0.0
,,,661.0,,,,,,,732.2020874023438,639.77783203125,344.0084228515625,1280.0,720.0,,0.0,0.0,0.0,0.0
AUTOLab+84bd5053+2023-07-21-13h-00m-19s,,failure,450.0,960.0,"['24400334', '22008760']",18026681,,,732.2020874023438,531.8073120117188,636.15185546875,365.7880554199219,1280.0,720.0,0.0,0.0,0.0,,0.0
,,,70.0,960.0,,,"['22008760', '24400334', '18026681']",,531.7538452148438,531.7564086914062,,370.2777404785156,,720.0,0.0,0.0,0.0,0.0,0.0
,,,,,"['24400334', '22008760']",,"['22008760', '24400334', '18026681']","{'AUTOLab+84bd5053+2023-07-08-10h-51m-31s': {'relative_path': 'AUTOLab/failure/2023-07-08/Sat_Jul__8_10:51:31_2023', '24400334': [0.21206639996841176, -0.36364734909628016, 0.30867877575861336, -1.9169761827438507, 0.047165430252313456, -0.5714938002626585], '24400334_metric_type': 'IoU', '24400334_quality_metric': 0.6024538164839627, '24400334_source': 'GT', '22008760': [0.383443084407403, 0.5515700193649918, 0.3409198369437651, -1.995187698150888, -0.13082567414758572, -2.244403137439821], '22008760_metric_type': 'IoU', '22008760_quality_metric': 0.8724516188935019, '22008760_source': 'GT'}}",531.8634643554688,732.2020874023438,640.0441284179688,344.0086364746094,1280.0,720.0,,0.0,0.0,0.0,
AUTOLab+5d05c5aa+2023-07-13-11h-07m-13s,,,87.0,960.0,"['24400334', '22008760']",18026681,,,732.2020874023438,732.2020874023438,639.77685546875,365.7880554199219,,,0.0,0.0,0.0,0.0,
,,,,960.0,,,,,732.2020874023438,,639.7767944335938,370.27777099609375,1280.0,,0.0,0.0,0.0,0.0,
AUTOLab+84bd5053+2023-07-14-16h-48m-57s,AUTOLab/failure/2023-07-21/Fri_Jul_21_12:39:43_2023,,,960.0,,,,"{'AUTOLab+84bd5053+2023-07-14-16h-01m-40s': {'relative_path': 'AUTOLab/failure/2023-07-14/Fri_Jul_14_16:01:40_2023', '24400334': [0.3031079935887764, -0.45131159576841506, 0.31521804528985303, -1.8887856213791974, 0.12518282678204606, -0.19364109226439705], '24400334_metric_type': 'IoU', '24400334_quality_metric': 0.8788241792614184, '24400334_source': 'GT', '22008760': [0.6299037410969826, 1.0997572315135926, 0.41468923799096347, -1.7757563666810612, -0.1083319614475231, -2.996534765097081], '22008760_metric_type': 'Reprojection_error', '22008760_quality_metric': 8.562906265258789, '22008760_source': 'Pred'}}",531.9014282226562,531.8255615234375,,,,720.0,0.0,,,0.0,0.0
AUTOLab+5d05c5aa+2023-07-23-21h-26m-44s,AUTOLab/failure/2023-07-26/Wed_Jul_26_16:42:23_2023,failure,,,,18026681,,"{'AUTOLab+5d05c5aa+2023-07-13-11h-21m-39s': {'relative_path': 'AUTOLab/failure/2023-07-13/Thu_Jul_13_11:21:39_2023', '24400334': [0.28168829212273516, -0.48982425827139536, 0.29958134735889164, -1.9260917296512057, -0.01594116473449625, -0.7112080063957732], '24400334_metric_type': 'IoU', '24400334_quality_metric': 0.8021141369113298, '24400334_source': 'GT', '22008760': [0.4469095641130539, 0.4329151945348587, 0.4049502812203877, -1.9920164591077247, 0.05988320728808638, -2.721137041801416], '22008760_metric_type': 'IoU', '22008760_quality_metric': 0.8582794629537543, '22008760_source': 'GT'}}",531.8668212890625,732.2020874023438,636.1522827148438,365.7880554199219,,720.0,0.0,0.0,0.0,,0.0
,,,,,,,"['24400334', '22008760', '18026681']",,531.8524780273438,732.2020874023438,,370.27783203125,1280.0,720.0,0.0,0.0,0.0,0.0,0.0
,,,,,,,,,732.2020874023438,,636.1522827148438,344.00872802734375,,720.0,0.0,0.0,0.0,,0.0
,,failure,,,,,,,531.8886108398438,732.2020874023438,640.0441284179688,370.2781982421875,1280.0,720.0,0.0,,0.0,,0.0
,,,,,,,,,,531.8558349609375,636.151611328125,344.0088806152344,1280.0,720.0,0.0,0.0,0.0,,
AUTOLab+84bd5053+2023-07-14-17h-21m-43s,,,,,"['24400334', '22008760']",,,,,531.857666015625,639.7767333984375,370.27783203125,1280.0,,,0.0,0.0,0.0,0.0
,,failure,,960.0,,,,"{'AUTOLab+84bd5053+2023-07-14-16h-17m-55s': {'relative_path': 'AUTOLab/failure/2023-07-14/Fri_Jul_14_16:17:55_2023', '24400334': [0.3031079935887764, -0.45131159576841506, 0.31521804528985303, -1.8887856213791974, 0.12518282678204606, -0.19364109226439705], '24400334_metric_type': 'IoU', '24400334_quality_metric': 0.9155346635968278, '24400334_source': 'GT', '22008760': [0.24002758222226106, 0.694841754225827, 0.34133423795467976, -1.9536007015049808, -0.08837839750611631, -2.8002510610508224], '22008760_metric_type': 'Reprojection_error', '22008760_quality_metric': 4.167337417602539, '22008760_source': 'Pred'}}",524.406494140625,531.8156127929688,,344.0089111328125,,,0.0,0.0,,0.0,0.0
AUTOLab+84bd5053+2023-07-21-12h-58m-48s,,failure,,,,,,,,524.3106689453125,,365.7880554199219,1280.0,720.0,0.0,0.0,0.0,0.0,0.0
,,,,,,,,"{'AUTOLab+5d05c5aa+2023-07-13-11h-20m-04s': {'relative_path': 'AUTOLab/failure/2023-07-13/Thu_Jul_13_11:20:04_2023', '22008760': [0.4469095641130539, 0.4329151945348587, 0.4049502812203877, -1.9920164591077247, 0.05988320728808638, -2.721137041801416], '22008760_metric_type': 'IoU', '22008760_quality_metric': 0.7950735875624482, '22008760_source': 'GT', '24400334': [0.27091282911827474, -0.45286331081786996, 0.3154273636982727, -1.9266705359974516, -0.06517757063812568, -0.752350636082547], '24400334_metric_type': 'num_matches', '24400334_quality_metric': 24369.0, '24400334_source': 'Pred'}}",524.3732299804688,,640.0441284179688,,1280.0,720.0,,,0.0,,0.0
,,,,,,18026681,,,732.2020874023438,,636.1519165039062,344.00860595703125,1280.0,720.0,0.0,0.0,0.0,0.0,0.0
,,,,,"['24400334', '22008760']",18026681,"['24400334', '22008760', '18026681']",,732.2020874023438,,636.1510009765625,365.7880554199219,1280.0,720.0,0.0,0.0,,0.0,
,,,,,,,"['24400334', '22008760', '18026681']",,732.2020874023438,,639.7756958007812,344.008544921875,,720.0,0.0,0.0,0.0,,0.0
AUTOLab+5d05c5aa+2023-07-07-18h-40m-42s,,failure,,,,18026681,,,,531.8126831054688,640.0441284179688,365.7880554199219,1280.0,720.0,0.0,0.0,0.0,0.0,0.0
,,,,,,,,,,531.8668212890625,636.15185546875,,1280.0,720.0,0.0,,,0.0,
,,,,960.0,,18026681,"['24400334', '22008760', '18026681']",,732.2020874023438,531.8463745117188,639.7774047851562,344.0086364746094,1280.0,720.0,,0.0,,0.0,0.0
,,failure,,,,,,,531.9367065429688,732.2020874023438,636.1528930664062,365.7880554199219,,720.0,,0.0,0.0,,0.0
,,,,,,,,"{'AUTOLab+84bd5053+2023-07-14-16h-57m-00s': {'relative_path': 'AUTOLab/failure/2023-07-14/Fri_Jul_14_16:57:00_2023', '24400334': [0.3031079935887764, -0.45131159576841506, 0.31521804528985303, -1.8887856213791974, 0.12518282678204606, -0.19364109226439705], '24400334_metric_type': 'IoU', '24400334_quality_metric': 0.8534359973454315, '24400334_source': 'GT', '22008760': [0.17635375024118063, 0.6097890627993791, 0.4003495456409662, -2.048301618777159, -0.11733245330636999, -2.637801714303017], '22008760_metric_type': 'num_matches', '22008760_quality_metric': 57514.0, '22008760_source': 'Pred'}}",524.4288330078125,732.2020874023438,640.0441284179688,344.0087585449219,1280.0,720.0,0.0,0.0,0.0,0.0,
,AUTOLab/failure/2023-07-21/Fri_Jul_21_13:13:17_2023,,496.0,960.0,,,"['22008760', '24400334', '18026681']",,732.2020874023438,524.2833251953125,,365.7880554199219,1280.0,,0.0,0.0,0.0,0.0,
,,failure,132.0,,,18026681,,"{'AUTOLab+84bd5053+2023-07-14-17h-07m-19s': {'relative_path': 'AUTOLab/failure/2023-07-14/Fri_Jul_14_17:07:19_2023', '24400334': [0.3031079935887764, -0.45131159576841506, 0.31521804528985303, -1.8887856213791974, 0.12518282678204606, -0.19364109226439705], '24400334_metric_type': 'IoU', '24400334_quality_metric': 0.8772216153697873, '24400334_source': 'GT', '22008760': [0.16503343940621126, 0.6019680086111124, 0.3853879573286188, -2.028331921225882, -0.12079280064382014, -2.6281132201293356], '22008760_metric_type': 'num_matches', '22008760_quality_metric': 62039.0, '22008760_source': 'Pred'}}",732.2020874023438,524.379638671875,640.0441284179688,,,,0.0,0.0,0.0,0.0,0.0
AUTOLab+5d05c5aa+2023-07-13-10h-38m-12s,AUTOLab/failure/2023-07-23/Sun_Jul_23_21:33:22_2023,failure,,,"['24400334', '22008760']",,,"{'AUTOLab+5d05c5aa+2023-07-26-16h-28m-02s': {'relative_path': 'AUTOLab/failure/2023-07-26/Wed_Jul_26_16:28:02_2023', '24400334': [0.22496777546106378, -0.46252874908001973, 0.34986507477851264, -1.919259985032204, 0.0026313439193381694, -0.8400293181105547], '24400334_metric_type': 'IoU', '24400334_quality_metric': 0.7131971044601702, '24400334_source': 'GT', '22008760': [0.3466221963851771, 0.5721798354453999, 0.38273747009892917, -2.0399492550211185, -0.019194463011699803, -2.81868606940933], '22008760_metric_type': 'IoU', '22008760_quality_metric': 0.9035221809483831, '22008760_source': 'GT'}}",732.2020874023438,531.8450927734375,,365.7880554199219,1280.0,720.0,0.0,0.0,0.0,0.0,0.0
,,,,,,,,"{'AUTOLab+84bd5053+2023-07-14-17h-27m-56s': {'relative_path': 'AUTOLab/failure/2023-07-14/Fri_Jul_14_17:27:56_2023', '24400334': [0.3031079935887764, -0.45131159576841506, 0.31521804528985303, -1.8887856213791974, 0.12518282678204606, -0.19364109226439705], '24400334_metric_type': 'IoU', '24400334_quality_metric': 0.826731562712815, '24400334_source': 'GT', '22008760': [0.17380643061023418, 0.6075088164138768, 0.4046783175631991, -2.0526646559882775, -0.12297785620269286, -2.6333819405903656], '22008760_metric_type': 'num_matches', '22008760_quality_metric': 50468.0, '22008760_source': 'Pred'}}",732.2020874023438,,640.0441284179688,,1280.0,720.0,0.0,0.0,,0.0,
AUTOLab+84bd5053+2023-07-21-15h-31m-10s,,,211.0,,"['24400334', '22008760']",,,"{'AUTOLab+84bd5053+2023-07-21-15h-49m-36s': {'relative_path': 'AUTOLab/failure/2023-07-21/Fri_Jul_21_15:49:36_2023', '24400334': [0.1336223406272288, -0.5237341533499182, 0.29537268237246017, -1.9190741368930104, -0.08129612878885384, -0.7309484304350398], '24400334_metric_type': 'IoU', '24400334_quality_metric': 0.6574349221443004, '24400334_source': 'GT', '22008760': [0.2544810106537049, 0.81710616305262, 0.39850798124203, -1.771547130906803, 0.022984560108673557, -2.6101066832711513], '22008760_metric_type': 'IoU', '22008760_quality_metric': 0.9245624772554338, '22008760_source': 'GT'}}",531.8156127929688,524.4508056640625,640.0441284179688,344.0085754394531,,720.0,,0.0,0.0,0.0,0.0
,AUTOLab/failure/2023-07-08/Sat_Jul__8_10:12:09_2023,,168.0,,,,,"{'AUTOLab+5d05c5aa+2023-07-13-10h-53m-16s': {'relative_path': 'AUTOLab/failure/2023-07-13/Thu_Jul_13_10:53:16_2023', '24400334': [0.28168829212273516, -0.48982425827139536, 0.29958134735889164, -1.9260917296512057, -0.01594116473449625, -0.7112080063957732], '24400334_metric_type': 'IoU', '24400334_quality_metric': 0.8360241356816699, '24400334_source': 'GT', '22008760': [0.4469095641130539, 0.4329151945348587, 0.4049502812203877, -1.9920164591077247, 0.05988320728808638, -2.721137041801416], '22008760_metric_type': 'IoU', '22008760_quality_metric': 0.7443502116056941, '22008760_source': 'GT'}}",,732.2020874023438,639.77587890625,,1280.0,720.0,,0.0,0.0,0.0,
,,,,960.0,,18026681,"['24400334', '22008760', '18026681']","{'AUTOLab+5d05c5aa+2023-07-26-16h-42m-23s': {'relative_path': 'AUTOLab/failure/2023-07-26/Wed_Jul_26_16:42:23_2023', '24400334': [0.22496777546106378, -0.46252874908001973, 0.34986507477851264, -1.919259985032204, 0.0026313439193381694, -0.8400293181105547], '24400334_metric_type': 'IoU', '24400334_quality_metric': 0.80299055613851, '24400334_source': 'GT', '22008760': [0.3466221963851771, 0.5721798354453999, 0.38273747009892917, -2.0399492550211185, -0.019194463011699803, -2.81868606940933], '22008760_metric_type': 'IoU', '22008760_quality_metric': 0.9066079295154185, '22008760_source': 'GT'}}",732.2020874023438,732.2020874023438,639.7759399414062,365.7880554199219,1280.0,,0.0,,0.0,0.0,0.0
AUTOLab+84bd5053+2023-07-21-14h-42m-01s,AUTOLab/failure/2023-07-07/Fri_Jul__7_19:00:28_2023,,,,,18026681,,,732.2020874023438,524.3995361328125,640.0441284179688,370.2776794433594,1280.0,720.0,,0.0,,0.0,0.0
,,,,,,18026681,,"{'AUTOLab+5d05c5aa+2023-07-07-18h-50m-52s': {'relative_path': 'AUTOLab/failure/2023-07-07/Fri_Jul__7_18:50:52_2023', '24400334': [0.30003995443526366, -0.4658078662612428, 0.3150260527908532, -1.8838427680005083, 0.07737475858958254, -0.7168887900569086], '24400334_metric_type': 'IoU', '24400334_quality_metric': 0.639300657807241, '24400334_source': 'GT', '22008760': [0.42155542255650963, 0.4283417332661078, 0.34060748682701825, -2.0115951547787603, -0.10234365161883052, -2.3089979996777203], '22008760_metric_type': 'IoU', '22008760_quality_metric': 0.8043987042576606, '22008760_source': 'GT'}}",531.76123046875,,636.1527099609375,370.2778015136719,,720.0,,0.0,0.0,0.0,
,,,,,,,"['24400334', '22008760', '18026681']",,524.371826171875,,636.1505737304688,344.0087585449219,,720.0,,0.0,0.0,,0.0
,,,,,,,,,531.8934326171875,524.398681640625,639.7775268554688,370.27813720703125,1280.0,720.0,0.0,0.0,0.0,0.0,
AUTOLab+5d05c5aa+2023-07-26-17h-44m-26s,,,,,,,,,,524.4222412109375,636.1513061523438,370.27777099609375,1280.0,720.0,0.0,0.0,,0.0,0.0
,,failure,,,,,,"{'AUTOLab+84bd5053+2023-07-21-12h-24m-18s': {'relative_path': 'AUTOLab/failure/2023-07-21/Fri_Jul_21_12:24:18_2023', '22008760': [0.25542015020200937, 0.8138909353166303, 0.39844534295161027, -1.7535007872739103, 0.02562944898111974, -2.617874160159564], '22008760_metric_type': 'IoU', '22008760_quality_metric': 0.8626047932184374, '22008760_source': 'GT', '24400334': [0.0896900649230448, -0.3877448545361778, 0.3149409993291613, -1.8914150842831872, -0.13116856418416445, -0.8335723735911038], '24400334_metric_type': 'num_matches', '24400334_quality_metric': 28439.0, '24400334_source': 'Pred'}}",,732.2020874023438,639.7772827148438,,,,0.0,0.0,,0.0,0.0
AUTOLab+5d05c5aa+2023-07-07-11h-13m-27s,,failure,360.0,,"['24400334', '22008760']",,,,732.2020874023438,,636.151611328125,,1280.0,,,0.0,0.0,0.0,0.0
,,failure,,,,,"['22008760', '24400334', '18026681']",,,,639.7759399414062,,,720.0,0.0,0.0,0.0,,
,,,,,,,,,,524.3935546875,636.153076171875,370.27764892578125,1280.0,720.0,0.0,0.0,0.0,0.0,0.0
,,failure,,960.0,"['24400334', '22008760']",,,,524.39501953125,531.7388916015625,640.0441284179688,,1280.0,,0.0,,,0.0,
,AUTOLab/failure/2023-07-07/Fri_Jul__7_18:53:28_2023,failure,,,,,,"{'AUTOLab+5d05c5aa+2023-07-07-11h-13m-27s': {'relative_path': 'AUTOLab/failure/2023-07-07/Fri_Jul__7_11:13:27_2023', '24400334': [0.19616185036208578, -0.41135108683927457, 0.30644442259084437, -1.8976352308252302, -0.06218159881797214, -0.765616157339204], '24400334_metric_type': 'IoU', '24400334_quality_metric': 0.6293021391713842, '24400334_source': 'GT', '22008760': [0.38394799416047826, 0.5194058026771122, 0.3380818926772482, -1.9916617096199483, -0.18304978168904396, -2.2208430828155064], '22008760_metric_type': 'IoU', '22008760_quality_metric': 0.871873975379296, '22008760_source': 'GT'}}",524.3642578125,531.7666015625,640.0441284179688,365.7880554199219,1280.0,720.0,0.0,,,0.0,0.0
,,failure,517.0,,"['24400334', '22008760']",,"['22008760', '24400334', '18026681']","{'AUTOLab+84bd5053+2023-07-21-12h-44m-49s': {'relative_path': 'AUTOLab/failure/2023-07-21/Fri_Jul_21_12:44:49_2023', '24400334': [0.13571399730802516, -0.5260054242697205, 0.2991680466882737, -1.9129159808305245, -0.07570182865119501, -0.729133410079116], '24400334_metric_type': 'IoU', '24400334_quality_metric': 0.6636659436008677, '24400334_source': 'GT', '22008760': [0.25542015020200937, 0.8138909353166303, 0.39844534295161027, -1.7535007872739103, 0.02562944898111974, -2.617874160159564], '22008760_metric_type': 'IoU', '22008760_quality_metric': 0.8703283511206681, '22008760_source': 'GT'}}",732.2020874023438,,636.1516723632812,370.27752685546875,1280.0,720.0,0.0,0.0,0.0,,0.0
,,,78.0,,,,"['22008760', '24400334', '18026681']","{'AUTOLab+84bd5053+2023-07-08-11h-01m-43s': {'relative_path': 'AUTOLab/failure/2023-07-08/Sat_Jul__8_11:01:43_2023', '22008760': [0.383443084407403, 0.5515700193649918, 0.3409198369437651, -1.995187698150888, -0.13082567414758572, -2.244403137439821], '22008760_metric_type': 'IoU', '22008760_quality_metric': 0.7243889648648371, '22008760_source': 'GT', '24400334': [0.21140203788440898, -0.34300165859173215, 0.31070779573481827, -1.8947825067511719, 0.004103757253735019, -0.5738320744462435], '24400334_metric_type': 'num_matches', '24400334_quality_metric': 45195.0, '24400334_source': 'Pred'}}",524.4102172851562,531.8524780273438,639.7761840820312,344.0083923339844,1280.0,720.0,0.0,,0.0,,0.0
AUTOLab+84bd5053+2023-07-08-11h-42m-17s,,failure,52.0,,,,"['24400334', '22008760', '18026681']",,524.3211059570312,732.2020874023438,,,1280.0,720.0,0.0,,0.0,,0.0
,,failure,157.0,960.0,,,"['24400334', '22008760', '18026681']",,,524.4219970703125,,,1280.0,,0.0,,0.0,,0.0
,,,,,,,"['24400334', '22008760', '18026681']",,531.8678588867188,732.2020874023438,639.77783203125,,1280.0,720.0,,0.0,0.0,0.0,0.0
,,,,,,,"['24400334', '22008760', '18026681']",,531.8463745117188,531.8678588867188,636.1513671875,344.0083312988281,,,0.0,,,0.0,0.0
,,,,960.0,,18026681,,,524.35205078125,531.8467407226562,639.7750854492188,344.00872802734375,1280.0,720.0,,,0.0,0.0,0.0
,,,,960.0,"['24400334', '22008760']",,,,531.7388916015625,,636.1522827148438,,1280.0,720.0,,0.0,,0.0,0.0
,,failure,,,"['22008760', '24400334']",,"['24400334', '22008760', '18026681']","{'AUTOLab+5d05c5aa+2023-07-07-18h-51m-08s': {'relative_path': 'AUTOLab/failure/2023-07-07/Fri_Jul__7_18:51:08_2023', '24400334': [0.39176327614712037, -0.48219267392095944, 0.13324383563502218, -1.5990085126613713, 0.31402922788704335, -0.432767978471989], '24400334_metric_type': 'Reprojection_error', '24400334_quality_metric': 9.446612358093262, '24400334_source': 'Pred', '22008760': [0.42155542255650963, 0.4283417332661078, 0.34060748682701825, -2.0115951547787603, -0.10234365161883052, -2.3089979996777203], '22008760_metric_type': 'IoU', '22008760_quality_metric': 0.7527008895925933, '22008760_source': 'GT'}}",524.469970703125,732.2020874023438,636.151123046875,,1280.0,720.0,0.0,0.0,0.0,0.0,0.0
,AUTOLab/failure/2023-07-13/Thu_Jul_13_11:21:39_2023,failure,331.0,,,,"['24400334', '22008760', '18026681']",,524.3390502929688,,639.777099609375,365.7880554199219,1280.0,720.0,0.0,0.0,,0.0,0.0
,,,115.0,,,,,"{'AUTOLab+5d05c5aa+2023-07-07-16h-18m-48s': {'relative_path': 'AUTOLab/failure/2023-07-07/Fri_Jul__7_16:18:48_2023', '24400334': [0.30003995443526366, -0.4658078662612428, 0.3150260527908532, -1.8838427680005083, 0.07737475858958254, -0.7168887900569086], '24400334_metric_type': 'IoU', '24400334_quality_metric': 0.6846040310677732, '24400334_source': 'GT', '22008760': [0.42155542255650963, 0.4283417332661078, 0.34060748682701825, -2.0115951547787603, -0.10234365161883052, -2.3089979996777203], '22008760_metric_type': 'IoU', '22008760_quality_metric': 0.8850835833690527, '22008760_source': 'GT'}}",524.3568725585938,,640.0441284179688,370.2777099609375,1280.0,720.0,0.0,0.0,0.0,,0.0
AUTOLab+5d05c5aa+2023-07-26-16h-28m-02s,,,,,,18026681,"['24400334', '22008760', '18026681']","{'AUTOLab+84bd5053+2023-07-08-10h-42m-56s': {'relative_path': 'AUTOLab/failure/2023-07-08/Sat_Jul__8_10:42:56_2023', '24400334': [0.21206639996841176, -0.36364734909628016, 0.30867877575861336, -1.9169761827438507, 0.047165430252313456, -0.5714938002626585], '24400334_metric_type': 'IoU', '24400334_quality_metric': 0.676729022239688, '24400334_source': 'GT', '22008760': [0.383443084407403, 0.5515700193649918, 0.3409198369437651, -1.995187698150888, -0.13082567414758572, -2.244403137439821], '22008760_metric_type': 'IoU', '22008760_quality_metric': 0.6730979484211204, '22008760_source': 'GT'}}",,524.4069213867188,636.1519165039062,365.7880554199219,1280.0,720.0,0.0,0.0,,0.0,0.0
,,,,,"['24400334', '22008760']",,,,524.4222412109375,531.8379516601562,640.0441284179688,365.7880554199219,1280.0,,0.0,0.0,0.0,,0.0
AUTOLab+5d05c5aa+2023-07-07-11h-16m-26s,,,156.0,,,18026681,,,732.2020874023438,524.4268188476562,,365.7880554199219,1280.0,720.0,0.0,0.0,0.0,,
,,failure,,960.0,,,,,524.4182739257812,531.9598999023438,640.0441284179688,344.0087585449219,1280.0,720.0,0.0,,0.0,,0.0
,,,,,,18026681,,"{'AUTOLab+5d05c5aa+2023-07-07-18h-43m-03s': {'relative_path': 'AUTOLab/failure/2023-07-07/Fri_Jul__7_18:43:03_2023', '24400334': [0.30003995443526366, -0.4658078662612428, 0.3150260527908532, -1.8838427680005083, 0.07737475858958254, -0.7168887900569086], '24400334_metric_type': 'IoU', '24400334_quality_metric': 0.6458115183246074, '24400334_source': 'GT', '22008760': [0.42065766444519476, 0.4118217032967431, 0.33798973330912074, -2.032125630524526, -0.12609194347709662, -2.311835850243335], '22008760_metric_type': 'num_matches', '22008760_quality_metric': 27825.0, '22008760_source': 'Pred'}}",524.398681640625,732.2020874023438,,344.0087585449219,1280.0,,0.0,0.0,0.0,0.0,0.0
AUTOLab+84bd5053+2023-07-21-12h-32m-56s,,,1393.0,960.0,"['24400334', '22008760']",,,"{'AUTOLab+84bd5053+2023-07-21-15h-47m-04s': {'relative_path': 'AUTOLab/failure/2023-07-21/Fri_Jul_21_15:47:04_2023', '24400334': [0.08166930859379207, -0.5411765271130182, 0.3202278228535631, -1.9343870366005453, -0.11946170202829443, -0.7635242069943872], '24400334_metric_type': 'Reprojection_error', '24400334_quality_metric': 11.505413055419922, '24400334_source': 'Pred', '22008760': [0.2544810106537049, 0.81710616305262, 0.39850798124203, -1.771547130906803, 0.022984560108673557, -2.6101066832711513], '22008760_metric_type': 'IoU', '22008760_quality_metric': 0.9052784414347281, '22008760_source': 'GT'}}",524.3617553710938,531.74609375,636.151611328125,,1280.0,,,,0.0,0.0,0.0
,,,,,,,"['24400334', '22008760', '18026681']",,531.8941040039062,,636.1527099609375,344.0084533691406,,720.0,0.0,0.0,0.0,,
,AUTOLab/failure/2023-07-13/Thu_Jul_13_10:58:28_2023,,226.0,960.0,,18026681,,,,732.2020874023438,,344.0088806152344,1280.0,720.0,0.0,0.0,,0.0,0.0
AUTOLab+84bd5053+2023-07-14-17h-07m-19s,AUTOLab/failure/2023-07-07/Fri_Jul__7_11:13:27_2023,failure,111.0,,,18026681,,"{'AUTOLab+84bd5053+2023-07-14-15h-14m-11s': {'relative_path': 'AUTOLab/failure/2023-07-14/Fri_Jul_14_15:14:11_2023', '24400334': [0.3209915411878579, -0.349388321751479, 0.3083456358467947, -1.909630699159838, 0.02191739863041353, -0.2293590012140779], '24400334_metric_type': 'IoU', '24400334_quality_metric': 0.7435629830239778, '24400334_source': 'GT', '22008760': [0.1137522773128481, 0.7087762532082706, 0.37421991205871663, -1.9693362894687114, 0.10076154353804045, -2.197477997533149], '22008760_metric_type': 'Reprojection_error', '22008760_quality_metric': 6.377065181732178, '22008760_source': 'Pred'}}",732.2020874023438,732.2020874023438,640.0441284179688,344.0092468261719,,,0.0,,0.0,,0.0
,AUTOLab/failure/2023-07-14/Fri_Jul_14_16:01:40_2023,,,,,,,,732.2020874023438,,636.1522827148438,344.0083312988281,1280.0,720.0,,0.0,0.0,0.0,
AUTOLab+84bd5053+2023-07-14-17h-27m-56s,,failure,,,,,,,732.2020874023438,732.2020874023438,,,1280.0,720.0,0.0,0.0,0.0,0.0,0.0
AUTOLab+5d05c5aa+2023-07-07-18h-59m-42s,,,,,,,,,524.3557739257812,524.38427734375,640.0441284179688,,1280.0,,0.0,0.0,,,0.0
,,failure,,,,,"['24400334', '22008760', '18026681']",,,524.3419799804688,,370.278076171875,1280.0,,0.0,0.0,0.0,0.0,0.0
AUTOLab+84bd5053+2023-07-14-16h-17m-55s,AUTOLab/failure/2023-07-07/Fri_Jul__7_14:54:22_2023,failure,,,"['24400334', '22008760']",,,"{'AUTOLab+84bd5053+2023-07-14-16h-47m-37s': {'relative_path': 'AUTOLab/failure/2023-07-14/Fri_Jul_14_16:47:37_2023', '24400334': [0.3031079935887764, -0.45131159576841506, 0.31521804528985303, -1.8887856213791974, 0.12518282678204606, -0.19364109226439705], '24400334_metric_type': 'IoU', '24400334_quality_metric': 0.8487241853643428, '24400334_source': 'GT', '22008760': [0.16391352502984188, 0.5808658811863094, 0.40191859848958633, -2.052163967559584, -0.11949094996266774, -2.607505525875118], '22008760_metric_type': 'num_matches', '22008760_quality_metric': 48978.0, '22008760_source': 'Pred'}}",531.8427734375,531.8427734375,639.7764892578125,370.2781982421875,1280.0,720.0,0.0,0.0,0.0,,0.0
AUTOLab+84bd5053+2023-07-21-12h-57m-38s,AUTOLab/failure/2023-07-21/Fri_Jul_21_12:30:58_2023,,448.0,960.0,,,,,732.2020874023438,524.4777221679688,636.1525268554688,344.0083312988281,1280.0,,0.0,0.0,0.0,0.0,0.0
,,failure,96.0,,"['22008760', '24400334']",18026681,,,,,636.152587890625,370.27789306640625,1280.0,720.0,0.0,0.0,0.0,0.0,0.0
,,failure,91.0,960.0,"['24400334', '22008760']",,"['24400334', '22008760', '18026681']",,531.8543701171875,732.2020874023438,,370.2782287597656,,,,0.0,,0.0,
,AUTOLab/failure/2023-07-26/Wed_Jul_26_17:05:24_2023,,,960.0,,,,,732.2020874023438,,639.77685546875,344.00836181640625,1280.0,720.0,0.0,0.0,0.0,0.0,0.0
,,,377.0,960.0,"['22008760', '24400334']",18026681,,"{'AUTOLab+84bd5053+2023-07-14-16h-48m-57s': {'relative_path': 'AUTOLab/failure/2023-07-14/Fri_Jul_14_16:48:57_2023', '24400334': [0.3031079935887764, -0.45131159576841506, 0.31521804528985303, -1.8887856213791974, 0.12518282678204606, -0.19364109226439705], '24400334_metric_type': 'IoU', '24400334_quality_metric': 0.9170476196464841, '24400334_source': 'GT', '22008760': [0.17505790859938986, 0.6111025224061808, 0.39890227462005573, -2.0440165337937883, -0.12007852940522845, -2.6352088180238304], '22008760_metric_type': 'num_matches', '22008760_quality_metric': 59887.0, '22008760_source': 'Pred'}}",,531.8024291992188,,344.0086669921875,1280.0,720.0,0.0,0.0,0.0,0.0,0.0
AUTOLab+84bd5053+2023-07-14-15h-58m-46s,,failure,,,,,,"{'AUTOLab+5d05c5aa+2023-07-07-18h-58m-44s': {'relative_path': 'AUTOLab/failure/2023-07-07/Fri_Jul__7_18:58:44_2023', '24400334': [0.4563727557474806, -0.5692587416645658, 0.3959858647868959, -2.0420521206394517, 0.22314377976311972, -0.4537385248249262], '24400334_metric_type': 'Reprojection_error', '24400334_quality_metric': 9.986578941345215, '24400334_source': 'Pred', '22008760': [0.42155542255650963, 0.4283417332661078, 0.34060748682701825, -2.0115951547787603, -0.10234365161883052, -2.3089979996777203], '22008760_metric_type': 'IoU', '22008760_quality_metric': 0.8794710994161538, '22008760_source': 'GT'}}",524.2703857421875,531.82177734375,640.0441284179688,,1280.0,720.0,0.0,0.0,0.0,0.0,
,AUTOLab/failure/2023-07-07/Fri_Jul__7_11:16:26_2023,,,,,,"['24400334', '22008760', '18026681']",,732.2020874023438,531.8776245117188,639.7765502929688,,1280.0,720.0,,0.0,0.0,0.0,0.0
,,,,960.0,"['24400334', '22008760']",,,,732.2020874023438,,639.7772827148438,365.7880554199219,,720.0,,0.0,0.0,0.0,0.0
AUTOLab+5d05c5aa+2023-07-07-14h-54m-22s,,,,960.0,,,,,732.2020874023438,531.933349609375,636.152099609375,344.0086669921875,,,,0.0,0.0,0.0,0.0
,,failure,145.0,,,18026681,,,531.7891235351562,732.2020874023438,,365.7880554199219,1280.0,720.0,,0.0,0.0,0.0,0.0
AUTOLab+84bd5053+2023-07-14-16h-42m-09s,,,,,,,,,,,,344.0087890625,,,,0.0,0.0,0.0,0.0
,AUTOLab/failure/2023-07-26/Wed_Jul_26_16:27:32_2023,,76.0,,,,"['24400334', '22008760', '18026681']",,531.8406372070312,,639.7766723632812,344.00872802734375,1280.0,720.0,0.0,,0.0,0.0,0.0
,,,,960.0,"['24400334', '22008760']",18026681,,,,732.2020874023438,639.7764282226562,,1280.0,720.0,0.0,,0.0,0.0,0.0
,AUTOLab/failure/2023-07-14/Fri_Jul_14_16:45:14_2023,,,,,18026681,,,531.8135375976562,531.9574584960938,640.0441284179688,,1280.0,720.0,0.0,0.0,,0.0,0.0
AUTOLab+84bd5053+2023-07-08-10h-58m-33s,AUTOLab/failure/2023-07-14/Fri_Jul_14_17:15:08_2023,,,960.0,,18026681,,,524.4114990234375,732.2020874023438,,,,,0.0,0.0,0.0,0.0,0.0
,,,,,,18026681,,,732.2020874023438,531.8655395507812,639.7754516601562,344.008544921875,1280.0,720.0,0.0,,,0.0,
,AUTOLab/failure/2023-07-07/Fri_Jul__7_16:12:00_2023,failure,,,,,"['24400334', '22008760', '18026681']",,732.2020874023438,524.2957153320312,640.0441284179688,370.27801513671875,,720.0,0.0,0.0,0.0,0.0,0.0
,,,,,,,,,,531.8297119140625,636.1510620117188,370.27801513671875,1280.0,720.0,,0.0,0.0,0.0,0.0
AUTOLab+84bd5053+2023-07-08-11h-01m-43s,AUTOLab/failure/2023-07-07/Fri_Jul__7_18:53:55_2023,,,,"['24400334', '22008760']",,,,524.2957153320312,,,365.7880554199219,1280.0,720.0,0.0,0.0,0.0,,0.0
,,,,,,,"['22008760', '24400334', '18026681']","{'AUTOLab+84bd5053+2023-07-21-12h-39m-43s': {'relative_path': 'AUTOLab/failure/2023-07-21/Fri_Jul_21_12:39:43_2023', '24400334': [0.13571399730802516, -0.5260054242697205, 0.2991680466882737, -1.9129159808305245, -0.07570182865119501, -0.729133410079116], '24400334_metric_type': 'IoU', '24400334_quality_metric': 0.6086551667947017, '24400334_source': 'GT', '22008760': [0.25542015020200937, 0.8138909353166303, 0.39844534295161027, -1.7535007872739103, 0.02562944898111974, -2.617874160159564], '22008760_metric_type': 'IoU', '22008760_quality_metric': 0.835347529070805, '22008760_source': 'GT'}}",531.8394775390625,732.2020874023438,639.7767333984375,,1280.0,720.0,,0.0,0.0,,0.0
AUTOLab+84bd5053+2023-07-14-16h-48m-12s,AUTOLab/failure/2023-07-21/Fri_Jul_21_15:28:09_2023,,,,,,,,524.3106689453125,,639.7766723632812,370.278076171875,,720.0,0.0,,,0.0,
AUTOLab+5d05c5aa+2023-07-07-14h-47m-22s,AUTOLab/failure/2023-07-14/Fri_Jul_14_16:42:09_2023,,731.0,960.0,"['24400334', '22008760']",,"['24400334', '22008760', '18026681']",,,531.76123046875,,344.00885009765625,1280.0,720.0,0.0,0.0,,0.0,
,,,,,,,,,531.77880859375,732.2020874023438,639.7760009765625,344.0085144042969,1280.0,720.0,0.0,0.0,0.0,,0.0
,,,,,,18026681,"['24400334', '22008760', '18026681']","{'AUTOLab+5d05c5aa+2023-07-26-17h-44m-26s': {'relative_path': 'AUTOLab/failure/2023-07-26/Wed_Jul_26_17:44:26_2023', '24400334': [0.22496777546106378, -0.46252874908001973, 0.34986507477851264, -1.919259985032204, 0.0026313439193381694, -0.8400293181105547], '24400334_metric_type': 'IoU', '24400334_quality_metric': 0.8249161858724466, '24400334_source': 'GT', '22008760': [0.3466221963851771, 0.5721798354453999, 0.38273747009892917, -2.0399492550211185, -0.019194463011699803, -2.81868606940933], '22008760_metric_type': 'IoU', '22008760_quality_metric': 0.7923439039521221, '22008760_source': 'GT'}}",732.2020874023438,524.4050903320312,640.0441284179688,344.0086975097656,1280.0,720.0,,0.0,0.0,0.0,
,,,,,,,,,524.374755859375,732.2020874023438,,370.2774963378906,1280.0,,0.0,0.0,0.0,,0.0
,,,,,,,,,531.933349609375,524.4066162109375,639.7762451171875,370.2778625488281,1280.0,,0.0,0.0,0.0,,
,,,316.0,,"['24400334', '22008760']",18026681,"['24400334', '22008760', '18026681']",,732.2020874023438,524.3165893554688,640.0441284179688,370.2780456542969,,720.0,,,0.0,0.0,0.0
,,failure,,,,,"['24400334', '22008760', '18026681']",,531.9148559570312,524.3921508789062,639.7753295898438,370.27783203125,1280.0,720.0,,0.0,,0.0,0.0
,,failure,,,"['24400334', '22008760']",,,,531.9974365234375,,636.1524047851562,344.0083312988281,1280.0,,0.0,0.0,0.0,0.0,0.0
AUTOLab+84bd5053+2023-07-14-16h-46m-05s,AUTOLab/failure/2023-07-21/Fri_Jul_21_13:08:56_2023,,,,,,,,732.2020874023438,524.2703857421875,636.1522216796875,344.0086669921875,1280.0,720.0,0.0,0.0,0.0,0.0,0.0
,,,123.0,960.0,,,"['24400334', '22008760', '18026681']",,531.795654296875,524.3765869140625,639.7767944335938,,1280.0,720.0,,0.0,0.0,,0.0
AUTOLab+5d05c5aa+2023-07-26-16h-54m-22s,,failure,,,,,"['22008760', '24400334', '18026681']",,732.2020874023438,,640.0441284179688,,,,0.0,0.0,0.0,0.0,0.0
,,failure,,,"['24400334', '22008760']",,"['24400334', '22008760', '18026681']","{'AUTOLab+84bd5053+2023-07-12-11h-46m-23s': {'relative_path': 'AUTOLab/failure/2023-07-12/Wed_Jul_12_11:46:23_2023', '24400334': [0.28262860851794736, -0.410676315752056, 0.30162299782397456, -1.9176107263736892, -0.044151519914086945, -0.3991212299294389], '24400334_metric_type': 'IoU', '24400334_quality_metric': 0.6143054715187138, '24400334_source': 'GT', '22008760': [0.4597377308116496, 0.5007354335941592, 0.41064965675885046, -1.88379992610028, 0.056762868761253804, -2.7119672154756307], '22008760_metric_type': 'IoU', '22008760_quality_metric': 0.6163558106169297, '22008760_source': 'GT'}}",732.2020874023438,531.795654296875,,370.27783203125,,720.0,0.0,0.0,,0.0,0.0
,,,,,"['22008760', '24400334']",,,"{'AUTOLab+5d05c5aa+2023-07-07-18h-53m-28s': {'relative_path': 'AUTOLab/failure/2023-07-07/Fri_Jul__7_18:53:28_2023', '24400334': [0.30003995443526366, -0.4658078662612428, 0.3150260527908532, -1.8838427680005083, 0.07737475858958254, -0.7168887900569086], '24400334_metric_type': 'IoU', '24400334_quality_metric': 0.6326908190547299, '24400334_source': 'GT', '22008760': [0.42155542255650963, 0.4283417332661078, 0.34060748682701825, -2.0115951547787603, -0.10234365161883052, -2.3089979996777203], '22008760_metric_type': 'IoU', '22008760_quality_metric': 0.7450427591391786, '22008760_source': 'GT'}}",732.2020874023438,,,344.0085754394531,,720.0,0.0,0.0,0.0,,
AUTOLab+5d05c5aa+2023-07-07-10h-38m-48s,AUTOLab/failure/2023-07-14/Fri_Jul_14_17:07:19_2023,failure,,,,,,,,732.2020874023438,640.0441284179688,,,720.0,,0.0,,0.0,0.0
,,,,,,18026681,"['24400334', '22008760', '18026681']","{'AUTOLab+84bd5053+2023-07-21-13h-15m-28s': {'relative_path': 'AUTOLab/failure/2023-07-21/Fri_Jul_21_13:15:28_2023', '22008760': [0.25542015020200937, 0.8138909353166303, 0.39844534295161027, -1.7535007872739103, 0.02562944898111974, -2.617874160159564], '22008760_metric_type': 'IoU', '22008760_quality_metric': 0.8544328695272092, '22008760_source': 'GT', '24400334': [0.0853544763247407, -0.33513186666519823, 0.32340165132298665, -1.903677723335423, -0.13554533388929624, -0.8524922779680668], '24400334_metric_type': 'num_matches', '24400334_quality_metric': 30068.0, '24400334_source': 'Pred'}}",524.2908325195312,,636.1517333984375,,1280.0,,0.0,0.0,0.0,,0.0
,,failure,,,,,,,531.9598999023438,732.2020874023438,,344.00897216796875,1280.0,720.0,0.0,0.0,0.0,,0.0
,,,447.0,960.0,"['24400334', '22008760']",18026681,"['24400334', '22008760', '18026681']",,524.372314453125,531.785400390625,640.0441284179688,370.2771301269531,1280.0,720.0,0.0,0.0,0.0,,
,,,,,,,,,732.2020874023438,524.385009765625,640.0441284179688,365.7880554199219,,720.0,,,,0.0,0.0
,,,260.0,960.0,"['24400334', '22008760']",,,,531.8297119140625,,636.1525268554688,344.0091552734375,,720.0,,0.0,0.0,,0.0
,,,68.0,960.0,"['22008760', '24400334']",,,,524.3165893554688,524.4291381835938,,,1280.0,720.0,,0.0,,,0.0
,AUTOLab/failure/2023-07-21/Fri_Jul_21_15:47:04_2023,,233.0,,,,,,732.2020874023438,531.8178100585938,640.0441284179688,,1280.0,,0.0,,0.0,0.0,
,,,,,"['24400334', '22008760']",,,,732.2020874023438,531.7913208007812,636.15283203125,344.0085144042969,1280.0,720.0,0.0,,0.0,0.0,
,,,,,,,,,531.8238525390625,531.8477783203125,636.1522216796875,365.7880554199219,,,0.0,0.0,0.0,,0.0
,,,,,"['22008760', '24400334']",,"['24400334', '22008760', '18026681']","{'AUTOLab+84bd5053+2023-07-14-16h-54m-08s': {'relative_path': 'AUTOLab/failure/2023-07-14/Fri_Jul_14_16:54:08_2023', '24400334': [0.3031079935887764, -0.45131159576841506, 0.31521804528985303, -1.8887856213791974, 0.12518282678204606, -0.19364109226439705], '24400334_metric_type': 'IoU', '24400334_quality_metric': 0.913074788460464, '24400334_source': 'GT', '22008760': [0.17419591747423258, 0.5969379273676865, 0.39680844991466563, -2.049959327698902, -0.10908911723248726, -2.6277648703237695], '22008760_metric_type': 'num_matches', '22008760_quality_metric': 54417.0, '22008760_source': 'Pred'}}",531.8135375976562,732.2020874023438,640.0441284179688,365.7880554199219,,,0.0,0.0,0.0,0.0,0.0
,AUTOLab/failure/2023-07-13/Thu_Jul_13_11:27:07_2023,,,960.0,,,,,531.6673583984375,531.9559936523438,639.7750244140625,365.7880554199219,,720.0,0.0,0.0,0.0,0.0,0.0
AUTOLab+5d05c5aa+2023-07-07-10h-39m-19s,,,,,,18026681,,,,524.3485717773438,636.1519775390625,365.7880554199219,1280.0,720.0,,0.0,0.0,0.0,0.0
,,failure,,,,18026681,"['24400334', '22008760', '18026681']",,732.2020874023438,,636.1524658203125,365.7880554199219,1280.0,720.0,0.0,0.0,0.0,,0.0
AUTOLab+5d05c5aa+2023-07-26-16h-42m-23s,AUTOLab/failure/2023-07-23/Sun_Jul_23_21:26:26_2023,,,,,,,,732.2020874023438,732.2020874023438,636.151611328125,344.00830078125,1280.0,720.0,,0.0,0.0,0.0,0.0
,AUTOLab/failure/2023-07-14/Fri_Jul_14_16:53:21_2023,,,,,,,"{'AUTOLab+84bd5053+2023-07-14-16h-52m-02s': {'relative_path': 'AUTOLab/failure/2023-07-14/Fri_Jul_14_16:52:02_2023', '24400334': [0.3031079935887764, -0.45131159576841506, 0.31521804528985303, -1.8887856213791974, 0.12518282678204606, -0.19364109226439705], '24400334_metric_type': 'IoU', '24400334_quality_metric': 0.9160799617217744, '24400334_source': 'GT', '22008760': [0.15478161985412417, 0.562651962164686, 0.3814195405286103, -2.028250872362968, -0.10863982927345472, -2.5965958771834767], '22008760_metric_type': 'num_matches', '22008760_quality_metric': 47256.0, '22008760_source': 'Pred'}}",732.2020874023438,732.2020874023438,636.1522216796875,370.27789306640625,1280.0,,0.0,0.0,0.0,,0.0
AUTOLab+5d05c5aa+2023-07-13-11h-30m-21s,,,,,,,,,732.2020874023438,531.7891235351562,,370.2779541015625,1280.0,720.0,,0.0,0.0,0.0,0.0
,,,,,,,,,,732.2020874023438,639.7763061523438,365.7880554199219,,720.0,0.0,0.0,0.0,,
,AUTOLab/failure/2023-07-07/Fri_Jul__7_16:18:48_2023,failure,56.0,,,,,,531.8556518554688,732.2020874023438,640.0441284179688,365.7880554199219,1280.0,,0.0,0.0,,0.0,0.0
,,,,,,,"['22008760', '24400334', '18026681']","{'AUTOLab+5d05c5aa+2023-07-07-16h-12m-00s': {'relative_path': 'AUTOLab/failure/2023-07-07/Fri_Jul__7_16:12:00_2023', '24400334': [0.30003995443526366, -0.4658078662612428, 0.3150260527908532, -1.8838427680005083, 0.07737475858958254, -0.7168887900569086], '24400334_metric_type': 'IoU', '24400334_quality_metric': 0.8553125363383617, '24400334_source': 'GT', '22008760': [0.42155542255650963, 0.4283417332661078, 0.34060748682701825, -2.0115951547787603, -0.10234365161883052, -2.3089979996777203], '22008760_metric_type': 'IoU', '22008760_quality_metric': 0.7494452269249866, '22008760_source': 'GT'}}",,732.2020874023438,639.7761840820312,370.27789306640625,1280.0,720.0,0.0,0.0,0.0,,0.0
,,,,,,18026681,,"{'AUTOLab+5d05c5aa+2023-07-07-18h-53m-55s': {'relative_path': 'AUTOLab/failure/2023-07-07/Fri_Jul__7_18:53:55_2023', '24400334': [0.3410548434309728, -0.49961799792186623, 0.3191228255018359, -1.9061200778417922, 0.14737253683234264, -0.5755984886875146], '24400334_metric_type': 'Reprojection_error', '24400334_quality_metric': 7.777271747589111, '24400334_source': 'Pred', '22008760': [0.42155542255650963, 0.4283417332661078, 0.34060748682701825, -2.0115951547787603, -0.10234365161883052, -2.3089979996777203], '22008760_metric_type': 'IoU', '22008760_quality_metric': 0.9221375967772393, '22008760_source': 'GT'}}",,,636.1522216796875,344.0083923339844,1280.0,720.0,0.0,0.0,0.0,0.0,0.0
,,,,,"['22008760', '24400334']",,,,,732.2020874023438,640.0441284179688,365.7880554199219,1280.0,720.0,0.0,0.0,,,0.0
,,,,,"['24400334', '22008760']",18026681,"['22008760', '24400334', '18026681']","{'AUTOLab+5d05c5aa+2023-07-26-16h-56m-50s': {'relative_path': 'AUTOLab/failure/2023-07-26/Wed_Jul_26_16:56:50_2023', '24400334': [0.22496777546106378, -0.46252874908001973, 0.34986507477851264, -1.919259985032204, 0.0026313439193381694, -0.8400293181105547], '24400334_metric_type': 'IoU', '24400334_quality_metric': 0.6853617882775574, '24400334_source': 'GT', '22008760': [0.3466221963851771, 0.5721798354453999, 0.38273747009892917, -2.0399492550211185, -0.019194463011699803, -2.81868606940933], '22008760_metric_type': 'IoU', '22008760_quality_metric': 0.8785739283920936, '22008760_source': 'GT'}}",524.3443603515625,,639.7763671875,365.7880554199219,1280.0,720.0,0.0,,0.0,0.0,0.0
,,failure,,,,,,"{'AUTOLab+84bd5053+2023-07-21-14h-43m-24s': {'relative_path': 'AUTOLab/failure/2023-07-21/Fri_Jul_21_14:43:24_2023', '22008760': [0.2544810106537049, 0.81710616305262, 0.39850798124203, -1.771547130906803, 0.022984560108673557, -2.6101066832711513], '22008760_metric_type': 'IoU', '22008760_quality_metric': 0.9260467689703992, '22008760_source': 'GT', '24400334': [0.09900810884496601, -0.3434602424048092, 0.30021140429163035, -1.898703494293399, -0.13920583699046252, -0.8273121348048379], '24400334_metric_type': 'num_matches', '24400334_quality_metric': 24780.0, '24400334_source': 'Pred'}}",,524.3883056640625,640.0441284179688,370.2779846191406,1280.0,,0.0,0.0,,0.0,0.0
,,,,960.0,"['24400334', '22008760']",18026681,,,531.873046875,732.2020874023438,,370.277587890625,1280.0,,,0.0,0.0,0.0,0.0
,,failure,,,,,,,524.3784790039062,732.2020874023438,639.777587890625,365.7880554199219,1280.0,720.0,0.0,0.0,,,0.0
,,,,,,18026681,,"{'AUTOLab+84bd5053+2023-07-08-11h-27m-42s': {'relative_path': 'AUTOLab/failure/2023-07-08/Sat_Jul__8_11:27:42_2023', '22008760': [0.38777069945964626, 0.5420482156192157, 0.33777032082925224, -1.9698232886923521, -0.20537602807212219, -2.4292809896149525], '22008760_metric_type': 'IoU', '22008760_quality_metric': 0.8774577128813069, '22008760_source': 'GT', '24400334': [0.19944340485488418, -0.3243664619028445, 0.3299095630612771, -1.9238325437017432, 0.004614273455689988, -0.6043361957955147], '24400334_metric_type': 'num_matches', '24400334_quality_metric': 39371.0, '24400334_source': 'Pred'}}",524.3909912109375,531.9161376953125,640.0441284179688,370.2777099609375,1280.0,720.0,0.0,0.0,0.0,0.0,0.0
,AUTOLab/failure/2023-07-14/Fri_Jul_14_17:27:56_2023,,,960.0,,,,"{'AUTOLab+84bd5053+2023-07-14-17h-26m-03s': {'relative_path': 'AUTOLab/failure/2023-07-14/Fri_Jul_14_17:26:03_2023', '24400334': [0.3031079935887764, -0.45131159576841506, 0.31521804528985303, -1.8887856213791974, 0.12518282678204606, -0.19364109226439705], '24400334_metric_type': 'IoU', '24400334_quality_metric': 0.8858411224469017, '24400334_source': 'GT', '22008760': [0.17169378590714793, 0.5921755009837228, 0.40858499343622773, -2.0608713165318786, -0.11408009847792622, -2.6232440748660517], '22008760_metric_type': 'num_matches', '22008760_quality_metric': 51782.0, '22008760_source': 'Pred'}}",732.2020874023438,531.8611450195312,,370.2782287597656,1280.0,720.0,0.0,0.0,0.0,0.0,0.0
,,failure,,,,18026681,,,531.9303588867188,531.8009033203125,640.0441284179688,365.7880554199219,1280.0,720.0,0.0,,0.0,0.0,
AUTOLab+84bd5053+2023-07-21-15h-28m-09s,,,350.0,960.0,"['24400334', '22008760']",,"['24400334', '22008760', '18026681']",,,531.83837890625,636.1514892578125,370.2779235839844,1280.0,720.0,,0.0,0.0,0.0,0.0
,AUTOLab/failure/2023-07-21/Fri_Jul_21_12:31:41_2023,failure,,,,,,,531.8875122070312,732.2020874023438,639.7771606445312,365.7880554199219,,720.0,0.0,0.0,,,0.0
,AUTOLab/failure/2023-07-14/Fri_Jul_14_17:09:06_2023,,639.0,,"['24400334', '22008760']",,"['24400334', '22008760', '18026681']",,732.2020874023438,524.4114990234375,,,1280.0,720.0,,,0.0,0.0,
,,failure,,,"['24400334', '22008760']",,,,524.3943481445312,531.9052124023438,,365.7880554199219,1280.0,720.0,0.0,,0.0,0.0,0.0
,,failure,153.0,,,,,,531.8438110351562,732.2020874023438,639.776123046875,370.2778015136719,1280.0,,,,,0.0,0.0
,,,,,,18026681,,"{'AUTOLab+84bd5053+2023-07-21-13h-08m-56s': {'relative_path': 'AUTOLab/failure/2023-07-21/Fri_Jul_21_13:08:56_2023', '22008760': [0.25542015020200937, 0.8138909353166303, 0.39844534295161027, -1.7535007872739103, 0.02562944898111974, -2.617874160159564], '22008760_metric_type': 'IoU', '22008760_quality_metric': 0.8250621681082979, '22008760_source': 'GT', '24400334': [0.08928827549519447, -0.3779084869656587, 0.31429682306737267, -1.8915300529547212, -0.14033155286822319, -0.83559203394825], '24400334_metric_type': 'num_matches', '24400334_quality_metric': 31248.0, '24400334_source': 'Pred'}}",531.808349609375,524.3334350585938,636.1514892578125,344.00860595703125,1280.0,720.0,0.0,0.0,,0.0,0.0
,,,,,"['24400334', '22008760']",,"['24400334', '22008760', '18026681']","{'AUTOLab+5d05c5aa+2023-07-13-11h-13m-10s': {'relative_path': 'AUTOLab/failure/2023-07-13/Thu_Jul_13_11:13:10_2023', '24400334': [0.28168829212273516, -0.48982425827139536, 0.29958134735889164, -1.9260917296512057, -0.01594116473449625, -0.7112080063957732], '24400334_metric_type': 'IoU', '24400334_quality_metric': 0.6712622629169391, '24400334_source': 'GT', '22008760': [0.4469095641130539, 0.4329151945348587, 0.4049502812203877, -1.9920164591077247, 0.05988320728808638, -2.721137041801416], '22008760_metric_type': 'IoU', '22008760_quality_metric': 0.8442770182616506, '22008760_source': 'GT'}}",524.4033813476562,524.4509887695312,639.7777709960938,,1280.0,720.0,,0.0,0.0,0.0,0.0
,,,,960.0,"['24400334', '22008760']",,,,531.7913208007812,524.372314453125,,,1280.0,,0.0,0.0,0.0,0.0,0.0
,,failure,,,,,,,531.8467407226562,732.2020874023438,640.0441284179688,344.0085754394531,1280.0,720.0,0.0,0.0,,0.0,0.0
,,,107.0,,,,"['24400334', '22008760', '18026681']",,531.8714599609375,531.7801513671875,640.0441284179688,365.7880554199219,,,0.0,0.0,0.0,0.0,
,,,,960.0,,,,,524.3995361328125,524.3804931640625,,344.0091247558594,1280.0,720.0,0.0,,0.0,0.0,0.0
,,,,,"['24400334', '22008760']",,,,,524.3642578125,,344.0085144042969,1280.0,720.0,0.0,,0.0,0.0,0.0
,,,,,,,,"{'AUTOLab+5d05c5aa+2023-07-26-16h-54m-22s': {'relative_path': 'AUTOLab/failure/2023-07-26/Wed_Jul_26_16:54:22_2023', '24400334': [0.22496777546106378, -0.46252874908001973, 0.34986507477851264, -1.919259985032204, 0.0026313439193381694, -0.8400293181105547], '24400334_metric_type': 'IoU', '24400334_quality_metric': 0.7581115799997675, '24400334_source': 'GT', '22008760': [0.3466221963851771, 0.5721798354453999, 0.38273747009892917, -2.0399492550211185, -0.019194463011699803, -2.81868606940933], '22008760_metric_type': 'IoU', '22008760_quality_metric': 0.9100738396624473, '22008760_source': 'GT'}}",531.9559936523438,524.4526977539062,640.0441284179688,,,,0.0,0.0,,,0.0
,,,,,,,,,524.3672485351562,531.722900390625,639.7772827148438,365.7880554199219,,720.0,0.0,0.0,0.0,0.0,0.0
,AUTOLab/failure/2023-07-13/Thu_Jul_13_11:30:21_2023,,,,,,"['24400334', '22008760', '18026681']",,524.4042358398438,531.7695922851562,,,1280.0,,0.0,0.0,0.0,0.0,0.0
AUTOLab+5d05c5aa+2023-07-07-19h-00m-28s,,,132.0,,,,,,531.8076782226562,732.2020874023438,636.1517333984375,,,720.0,0.0,0.0,,0.0,0.0
,,,,,,,"['24400334', '22008760', '18026681']",,732.2020874023438,,636.1505126953125,344.00848388671875,,,,,,0.0,0.0
,,,,960.0,,,"['24400334', '22008760', '18026681']",,732.2020874023438,531.8634643554688,,370.2779235839844,,720.0,,,0.0,0.0,0.0
AUTOLab+84bd5053+2023-07-21-15h-32m-30s,,,,,"['22008760', '24400334']",,,"{'AUTOLab+84bd5053+2023-07-14-16h-54m-39s': {'relative_path': 'AUTOLab/failure/2023-07-14/Fri_Jul_14_16:54:39_2023', '24400334': [0.3031079935887764, -0.45131159576841506, 0.31521804528985303, -1.8887856213791974, 0.12518282678204606, -0.19364109226439705], '24400334_metric_type': 'IoU', '24400334_quality_metric': 0.8792412555818917, '24400334_source': 'GT', '22008760': [0.1708196968440846, 0.5962699389448913, 0.3992265381752701, -2.0463117476769206, -0.11787377748457861, -2.6252745734475793], '22008760_metric_type': 'num_matches', '22008760_quality_metric': 53115.0, '22008760_source': 'Pred'}}",,,,,1280.0,,,0.0,0.0,,
,AUTOLab/failure/2023-07-14/Fri_Jul_14_16:54:08_2023,,,960.0,"['24400334', '22008760']",,,"{'AUTOLab+5d05c5aa+2023-07-07-19h-00m-28s': {'relative_path': 'AUTOLab/failure/2023-07-07/Fri_Jul__7_19:00:28_2023', '24400334': [0.30003995443526366, -0.4658078662612428, 0.3150260527908532, -1.8838427680005083, 0.07737475858958254, -0.7168887900569086], '24400334_metric_type': 'IoU', '24400334_quality_metric': 0.6540384564240312, '24400334_source': 'GT', '22008760': [0.42155542255650963, 0.4283417332661078, 0.34060748682701825, -2.0115951547787603, -0.10234365161883052, -2.3089979996777203], '22008760_metric_type': 'IoU', '22008760_quality_metric': 0.773224043715847, '22008760_source': 'GT'}}",531.8655395507812,524.4288330078125,640.0441284179688,365.7880554199219,,,0.0,,0.0,0.0,0.0
,,failure,141.0,960.0,,18026681,,,524.4509887695312,,639.7775268554688,344.0088806152344,1280.0,720.0,0.0,0.0,,,0.0
,,failure,,,,,,,524.4066162109375,531.8741455078125,640.0441284179688,370.2778625488281,1280.0,720.0,,0.0,0.0,0.0,0.0
,,,,,,,,,,,640.0441284179688,344.0089111328125,1280.0,,0.0,0.0,0.0,,
,AUTOLab/failure/2023-07-13/Thu_Jul_13_11:20:04_2023,failure,122.0,,"['22008760', '24400334']",,,,,732.2020874023438,639.7777709960938,370.2778015136719,1280.0,,,0.0,0.0,0.0,0.0
,,,,,,,,,524.4069213867188,732.2020874023438,636.1508178710938,,1280.0,720.0,0.0,,0.0,0.0,
AUTOLab+84bd5053+2023-07-21-13h-15m-28s,AUTOLab/failure/2023-07-08/Sat_Jul__8_10:00:17_2023,,,960.0,"['24400334', '22008760']",,,,,732.2020874023438,639.777099609375,365.7880554199219,1280.0,720.0,0.0,0.0,0.0,,0.0
,AUTOLab/failure/2023-07-14/Fri_Jul_14_15:58:46_2023,,,,"['24400334', '22008760']",,"['24400334', '22008760', '18026681']",,531.82177734375,732.2020874023438,640.0441284179688,365.7880554199219,1280.0,,0.0,0.0,0.0,0.0,0.0
,,,,,,,,,732.2020874023438,,636.1526489257812,365.7880554199219,1280.0,720.0,0.0,0.0,0.0,0.0,0.0
,AUTOLab/failure/2023-07-21/Fri_Jul_21_14:42:01_2023,,,,,,,,524.4050903320312,,,370.2774658203125,1280.0,,0.0,0.0,0.0,0.0,0.0
,,,,,,,,"{'AUTOLab+5d05c5aa+2023-07-07-16h-27m-21s': {'relative_path': 'AUTOLab/failure/2023-07-07/Fri_Jul__7_16:27:21_2023', '24400334': [0.30003995443526366, -0.4658078662612428, 0.3150260527908532, -1.8838427680005083, 0.07737475858958254, -0.7168887900569086], '24400334_metric_type': 'IoU', '24400334_quality_metric': 0.7771299381247025, '24400334_source': 'GT', '22008760': [0.42155542255650963, 0.4283417332661078, 0.34060748682701825, -2.0115951547787603, -0.10234365161883052, -2.3089979996777203], '22008760_metric_type': 'IoU', '22008760_quality_metric': 0.8510951151537949, '22008760_source': 'GT'}}",524.4942016601562,524.3220825195312,636.1521606445312,,1280.0,720.0,0.0,0.0,,0.0,0.0
,,failure,,960.0,,18026681,,"{'AUTOLab+84bd5053+2023-07-08-10h-00m-17s': {'relative_path': 'AUTOLab/failure/2023-07-08/Sat_Jul__8_10:00:17_2023', '22008760': [0.3779765552622767, 0.5513553373457829, 0.3428649995747571, -2.0062895619791954, -0.13030313054401077, -2.237826943011561], '22008760_metric_type': 'IoU', '22008760_quality_metric': 0.7059737032819132, '22008760_source': 'GT', '24400334': [0.19754364156722592, -0.32921640275576325, 0.3119765084582113, -1.9062118133222472, 0.0013675816842506627, -0.6252467676050629], '24400334_metric_type': 'num_matches', '24400334_quality_metric': 33368.0, '24400334_source': 'Pred'}}",732.2020874023438,524.45751953125,639.775146484375,,1280.0,720.0,0.0,0.0,0.0,,0.0
AUTOLab+5d05c5aa+2023-07-23-22h-02m-53s,,failure,,960.0,"['24400334', '22008760']",18026681,"['22008760', '24400334', '18026681']",,,732.2020874023438,640.0441284179688,344.0086364746094,1280.0,720.0,0.0,,0.0,,0.0
,,,,,"['24400334', '22008760']",18026681,,"{'AUTOLab+84bd5053+2023-07-14-17h-15m-08s': {'relative_path': 'AUTOLab/failure/2023-07-14/Fri_Jul_14_17:15:08_2023', '24400334': [0.3031079935887764, -0.45131159576841506, 0.31521804528985303, -1.8887856213791974, 0.12518282678204606, -0.19364109226439705], '24400334_metric_type': 'IoU', '24400334_quality_metric': 0.8317031788013374, '24400334_source': 'GT', '22008760': [0.15560431088001223, 0.5761599123757485, 0.38638958340603163, -2.0361421298388818, -0.11037969394351244, -2.602968741991253], '22008760_metric_type': 'num_matches', '22008760_quality_metric': 52471.0, '22008760_source': 'Pred'}}",524.37158203125,531.8941040039062,,370.2769775390625,1280.0,720.0,0.0,0.0,0.0,,0.0
,,,,960.0,,,,"{'AUTOLab+84bd5053+2023-07-14-17h-00m-11s': {'relative_path': 'AUTOLab/failure/2023-07-14/Fri_Jul_14_17:00:11_2023', '24400334': [0.3031079935887764, -0.45131159576841506, 0.31521804528985303, -1.8887856213791974, 0.12518282678204606, -0.19364109226439705], '24400334_metric_type': 'IoU', '24400334_quality_metric': 0.9095631058505769, '24400334_source': 'GT', '22008760': [0.1836834298185894, 0.629381023612198, 0.3961941076212814, -2.039684554619058, -0.11820045611475205, -2.655315264940879], '22008760_metric_type': 'num_matches', '22008760_quality_metric': 60071.0, '22008760_source': 'Pred'}}",524.366943359375,531.8335571289062,,370.2778015136719,1280.0,720.0,0.0,,0.0,0.0,0.0
,AUTOLab/failure/2023-07-14/Fri_Jul_14_17:25:34_2023,,,,"['24400334', '22008760']",,"['22008760', '24400334', '18026681']",,732.2020874023438,732.2020874023438,640.0441284179688,365.7880554199219,1280.0,720.0,0.0,0.0,,0.0,0.0
,,,,,,,"['22008760', '24400334', '18026681']",,,531.8129272460938,639.7763061523438,365.7880554199219,,720.0,,0.0,0.0,0.0,0.0
,AUTOLab/failure/2023-07-14/Fri_Jul_14_17:26:03_2023,failure,,,,,,,531.871337890625,524.3737182617188,,,1280.0,720.0,0.0,,0.0,,
,,,,,,,"['24400334', '22008760', '18026681']",,524.4244995117188,,640.0441284179688,365.7880554199219,1280.0,720.0,0.0,0.0,0.0,,0.0
,,,875.0,,,,,"{'AUTOLab+5d05c5aa+2023-07-07-14h-54m-22s': {'relative_path': 'AUTOLab/failure/2023-07-07/Fri_Jul__7_14:54:22_2023', '22008760': [0.38394799416047826, 0.5194058026771122, 0.3380818926772482, -1.9916617096199483, -0.18304978168904396, -2.2208430828155064], '22008760_metric_type': 'IoU', '22008760_quality_metric': 0.7017095634620237, '22008760_source': 'GT', '24400334': [0.18181367474576784, -0.43845882352345716, 0.3106139888231517, -1.8663964349314937, -0.11122787369787535, -1.0077944350451788], '24400334_metric_type': 'num_matches', '24400334_quality_metric': 44479.0, '24400334_source': 'Pred'}}",524.3765869140625,531.8046875,,344.0083923339844,1280.0,,0.0,,,0.0,0.0
,,,87.0,960.0,,,,"{'AUTOLab+84bd5053+2023-07-21-12h-30m-58s': {'relative_path': 'AUTOLab/failure/2023-07-21/Fri_Jul_21_12:30:58_2023', '22008760': [0.25542015020200937, 0.8138909353166303, 0.39844534295161027, -1.7535007872739103, 0.02562944898111974, -2.617874160159564], '22008760_metric_type': 'IoU', '22008760_quality_metric': 0.8638645875478381, '22008760_source': 'GT', '24400334': [0.08823400031488662, -0.36474638224720274, 0.3220062847388164, -1.901684584833659, -0.13733217828095912, -0.8443691942547664], '24400334_metric_type': 'num_matches', '24400334_quality_metric': 26680.0, '24400334_source': 'Pred'}}",,732.2020874023438,639.776123046875,370.27801513671875,,,0.0,0.0,,0.0,
,,,,960.0,,18026681,,,,,639.778076171875,,1280.0,720.0,0.0,0.0,0.0,0.0,0.0
AUTOLab+5d05c5aa+2023-07-26-17h-05m-24s,,,280.0,,"['24400334', '22008760']",,"['24400334', '22008760', '18026681']",,524.3804931640625,531.861572265625,,365.7880554199219,1280.0,,0.0,0.0,0.0,0.0,0.0
,,,72.0,,,,,,531.8129272460938,524.4212036132812,639.7761840820312,344.00897216796875,1280.0,720.0,0.0,0.0,0.0,0.0,
,,,,,,,"['24400334', '22008760', '18026681']","{'AUTOLab+84bd5053+2023-07-21-12h-56m-19s': {'relative_path': 'AUTOLab/failure/2023-07-21/Fri_Jul_21_12:56:19_2023', '22008760': [0.25542015020200937, 0.8138909353166303, 0.39844534295161027, -1.7535007872739103, 0.02562944898111974, -2.617874160159564], '22008760_metric_type': 'IoU', '22008760_quality_metric': 0.850500190912562, '22008760_source': 'GT', '24400334': [0.08424549302702831, -0.3624039155270787, 0.312482494891194, -1.8902992201121107, -0.1460086135648615, -0.8413108307178941], '24400334_metric_type': 'num_matches', '24400334_quality_metric': 30242.0, '24400334_source': 'Pred'}}",732.2020874023438,531.8076782226562,639.7769775390625,370.27764892578125,1280.0,720.0,0.0,0.0,,0.0,0.0
,,,266.0,960.0,,18026681,,,732.2020874023438,732.2020874023438,,365.7880554199219,1280.0,720.0,0.0,0.0,0.0,0.0,
,AUTOLab/failure/2023-07-12/Wed_Jul_12_11:46:23_2023,,167.0,960.0,"['24400334', '22008760']",,,,524.3060913085938,,639.776611328125,,,720.0,0.0,,0.0,0.0,0.0
,,,,,"['24400334', '22008760']",,"['24400334', '22008760', '18026681']",,531.9035034179688,,640.0441284179688,344.0088806152344,1280.0,720.0,0.0,0.0,,,0.0
,,failure,,,,18026681,,"{'AUTOLab+84bd5053+2023-07-14-16h-45m-14s': {'relative_path': 'AUTOLab/failure/2023-07-14/Fri_Jul_14_16:45:14_2023', '24400334': [0.3031079935887764, -0.45131159576841506, 0.31521804528985303, -1.8887856213791974, 0.12518282678204606, -0.19364109226439705], '24400334_metric_type': 'IoU', '24400334_quality_metric': 0.881741698974075, '24400334_source': 'GT', '22008760': [0.17691284202013302, 0.6173239391779841, 0.39893157467985274, -2.0394285531766188, -0.12469387595186965, -2.6392932264616813], '22008760_metric_type': 'num_matches', '22008760_quality_metric': 56189.0, '22008760_source': 'Pred'}}",524.2788696289062,524.4148559570312,639.7766723632812,365.7880554199219,1280.0,720.0,0.0,0.0,0.0,0.0,0.0
,AUTOLab/failure/2023-07-14/Fri_Jul_14_16:53:39_2023,,,,,18026681,"['24400334', '22008760', '18026681']",,,531.8135375976562,636.15185546875,344.0083923339844,1280.0,,0.0,0.0,,0.0,
,AUTOLab/failure/2023-07-26/Wed_Jul_26_16:28:02_2023,,,,,18026681,,"{'AUTOLab+84bd5053+2023-07-21-12h-32m-56s': {'relative_path': 'AUTOLab/failure/2023-07-21/Fri_Jul_21_12:32:56_2023', '22008760': [0.25542015020200937, 0.8138909353166303, 0.39844534295161027, -1.7535007872739103, 0.02562944898111974, -2.617874160159564], '22008760_metric_type': 'IoU', '22008760_quality_metric': 0.8667333112685665, '22008760_source': 'GT', '24400334': [0.08800268849458069, -0.37640626205012034, 0.32632503788037653, -1.9088416169234521, -0.14092077014504945, -0.8374319504410717], '24400334_metric_type': 'num_matches', '24400334_quality_metric': 25341.0, '24400334_source': 'Pred'}}",524.3763427734375,524.351806640625,639.7761840820312,370.2781677246094,1280.0,720.0,0.0,,0.0,0.0,0.0
,AUTOLab/failure/2023-07-14/Fri_Jul_14_16:57:00_2023,,343.0,960.0,,18026681,,,732.2020874023438,524.37255859375,,344.00872802734375,,720.0,0.0,0.0,0.0,0.0,0.0
AUTOLab+84bd5053+2023-07-21-12h-31m-41s,AUTOLab/failure/2023-07-21/Fri_Jul_21_12:15:37_2023,failure,,,,,"['24400334', '22008760', '18026681']",,,,636.1517944335938,370.27801513671875,,,0.0,,0.0,,0.0
,AUTOLab/failure/2023-07-08/Sat_Jul__8_11:01:43_2023,,,,,,"['24400334', '22008760', '18026681']","{'AUTOLab+5d05c5aa+2023-07-26-16h-27m-32s': {'relative_path': 'AUTOLab/failure/2023-07-26/Wed_Jul_26_16:27:32_2023', '24400334': [0.22496777546106378, -0.46252874908001973, 0.34986507477851264, -1.919259985032204, 0.0026313439193381694, -0.8400293181105547], '24400334_metric_type': 'IoU', '24400334_quality_metric': 0.742661918968338, '24400334_source': 'GT', '22008760': [0.3466221963851771, 0.5721798354453999, 0.38273747009892917, -2.0399492550211185, -0.019194463011699803, -2.81868606940933], '22008760_metric_type': 'IoU', '22008760_quality_metric': 0.8895522629877758, '22008760_source': 'GT'}}",531.8024291992188,524.3568725585938,639.7760009765625,344.0086364746094,,720.0,0.0,0.0,,0.0,
,,,168.0,,,,,,531.722900390625,732.2020874023438,639.7754516601562,,1280.0,,0.0,0.0,0.0,0.0,0.0
,,,101.0,,,,,"{'AUTOLab+84bd5053+2023-07-21-12h-58m-48s': {'relative_path': 'AUTOLab/failure/2023-07-21/Fri_Jul_21_12:58:48_2023', '22008760': [0.25542015020200937, 0.8138909353166303, 0.39844534295161027, -1.7535007872739103, 0.02562944898111974, -2.617874160159564], '22008760_metric_type': 'IoU', '22008760_quality_metric': 0.8757822673661495, '22008760_source': 'GT', '24400334': [0.087651490114749, -0.3448452216776926, 0.31333631877288604, -1.891517505041904, -0.14321854450822102, -0.8395063914047158], '24400334_metric_type': 'num_matches', '24400334_quality_metric': 30940.0, '24400334_source': 'Pred'}}",524.36328125,524.3995971679688,640.0441284179688,365.7880554199219,,720.0,0.0,,0.0,0.0,
,AUTOLab/failure/2023-07-21/Fri_Jul_21_15:34:49_2023,failure,,960.0,,18026681,,,524.38427734375,,639.77685546875,370.2779235839844,1280.0,720.0,0.0,0.0,,0.0,
,AUTOLab/failure/2023-07-14/Fri_Jul_14_16:57:29_2023,,,960.0,"['22008760', '24400334']",18026681,,,732.2020874023438,524.421142578125,,370.2784729003906,1280.0,720.0,,0.0,0.0,0.0,
,,,,960.0,,,,,531.8807983398438,524.3289184570312,639.7762451171875,370.2779541015625,1280.0,720.0,0.0,0.0,0.0,0.0,0.0
AUTOLab+84bd5053+2023-07-14-17h-26m-03s,,,,,,,,"{'AUTOLab+84bd5053+2023-07-21-12h-31m-41s': {'relative_path': 'AUTOLab/failure/2023-07-21/Fri_Jul_21_12:31:41_2023', '24400334': [0.13571399730802516, -0.5260054242697205, 0.2991680466882737, -1.9129159808305245, -0.07570182865119501, -0.729133410079116], '24400334_metric_type': 'IoU', '24400334_quality_metric': 0.7027533116027463, '24400334_source': 'GT', '22008760': [0.25542015020200937, 0.8138909353166303, 0.39844534295161027, -1.7535007872739103, 0.02562944898111974, -2.617874160159564], '22008760_metric_type': 'IoU', '22008760_quality_metric': 0.8594721041258996, '22008760_source': 'GT'}}",531.7877197265625,524.35205078125,639.7767333984375,370.278564453125,1280.0,720.0,,0.0,,0.0,0.0
,AUTOLab/failure/2023-07-07/Fri_Jul__7_10:00:27_2023,,,,,,,,524.4777221679688,732.2020874023438,640.0441284179688,370.27777099609375,,720.0,0.0,,,0.0,0.0
,AUTOLab/failure/2023-07-14/Fri_Jul_14_16:46:05_2023,failure,,,,18026681,,,531.9302368164062,732.2020874023438,,344.00848388671875,,720.0,0.0,0.0,0.0,,
,AUTOLab/failure/2023-07-14/Fri_Jul_14_16:47:37_2023,,,,,18026681,,,,,639.7762451171875,365.7880554199219,,720.0,,0.0,,0.0,0.0
,,,,,,,,"{'AUTOLab+5d05c5aa+2023-07-07-14h-47m-22s': {'relative_path': 'AUTOLab/failure/2023-07-07/Fri_Jul__7_14:47:22_2023', '24400334': [0.1914196315647823, -0.43125209414265453, 0.30929078644443253, -1.8882083581043219, -0.06516730442052321, -0.8378712049810898], '24400334_metric_type': 'IoU', '24400334_quality_metric': 0.7958951397053305, '24400334_source': 'GT', '22008760': [0.36616061969083763, 0.5188671311125387, 0.337930103567459, -2.0183249399863823, -0.18796932144755596, -2.2001819389115993], '22008760_metric_type': 'num_matches', '22008760_quality_metric': 32655.0, '22008760_source': 'Pred'}}",,732.2020874023438,639.7769165039062,370.2779846191406,,,0.0,0.0,0.0,0.0,0.0
,,,,,,,,"{'AUTOLab+5d05c5aa+2023-07-13-11h-26m-16s': {'relative_path': 'AUTOLab/failure/2023-07-13/Thu_Jul_13_11:26:16_2023', '24400334': [0.28168829212273516, -0.48982425827139536, 0.29958134735889164, -1.9260917296512057, -0.01594116473449625, -0.7112080063957732], '24400334_metric_type': 'IoU', '24400334_quality_metric': 0.8602663859965668, '24400334_source': 'GT', '22008760': [0.4469095641130539, 0.4329151945348587, 0.4049502812203877, -1.9920164591077247, 0.05988320728808638, -2.721137041801416], '22008760_metric_type': 'IoU', '22008760_quality_metric': 0.7812574422481543, '22008760_source': 'GT'}}",732.2020874023438,,636.1520385742188,344.00872802734375,1280.0,720.0,0.0,0.0,0.0,0.0,0.0
AUTOLab+5d05c5aa+2023-07-23-21h-26m-26s,,,,,,,,,531.8642578125,732.2020874023438,636.1508178710938,365.7880554199219,,720.0,0.0,,0.0,0.0,0.0
,,,449.0,960.0,"['22008760', '24400334']",,,,531.8126831054688,524.3278198242188,639.7766723632812,365.7880554199219,1280.0,720.0,0.0,0.0,,0.0,0.0
,,,74.0,,,,,,524.4598999023438,,639.7772216796875,365.7880554199219,1280.0,720.0,,,,0.0,0.0
,,,,,,,"['22008760', '24400334', '18026681']","{'AUTOLab+84bd5053+2023-07-08-10h-12m-09s': {'relative_path': 'AUTOLab/failure/2023-07-08/Sat_Jul__8_10:12:09_2023', '22008760': [0.3779765552622767, 0.5513553373457829, 0.3428649995747571, -2.0062895619791954, -0.13030313054401077, -2.237826943011561], '22008760_metric_type': 'IoU', '22008760_quality_metric': 0.7997587816224557, '22008760_source': 'GT', '24400334': [0.20683107187702418, -0.3349738254345271, 0.31222169901644226, -1.9033522448165798, 0.009299305526836665, -0.5837356267381847], '24400334_metric_type': 'num_matches', '24400334_quality_metric': 38047.0, '24400334_source': 'Pred'}}",732.2020874023438,531.843994140625,639.7763671875,365.7880554199219,1280.0,720.0,0.0,0.0,0.0,0.0,
,,failure,,,"['24400334', '22008760']",,,,531.8178100585938,732.2020874023438,,365.7880554199219,1280.0,720.0,0.0,,0.0,0.0,0.0
AUTOLab+5d05c5aa+2023-07-07-16h-18m-48s,,,,,"['22008760', '24400334']",18026681,,,,524.5088500976562,636.15234375,370.27813720703125,,720.0,0.0,0.0,0.0,,0.0
,,,,,,,,,732.2020874023438,732.2020874023438,640.0441284179688,344.0085754394531,1280.0,720.0,0.0,0.0,,,
,AUTOLab/failure/2023-07-21/Fri_Jul_21_15:31:10_2023,,,,"['22008760', '24400334']",,,,732.2020874023438,531.873046875,640.0441284179688,344.00872802734375,1280.0,,0.0,,,0.0,0.0
AUTOLab+84bd5053+2023-07-12-11h-46m-23s,,failure,,,,,,,,531.7889404296875,639.7769775390625,344.0093688964844,1280.0,720.0,0.0,0.0,,0.0,0.0
,,failure,75.0,,,18026681,,,524.351806640625,732.2020874023438,640.0441284179688,344.0086669921875,1280.0,720.0,0.0,0.0,,,0.0
,AUTOLab/failure/2023-07-07/Fri_Jul__7_10:38:48_2023,,,960.0,,,"['24400334', '22008760', '18026681']",,524.3921508789062,732.2020874023438,640.0441284179688,370.278076171875,1280.0,720.0,0.0,0.0,0.0,0.0,0.0
,,failure,170.0,,,,,,,,636.1516723632812,,1280.0,720.0,,,0.0,,
AUTOLab+84bd5053+2023-07-21-15h-31m-55s,,failure,170.0,,,18026681,,,524.3540649414062,,640.0441284179688,365.7880554199219,,720.0,0.0,0.0,0.0,0.0,
,,,,,"['24400334', '22008760']",,"['22008760', '24400334', '18026681']",,,524.406494140625,640.0441284179688,,,720.0,,0.0,0.0,0.0,0.0
,AUTOLab/failure/2023-07-26/Wed_Jul_26_16:54:22_2023,,,,"['24400334', '22008760']",,,,524.3289184570312,524.36328125,636.1519775390625,344.0086669921875,,720.0,,0.0,0.0,0.0,
,AUTOLab/failure/2023-07-23/Sun_Jul_23_21:26:44_2023,,,,,,"['24400334', '22008760', '18026681']","{'AUTOLab+84bd5053+2023-07-14-17h-15m-41s': {'relative_path': 'AUTOLab/failure/2023-07-14/Fri_Jul_14_17:15:41_2023', '24400334': [0.3031079935887764, -0.45131159576841506, 0.31521804528985303, -1.8887856213791974, 0.12518282678204606, -0.19364109226439705], '24400334_metric_type': 'IoU', '24400334_quality_metric': 0.8825866510379043, '24400334_source': 'GT', '22008760': [0.18394765805855354, 0.6240794847620841, 0.39522771919493643, -2.042483666246279, -0.11167631975726744, -2.6526289037194433], '22008760_metric_type': 'num_matches', '22008760_quality_metric': 68607.0, '22008760_source': 'Pred'}}",524.4266967773438,524.4439697265625,640.0441284179688,370.27783203125,1280.0,,0.0,0.0,0.0,0.0,0.0
,,failure,,960.0,"['24400334', '22008760']",,,,,732.2020874023438,639.7763671875,344.0084533691406,1280.0,720.0,0.0,0.0,0.0,0.0,0.0
,AUTOLab/failure/2023-07-21/Fri_Jul_21_12:37:16_2023,failure,,,,18026681,,"{'AUTOLab+5d05c5aa+2023-07-13-10h-38m-12s': {'relative_path': 'AUTOLab/failure/2023-07-13/Thu_Jul_13_10:38:12_2023', '22008760': [0.44199436603915176, 0.42757606470808845, 0.4071898726638451, -2.0099261887023445, 0.04129500691689714, -2.7746073946226497], '22008760_metric_type': 'IoU', '22008760_quality_metric': 0.6489307643446962, '22008760_source': 'GT', '24400334': [0.21792717723219773, -0.480035806661628, 0.31127600045151577, -1.9302047725961644, -0.031257602873980606, -0.7938249298136201], '24400334_metric_type': 'num_matches', '24400334_quality_metric': 25481.0, '24400334_source': 'Pred'}}",,524.380615234375,636.1527099609375,344.00872802734375,1280.0,720.0,0.0,,0.0,0.0,0.0
AUTOLab+5d05c5aa+2023-07-07-18h-51m-08s,,,,,,,,,524.3334350585938,524.3651733398438,640.0441284179688,365.7880554199219,,,0.0,0.0,0.0,0.0,0.0
,,failure,,,,,,,531.8023681640625,531.7421264648438,640.0441284179688,,1280.0,720.0,0.0,0.0,0.0,0.0,0.0
,,,,,,,,,524.3927001953125,,639.7766723632812,365.7880554199219,,720.0,0.0,0.0,0.0,0.0,
,,failure,,,"['22008760', '24400334']",18026681,,"{'AUTOLab+84bd5053+2023-07-08-09h-47m-56s': {'relative_path': 'AUTOLab/failure/2023-07-08/Sat_Jul__8_09:47:56_2023', '24400334': [0.21341477116096785, -0.3625123315684686, 0.3019412985971104, -1.9138312304011444, 0.03892470243685375, -0.561854195056732], '24400334_metric_type': 'IoU', '24400334_quality_metric': 0.6227087043050172, '24400334_source': 'GT', '22008760': [0.3779765552622767, 0.5513553373457829, 0.3428649995747571, -2.0062895619791954, -0.13030313054401077, -2.237826943011561], '22008760_metric_type': 'IoU', '22008760_quality_metric': 0.7758499600957701, '22008760_source': 'GT'}}",732.2020874023438,531.9039916992188,640.0441284179688,,1280.0,720.0,0.0,,0.0,0.0,0.0
,AUTOLab/failure/2023-07-13/Thu_Jul_13_11:07:13_2023,,,,,,"['22008760', '24400334', '18026681']","{'AUTOLab+84bd5053+2023-07-21-12h-57m-38s': {'relative_path': 'AUTOLab/failure/2023-07-21/Fri_Jul_21_12:57:38_2023', '22008760': [0.25542015020200937, 0.8138909353166303, 0.39844534295161027, -1.7535007872739103, 0.02562944898111974, -2.617874160159564], '22008760_metric_type': 'IoU', '22008760_quality_metric': 0.8815310181015312, '22008760_source': 'GT', '24400334': [0.08226871045113146, -0.3418477317754274, 0.3202517820501738, -1.8961429054768117, -0.153678500875303, -0.8394576997390013], '24400334_metric_type': 'num_matches', '24400334_quality_metric': 28086.0, '24400334_source': 'Pred'}}",,531.8289184570312,639.775390625,365.7880554199219,1280.0,720.0,,0.0,0.0,,0.0
AUTOLab+84bd5053+2023-07-14-16h-52m-02s,,failure,,,,,,,732.2020874023438,531.8638305664062,639.7778930664062,344.0086975097656,,720.0,0.0,0.0,0.0,,
,AUTOLab/failure/2023-07-21/Fri_Jul_21_15:31:55_2023,,800.0,,,,"['24400334', '22008760', '18026681']",,732.2020874023438,,639.7757568359375,370.2781066894531,1280.0,720.0,0.0,0.0,0.0,0.0,0.0
,AUTOLab/failure/2023-07-21/Fri_Jul_21_12:58:33_2023,,449.0,960.0,,,"['24400334', '22008760', '18026681']",,,732.2020874023438,640.0441284179688,,,,0.0,,0.0,0.0,0.0
AUTOLab+84bd5053+2023-07-14-17h-15m-08s,,,,,,,"['24400334', '22008760', '18026681']",,531.8579711914062,524.3305053710938,,365.7880554199219,1280.0,720.0,0.0,,,,0.0
AUTOLab+5d05c5aa+2023-07-26-16h-59m-23s,AUTOLab/failure/2023-07-07/Fri_Jul__7_10:39:19_2023,,93.0,,,,,,524.4097290039062,,,,,720.0,0.0,,0.0,0.0,0.0
,,,,,,,,,732.2020874023438,732.2020874023438,640.0441284179688,344.0087585449219,1280.0,720.0,,0.0,0.0,0.0,
,,,,,,,,,,531.9868774414062,636.1519165039062,,,720.0,0.0,0.0,,,0.0
AUTOLab+5d05c5aa+2023-07-07-18h-50m-52s,,failure,,,,,"['24400334', '22008760', '18026681']",,,,636.1524658203125,,1280.0,720.0,0.0,,0.0,0.0,
,,,,,,18026681,,"{'AUTOLab+84bd5053+2023-07-08-10h-23m-42s': {'relative_path': 'AUTOLab/failure/2023-07-08/Sat_Jul__8_10:23:42_2023', '24400334': [0.21341477116096785, -0.3625123315684686, 0.3019412985971104, -1.9138312304011444, 0.03892470243685375, -0.561854195056732], '24400334_metric_type': 'IoU', '24400334_quality_metric': 0.6857971909245254, '24400334_source': 'GT', '22008760': [0.33510986353995226, 0.4966221208042064, 0.34852741385781605, -2.0477734461896997, -0.12396374174578129, -2.1600943817169984], '22008760_metric_type': 'num_matches', '22008760_quality_metric': 26326.0, '22008760_source': 'Pred'}}",531.89697265625,,639.776123046875,365.7880554199219,1280.0,720.0,0.0,,,0.0,0.0
,AUTOLab/failure/2023-07-14/Fri_Jul_14_17:02:13_2023,failure,,,,18026681,,,524.3980102539062,,,370.2774963378906,,720.0,0.0,0.0,0.0,0.0,0.0
,,,,,"['24400334', '22008760']",,,,524.4268188476562,531.81982421875,639.7760620117188,370.2778015136719,,720.0,,0.0,,0.0,
,,,100.0,,,18026681,,,,524.37158203125,636.1514282226562,344.0084533691406,1280.0,720.0,0.0,0.0,0.0,,
,,,147.0,,,,"['24400334', '22008760', '18026681']","{'AUTOLab+84bd5053+2023-07-14-16h-52m-38s': {'relative_path': 'AUTOLab/failure/2023-07-14/Fri_Jul_14_16:52:38_2023', '24400334': [0.3031079935887764, -0.45131159576841506, 0.31521804528985303, -1.8887856213791974, 0.12518282678204606, -0.19364109226439705], '24400334_metric_type': 'IoU', '24400334_quality_metric': 0.916033294884185, '24400334_source': 'GT', '22008760': [0.17579708257782384, 0.617239650236635, 0.3994785482501812, -2.0417635950650013, -0.1227488469744602, -2.6398540001918414], '22008760_metric_type': 'num_matches', '22008760_quality_metric': 54789.0, '22008760_source': 'Pred'}}",,732.2020874023438,640.0441284179688,365.7880554199219,1280.0,720.0,0.0,0.0,,0.0,
AUTOLab+5d05c5aa+2023-07-13-10h-58m-28s,,,,,,,,"{'AUTOLab+84bd5053+2023-07-14-16h-48m-12s': {'relative_path': 'AUTOLab/failure/2023-07-14/Fri_Jul_14_16:48:12_2023', '24400334': [0.3031079935887764, -0.45131159576841506, 0.31521804528985303, -1.8887856213791974, 0.12518282678204606, -0.19364109226439705], '24400334_metric_type': 'IoU', '24400334_quality_metric': 0.8472232647627024, '24400334_source': 'GT', '22008760': [0.1731957606555592, 0.6011079555376637, 0.4080805303281624, -2.054247902000154, -0.12300249938440744, -2.6269389021974234], '22008760_metric_type': 'num_matches', '22008760_quality_metric': 49613.0, '22008760_source': 'Pred'}}",732.2020874023438,524.380859375,640.0441284179688,365.7880554199219,1280.0,720.0,0.0,,0.0,0.0,
,,,,,,,,,732.2020874023438,732.2020874023438,,344.0084533691406,1280.0,720.0,0.0,0.0,0.0,0.0,
,,,,960.0,,18026681,,,,,,,1280.0,,0.0,0.0,0.0,0.0,0.0
AUTOLab+84bd5053+2023-07-21-13h-08m-56s,,,,960.0,,,,,531.8212890625,531.9014282226562,640.0441284179688,370.2779846191406,,,,0.0,0.0,0.0,0.0
,,,,,"['22008760', '24400334']",18026681,,,732.2020874023438,524.412353515625,640.0441284179688,,,720.0,0.0,,0.0,0.0,0.0
AUTOLab+5d05c5aa+2023-07-23-21h-33m-22s,,,,,,,,"{'AUTOLab+84bd5053+2023-07-14-16h-57m-29s': {'relative_path': 'AUTOLab/failure/2023-07-14/Fri_Jul_14_16:57:29_2023', '24400334': [0.3031079935887764, -0.45131159576841506, 0.31521804528985303, -1.8887856213791974, 0.12518282678204606, -0.19364109226439705], '24400334_metric_type': 'IoU', '24400334_quality_metric': 0.9135421570248985, '24400334_source': 'GT', '22008760': [0.17534659451658996, 0.612197781861268, 0.3972315478895234, -2.0399109710584895, -0.12529174365430995, -2.635125856762141], '22008760_metric_type': 'num_matches', '22008760_quality_metric': 56419.0, '22008760_source': 'Pred'}}",,524.2788696289062,640.0441284179688,365.7880554199219,,,,,0.0,0.0,0.0
,,,,960.0,"['24400334', '22008760']",,,,524.3935546875,531.8449096679688,639.77685546875,344.00885009765625,1280.0,720.0,0.0,0.0,0.0,0.0,0.0
AUTOLab+84bd5053+2023-07-21-13h-13m-17s,,,,,,,,,524.3220825195312,531.8238525390625,639.7767333984375,344.00860595703125,1280.0,,0.0,0.0,,0.0,0.0
AUTOLab+5d05c5aa+2023-07-13-10h-53m-16s,AUTOLab/failure/2023-07-13/Thu_Jul_13_11:13:10_2023,,,960.0,"['24400334', '22008760']",,,,732.2020874023438,,636.1512451171875,370.2778015136719,1280.0,720.0,0.0,0.0,0.0,0.0,0.0
,AUTOLab/failure/2023-07-08/Sat_Jul__8_09:47:56_2023,,,,,,"['24400334', '22008760', '18026681']",,524.3464965820312,531.7634887695312,636.1513671875,,1280.0,720.0,0.0,0.0,0.0,,
,AUTOLab/failure/2023-07-21/Fri_Jul_21_13:00:19_2023,,,960.0,,,"['24400334', '22008760', '18026681']","{'AUTOLab+84bd5053+2023-07-21-13h-07m-39s': {'relative_path': 'AUTOLab/failure/2023-07-21/Fri_Jul_21_13:07:39_2023', '22008760': [0.25542015020200937, 0.8138909353166303, 0.39844534295161027, -1.7535007872739103, 0.02562944898111974, -2.617874160159564], '22008760_metric_type': 'IoU', '22008760_quality_metric': 0.8512682436587817, '22008760_source': 'GT', '24400334': [0.0892963315708457, -0.32791770425689243, 0.31952474925922353, -1.9022877931531488, -0.14312096605047953, -0.843576839644778], '24400334_metric_type': 'num_matches', '24400334_quality_metric': 28833.0, '24400334_source': 'Pred'}}",524.379638671875,,,344.008544921875,1280.0,720.0,0.0,,0.0,0.0,0.0
AUTOLab+84bd5053+2023-07-21-13h-07m-39s,,,,,,,,"{'AUTOLab+84bd5053+2023-07-21-12h-15m-37s': {'relative_path': 'AUTOLab/failure/2023-07-21/Fri_Jul_21_12:15:37_2023', '24400334': [0.13571399730802516, -0.5260054242697205, 0.2991680466882737, -1.9129159808305245, -0.07570182865119501, -0.729133410079116], '24400334_metric_type': 'IoU', '24400334_quality_metric': 0.6893236295653336, '24400334_source': 'GT', '22008760': [0.25542015020200937, 0.8138909353166303, 0.39844534295161027, -1.7535007872739103, 0.02562944898111974, -2.617874160159564], '22008760_metric_type': 'IoU', '22008760_quality_metric': 0.8689987219779601, '22008760_source': 'GT'}}",524.45751953125,524.4473266601562,639.7766723632812,,1280.0,720.0,,0.0,0.0,0.0,
,,,267.0,960.0,"['24400334', '22008760']",,,,531.957763671875,531.8195190429688,636.151611328125,370.27783203125,1280.0,,0.0,,,,
,,,,,,,,,531.8795166015625,,640.0441284179688,,,720.0,0.0,0.0,0.0,,0.0
,,failure,,,,,,,,,,365.7880554199219,1280.0,,,0.0,0.0,0.0,0.0
AUTOLab+84bd5053+2023-07-21-12h-14m-36s,,,,,,,,"{'AUTOLab+84bd5053+2023-07-21-15h-31m-10s': {'relative_path': 'AUTOLab/failure/2023-07-21/Fri_Jul_21_15:31:10_2023', '24400334': [0.10098759893841369, -0.6136604271831838, 0.33183763510265907, -1.9826719431745996, -0.12314054468307978, -0.6418647913493589], '24400334_metric_type': 'Reprojection_error', '24400334_quality_metric': 6.021020412445068, '24400334_source': 'Pred', '22008760': [0.2544810106537049, 0.81710616305262, 0.39850798124203, -1.771547130906803, 0.022984560108673557, -2.6101066832711513], '22008760_metric_type': 'IoU', '22008760_quality_metric': 0.927076189543124, '22008760_source': 'GT'}}",531.8460083007812,732.2020874023438,639.77734375,365.7880554199219,1280.0,720.0,0.0,0.0,0.0,,
AUTOLab+84bd5053+2023-07-14-16h-52m-38s,AUTOLab/failure/2023-07-08/Sat_Jul__8_11:27:42_2023,,,960.0,"['24400334', '22008760']",,,,531.80712890625,531.8438110351562,,365.7880554199219,1280.0,720.0,0.0,,0.0,,0.0
AUTOLab+5d05c5aa+2023-07-13-11h-21m-39s,,,,,"['24400334', '22008760']",,,"{'AUTOLab+84bd5053+2023-07-14-17h-02m-13s': {'relative_path': 'AUTOLab/failure/2023-07-14/Fri_Jul_14_17:02:13_2023', '24400334': [0.3031079935887764, -0.45131159576841506, 0.31521804528985303, -1.8887856213791974, 0.12518282678204606, -0.19364109226439705], '24400334_metric_type': 'IoU', '24400334_quality_metric': 0.862325605296289, '24400334_source': 'GT', '22008760': [0.15142402765760782, 0.563166730329089, 0.3800042863169288, -2.0373512148755255, -0.0944216086113383, -2.597834806019543], '22008760_metric_type': 'num_matches', '22008760_quality_metric': 40685.0, '22008760_source': 'Pred'}}",531.8289184570312,,640.0441284179688,370.27764892578125,1280.0,720.0,,0.0,0.0,0.0,0.0
,,,1192.0,,,18026681,,,732.2020874023438,531.8406372070312,636.15185546875,344.0085754394531,1280.0,720.0,0.0,0.0,0.0,0.0,
,,,446.0,,"['24400334', '22008760']",18026681,,,,732.2020874023438,636.1517333984375,,,720.0,0.0,0.0,0.0,,0.0
AUTOLab+84bd5053+2023-07-21-15h-34m-49s,,,,,,,,"{'AUTOLab+84bd5053+2023-07-14-16h-53m-21s': {'relative_path': 'AUTOLab/failure/2023-07-14/Fri_Jul_14_16:53:21_2023', '24400334': [0.3031079935887764, -0.45131159576841506, 0.31521804528985303, -1.8887856213791974, 0.12518282678204606, -0.19364109226439705], '24400334_metric_type': 'IoU', '24400334_quality_metric': 0.9192525459915983, '24400334_source': 'GT', '22008760': [0.1714098715838892, 0.5982652612597145, 0.40173349681283393, -2.0509688057908795, -0.12451729976002945, -2.62226810536489], '22008760_metric_type': 'num_matches', '22008760_quality_metric': 52394.0, '22008760_source': 'Pred'}}",,524.4042358398438,,,1280.0,720.0,0.0,0.0,0.0,0.0,
,AUTOLab/failure/2023-07-07/Fri_Jul__7_16:27:21_2023,failure,,960.0,,,,,531.857666015625,732.2020874023438,,370.27783203125,,720.0,0.0,0.0,,0.0,
,AUTOLab/failure/2023-07-08/Sat_Jul__8_10:23:42_2023,failure,,,,18026681,"['22008760', '24400334', '18026681']",,732.2020874023438,,636.1517333984375,,,720.0,0.0,,0.0,,0.0
AUTOLab+84bd5053+2023-07-21-12h-58m-33s,,,,960.0,,,,,524.3864135742188,524.2562255859375,,365.7880554199219,1280.0,,0.0,,0.0,0.0,0.0
,AUTOLab/failure/2023-07-13/Thu_Jul_13_11:33:14_2023,,,,"['24400334', '22008760']",,"['22008760', '24400334', '18026681']",,531.8028564453125,524.4172973632812,636.1514282226562,344.00872802734375,,,0.0,0.0,0.0,,0.0
,,,,,,18026681,,,524.2833251953125,531.8394775390625,639.775634765625,344.00830078125,1280.0,720.0,,,0.0,0.0,0.0
,,,,,,,,,,732.2020874023438,,365.7880554199219,1280.0,720.0,0.0,0.0,0.0,,0.0
,AUTOLab/failure/2023-07-08/Sat_Jul__8_10:58:33_2023,,,,"['24400334', '22008760']",18026681,,"{'AUTOLab+5d05c5aa+2023-07-13-11h-25m-24s': {'relative_path': 'AUTOLab/failure/2023-07-13/Thu_Jul_13_11:25:24_2023', '24400334': [0.28168829212273516, -0.48982425827139536, 0.29958134735889164, -1.9260917296512057, -0.01594116473449625, -0.7112080063957732], '24400334_metric_type': 'IoU', '24400334_quality_metric': 0.6646853620537831, '24400334_source': 'GT', '22008760': [0.4469095641130539, 0.4329151945348587, 0.4049502812203877, -1.9920164591077247, 0.05988320728808638, -2.721137041801416], '22008760_metric_type': 'IoU', '22008760_quality_metric': 0.8207510859405069, '22008760_source': 'GT'}}",,524.4182739257812,640.0441284179688,344.0085754394531,1280.0,720.0,0.0,0.0,0.0,0.0,0.0
,,,,,"['22008760', '24400334']",,,,531.7801513671875,531.820068359375,640.0441284179688,370.27783203125,1280.0,720.0,0.0,0.0,0.0,0.0,
,,,,960.0,"['22008760', '24400334']",,,,531.861572265625,732.2020874023438,639.7763671875,,1280.0,720.0,0.0,,0.0,,
,,,577.0,,,,,"{'AUTOLab+84bd5053+2023-07-14-16h-46m-05s': {'relative_path': 'AUTOLab/failure/2023-07-14/Fri_Jul_14_16:46:05_2023', '24400334': [0.3031079935887764, -0.45131159576841506, 0.31521804528985303, -1.8887856213791974, 0.12518282678204606, -0.19364109226439705], '24400334_metric_type': 'IoU', '24400334_quality_metric': 0.8866041058872561, '24400334_source': 'GT', '22008760': [0.16857267182505, 0.5922105878253694, 0.40178021497121824, -2.052150965495084, -0.11817384785896379, -2.618575038691095], '22008760_metric_type': 'num_matches', '22008760_quality_metric': 54075.0, '22008760_source': 'Pred'}}",,732.2020874023438,636.15283203125,370.2779235839844,,,0.0,,,0.0,
,,,,960.0,,18026681,,,524.505859375,524.4701538085938,,344.0086364746094,1280.0,,0.0,,0.0,0.0,
,,,,960.0,"['24400334', '22008760']",,,,531.8558349609375,531.8795166015625,639.7757568359375,344.0086364746094,1280.0,720.0,,0.0,0.0,0.0,0.0
,,failure,,960.0,,,"['24400334', '22008760', '18026681']","{'AUTOLab+84bd5053+2023-07-21-14h-40m-41s': {'relative_path': 'AUTOLab/failure/2023-07-21/Fri_Jul_21_14:40:41_2023', '22008760': [0.2544810106537049, 0.81710616305262, 0.39850798124203, -1.771547130906803, 0.022984560108673557, -2.6101066832711513], '22008760_metric_type': 'IoU', '22008760_quality_metric': 0.9312579552922972, '22008760_source': 'GT', '24400334': [0.09696829957574508, -0.34009720038094843, 0.3088723837216633, -1.9121703133214565, -0.13133111256933683, -0.8399071302911402], '24400334_metric_type': 'num_matches', '24400334_quality_metric': 24932.0, '24400334_source': 'Pred'}}",,531.80712890625,639.7769775390625,365.7880554199219,1280.0,720.0,,0.0,0.0,,0.0
AUTOLab+84bd5053+2023-07-08-10h-51m-31s,,,,,,,,,732.2020874023438,732.2020874023438,639.7760009765625,370.2776794433594,1280.0,720.0,0.0,0.0,0.0,,0.0
,,,83.0,960.0,,,,"{'AUTOLab+84bd5053+2023-07-21-13h-00m-19s': {'relative_path': 'AUTOLab/failure/2023-07-21/Fri_Jul_21_13:00:19_2023', '22008760': [0.25542015020200937, 0.8138909353166303, 0.39844534295161027, -1.7535007872739103, 0.02562944898111974, -2.617874160159564], '22008760_metric_type': 'IoU', '22008760_quality_metric': 0.833249019855824, '22008760_source': 'GT', '24400334': [0.08640391012451873, -0.3802304415154504, 0.31317881776786405, -1.8872641440103735, -0.14274655354779653, -0.8347043871084009], '24400334_metric_type': 'num_matches', '24400334_quality_metric': 32171.0, '24400334_source': 'Pred'}}",,524.3995361328125,640.0441284179688,370.2778015136719,1280.0,720.0,0.0,,0.0,0.0,0.0
,,,85.0,960.0,,,,"{'AUTOLab+5d05c5aa+2023-07-07-10h-38m-48s': {'relative_path': 'AUTOLab/failure/2023-07-07/Fri_Jul__7_10:38:48_2023', '22008760': [0.4351840070866289, 0.37382268932137486, 0.341671068233412, -2.0225968816580977, -0.08240233350039516, -2.4083944344976724], '22008760_metric_type': 'IoU', '22008760_quality_metric': 0.7349956467750454, '22008760_source': 'GT', '24400334': [0.18868137576135163, -0.4602087237586218, 0.27652671569408727, -1.8440664147058567, -0.07553894697089092, -0.9235715102555385], '24400334_metric_type': 'num_matches', '24400334_quality_metric': 31716.0, '24400334_source': 'Pred'}}",531.87890625,531.8839721679688,640.0441284179688,365.7880554199219,1280.0,720.0,0.0,,0.0,0.0,0.0
,,,,,,,,,732.2020874023438,524.505859375,640.0441284179688,344.008544921875,1280.0,,0.0,0.0,0.0,,0.0
,,,,,,,,,732.2020874023438,732.2020874023438,639.7769775390625,365.7880554199219,1280.0,720.0,0.0,,0.0,0.0,0.0
,AUTOLab/failure/2023-07-13/Thu_Jul_13_11:26:16_2023,,,,,18026681,,"{'AUTOLab+84bd5053+2023-07-14-17h-01m-47s': {'relative_path': 'AUTOLab/failure/2023-07-14/Fri_Jul_14_17:01:47_2023', '24400334': [0.3031079935887764, -0.45131159576841506, 0.31521804528985303, -1.8887856213791974, 0.12518282678204606, -0.19364109226439705], '24400334_metric_type': 'IoU', '24400334_quality_metric': 0.8707945370620053, '24400334_source': 'GT', '22008760': [0.16678025112457817, 0.6450087746989652, 0.38408422310011936, -2.035560809193789, -0.07991454625882666, -2.6424258871408357], '22008760_metric_type': 'Reprojection_error', '22008760_quality_metric': 9.37047004699707, '22008760_source': 'Pred'}}",732.2020874023438,,640.0441284179688,365.7880554199219,1280.0,720.0,,0.0,,0.0,0.0
,AUTOLab/failure/2023-07-14/Fri_Jul_14_16:48:57_2023,,,,,,,"{'AUTOLab+84bd5053+2023-07-14-17h-25m-34s': {'relative_path': 'AUTOLab/failure/2023-07-14/Fri_Jul_14_17:25:34_2023', '24400334': [0.3031079935887764, -0.45131159576841506, 0.31521804528985303, -1.8887856213791974, 0.12518282678204606, -0.19364109226439705], '24400334_metric_type': 'IoU', '24400334_quality_metric': 0.8703554119547657, '24400334_source': 'GT', '22008760': [0.17177919000655176, 0.5955653017904898, 0.402385292483724, -2.0544138964503724, -0.1172777619116705, -2.6268134354666746], '22008760_metric_type': 'num_matches', '22008760_quality_metric': 57008.0, '22008760_source': 'Pred'}}",,,639.7745971679688,,1280.0,,0.0,0.0,0.0,0.0,0.0
,,,120.0,,,,,,524.4048461914062,732.2020874023438,636.1524047851562,370.2780456542969,1280.0,720.0,0.0,0.0,0.0,0.0,0.0
,,,,,"['24400334', '22008760']",,,,,524.3749389648438,640.0441284179688,,1280.0,720.0,,,,,
,,failure,257.0,,,18026681,,,,524.374755859375,640.0441284179688,,,,0.0,,0.0,,
,AUTOLab/failure/2023-07-14/Fri_Jul_14_16:41:54_2023,,125.0,,"['24400334', '22008760']",18026681,,"{'AUTOLab+5d05c5aa+2023-07-23-21h-26m-44s': {'relative_path': 'AUTOLab/failure/2023-07-23/Sun_Jul_23_21:26:44_2023', '22008760': [0.34378226801201683, 0.6077176892644542, 0.38300961271615525, -2.0299008017966393, -0.023509821375950368, -2.755831998044179], '22008760_metric_type': 'IoU', '22008760_quality_metric': 0.6217564663363532, '22008760_source': 'GT', '24400334': [0.18441510002550682, -0.2532933122262261, 0.3251704924962067, -1.9650077896945397, -0.07063368373432688, -0.7583389080349991], '24400334_metric_type': 'num_matches', '24400334_quality_metric': 38494.0, '24400334_source': 'Pred'}}",732.2020874023438,732.2020874023438,640.0441284179688,370.27874755859375,1280.0,720.0,0.0,0.0,,0.0,0.0
,,failure,299.0,,"['22008760', '24400334']",18026681,,,531.7509155273438,,639.7760009765625,,1280.0,720.0,,0.0,0.0,0.0,0.0
,,,,,,18026681,,,,531.87890625,639.7758178710938,,,720.0,0.0,,0.0,0.0,
,,,,,,,,,732.2020874023438,,,370.2777099609375,1280.0,,,0.0,,0.0,0.0
,,failure,,,,,,,,531.785888671875,,370.2778015136719,1280.0,720.0,0.0,0.0,,0.0,
,,failure,,,"['24400334', '22008760']",,,,732.2020874023438,732.2020874023438,639.7763671875,,1280.0,720.0,0.0,,0.0,0.0,0.0
,,failure,,,,,,,524.421142578125,524.371826171875,640.0441284179688,365.7880554199219,1280.0,720.0,0.0,0.0,0.0,0.0,
AUTOLab+84bd5053+2023-07-21-12h-37m-16s,AUTOLab/failure/2023-07-07/Fri_Jul__7_18:43:03_2023,,,,,18026681,"['22008760', '24400334', '18026681']",,524.3543701171875,524.3970947265625,640.0441284179688,,1280.0,720.0,,,0.0,0.0,0.0
,,failure,,,,,"['24400334', '22008760', '18026681']",,531.8182373046875,531.9529418945312,,365.7880554199219,,720.0,,0.0,0.0,0.0,0.0
,AUTOLab/failure/2023-07-14/Fri_Jul_14_17:21:43_2023,,,,,,"['24400334', '22008760', '18026681']",,732.2020874023438,,639.776123046875,365.7880554199219,,720.0,0.0,0.0,,0.0,0.0
,AUTOLab/failure/2023-07-13/Thu_Jul_13_11:23:16_2023,,,,,18026681,,"{'AUTOLab+5d05c5aa+2023-07-07-10h-29m-59s': {'relative_path': 'AUTOLab/failure/2023-07-07/Fri_Jul__7_10:29:59_2023', '24400334': [0.2596757315060087, -0.36626259649963777, 0.24849304837972613, -1.742115402153725, -0.0012127426938948194, -0.7149867215760838], '24400334_metric_type': 'IoU', '24400334_quality_metric': 0.6619735063530684, '24400334_source': 'GT', '22008760': [0.4351840070866289, 0.37382268932137486, 0.341671068233412, -2.0225968816580977, -0.08240233350039516, -2.4083944344976724], '22008760_metric_type': 'IoU', '22008760_quality_metric': 0.7358323857524817, '22008760_source': 'GT'}}",,531.9081420898438,,370.2779846191406,1280.0,,0.0,0.0,0.0,0.0,
,,failure,366.0,,"['24400334', '22008760']",,,,732.2020874023438,,636.1522216796875,,,720.0,0.0,0.0,0.0,0.0,
AUTOLab+84bd5053+2023-07-14-17h-02m-13s,AUTOLab/failure/2023-07-13/Thu_Jul_13_11:34:08_2023,,72.0,,,18026681,,"{'AUTOLab+84bd5053+2023-07-08-11h-42m-17s': {'relative_path': 'AUTOLab/failure/2023-07-08/Sat_Jul__8_11:42:17_2023', '24400334': [0.12596610187354962, -0.4819151123134753, 0.3424988800177462, -1.9247264491296008, 0.11787888146116376, -0.561262218417727], '24400334_metric_type': 'Reprojection_error', '24400334_quality_metric': 7.824387073516846, '24400334_source': 'Pred', '22008760': [0.2558982907985748, 0.46473201349613724, 0.3952387326550466, -1.9525309019832624, -0.19449033570133234, -2.3397706623007717], '22008760_metric_type': 'num_matches', '22008760_quality_metric': 36022.0, '22008760_source': 'Pred'}}",732.2020874023438,732.2020874023438,636.1522216796875,365.7880554199219,1280.0,720.0,0.0,0.0,0.0,0.0,0.0
,,,136.0,,,18026681,"['24400334', '22008760', '18026681']","{'AUTOLab+84bd5053+2023-07-08-10h-58m-33s': {'relative_path': 'AUTOLab/failure/2023-07-08/Sat_Jul__8_10:58:33_2023', '22008760': [0.383443084407403, 0.5515700193649918, 0.3409198369437651, -1.995187698150888, -0.13082567414758572, -2.244403137439821], '22008760_metric_type': 'IoU', '22008760_quality_metric': 0.8374786940045342, '22008760_source': 'GT', '24400334': [0.20798755219772525, -0.3411561623994335, 0.3181899632056827, -1.9059916196806215, 2.9974086355188945e-06, -0.5873020689349743], '24400334_metric_type': 'num_matches', '24400334_quality_metric': 49897.0, '24400334_source': 'Pred'}}",732.2020874023438,732.2020874023438,636.1517944335938,370.2776184082031,1280.0,720.0,0.0,0.0,0.0,,0.0
,,,238.0,,,,"['22008760', '24400334', '18026681']",,732.2020874023438,524.3464965820312,639.7759399414062,365.7880554199219,1280.0,,,,,0.0,0.0
,AUTOLab/failure/2023-07-23/Sun_Jul_23_22:02:53_2023,,,,,18026681,,,732.2020874023438,732.2020874023438,,365.7880554199219,1280.0,720.0,0.0,0.0,0.0,0.0,
,,,,960.0,,18026681,,"{'AUTOLab+84bd5053+2023-07-14-16h-42m-09s': {'relative_path': 'AUTOLab/failure/2023-07-14/Fri_Jul_14_16:42:09_2023', '24400334': [0.3031079935887764, -0.45131159576841506, 0.31521804528985303, -1.8887856213791974, 0.12518282678204606, -0.19364109226439705], '24400334_metric_type': 'IoU', '24400334_quality_metric': 0.8951502444027549, '24400334_source': 'GT', '22008760': [0.09422444493869087, 1.0246691090417634, 0.4577589066143153, -1.7238521993587803, 0.11147012379751509, -2.6415063380359345], '22008760_metric_type': 'Reprojection_error', '22008760_quality_metric': 3.3602614402770996, '22008760_source': 'Pred'}}",732.2020874023438,,639.7769165039062,344.0082702636719,1280.0,,,0.0,0.0,0.0,0.0
,,,,,"['22008760', '24400334']",,,,524.3590087890625,524.3895874023438,636.1513671875,344.00836181640625,1280.0,720.0,0.0,0.0,0.0,0.0,0.0
,,,,960.0,,,,,524.4701538085938,531.6673583984375,,,1280.0,720.0,0.0,0.0,0.0,0.0,0.0
,,,,,,18026681,,,,732.2020874023438,636.1530151367188,370.2783203125,1280.0,720.0,0.0,0.0,,,0.0
AUTOLab+84bd5053+2023-07-08-11h-27m-42s,AUTOLab/failure/2023-07-26/Wed_Jul_26_17:44:26_2023,,79.0,,,,,,531.7340087890625,,,344.0088806152344,,720.0,0.0,0.0,0.0,0.0,0.0
,,failure,412.0,960.0,,,,,,524.2770385742188,640.0441284179688,,,720.0,0.0,,,0.0,
,,,,,,,,"{'AUTOLab+5d05c5aa+2023-07-13-11h-34m-08s': {'relative_path': 'AUTOLab/failure/2023-07-13/Thu_Jul_13_11:34:08_2023', '24400334': [0.28168829212273516, -0.48982425827139536, 0.29958134735889164, -1.9260917296512057, -0.01594116473449625, -0.7112080063957732], '24400334_metric_type': 'IoU', '24400334_quality_metric': 0.8075974504340028, '24400334_source': 'GT', '22008760': [0.4469095641130539, 0.4329151945348587, 0.4049502812203877, -1.9920164591077247, 0.05988320728808638, -2.721137041801416], '22008760_metric_type': 'IoU', '22008760_quality_metric': 0.832772307073955, '22008760_source': 'GT'}}",,,640.0441284179688,365.7880554199219,1280.0,720.0,0.0,0.0,,,0.0
,,,137.0,,"['24400334', '22008760']",,,,,,,344.0090637207031,,720.0,0.0,0.0,0.0,0.0,0.0
AUTOLab+84bd5053+2023-07-21-15h-47m-04s,,,64.0,,,,,,,,640.0441284179688,344.0084228515625,1280.0,720.0,0.0,0.0,0.0,0.0,0.0
,,,121.0,,,,,,732.2020874023438,732.2020874023438,636.1512451171875,,,,0.0,,0.0,0.0,0.0
,,failure,,960.0,,,,,531.8355102539062,524.3617553710938,639.7763671875,,1280.0,720.0,0.0,0.0,,0.0,
AUTOLab+84bd5053+2023-07-08-10h-23m-42s,AUTOLab/failure/2023-07-21/Fri_Jul_21_14:40:41_2023,,,,,,,,531.84716796875,531.7861938476562,639.7774047851562,370.27801513671875,1280.0,720.0,0.0,0.0,,0.0,0.0
,,failure,,,,,,,531.8477783203125,,639.7772827148438,,,720.0,0.0,0.0,,0.0,0.0
AUTOLab+5d05c5aa+2023-07-07-10h-29m-59s,,failure,529.0,960.0,"['24400334', '22008760']",18026681,,,524.3866577148438,,639.77685546875,365.7880554199219,,,0.0,0.0,0.0,0.0,
,,,,960.0,,,"['24400334', '22008760', '18026681']","{'AUTOLab+84bd5053+2023-07-21-13h-07m-21s': {'relative_path': 'AUTOLab/failure/2023-07-21/Fri_Jul_21_13:07:21_2023', '22008760': [0.25542015020200937, 0.8138909353166303, 0.39844534295161027, -1.7535007872739103, 0.02562944898111974, -2.617874160159564], '22008760_metric_type': 'IoU', '22008760_quality_metric': 0.7422968182666226, '22008760_source': 'GT', '24400334': [0.08400443589796094, -0.35625324503754574, 0.30746958874534697, -1.8813166875872485, -0.1325907565205695, -0.8352306916360092], '24400334_metric_type': 'num_matches', '24400334_quality_metric': 37502.0, '24400334_source': 'Pred'}}",732.2020874023438,531.8579711914062,,344.00872802734375,1280.0,720.0,0.0,,0.0,0.0,0.0
,,,,,,,,,732.2020874023438,,636.1519165039062,,1280.0,720.0,0.0,0.0,0.0,,0.0
,,,54.0,,,18026681,"['24400334', '22008760', '18026681']",,,,,344.00872802734375,1280.0,720.0,0.0,0.0,0.0,0.0,0.0
,,,,960.0,,,,,524.4467163085938,531.8355102539062,636.1520385742188,344.0088195800781,1280.0,720.0,,0.0,0.0,0.0,0.0
,AUTOLab/failure/2023-07-14/Fri_Jul_14_16:17:55_2023,failure,,,,,,"{'AUTOLab+84bd5053+2023-07-08-10h-44m-19s': {'relative_path': 'AUTOLab/failure/2023-07-08/Sat_Jul__8_10:44:19_2023', '22008760': [0.383443084407403, 0.5515700193649918, 0.3409198369437651, -1.995187698150888, -0.13082567414758572, -2.244403137439821], '22008760_metric_type': 'IoU', '22008760_quality_metric': 0.7115003169539701, '22008760_source': 'GT', '24400334': [0.19740852252086108, -0.2996380570953798, 0.31866688795289705, -1.9212092637993834, -0.013677396570838551, -0.6330951999967004], '24400334_metric_type': 'num_matches', '24400334_quality_metric': 26816.0, '24400334_source': 'Pred'}}",524.3104248046875,531.7717895507812,636.1531982421875,365.7880554199219,,,0.0,0.0,0.0,0.0,0.0
AUTOLab+5d05c5aa+2023-07-13-11h-25m-24s,,,,,,,,"{'AUTOLab+5d05c5aa+2023-07-13-11h-33m-14s': {'relative_path': 'AUTOLab/failure/2023-07-13/Thu_Jul_13_11:33:14_2023', '24400334': [0.28168829212273516, -0.48982425827139536, 0.29958134735889164, -1.9260917296512057, -0.01594116473449625, -0.7112080063957732], '24400334_metric_type': 'IoU', '24400334_quality_metric': 0.7026714929715085, '24400334_source': 'GT', '22008760': [0.4469095641130539, 0.4329151945348587, 0.4049502812203877, -1.9920164591077247, 0.05988320728808638, -2.721137041801416], '22008760_metric_type': 'IoU', '22008760_quality_metric': 0.8760194403289902, '22008760_source': 'GT'}}",732.2020874023438,524.4431762695312,640.0441284179688,370.27764892578125,1280.0,,,0.0,0.0,,0.0
,,,,960.0,,18026681,,,531.7695922851562,732.2020874023438,,,1280.0,720.0,0.0,0.0,0.0,0.0,0.0
,,,,,"['22008760', '24400334']",,,,531.81982421875,531.8886108398438,,344.0083312988281,,,0.0,0.0,0.0,0.0,0.0
AUTOLab+84bd5053+2023-07-08-10h-44m-19s,,,,,,,,,524.4291381835938,732.2020874023438,636.1531372070312,,1280.0,720.0,0.0,,0.0,0.0,
,,,,,,,,,531.891845703125,524.3899536132812,640.0441284179688,370.2772521972656,1280.0,,0.0,0.0,0.0,0.0,
AUTOLab+5d05c5aa+2023-07-26-16h-56m-50s,,,,,,18026681,,,524.3675537109375,732.2020874023438,640.0441284179688,,,720.0,0.0,0.0,0.0,,
,AUTOLab/failure/2023-07-13/Thu_Jul_13_11:25:24_2023,failure,,,,,,,732.2020874023438,732.2020874023438,639.7763671875,370.27789306640625,,,0.0,0.0,0.0,,
,,failure,,,"['24400334', '22008760']",,,,531.9574584960938,531.8941040039062,639.7772216796875,,1280.0,720.0,,0.0,,0.0,0.0
AUTOLab+84bd5053+2023-07-21-13h-13m-00s,,,,960.0,,,"['22008760', '24400334', '18026681']",,524.3895874023438,732.2020874023438,640.0441284179688,370.278076171875,1280.0,720.0,0.0,0.0,0.0,,0.0
,,,,,,,"['24400334', '22008760', '18026681']",,524.39599609375,732.2020874023438,,,1280.0,,0.0,0.0,,0.0,
,,,,960.0,,,,,732.2020874023438,732.2020874023438,640.0441284179688,370.2780456542969,1280.0,720.0,,0.0,0.0,0.0,0.0
,AUTOLab/failure/2023-07-21/Fri_Jul_21_12:24:18_2023,,,960.0,,18026681,,,524.3419799804688,524.3675537109375,640.0441284179688,370.277587890625,1280.0,720.0,,0.0,0.0,0.0,0.0
,,failure,,,,,,,524.4328002929688,524.3443603515625,636.1527709960938,365.7880554199219,1280.0,,0.0,,0.0,,
,,,202.0,,,,,,524.5088500976562,,639.775390625,365.7880554199219,1280.0,720.0,0.0,0.0,,0.0,0.0
,,,,,"['24400334', '22008760']",18026681,,,,524.3943481445312,,,1280.0,720.0,,,0.0,0.0,0.0
AUTOLab+84bd5053+2023-07-21-12h-15m-37s,,,115.0,,,,,"{'AUTOLab+84bd5053+2023-07-21-15h-28m-09s': {'relative_path': 'AUTOLab/failure/2023-07-21/Fri_Jul_21_15:28:09_2023', '24400334': [0.10007560512056157, -0.602940851567471, 0.31839088479160393, -1.9536757869732715, -0.11426968902316292, -0.6586756317424776], '24400334_metric_type': 'Reprojection_error', '24400334_quality_metric': 6.199984073638916, '24400334_source': 'Pred', '22008760': [0.2544810106537049, 0.81710616305262, 0.39850798124203, -1.771547130906803, 0.022984560108673557, -2.6101066832711513], '22008760_metric_type': 'IoU', '22008760_quality_metric': 0.9316905698901714, '22008760_source': 'GT'}}",,531.957763671875,,370.2776794433594,1280.0,720.0,,0.0,0.0,0.0,0.0
,,,,960.0,"['24400334', '22008760']",,,,,732.2020874023438,636.1519775390625,365.7880554199219,,720.0,,0.0,0.0,,0.0
,,failure,,960.0,,,,,524.412841796875,531.9302368164062,636.1525268554688,344.0085754394531,1280.0,720.0,0.0,,,0.0,0.0
,,failure,,960.0,,,,,524.4439697265625,,,365.7880554199219,1280.0,720.0,0.0,0.0,0.0,0.0,0.0
,,failure,,,,18026681,,,531.7717895507812,,,344.0093078613281,1280.0,720.0,0.0,0.0,0.0,0.0,
,AUTOLab/failure/2023-07-23/Sun_Jul_23_20:52:15_2023,,,960.0,,,,,531.9415893554688,,640.0441284179688,365.7880554199219,1280.0,720.0,0.0,0.0,0.0,0.0,
,,failure,352.0,,,,,,732.2020874023438,732.2020874023438,,365.7880554199219,1280.0,720.0,0.0,0.0,0.0,0.0,0.0
,,,,960.0,,18026681,,,524.2770385742188,732.2020874023438,640.0441284179688,370.27801513671875,1280.0,720.0,,0.0,0.0,0.0,0.0
AUTOLab+5d05c5aa+2023-07-07-10h-00m-27s,,,116.0,,,,,,524.3995971679688,732.2020874023438,,370.27764892578125,,720.0,0.0,0.0,,,0.0
AUTOLab+5d05c5aa+2023-07-13-11h-34m-08s,AUTOLab/failure/2023-07-08/Sat_Jul__8_10:51:31_2023,failure,132.0,,,,"['24400334', '22008760', '18026681']",,,531.9415893554688,,365.7880554199219,,720.0,0.0,,0.0,0.0,0.0
,AUTOLab/failure/2023-07-21/Fri_Jul_21_13:07:21_2023,,,,,,"['24400334', '22008760', '18026681']",,531.7421264648438,,,,1280.0,720.0,0.0,0.0,0.0,0.0,0.0
AUTOLab+5d05c5aa+2023-07-13-11h-28m-39s,,,,960.0,,,"['24400334', '22008760', '18026681']",,,531.891845703125,636.152099609375,,1280.0,720.0,0.0,0.0,0.0,0.0,
,,failure,,,,18026681,,"{'AUTOLab+5d05c5aa+2023-07-13-11h-07m-13s': {'relative_path': 'AUTOLab/failure/2023-07-13/Thu_Jul_13_11:07:13_2023', '24400334': [0.28168829212273516, -0.48982425827139536, 0.29958134735889164, -1.9260917296512057, -0.01594116473449625, -0.7112080063957732], '24400334_metric_type': 'IoU', '24400334_quality_metric': 0.8031213322022475, '24400334_source': 'GT', '22008760': [0.4469095641130539, 0.4329151945348587, 0.4049502812203877, -1.9920164591077247, 0.05988320728808638, -2.721137041801416], '22008760_metric_type': 'IoU', '22008760_quality_metric': 0.828671610511043, '22008760_source': 'GT'}}",524.3410034179688,,,370.2773132324219,1280.0,,0.0,0.0,0.0,,0.0
,,,,,"['24400334', '22008760']",,,,524.3995361328125,732.2020874023438,636.15234375,370.2776184082031,1280.0,,,0.0,0.0,0.0,0.0
AUTOLab+84bd5053+2023-07-08-10h-12m-09s,,,,,,,,,531.8297729492188,,640.0441284179688,370.2777099609375,,720.0,0.0,,,0.0,
,,failure,,,,,"['22008760', '24400334', '18026681']",,,,,,,,,0.0,0.0,0.0,
,,,,,"['22008760', '24400334']",,,,524.4148559570312,531.8807983398438,,365.7880554199219,1280.0,720.0,0.0,0.0,,0.0,0.0
AUTOLab+84bd5053+2023-07-21-12h-39m-43s,,,,,,18026681,,"{'AUTOLab+5d05c5aa+2023-07-07-10h-39m-19s': {'relative_path': 'AUTOLab/failure/2023-07-07/Fri_Jul__7_10:39:19_2023', '24400334': [0.14693847506853297, -0.4962538147622604, 0.30360566319214755, -1.8770403574314376, -0.025258212933291002, -0.8255921979688223], '24400334_metric_type': 'Reprojection_error', '24400334_quality_metric': 4.803738117218018, '24400334_source': 'Pred', '22008760': [0.4351840070866289, 0.37382268932137486, 0.341671068233412, -2.0225968816580977, -0.08240233350039516, -2.4083944344976724], '22008760_metric_type': 'IoU', '22008760_quality_metric': 0.7293146540384109, '22008760_source': 'GT'}}",732.2020874023438,,,370.2782897949219,1280.0,720.0,0.0,,,0.0,0.0
,,,,960.0,,18026681,,,531.9529418945312,524.357177734375,639.7769775390625,370.2781982421875,1280.0,720.0,0.0,0.0,0.0,0.0,0.0
,,,,,,18026681,"['24400334', '22008760', '18026681']","{'AUTOLab+5d05c5aa+2023-07-23-21h-26m-26s': {'relative_path': 'AUTOLab/failure/2023-07-23/Sun_Jul_23_21:26:26_2023', '22008760': [0.34378226801201683, 0.6077176892644542, 0.38300961271615525, -2.0299008017966393, -0.023509821375950368, -2.755831998044179], '22008760_metric_type': 'IoU', '22008760_quality_metric': 0.6460082198232966, '22008760_source': 'GT', '24400334': [0.18520531151126451, -0.24786998412191227, 0.3256308683568235, -1.9644162950226833, -0.07009559353335315, -0.7568678063372839], '24400334_metric_type': 'num_matches', '24400334_quality_metric': 36168.0, '24400334_source': 'Pred'}}",524.3737182617188,524.3927001953125,640.0441284179688,,1280.0,,,0.0,0.0,0.0,0.0
,,failure,95.0,,,,,,531.9039916992188,732.2020874023438,,,1280.0,720.0,0.0,0.0,,0.0,0.0
AUTOLab+84bd5053+2023-07-14-16h-54m-08s,AUTOLab/failure/2023-07-13/Thu_Jul_13_11:28:39_2023,,,,,18026681,,,,531.9035034179688,636.1515502929688,365.7880554199219,1280.0,720.0,0.0,0.0,,0.0,0.0
AUTOLab+84bd5053+2023-07-14-16h-00m-18s,,,,,,,,,,732.2020874023438,636.1515502929688,344.0089111328125,,720.0,0.0,0.0,0.0,0.0,0.0
AUTOLab+84bd5053+2023-07-14-16h-53m-39s,,,,,"['22008760', '24400334']",,"['24400334', '22008760', '18026681']",,732.2020874023438,,640.0441284179688,344.00921630859375,,,0.0,0.0,,,0.0
AUTOLab+84bd5053+2023-07-21-12h-56m-19s,,,,,,,,,531.8009033203125,,,,1280.0,720.0,0.0,0.0,0.0,0.0,
,,,,,"['22008760', '24400334']",,"['22008760', '24400334', '18026681']",,,524.4033813476562,636.1519775390625,370.2779235839844,1280.0,720.0,0.0,0.0,0.0,0.0,0.0
,AUTOLab/failure/2023-07-14/Fri_Jul_14_17:28:24_2023,,,,,,,,524.385009765625,,639.7764892578125,370.2778625488281,,720.0,0.0,0.0,0.0,0.0,0.0
,AUTOLab/failure/2023-07-07/Fri_Jul__7_10:29:59_2023,,,,"['22008760', '24400334']",,"['24400334', '22008760', '18026681']",,531.9699096679688,524.3950805664062,,344.00848388671875,1280.0,720.0,,0.0,0.0,,0.0
,AUTOLab/failure/2023-07-21/Fri_Jul_21_15:32:30_2023,,,,"['24400334', '22008760']",18026681,,"{'AUTOLab+5d05c5aa+2023-07-13-11h-23m-16s': {'relative_path': 'AUTOLab/failure/2023-07-13/Thu_Jul_13_11:23:16_2023', '24400334': [0.28168829212273516, -0.48982425827139536, 0.29958134735889164, -1.9260917296512057, -0.01594116473449625, -0.7112080063957732], '24400334_metric_type': 'IoU', '24400334_quality_metric': 0.7888804697859443, '24400334_source': 'GT', '22008760': [0.4469095641130539, 0.4329151945348587, 0.4049502812203877, -1.9920164591077247, 0.05988320728808638, -2.721137041801416], '22008760_metric_type': 'IoU', '22008760_quality_metric': 0.8545612607280261, '22008760_source': 'GT'}}",524.3485717773438,524.3265991210938,636.1532592773438,344.0082702636719,1280.0,,0.0,0.0,0.0,0.0,0.0
AUTOLab+84bd5053+2023-07-21-14h-40m-41s,,,,960.0,"['22008760', '24400334']",,,,531.7666015625,524.3211059570312,639.77587890625,365.7880554199219,1280.0,,0.0,,0.0,0.0,0.0
AUTOLab+5d05c5aa+2023-07-13-11h-20m-04s,AUTOLab/failure/2023-07-14/Fri_Jul_14_17:01:47_2023,,,,,,,,531.913818359375,732.2020874023438,,344.0085754394531,1280.0,720.0,,0.0,0.0,,0.0
AUTOLab+84bd5053+2023-07-14-17h-28m-24s,,,140.0,,,,,,,524.4244995117188,,344.00860595703125,1280.0,,0.0,0.0,0.0,0.0,
AUTOLab+5d05c5aa+2023-07-07-16h-12m-00s,,,,,,,,,531.8379516601562,,636.1516723632812,,1280.0,720.0,0.0,,0.0,0.0,
,,,,,"['24400334', '22008760']",18026681,"['24400334', '22008760', '18026681']",,732.2020874023438,531.7509155273438,,365.7880554199219,1280.0,720.0,0.0,0.0,0.0,0.0,0.0
,,failure,,,"['24400334', '22008760']",,,,732.2020874023438,524.2908325195312,636.152587890625,365.7880554199219,1280.0,720.0,,0.0,0.0,0.0,
,AUTOLab/failure/2023-07-21/Fri_Jul_21_12:57:54_2023,,,,"['24400334', '22008760']",18026681,"['24400334', '22008760', '18026681']",,531.9868774414062,524.4048461914062,,,1280.0,720.0,0.0,0.0,0.0,0.0,0.0
,,,,,,,,,524.37255859375,531.8875122070312,640.0441284179688,,1280.0,720.0,0.0,0.0,0.0,0.0,0.0
AUTOLab+84bd5053+2023-07-14-16h-53m-21s,,failure,60.0,,,18026681,"['24400334', '22008760', '18026681']",,524.4436645507812,531.8934326171875,639.7759399414062,,1280.0,720.0,,0.0,0.0,0.0,0.0
,,failure,,,"['24400334', '22008760']",,,,732.2020874023438,524.3410034179688,640.0441284179688,365.7880554199219,,720.0,0.0,0.0,0.0,0.0,
,,,,960.0,"['24400334', '22008760']",,,,732.2020874023438,,640.0441284179688,,1280.0,720.0,0.0,0.0,0.0,0.0,0.0
,,,,,,,,,524.3617553710938,,640.0441284179688,365.7880554199219,,720.0,,,,0.0,0.0
,AUTOLab/failure/2023-07-07/Fri_Jul__7_18:59:42_2023,,,960.0,,18026681,"['24400334', '22008760', '18026681']",,524.380859375,,,,1280.0,720.0,0.0,0.0,0.0,,
AUTOLab+84bd5053+2023-07-14-16h-41m-54s,,,,,,,"['24400334', '22008760', '18026681']",,,531.808349609375,640.0441284179688,370.2779541015625,,720.0,0.0,0.0,0.0,0.0,0.0
,,,,,,,"['24400334', '22008760', '18026681']",,732.2020874023438,,636.1513061523438,344.00872802734375,,720.0,0.0,0.0,0.0,0.0,0.0
,,,,,,,,,,524.3732299804688,,344.0084533691406,1280.0,720.0,0.0,0.0,0.0,0.0,0.0
,,,,,,18026681,,,732.2020874023438,531.8135375976562,636.1520385742188,344.0086975097656,1280.0,720.0,0.0,0.0,0.0,0.0,0.0
AUTOLab+84bd5053+2023-07-14-16h-45m-14s,AUTOLab/failure/2023-07-21/Fri_Jul_21_12:58:48_2023,,103.0,960.0,"['22008760', '24400334']",,,,524.4169921875,,,370.2778015136719,1280.0,,0.0,0.0,0.0,0.0,
,,,,,,18026681,,,524.412353515625,,639.7772216796875,370.2779541015625,1280.0,720.0,0.0,0.0,0.0,0.0,0.0
,,failure,,,,,"['24400334', '22008760', '18026681']",,732.2020874023438,531.8543701171875,636.1516723632812,,1280.0,720.0,0.0,,0.0,0.0,0.0
,,,85.0,,,,"['22008760', '24400334', '18026681']",,732.2020874023438,531.8886108398438,639.7783813476562,344.0086669921875,1280.0,720.0,0.0,0.0,,0.0,
,,,,960.0,,,"['22008760', '24400334', '18026681']",,531.8886108398438,531.8556518554688,639.7764282226562,370.27789306640625,,720.0,0.0,0.0,0.0,,
,,,,960.0,,,,"{'AUTOLab+5d05c5aa+2023-07-07-16h-11m-43s': {'relative_path': 'AUTOLab/failure/2023-07-07/Fri_Jul__7_16:11:43_2023', '24400334': [0.30003995443526366, -0.4658078662612428, 0.3150260527908532, -1.8838427680005083, 0.07737475858958254, -0.7168887900569086], '24400334_metric_type': 'IoU', '24400334_quality_metric': 0.8535735203782803, '24400334_source': 'GT', '22008760': [0.42155542255650963, 0.4283417332661078, 0.34060748682701825, -2.0115951547787603, -0.10234365161883052, -2.3089979996777203], '22008760_metric_type': 'IoU', '22008760_quality_metric': 0.9220386974988202, '22008760_source': 'GT'}}",524.3970947265625,,,344.0086364746094,1280.0,720.0,0.0,0.0,0.0,0.0,
,,failure,,,,,,,,,636.1515502929688,,1280.0,720.0,,0.0,0.0,0.0,0.0
AUTOLab+84bd5053+2023-07-14-17h-00m-11s,,failure,,,"['24400334', '22008760']",,,"{'AUTOLab+84bd5053+2023-07-14-16h-00m-18s': {'relative_path': 'AUTOLab/failure/2023-07-14/Fri_Jul_14_16:00:18_2023', '24400334': [0.3031079935887764, -0.45131159576841506, 0.31521804528985303, -1.8887856213791974, 0.12518282678204606, -0.19364109226439705], '24400334_metric_type': 'IoU', '24400334_quality_metric': 0.8290114596860547, '24400334_source': 'GT', '22008760': [0.23053949425857745, 0.716245625197141, 0.36284784532277947, -1.9820590365635136, -0.09971201007521069, -2.7991753887071504], '22008760_metric_type': 'Reprojection_error', '22008760_quality_metric': 4.290761947631836, '22008760_source': 'Pred'}}",531.785888671875,,,370.27783203125,1280.0,720.0,0.0,0.0,,0.0,0.0
,AUTOLab/failure/2023-07-07/Fri_Jul__7_14:47:22_2023,,,,,18026681,"['24400334', '22008760', '18026681']",,,732.2020874023438,640.0441284179688,365.7880554199219,1280.0,720.0,,0.0,0.0,,0.0
,AUTOLab/failure/2023-07-08/Sat_Jul__8_10:44:19_2023,,,,"['24400334', '22008760']",,,,732.2020874023438,,,,1280.0,720.0,0.0,0.0,0.0,0.0,0.0
AUTOLab+84bd5053+2023-07-14-15h-14m-11s,,failure,,960.0,,,,"{'AUTOLab+5d05c5aa+2023-07-26-16h-59m-23s': {'relative_path': 'AUTOLab/failure/2023-07-26/Wed_Jul_26_16:59:23_2023', '24400334': [0.22496777546106378, -0.46252874908001973, 0.34986507477851264, -1.919259985032204, 0.0026313439193381694, -0.8400293181105547], '24400334_metric_type': 'IoU', '24400334_quality_metric': 0.7291339153113341, '24400334_source': 'GT', '22008760': [0.3466221963851771, 0.5721798354453999, 0.38273747009892917, -2.0399492550211185, -0.019194463011699803, -2.81868606940933], '22008760_metric_type': 'IoU', '22008760_quality_metric': 0.8923214738711314, '22008760_source': 'GT'}}",531.89453125,531.8714599609375,,,1280.0,720.0,0.0,0.0,0.0,0.0,0.0
,AUTOLab/failure/2023-07-21/Fri_Jul_21_13:13:00_2023,,560.0,,,,,,524.4431762695312,524.4436645507812,640.0441284179688,365.7880554199219,1280.0,,0.0,0.0,,0.0,0.0
,,,,,,,,,531.9052124023438,,636.15185546875,,1280.0,720.0,,0.0,,0.0,0.0
,,,93.0,,,,,,732.2020874023438,732.2020874023438,,370.2779541015625,1280.0,720.0,,0.0,0.0,,0.0
,,failure,,,,18026681,"['24400334', '22008760', '18026681']",,,,636.15234375,365.7880554199219,1280.0,720.0,0.0,0.0,0.0,,0.0
,,,,,,,"['24400334', '22008760', '18026681']",,,531.8642578125,640.0441284179688,365.7880554199219,,720.0,0.0,0.0,0.0,0.0,0.0
,,,66.0,960.0,,,"['24400334', '22008760', '18026681']",,531.8449096679688,,636.15185546875,365.7880554199219,,,0.0,,0.0,0.0,
,,,,,,,,,732.2020874023438,,639.7760620117188,344.0091552734375,,,0.0,0.0,,,0.0
,,,,,,,,,531.8046875,531.8460083007812,639.7764282226562,344.0088806152344,1280.0,720.0,0.0,0.0,,0.0,0.0
AUTOLab+5d05c5aa+2023-07-26-16h-27m-32s,,,,960.0,,,,,531.9161376953125,524.3804931640625,640.0441284179688,365.7880554199219,1280.0,720.0,,0.0,,0.0,0.0
AUTOLab+84bd5053+2023-07-14-17h-09m-06s,AUTOLab/failure/2023-07-21/Fri_Jul_21_12:14:36_2023,,,,"['24400334', '22008760']",18026681,"['22008760', '24400334', '18026681']",,524.4212036132812,524.3060913085938,636.1522827148438,370.2776794433594,1280.0,720.0,0.0,0.0,,0.0,
AUTOLab+5d05c5aa+2023-07-13-11h-26m-16s,,failure,,960.0,"['24400334', '22008760']",,,,531.8497314453125,524.3763427734375,,,1280.0,720.0,0.0,0.0,0.0,0.0,0.0
,AUTOLab/failure/2023-07-26/Wed_Jul_26_16:59:23_2023,failure,,,,,,"{'AUTOLab+5d05c5aa+2023-07-07-11h-16m-26s': {'relative_path': 'AUTOLab/failure/2023-07-07/Fri_Jul__7_11:16:26_2023', '24400334': [0.19616185036208578, -0.41135108683927457, 0.30644442259084437, -1.8976352308252302, -0.06218159881797214, -0.765616157339204], '24400334_metric_type': 'IoU', '24400334_quality_metric': 0.8132224184756804, '24400334_source': 'GT', '22008760': [0.38394799416047826, 0.5194058026771122, 0.3380818926772482, -1.9916617096199483, -0.18304978168904396, -2.2208430828155064], '22008760_metric_type': 'IoU', '22008760_quality_metric': 0.836025987466222, '22008760_source': 'GT'}}",,,639.7760620117188,344.0092468261719,,720.0,,0.0,,0.0,0.0
AUTOLab+5d05c5aa+2023-07-07-18h-53m-28s,,,,,"['24400334', '22008760']",18026681,,,,531.84716796875,,344.0083923339844,,,0.0,0.0,0.0,,0.0
,AUTOLab/failure/2023-07-07/Fri_Jul__7_18:50:52_2023,,168.0,960.0,,,,,732.2020874023438,732.2020874023438,640.0441284179688,370.27783203125,1280.0,,0.0,0.0,0.0,0.0,0.0
,AUTOLab/failure/2023-07-21/Fri_Jul_21_12:32:56_2023,,,,,,,,732.2020874023438,732.2020874023438,640.0441284179688,370.2778625488281,1280.0,720.0,,,0.0,,
,,failure,,,"['22008760', '24400334']",,,,531.7889404296875,732.2020874023438,639.7765502929688,365.7880554199219,1280.0,720.0,,0.0,0.0,0.0,0.0
AUTOLab+5d05c5aa+2023-07-23-20h-52m-15s,,,,960.0,"['24400334', '22008760']",,,"{'AUTOLab+84bd5053+2023-07-21-15h-32m-30s': {'relative_path': 'AUTOLab/failure/2023-07-21/Fri_Jul_21_15:32:30_2023', '24400334': [0.1336223406272288, -0.5237341533499182, 0.29537268237246017, -1.9190741368930104, -0.08129612878885384, -0.7309484304350398], '24400334_metric_type': 'IoU', '24400334_quality_metric': 0.651677330622496, '24400334_source': 'GT', '22008760': [0.2544810106537049, 0.81710616305262, 0.39850798124203, -1.771547130906803, 0.022984560108673557, -2.6101066832711513], '22008760_metric_type': 'IoU', '22008760_quality_metric': 0.9309426229508196, '22008760_source': 'GT'}}",732.2020874023438,,639.7769775390625,344.008544921875,1280.0,720.0,0.0,0.0,0.0,0.0,0.0
AUTOLab+84bd5053+2023-07-14-17h-15m-41s,AUTOLab/failure/2023-07-08/Sat_Jul__8_10:42:56_2023,,,960.0,,,,"{'AUTOLab+5d05c5aa+2023-07-13-11h-27m-07s': {'relative_path': 'AUTOLab/failure/2023-07-13/Thu_Jul_13_11:27:07_2023', '24400334': [0.28168829212273516, -0.48982425827139536, 0.29958134735889164, -1.9260917296512057, -0.01594116473449625, -0.7112080063957732], '24400334_metric_type': 'IoU', '24400334_quality_metric': 0.7274876025397414, '24400334_source': 'GT', '22008760': [0.4469095641130539, 0.4329151945348587, 0.4049502812203877, -1.9920164591077247, 0.05988320728808638, -2.721137041801416], '22008760_metric_type': 'IoU', '22008760_quality_metric': 0.7972732264588105, '22008760_source': 'GT'}}",732.2020874023438,531.89697265625,640.0441284179688,365.7880554199219,1280.0,,0.0,0.0,,0.0,0.0
,,,,,,,,,,732.2020874023438,640.0441284179688,,1280.0,,0.0,0.0,0.0,0.0,0.0
,,,,,,,,,524.3883056640625,732.2020874023438,640.0441284179688,344.0091247558594,1280.0,,0.0,,0.0,,0.0
AUTOLab+84bd5053+2023-07-14-16h-54m-39s,,,,,,,,,,524.3104248046875,636.1527709960938,,,720.0,0.0,,0.0,0.0,0.0
,AUTOLab/failure/2023-07-14/Fri_Jul_14_16:00:18_2023,,,960.0,,,,,531.8850708007812,732.2020874023438,,370.2778625488281,1280.0,720.0,,,0.0,0.0,0.0
,,,,,,,,,524.3950805664062,732.2020874023438,636.1527099609375,365.7880554199219,1280.0,,0.0,0.0,0.0,0.0,0.0
AUTOLab+84bd5053+2023-07-21-12h-30m-58s,,failure,152.0,960.0,,18026681,,,732.2020874023438,,636.15234375,370.2779846191406,1280.0,720.0,0.0,0.0,0.0,,0.0
,,,,,,,,,732.2020874023438,,640.0441284179688,344.0086669921875,1280.0,720.0,,0.0,0.0,0.0,0.0
AUTOLab+84bd5053+2023-07-21-13h-07m-21s,,,,,,18026681,,,531.8839721679688,531.8182373046875,636.15234375,344.0087890625,,720.0,,,0.0,,0.0
,,failure,,960.0,,,,,,732.2020874023438,636.1517333984375,370.27764892578125,1280.0,720.0,0.0,0.0,,0.0,0.0
,,failure,,960.0,,18026681,,,732.2020874023438,732.2020874023438,,344.0082702636719,1280.0,720.0,,0.0,0.0,0.0,0.0
AUTOLab+84bd5053+2023-07-08-10h-42m-56s,AUTOLab/failure/2023-07-14/Fri_Jul_14_16:52:38_2023,,302.0,,,,,,732.2020874023438,524.4467163085938,,,1280.0,720.0,0.0,0.0,0.0,0.0,
,,failure,,,,,,,732.2020874023438,524.4328002929688,640.0441284179688,370.2781066894531,1280.0,720.0,0.0,0.0,0.0,0.0,0.0
,,,,,,18026681,"['24400334', '22008760', '18026681']",,732.2020874023438,732.2020874023438,,365.7880554199219,1280.0,,,0.0,0.0,0.0,
AUTOLab+5d05c5aa+2023-07-07-18h-53m-55s,,,,,,,,"{'AUTOLab+5d05c5aa+2023-07-13-11h-28m-39s': {'relative_path': 'AUTOLab/failure/2023-07-13/Thu_Jul_13_11:28:39_2023', '24400334': [0.28168829212273516, -0.48982425827139536, 0.29958134735889164, -1.9260917296512057, -0.01594116473449625, -0.7112080063957732], '24400334_metric_type': 'IoU', '24400334_quality_metric': 0.8040860152645173, '24400334_source': 'GT', '22008760': [0.4469095641130539, 0.4329151945348587, 0.4049502812203877, -1.9920164591077247, 0.05988320728808638, -2.721137041801416], '22008760_metric_type': 'IoU', '22008760_quality_metric': 0.6816339318933949, '22008760_source': 'GT'}}",732.2020874023438,524.3617553710938,639.7767333984375,365.7880554199219,1280.0,720.0,0.0,0.0,0.0,0.0,0.0
,AUTOLab/failure/2023-07-07/Fri_Jul__7_16:11:43_2023,failure,,,,18026681,,,531.8611450195312,531.9367065429688,640.0441284179688,370.2778625488281,1280.0,720.0,0.0,,,,0.0
,,,,,,18026681,,"{'AUTOLab+84bd5053+2023-07-21-15h-31m-55s': {'relative_path': 'AUTOLab/failure/2023-07-21/Fri_Jul_21_15:31:55_2023', '22008760': [0.2544810106537049, 0.81710616305262, 0.39850798124203, -1.771547130906803, 0.022984560108673557, -2.6101066832711513], '22008760_metric_type': 'IoU', '22008760_quality_metric': 0.9354314067053588, '22008760_source': 'GT', '24400334': [0.08729730820001992, -0.33376964225764005, 0.306771158300357, -1.9092937476154788, -0.13570863454636695, -0.840269776965292], '24400334_metric_type': 'num_matches', '24400334_quality_metric': 25505.0, '24400334_source': 'Pred'}}",524.380615234375,732.2020874023438,636.1508178710938,344.0085144042969,,720.0,0.0,0.0,0.0,0.0,
,,,353.0,,,,"['24400334', '22008760', '18026681']",,524.4219970703125,732.2020874023438,636.1524047851562,365.7880554199219,1280.0,,0.0,,,0.0,0.0
AUTOLab+84bd5053+2023-07-14-17h-01m-47s,AUTOLab/failure/2023-07-21/Fri_Jul_21_13:15:28_2023,,,960.0,"['24400334', '22008760']",,,,732.2020874023438,531.7538452148438,639.774169921875,344.008544921875,1280.0,720.0,,0.0,,,0.0
AUTOLab+5d05c5aa+2023-07-07-18h-58m-44s,AUTOLab/failure/2023-07-07/Fri_Jul__7_18:58:44_2023,,297.0,,,,,,732.2020874023438,524.3672485351562,,,1280.0,720.0,0.0,,0.0,0.0,0.0
,AUTOLab/failure/2023-07-14/Fri_Jul_14_16:54:39_2023,failure,,,,,,,,531.790283203125,639.7770385742188,370.27789306640625,1280.0,720.0,,0.0,,0.0,0.0
,AUTOLab/failure/2023-07-21/Fri_Jul_21_15:49:36_2023,,,,,,,"{'AUTOLab+84bd5053+2023-07-14-15h-58m-46s': {'relative_path': 'AUTOLab/failure/2023-07-14/Fri_Jul_14_15:58:46_2023', '24400334': [0.3031079935887764, -0.45131159576841506, 0.31521804528985303, -1.8887856213791974, 0.12518282678204606, -0.19364109226439705], '24400334_metric_type': 'IoU', '24400334_quality_metric': 0.8811240319854703, '24400334_source': 'GT', '22008760': [0.20787293254141748, 0.6884038979717433, 0.3412471611056582, -1.9395391286949615, -0.10535751198666476, -2.746681466580353], '22008760_metric_type': 'Reprojection_error', '22008760_quality_metric': 4.481574535369873, '22008760_source': 'Pred'}}",524.3803100585938,524.3980102539062,,370.2783203125,1280.0,720.0,0.0,0.0,0.0,0.0,0.0
,,,,,,,,,531.8941040039062,,,365.7880554199219,1280.0,,0.0,0.0,0.0,0.0,0.0
,AUTOLab/failure/2023-07-14/Fri_Jul_14_16:48:12_2023,,,960.0,,,,,,524.3866577148438,639.7766723632812,365.7880554199219,1280.0,720.0,,0.0,0.0,0.0,0.0
,,failure,,,"['22008760', '24400334']",,,,,,,344.0086669921875,,720.0,0.0,0.0,0.0,0.0,0.0
,AUTOLab/failure/2023-07-13/Thu_Jul_13_10:53:16_2023,,,,,18026681,"['22008760', '24400334', '18026681']",,,524.39599609375,640.0441284179688,,1280.0,720.0,0.0,0.0,0.0,0.0,0.0
,,,117.0,960.0,,,"['24400334', '22008760', '18026681']",,524.3804931640625,531.913818359375,636.1526489257812,365.7880554199219,1280.0,720.0,0.0,,0.0,,0.0
,,,,,,,,,732.2020874023438,524.39501953125,639.7769775390625,,1280.0,720.0,0.0,0.0,0.0,0.0,0.0
,,,79.0,,,,,,,531.9148559570312,640.0441284179688,370.27752685546875,1280.0,720.0,0.0,,0.0,0.0,0.0
,,failure,327.0,,,,"['24400334', '22008760', '18026681']","{'AUTOLab+5d05c5aa+2023-07-13-11h-30m-21s': {'relative_path': 'AUTOLab/failure/2023-07-13/Thu_Jul_13_11:30:21_2023', '24400334': [0.28168829212273516, -0.48982425827139536, 0.29958134735889164, -1.9260917296512057, -0.01594116473449625, -0.7112080063957732], '24400334_metric_type': 'IoU', '24400334_quality_metric': 0.8181860072191076, '24400334_source': 'GT', '22008760': [0.4469095641130539, 0.4329151945348587, 0.4049502812203877, -1.9920164591077247, 0.05988320728808638, -2.721137041801416], '22008760_metric_type': 'IoU', '22008760_quality_metric': 0.8700794259039922, '22008760_source': 'GT'}}",524.3899536132812,732.2020874023438,,365.7880554199219,,720.0,0.0,0.0,0.0,0.0,0.0
,AUTOLab/failure/2023-07-13/Thu_Jul_13_11:31:03_2023,,,,,18026681,,"{'AUTOLab+84bd5053+2023-07-21-15h-34m-49s': {'relative_path': 'AUTOLab/failure/2023-07-21/Fri_Jul_21_15:34:49_2023', '24400334': [0.1336223406272288, -0.5237341533499182, 0.29537268237246017, -1.9190741368930104, -0.08129612878885384, -0.7309484304350398], '24400334_metric_type': 'IoU', '24400334_quality_metric': 0.6136414913418693, '24400334_source': 'GT', '22008760': [0.2544810106537049, 0.81710616305262, 0.39850798124203, -1.771547130906803, 0.022984560108673557, -2.6101066832711513], '22008760_metric_type': 'IoU', '22008760_quality_metric': 0.9257460585585585, '22008760_source': 'GT'}}",,732.2020874023438,636.1528930664062,370.27789306640625,1280.0,720.0,,0.0,,0.0,0.0
,,,,,,18026681,"['22008760', '24400334', '18026681']",,732.2020874023438,531.81982421875,640.0441284179688,370.2778625488281,1280.0,720.0,0.0,0.0,,0.0,0.0
,,failure,,,,,,,732.2020874023438,524.4266967773438,640.0441284179688,344.0084228515625,1280.0,720.0,0.0,,0.0,,
AUTOLab+84bd5053+2023-07-21-12h-44m-49s,AUTOLab/failure/2023-07-13/Thu_Jul_13_10:38:12_2023,,,,,,,,,,636.15087890625,344.008544921875,1280.0,720.0,,0.0,0.0,0.0,
,,,538.0,960.0,,,,,531.8450927734375,524.3909912109375,636.1520385742188,,1280.0,720.0,0.0,0.0,0.0,,0.0
,,,,,"['24400334', '22008760']",,,,531.785400390625,732.2020874023438,640.0441284179688,344.0089111328125,,,0.0,0.0,,0.0,0.0
AUTOLab+84bd5053+2023-07-21-14h-43m-24s,,,216.0,,,,,,,732.2020874023438,639.7764892578125,370.2777404785156,1280.0,720.0,0.0,0.0,,,0.0
