observation.state,action,timestamp,frame_index,episode_index,index,task_index
"[0.32362592220306396, 0.0005721739144064486, 0.052304286509752274, -0.0021811292972415686, 0.015411938540637493, 0.033757906407117844, 0.0, 0.9988223910331726]","[0.0015077292919158936, 0.002761244773864746, 0.03724613040685654, 0.05502296984195709, -0.01601795107126236, 0.21204665303230286, 0.0]",7.599999904632568,19,2,134,4
"[0.34043294191360474, 0.10253135859966278, 0.08218324929475784, -0.18252502381801605, -0.2297593057155609, 0.6949620842933655, 0.0, 0.6229594349861145]","[-0.009258121252059937, -0.007411211729049683, 0.030673600733280182, -0.0076241642236709595, -0.026916131377220154, -0.018037796020507812, 1.0]",0.800000011920929,18,1,24,4
"[0.34361475706100464, 0.10482056438922882, 0.08593156188726425, -0.19040770828723907, -0.24207302927970886, 0.6991006135940552, 0.0, 0.5570889115333557]","[-0.015396147966384888, -0.006696570664644241, -0.0011220946907997131, 0.007555028423666954, 0.008199557662010193, -0.039199650287628174, 1.0]",5.199999809265137,23,0,17,11
"[0.33944982290267944, 0.1192300021648407, -0.011153760366141796, -0.07584648579359055, -0.0937192440032959, 0.4055747985839844, 0.0, 0.9988223910331726]","[-0.03273347020149231, -0.011118873953819275, 0.04530712217092514, -0.022436514496803284, -0.06978333741426468, -0.049636393785476685, 0.0]",1.7999999523162842,29,8,217,4
"[0.34947896003723145, 0.05387746915221214, 0.09902704507112503, 0.00266418163664639, 0.018733888864517212, 0.5306516885757446, 0.0, 0.062092870473861694]","[-0.008190333843231201, -0.006298080086708069, 0.0011806190013885498, -0.00035410746932029724, 0.006037861108779907, -0.030561208724975586, 1.0]",2.799999952316284,3,8,219,1
"[0.3027246296405792, 0.05720171332359314, 0.1366710215806961, 0.03422822430729866, -0.07899408787488937, 0.03728356212377548, 0.0, 0.9994885921478271]","[-0.006509542465209961, -0.018798843026161194, 0.003774590790271759, -0.004754126071929932, 0.016856297850608826, -0.05313217639923096, 1.0]",7.0,9,1,64,8
"[0.29619935154914856, 0.052457910031080246, 0.034529514610767365, -0.013699757866561413, 0.03124193660914898, -0.08713161200284958, 0.0, 0.9994885921478271]","[-0.0031396150588989258, 0.0050978343933820724, -0.00025719404220581055, 0.03203514963388443, 0.02007063664495945, 0.00031064823269844055, 1.0]",4.599999904632568,20,3,39,8
"[0.2676820158958435, -0.018730495125055313, 0.0902542844414711, -0.05843397602438927, -0.1569667011499405, 0.9262231588363647, 0.0, 1.0008161067962646]","[-0.0019768476486206055, -2.3633241653442383e-05, -0.011436410248279572, 0.0007113143801689148, 0.029171139001846313, 0.0021674036979675293, 1.0]",3.5999999046325684,36,7,474,0
"[0.25313979387283325, -0.024801919236779213, 0.053627386689186096, 0.08200837671756744, 0.06960198283195496, -0.011482899077236652, 0.0, 0.5899012684822083]","[-0.00014215707778930664, 0.00230427086353302, 0.0005717575550079346, 0.022469453513622284, -0.002968907356262207, -0.01634444296360016, 1.0]",7.599999904632568,15,12,313,2
"[0.3507066071033478, 0.009431937709450722, 0.011739487759768963, 0.0013182213297113776, -0.2921355366706848, 0.4341777563095093, 0.0, 0.6731748580932617]","[-0.005980193614959717, -0.007942378520965576, 0.03372998535633087, 0.016160309314727783, 0.052288420498371124, -0.05407634377479553, 0.0]",1.600000023841858,9,7,128,4
"[0.2576036751270294, 0.028475571423768997, 0.15088042616844177, -0.32080426812171936, -0.2568100094795227, 0.609809398651123, 0.0, 0.5570889115333557]","[-0.0100117027759552, 0.014805570244789124, -0.00720706582069397, -0.00909116119146347, 0.013551086187362671, 0.02009892463684082, 0.0]",2.0,20,4,180,6
"[0.32121697068214417, -0.040769632905721664, 0.016455737873911858, -0.05673184245824814, -0.030782507732510567, -0.02308383211493492, 0.0, 1.0041072368621826]","[0.00092354416847229, -0.016555344685912132, -0.014022022485733032, 0.023924898356199265, 0.052893511950969696, -0.013436906039714813, 1.0]",3.5999999046325684,2,3,126,8
"[0.3756163716316223, 0.06656378507614136, 0.059484418481588364, 0.06740663945674896, -0.006485053338110447, 0.22857286036014557, 0.0, 1.0001531839370728]","[-0.004262715578079224, -0.008087240159511566, -0.012798480689525604, 0.01638946682214737, 0.014670461416244507, 0.023537948727607727, 1.0]",5.599999904632568,7,6,461,11
"[0.2589491903781891, -0.02222280204296112, 0.08537670969963074, 0.06244171783328056, -0.01108067762106657, 0.009800641797482967, 0.0, 0.529549777507782]","[0.022704899311065674, -0.0027425214648246765, -0.02180350571870804, -0.010423831641674042, -0.012212861329317093, 0.040187954902648926, 1.0]",3.4000000953674316,27,1,222,2
"[0.31559816002845764, 0.10286024212837219, 0.07558842748403549, 0.09779495000839233, -0.045118555426597595, -0.7569905519485474, 0.0, 0.9994885921478271]","[-8.362531661987305e-05, 0.0013270974159240723, 0.0034489817917346954, -0.0013177022337913513, -0.005530804395675659, 0.00918637216091156, 1.0]",0.20000000298023224,39,2,21,4
"[0.33157914876937866, 0.05220062658190727, 0.03480317443609238, -0.11392851173877716, 0.2362539917230606, 0.9727523326873779, 0.0, 0.5354229807853699]","[0.01565304398536682, -0.016720399260520935, 0.018724337220191956, -0.05883157253265381, -0.056798603385686874, -0.013248458504676819, 0.0]",8.0,23,12,349,11
"[0.29851606488227844, 0.00525004044175148, 0.07868149876594543, -0.019709743559360504, -0.09650903195142746, -0.8456552624702454, 0.0, 0.9745318293571472]","[-0.004797697067260742, -0.004120320081710815, 0.012678831815719604, 0.0009602569043636322, -0.04329395666718483, 0.11924760043621063, 0.0]",2.799999952316284,19,3,486,4
"[0.2929854094982147, 0.1130184754729271, 0.07458555698394775, -0.03598575294017792, 0.0379423089325428, -0.025873782113194466, 0.0, 0.5729578137397766]","[0.002173900604248047, -0.015064312145113945, -0.0026741251349449158, 0.01020626351237297, -0.01202690601348877, -0.04608846455812454, 0.0]",7.800000190734863,30,9,417,1
"[0.2881000339984894, 0.039156608283519745, 0.1799211949110031, -0.0015990195097401738, -0.12121166288852692, 0.17138437926769257, 0.0, 0.9994885921478271]","[0.00026541948318481445, 0.0002927258610725403, 0.0007066689431667328, 0.001887202262878418, -0.00038579851388931274, 0.005718708038330078, 1.0]",4.199999809265137,12,1,47,6
"[0.31609949469566345, -0.06544696539640427, 0.08828292042016983, 0.02056107297539711, 0.11527246236801147, 0.17437104880809784, 0.0, 0.6611326336860657]","[-0.009946882724761963, 0.010667547583580017, -0.007740095257759094, -0.006791131570935249, 0.03313758224248886, 0.05061718076467514, 1.0]",6.0,5,13,333,4
"[0.32657694816589355, -0.055617280304431915, 0.09849399328231812, -0.09934523701667786, -0.3589964210987091, 0.15173110365867615, 0.0, 1.0001531839370728]","[0.004149407148361206, -0.0009178146719932556, -0.001904413104057312, -0.004116633906960487, -0.007324874401092529, 0.005029117688536644, 0.0]",1.399999976158142,15,13,90,4
"[0.3224426805973053, 0.012316388078033924, 0.0503372997045517, -0.006936522200703621, 0.013622377999126911, 0.016193028539419174, 0.0, 0.9988223910331726]","[0.0005619525909423828, -7.048249244689941e-05, 0.012044079601764679, 0.006628908216953278, -0.06290514022111893, -0.2262563705444336, 0.0]",0.20000000298023224,5,6,136,1
"[0.3757363557815552, -0.13145726919174194, 0.04677123948931694, 0.09179358929395676, -0.09810192883014679, 0.16771183907985687, 0.0, 0.9865638017654419]","[0.00235024094581604, 0.0020770803093910217, -5.342066287994385e-06, 0.0037106871604919434, 0.0013333708047866821, 0.0011893510818481445, 0.0]",4.199999809265137,22,6,156,7
"[0.37929853796958923, 0.07554508745670319, 0.05446186289191246, 0.06579235196113586, 0.01705974154174328, 0.24915796518325806, 0.0, 1.0001531839370728]","[-0.0006321966648101807, 0.01028817892074585, 0.0007105180993676186, 0.0011761821806430817, -0.005465414375066757, -0.01629737764596939, 0.0]",0.20000000298023224,20,2,470,6
"[0.3251505196094513, 0.09735827893018723, 0.09595341235399246, -0.13177911937236786, -0.22199979424476624, 0.634027898311615, 0.0, 1.0086473226547241]","[0.0014683306217193604, 0.000620715320110321, -0.009320730343461037, 0.00042432546615600586, 0.0038509592413902283, 0.02641473338007927, 1.0]",4.400000095367432,17,11,276,0
"[0.25807759165763855, -0.02633613534271717, 0.05967475473880768, 0.05656399950385094, 0.07925169914960861, -0.013540253974497318, 0.0, 1.0086473226547241]","[0.003293454647064209, -0.014443174004554749, 0.013437360525131226, 0.02514946460723877, -0.02631285786628723, 0.03968486934900284, 0.0]",8.800000190734863,3,3,304,9
"[0.3392123579978943, 0.08060797303915024, 0.03169199451804161, 0.015111315064132214, -0.05177352577447891, 0.6991099715232849, 0.0, 0.26948168873786926]","[0.004459083080291748, -0.00020210258662700653, 0.0036238431930541992, -0.01168791949748993, -0.0031198710203170776, 0.0032500624656677246, 1.0]",3.0,9,10,87,11
"[0.35434195399284363, 0.10606268793344498, 0.006266784854233265, -0.06588488072156906, 0.0018201774219051003, 0.32263264060020447, 0.0, 0.9988223910331726]","[-0.0011087656021118164, 0.000692218542098999, -0.0010039955377578735, -0.01047930121421814, 0.01069951057434082, 0.0118245929479599, 0.0]",9.0,33,0,123,3
"[0.2821442782878876, -0.006753263995051384, 0.14558015763759613, -0.07574822008609772, 0.03341842442750931, 0.22140876948833466, 0.0, 1.0001531839370728]","[-0.0019384324550628662, 0.006298014894127846, -0.004961147904396057, 0.00843663141131401, -0.0028329789638519287, 0.10369753837585449, 1.0]",0.4000000059604645,34,8,296,4
"[0.32880619168281555, 0.03498464077711105, 0.0932282954454422, -0.21021389961242676, 0.07193870842456818, 0.8750765919685364, 0.0, 0.4699908196926117]","[0.0031231939792633057, -0.006796523928642273, -0.006682880222797394, 0.00841425359249115, -0.009420827031135559, 0.012022733688354492, 1.0]",4.400000095367432,16,7,205,4
"[0.3029089570045471, 0.0025001205503940582, 0.03559231013059616, -0.03591032326221466, -0.052799493074417114, -0.8113961219787598, 0.0, 0.17514994740486145]","[-0.009670555591583252, 0.008840024471282959, 0.0033690528944134712, 0.042608484625816345, 0.0005466341972351074, -0.032037556171417236, 1.0]",0.0,23,1,369,2
"[0.4454282522201538, -0.0733208879828453, 0.05294791981577873, -0.07958612591028214, -0.5063458681106567, 0.1683056503534317, 0.0, 0.9994885921478271]","[0.0016776621341705322, -0.0060522109270095825, -0.006854470819234848, 0.004271470010280609, -0.003104880452156067, 0.017730653285980225, 1.0]",2.4000000953674316,24,8,159,3
"[0.3729858100414276, -0.00861381646245718, 0.14661718904972076, 0.029463352635502815, -0.1597864180803299, 0.3206171691417694, 0.0, 0.05980546772480011]","[-0.002229660749435425, -0.043045252561569214, -0.0007068496197462082, -0.027795586735010147, 0.023172058165073395, -0.10865585505962372, 0.0]",2.799999952316284,30,6,149,4
"[0.25571709871292114, -0.022782355546951294, 0.053952284157276154, 0.07680140435695648, 0.07429751753807068, -0.009230617433786392, 0.0, 0.8930966854095459]","[-0.021525412797927856, -0.010435467585921288, -0.004815265536308289, 0.02290862426161766, 0.010562792420387268, -0.06623333692550659, 1.0]",7.800000190734863,27,8,456,4
"[0.2572501003742218, 0.178678959608078, 0.012294137850403786, 0.009272170253098011, -0.2717563807964325, 0.6874707341194153, 0.0, 0.06712212413549423]","[-0.0030847787857055664, -0.007138889282941818, -0.0039038434624671936, -0.040801096707582474, 0.026472538709640503, 0.06130634993314743, 1.0]",1.0,11,5,400,8
"[0.29659736156463623, 0.08721912652254105, 0.09090666472911835, 0.4220196604728699, -0.13262920081615448, 0.04135137051343918, 0.0, 0.9913908839225769]","[-0.002749919891357422, 0.0008172616362571716, -0.0016447603702545166, -0.0007506906986236572, 0.021039962768554688, 0.010265111923217773, 1.0]",5.199999809265137,11,12,270,9
"[0.29560863971710205, 0.11468124389648438, 0.040163304656744, -0.0344025082886219, 0.04736689478158951, 0.0004476371977943927, 0.0, 0.5729578137397766]","[-0.004564136266708374, -0.0014538541436195374, -0.0007593296468257904, 0.0013531595468521118, -0.01643906906247139, 0.0031068921089172363, 1.0]",5.0,5,3,27,11
"[0.1962002068758011, 0.22965683043003082, 0.029016466811299324, 0.22757123410701752, -0.24614036083221436, 0.6040492057800293, 0.0, 1.00800359249115]","[0.008420854806900024, 0.002885095775127411, -0.009176947176456451, 0.034490685909986496, 0.013701409101486206, -0.06968385726213455, 0.0]",2.0,10,11,339,3
"[0.3812366724014282, 0.06462264806032181, 0.03087363950908184, 0.0047131991013884544, 0.08902587741613388, 0.28791558742523193, 0.0, 1.0001531839370728]","[-0.0064546167850494385, 0.006085425615310669, 0.013102257624268532, 0.061468787491321564, 0.04585111141204834, -0.002305328845977783, 0.0]",4.400000095367432,0,3,103,4
"[0.31700557470321655, -0.10942912846803665, 0.05938010290265083, -0.07651335000991821, -0.3417840003967285, 0.15355941653251648, 0.0, 1.0008161067962646]","[-0.01295199990272522, -0.0028958688490092754, 0.0024868398904800415, 0.06616037338972092, 0.03418554738163948, -0.03660869598388672, 1.0]",7.800000190734863,13,3,201,5
"[0.4437970519065857, -0.07526756823062897, 0.06542932987213135, -0.10756003856658936, -0.5191019773483276, 0.1780407428741455, 0.0, 0.6951970458030701]","[0.003945931792259216, -0.013643513433635235, -0.0016113519668579102, -0.01643768697977066, -0.013614069670438766, 0.04451332241296768, 1.0]",2.200000047683716,2,3,72,4
"[0.37470993399620056, -0.0189430620521307, 0.1460132598876953, -0.03301224112510681, -0.13282102346420288, 0.34682121872901917, 0.0, 0.05980546772480011]","[-0.00040093064308166504, 0.0016894806176424026, -0.0005748141556978226, 0.002661183476448059, 0.0027260184288024902, 0.001278996467590332, 1.0]",3.5999999046325684,24,6,143,11
"[0.3920845091342926, -0.10077879577875137, 0.0957423597574234, -0.07958264648914337, -0.3930128514766693, 0.11645301431417465, 0.0, 0.590900182723999]","[0.0007282495498657227, -0.0014981776475906372, -0.007129743695259094, 0.01060311496257782, 0.002645060420036316, -0.034077584743499756, 0.0]",5.800000190734863,22,5,225,2
"[0.37470901012420654, -0.13155250251293182, 0.011286428198218346, 0.060910072177648544, -0.17568255960941315, 0.20809900760650635, 0.0, 0.6551066637039185]","[0.0016645491123199463, 0.004263386130332947, -0.004905189387500286, 0.012098431587219238, 0.010242745280265808, 0.001974642276763916, 0.0]",7.599999904632568,27,5,132,5
"[0.279680073261261, 0.03473886102437973, 0.1478498876094818, -0.08426523208618164, -0.07964297384023666, 0.18535876274108887, 0.0, 0.5344430208206177]","[-0.0006877481937408447, 0.0037924423813819885, 0.0011616433039307594, -0.01681872457265854, 0.015227366238832474, -0.012455642223358154, 0.0]",2.5999999046325684,8,8,366,3
"[0.292118638753891, 0.09428052604198456, 0.011706053279340267, 0.00925435870885849, -0.01482317317277193, 0.012680941261351109, 0.0, 0.39273425936698914]","[0.0007642805576324463, -0.001292359083890915, -0.01080872118473053, 0.007914170622825623, 0.02877137064933777, 0.014538884162902832, 0.0]",4.400000095367432,6,5,265,3
"[0.1851205825805664, 0.04479074478149414, 0.0953250452876091, -0.04588494822382927, -0.049654942005872726, -0.09982825815677643, 0.0, 1.0001531839370728]","[0.001279100775718689, 0.0010693296790122986, -0.0003157537430524826, 0.01776157319545746, -0.014201447367668152, 0.03120937943458557, 0.0]",7.0,21,9,442,8
"[0.20361803472042084, 0.238168865442276, 0.06491172313690186, 0.2332444190979004, -0.28424885869026184, 0.5280070900917053, 0.0, 1.0008161067962646]","[-0.003166764974594116, 0.015962842851877213, 0.05045062303543091, -0.06683771312236786, -0.0549788773059845, 0.027827411890029907, 1.0]",7.199999809265137,6,4,66,10
"[0.3282446265220642, -0.06488008797168732, 0.10288961231708527, 0.013455194421112537, 0.07312139123678207, 0.13240258395671844, 0.0, 1.0001531839370728]","[0.028803855180740356, -0.00570911169052124, -0.019442513585090637, 0.028879906982183456, -0.0037570595741271973, 0.027202144265174866, 1.0]",7.400000095367432,3,0,78,3
"[0.3768022954463959, 0.09989213198423386, 0.03227303549647331, 0.1984211653470993, -0.046593017876148224, -0.7707672715187073, 0.0, 0.347801148891449]","[-0.00044861435890197754, 0.007299207150936127, -0.0019948408007621765, 0.0006887838244438171, 0.00783524475991726, 0.015903323888778687, 1.0]",3.5999999046325684,40,2,477,4
"[0.3321453332901001, -0.027792463079094887, 0.1303996443748474, -0.04202171415090561, -0.02531907521188259, 0.1133977472782135, 0.0, 0.9994885921478271]","[-0.0014449656009674072, 0.0014970898628234863, -0.00037857331335544586, -0.00878988765180111, 0.015442192554473877, 0.01804530620574951, 0.0]",3.4000000953674316,4,2,107,6
"[0.32594767212867737, 0.11042152345180511, 0.02342452108860016, 0.01349655445665121, -0.024634327739477158, -0.6713472008705139, 0.0, 1.0001531839370728]","[-0.00531497597694397, 0.005224175751209259, -0.004319041967391968, -0.015531681478023529, 0.011160295456647873, 0.013084694743156433, 0.0]",0.6000000238418579,4,2,263,7
"[0.30631449818611145, 0.09160621464252472, 0.06556035578250885, 0.3658556342124939, -0.11002859473228455, 0.22542238235473633, 0.0, 0.9920742511749268]","[0.0009074956178665161, -0.0077703557908535, -0.013575524091720581, -0.006763532757759094, 0.010396614670753479, 0.10735484212636948, 1.0]",2.4000000953674316,11,9,292,8
"[0.22908928990364075, -0.05635835975408554, 0.07424318045377731, -0.19132345914840698, -0.24582518637180328, 0.3938804864883423, 0.0, 0.5570889115333557]","[-0.00758206844329834, -0.000815805047750473, -0.019134866073727608, -0.00545768067240715, 0.052562832832336426, 0.004568025469779968, 1.0]",3.200000047683716,18,3,69,0
"[0.3782261610031128, -0.13113108277320862, 0.03721600025892258, 0.07043623179197311, -0.1259964406490326, 0.16726619005203247, 0.0, 0.9865638017654419]","[-0.0042768120765686035, -0.013460813090205193, 0.001770712435245514, -0.025694943964481354, 0.011664550751447678, 0.01788860559463501, 0.0]",6.800000190734863,21,13,443,6
"[0.34262973070144653, 0.03386709839105606, 0.15366056561470032, 0.2929970324039459, -0.1991891860961914, 0.16468451917171478, 0.0, 0.05980546772480011]","[-0.0009842514991760254, -4.1931867599487305e-05, -0.0017448663711547852, -3.084540367126465e-05, 0.0017935708165168762, 0.006791442632675171, 0.0]",1.0,16,1,258,7
"[0.33680060505867004, -0.04729196056723595, -0.04935237020254135, -0.052410826086997986, 0.03395700082182884, -0.11335787922143936, 0.0, 0.6981924772262573]","[-0.003584742546081543, 0.0033092088997364044, -0.0011691451072692871, 0.035174399614334106, -0.006962388753890991, 0.007359802722930908, 0.0]",6.800000190734863,8,7,414,1
"[0.2403879165649414, -0.004066449590027332, 0.1456558108329773, -0.30718791484832764, -0.2744239270687103, 0.5332757234573364, 0.0, 0.5570889115333557]","[-0.0183563232421875, 0.030794396996498108, -0.01070653647184372, -0.02235265076160431, 0.01606220006942749, 0.039105892181396484, 0.0]",1.600000023841858,7,6,297,8
"[0.44538387656211853, -0.07050733268260956, 0.05296003818511963, -0.04686591029167175, -0.5102218985557556, 0.13727155327796936, 0.0, 1.0008161067962646]","[-0.0016609728336334229, 0.00759086012840271, -0.0012373123317956924, -0.012785360217094421, 0.018896788358688354, 0.029789507389068604, 0.0]",3.5999999046325684,30,4,485,4
"[0.3228936791419983, -0.0651165321469307, 0.09686116874217987, 0.02153131738305092, 0.09338124096393585, 0.1580786108970642, 0.0, 0.9994885921478271]","[0.0007285475730895996, 0.0005237609148025513, -0.016523413360118866, -0.007804602384567261, 0.0009285137057304382, 0.026952415704727173, 1.0]",4.800000190734863,2,3,478,5
"[0.37370553612709045, -0.13701534271240234, 0.08639243990182877, 0.10753657668828964, -0.08371555805206299, 0.10970450937747955, 0.0, 0.9865638017654419]","[-0.013674914836883545, 0.022451691329479218, -0.004987258464097977, -0.0007984191179275513, -0.07541082799434662, 0.09059295058250427, 1.0]",5.0,18,2,421,4
"[0.33273857831954956, 0.10711607336997986, -0.05220423638820648, -0.02240382693707943, 0.022416511550545692, 0.3754388689994812, 0.0, 0.3849146366119385]","[0.0026190578937530518, -0.0031125303357839584, 0.005173094570636749, -0.02531249448657036, -0.04095864295959473, 0.008109930902719498, 1.0]",5.400000095367432,24,3,415,7
"[0.4233455955982208, -0.08328735828399658, 0.07619258761405945, 0.0010433045681566, -0.37511464953422546, -0.0044060745276510715, 0.0, 0.590900182723999]","[0.009770125150680542, -0.003950759768486023, -0.004421565681695938, -0.008713938295841217, -0.026912450790405273, 0.03173947334289551, 1.0]",2.0,17,12,496,5
"[0.3288414478302002, -0.061207931488752365, 0.10254683345556259, 0.002721542026847601, 0.07602047175168991, 0.11778904497623444, 0.0, 1.0001531839370728]","[-0.0009502768516540527, 0.00010641664266586304, -0.0005227252840995789, -0.0003159865736961365, 0.007606774568557739, -0.002806350588798523, 1.0]",7.400000095367432,7,13,449,5
"[0.2547402083873749, 0.17101550102233887, 0.009444301947951317, -0.044521331787109375, 0.0483500100672245, 0.15859390795230865, 0.0, 0.6069100499153137]","[-0.0027022957801818848, -0.007898043841123581, -0.00815580040216446, 0.010434338822960854, 0.031043991446495056, 0.0019750818610191345, 1.0]",3.799999952316284,25,2,365,7
"[0.35348424315452576, 0.06668952107429504, 0.0810575932264328, 0.07184413820505142, -0.049354590475559235, 0.22257539629936218, 0.0, 1.0001531839370728]","[0.018154054880142212, 0.0032081156969070435, -0.012848012149333954, 0.0547560453414917, 0.008319314569234848, -0.06399589776992798, 1.0]",1.7999999523162842,33,12,290,9
"[0.26412975788116455, 0.1796952486038208, 0.026910746470093727, -0.044065315276384354, 0.06877731531858444, 0.12778913974761963, 0.0, 0.9981546401977539]","[0.003322005271911621, 0.0065247006714344025, -0.0075554922223091125, -0.00822359323501587, 0.02442552149295807, 0.016280770301818848, 0.0]",5.0,26,10,279,8
"[0.33594536781311035, 0.012904527597129345, 0.034816864877939224, 0.005648573394864798, -0.05473374202847481, -0.7535985708236694, 0.0, 0.12885156273841858]","[0.0021827220916748047, 0.0005269944667816162, 0.022337032482028008, -0.03889166936278343, 0.02856474369764328, -0.19040358066558838, 0.0]",5.400000095367432,14,8,342,11
"[0.309397429227829, 0.06588669866323471, 0.1289786994457245, 0.019645242020487785, -0.003526289714500308, -0.10322795063257217, 0.0, 0.36865687370300293]","[0.006505116820335388, -0.00576586090028286, -0.005083668977022171, -0.0029100626707077026, -0.013156473636627197, 0.023662328720092773, 1.0]",2.4000000953674316,22,9,259,0
"[0.2970769703388214, 0.1153019592165947, 0.030842574313282967, -0.0339781828224659, 0.051217854022979736, 0.0268623698502779, 0.0, 0.6470694541931152]","[-0.004994720220565796, -0.011024728417396545, -0.011778861284255981, -0.034783631563186646, 0.058788418769836426, 0.0901826024055481, 1.0]",6.599999904632568,17,6,242,6
"[0.3352802097797394, 0.029956916347146034, 0.019742248579859734, -0.02600172907114029, -0.1192018911242485, 0.12910610437393188, 0.0, 0.36950385570526123]","[0.004142791032791138, 0.009678125381469727, -0.010611485689878464, -0.002300858497619629, -0.053849563002586365, 0.0454353392124176, 1.0]",1.0,36,5,84,4
"[0.38155946135520935, -0.1043352484703064, 0.03481335937976837, 0.16853126883506775, -0.12794329226016998, 0.034370437264442444, 0.0, 1.0001531839370728]","[-0.0010132193565368652, 0.0012382417917251587, -0.01448122039437294, -0.0037861019372940063, -0.014430999755859375, 0.00697191059589386, 1.0]",3.4000000953674316,27,6,215,11
"[0.293599933385849, 0.11621061712503433, 0.10662023723125458, -0.047209303826093674, 0.06524751335382462, 0.0013161678798496723, 0.0, 0.5729578137397766]","[-0.0029509365558624268, -0.0016571730375289917, -0.015546247363090515, 0.008729387074708939, -0.01493094488978386, -0.01756390742957592, 0.0]",8.199999809265137,5,12,473,10
"[0.3830954134464264, 0.08207587152719498, 0.05256585776805878, 0.07263214886188507, 0.025919059291481972, 0.25750070810317993, 0.0, 1.0001531839370728]","[-0.0054540932178497314, 0.013832833617925644, 0.02150183916091919, 0.04577791318297386, -0.009886667132377625, 0.025405168533325195, 1.0]",8.0,6,8,120,11
"[0.2863374352455139, 0.16107746958732605, 0.11543920636177063, -0.06142796576023102, 0.09738413244485855, -0.023789886385202408, 0.0, 0.5729578137397766]","[-0.03899219632148743, -0.02818116545677185, 0.008498668670654297, -0.005021087825298309, 0.014763295650482178, -0.0882575511932373, 0.0]",4.0,35,12,355,1
"[0.30151861906051636, 0.0018219073535874486, 0.037695664912462234, -0.022425593808293343, -0.03101808950304985, -0.8241559863090515, 0.0, 0.39798861742019653]","[-0.004962801933288574, 0.0060286745429039, 0.010828377678990364, 0.0011257566511631012, 0.0030759088695049286, 0.016216514632105827, 1.0]",8.399999618530273,3,13,387,1
"[0.38074731826782227, 0.08697955310344696, 0.03872767463326454, 0.0674353837966919, 0.06466726958751678, 0.2797667980194092, 0.0, 1.0001531839370728]","[0.0012643635272979736, -0.0003557130694389343, -0.016211330890655518, 0.02085777372121811, -0.023942846804857254, 0.08689342439174652, 0.0]",9.199999809265137,18,10,141,2
"[0.3491692841053009, 0.011316432617604733, 0.011405326426029205, 5.695425716112368e-05, -0.27831169962882996, 0.4369388520717621, 0.0, 0.37717074155807495]","[-0.022506922483444214, 0.02436259388923645, 0.007947683334350586, -0.002167174592614174, -0.01905778795480728, 0.07158553600311279, 1.0]",0.0,41,7,392,10
"[0.33305054903030396, -0.013088338077068329, 0.019035398960113525, -0.053797315806150436, -0.09602983295917511, 0.020450253039598465, 0.0, 0.36950385570526123]","[0.004347652196884155, -0.001017596572637558, -0.02080271951854229, 0.0029679760336875916, 0.03859178349375725, -0.0007901377975940704, 0.0]",2.4000000953674316,2,12,425,11
"[0.3251515030860901, 0.1229921206831932, 0.008312899619340897, -0.023827524855732918, -0.004642744082957506, -0.34336090087890625, 0.0, 0.6902000904083252]","[0.00041538476943969727, 0.002139538526535034, -2.2962689399719238e-05, 0.020418472588062286, -0.007486402988433838, -0.015829548239707947, 0.0]",0.20000000298023224,35,12,6,7
"[0.3739888072013855, -0.019057057797908783, 0.1340607851743698, -0.06716708093881607, -0.12303117662668228, 0.3725525438785553, 0.0, 0.05980546772480011]","[-0.003838181495666504, -0.0001417696475982666, 0.0006804093718528748, 0.016957461833953857, 0.00860169529914856, -0.013836264610290527, 1.0]",8.600000381469727,28,2,475,1
"[0.3465659022331238, -0.042753975838422775, 0.08149635791778564, 0.12031161040067673, -0.12764562666416168, 0.1454833596944809, 0.0, 0.9865638017654419]","[-3.9637088775634766e-05, -0.00014381017535924911, -3.719143569469452e-05, -0.00017938017845153809, 0.0007779598236083984, -0.0019074082374572754, 1.0]",3.0,1,0,241,8
"[0.358890563249588, 0.005954669322818518, 0.11710657924413681, 0.07424663007259369, -0.37165769934654236, -0.05264798179268837, 0.0, 1.0001531839370728]","[-0.015142738819122314, 0.016398340463638306, 0.0017015039920806885, -0.009194079786539078, 0.0010986104607582092, -0.04274299740791321, 1.0]",8.600000381469727,14,11,261,3
"[0.2913428246974945, 0.10775986313819885, 0.10773889720439911, -0.04120916873216629, -0.0015677619958296418, -0.16342617571353912, 0.0, 0.3236125409603119]","[-0.009061992168426514, 0.00620993971824646, 0.007990982383489609, 0.0065609365701675415, -0.02362614870071411, 0.04040016233921051, 1.0]",1.600000023841858,26,4,172,2
"[0.4290391802787781, -0.0643288716673851, 0.06962434202432632, -0.10101795196533203, -0.44935235381126404, 0.19154980778694153, 0.0, 1.0001531839370728]","[0.006191670894622803, -0.009295322000980377, 0.0039789117872715, 0.0023863669484853745, -0.009831691160798073, 0.06620396673679352, 1.0]",3.0,21,1,77,2
"[0.3418765068054199, -0.03831353038549423, -0.04851917549967766, -0.05857935547828674, 0.05415009334683418, -0.07453728467226028, 0.0, 0.36950385570526123]","[0.003682166337966919, 0.008981302380561829, -0.005022555589675903, -0.0016142874956130981, 0.0235447958111763, 0.020585104823112488, 1.0]",2.0,23,7,483,11
"[0.33391886949539185, -0.10718384385108948, 0.043582234531641006, -0.041100915521383286, -0.3289007246494293, 0.14079678058624268, 0.0, 0.590900182723999]","[-0.0031818151473999023, -0.00228920578956604, -0.0037483125925064087, 0.007882684469223022, 0.01231372356414795, -0.004138529300689697, 1.0]",0.20000000298023224,19,11,246,4
"[0.3172686994075775, 0.11494310945272446, 0.11292292922735214, -0.2625655233860016, -0.21788345277309418, 0.8021993041038513, 0.0, 0.5570889115333557]","[0.001537919044494629, 0.001904292032122612, -0.020154669880867004, 0.025727059692144394, -0.026898443698883057, -0.03116133250296116, 1.0]",1.7999999523162842,13,9,16,3
"[0.4440633952617645, -0.07261479645967484, 0.06513022631406784, -0.005555313546210527, -0.4374919533729553, 0.0482235848903656, 0.0, 0.6420453786849976]","[-0.003046572208404541, 0.00011970102787017822, -0.002913080155849457, 0.000499185174703598, 0.009622909128665924, 0.0011839866638183594, 1.0]",3.799999952316284,18,1,480,7
"[0.3319745659828186, 0.13582934439182281, -0.0009825804736465216, -0.046060193330049515, -0.07590518146753311, 0.3842632472515106, 0.0, 0.9988223910331726]","[0.007075488567352295, -0.0023769736289978027, 0.00412353128194809, 0.0052223652601242065, -0.024209242314100266, 0.026500262320041656, 1.0]",6.400000095367432,7,4,199,9
"[0.3363690972328186, 0.03465234115719795, 0.0441741906106472, -0.1974448263645172, 0.20314283668994904, 0.9343956112861633, 0.0, 0.4699908196926117]","[0.004635557532310486, -0.015487423166632652, -0.0004541054368019104, -0.020011141896247864, -0.0214088037610054, 0.01901906728744507, 1.0]",1.0,33,12,375,11
"[0.32583925127983093, 0.11919967830181122, 0.007151256315410137, -0.007008799351751804, -0.019870109856128693, -0.3309052586555481, 0.0, 0.9461179971694946]","[0.0044498443603515625, 0.004736252129077911, 0.0028206557035446167, 0.00038282631430774927, -0.01548999547958374, 0.007462765090167522, 0.0]",8.600000381469727,12,8,178,1
"[0.19164881110191345, 0.2515764832496643, 0.05795525759458542, 0.30037662386894226, -0.25755774974823, 0.5429499745368958, 0.0, 1.0008161067962646]","[-0.005611807107925415, -0.007854009047150612, -0.010050870478153229, 0.004254486411809921, 0.025488249957561493, -0.03097391128540039, 0.0]",0.20000000298023224,21,3,269,5
"[0.303164541721344, 0.059836264699697495, 0.14729613065719604, 0.00487885158509016, -0.0721765086054802, 0.04892845079302788, 0.0, 0.9994885921478271]","[0.005386382341384888, 0.0039748214185237885, -0.01782950758934021, 0.011334916576743126, 0.04197859764099121, -0.056809477508068085, 1.0]",0.6000000238418579,3,1,135,4
"[0.2998220920562744, 0.11522720009088516, 0.11147486418485641, -0.06145120784640312, 0.0935438796877861, -0.04427989572286606, 0.0, 0.9994885921478271]","[0.0007592737674713135, -0.006814159452915192, -0.007004156708717346, -0.007185682654380798, -0.0028248578310012817, -0.019575200974941254, 0.0]",5.800000190734863,13,12,384,3
"[0.281240850687027, 0.10300969332456589, 0.05660742521286011, 0.03755822032690048, -0.02335180900990963, 0.11319264769554138, 0.0, 0.3236125409603119]","[0.002197831869125366, -0.0008935779333114624, -0.02067960798740387, 0.02594468556344509, 0.00697736069560051, -0.15501511096954346, 1.0]",1.0,1,3,435,11
"[0.28226056694984436, 0.07818402349948883, 0.14571484923362732, 0.05418700352311134, -0.041488468647003174, 0.11938640475273132, 0.0, 1.0001531839370728]","[0.003772646188735962, -0.010986149311065674, 0.013923890888690948, 0.009022526443004608, 0.0009815394878387451, 0.008862238377332687, 0.0]",3.799999952316284,13,7,325,4
"[0.3195497393608093, 0.1255376935005188, 0.013493774458765984, 0.3878721296787262, -0.17459282279014587, 0.43449336290359497, 0.0, 0.9913908839225769]","[0.002920970320701599, 0.0013580955564975739, -0.002894733101129532, 0.008022703230381012, -0.009192243218421936, 0.0024448931217193604, 1.0]",1.600000023841858,13,12,189,4
"[0.3212142884731293, 0.12980107963085175, 0.008588585071265697, 0.39997056126594543, -0.16435007750988007, 0.4364680051803589, 0.0, 0.8158720135688782]","[0.0037299394607543945, 0.014150477945804596, -0.0018280241638422012, -0.006074890494346619, -0.02465006709098816, 0.022258073091506958, 1.0]",1.7999999523162842,2,3,393,6
"[0.3376307189464569, -0.0963926762342453, 0.07091231644153595, 0.24998728930950165, -0.0541837178170681, 0.22544358670711517, 0.0, 0.6541022062301636]","[0.02076449990272522, -0.02901425212621689, 0.00682947039604187, -0.10374099016189575, -0.0834030732512474, -0.026072904467582703, 0.0]",3.200000047683716,35,2,424,1
"[0.3374998867511749, -0.03283025696873665, -0.022311357781291008, -0.06959808617830276, 0.0023020198568701744, -0.041899681091308594, 0.0, 0.36950385570526123]","[0.0018703043460845947, 0.00047916918992996216, -0.0024895071983337402, 0.002877814695239067, -0.007601618766784668, 0.002233292907476425, 0.0]",2.0,6,2,96,2
"[0.3468250632286072, 0.045342739671468735, 0.034533414989709854, -0.2154439240694046, 0.22628358006477356, 0.95896977186203, 0.0, 0.4699908196926117]","[0.004470229148864746, -0.0067710867151618, -0.012099087238311768, 0.0019717365503311157, 0.013091766275465488, -0.016252800822257996, 0.0]",2.5999999046325684,29,9,228,4
"[0.3239644467830658, 0.11068759858608246, 0.1108894869685173, -0.04886436089873314, 0.08252430707216263, 0.025911536067724228, 0.0, 0.9988223910331726]","[-0.004826352000236511, -0.004854097962379456, 0.021655622869729996, -0.04584459215402603, -0.01122865080833435, -0.018043220043182373, 0.0]",2.0,7,3,51,11
"[0.4441741108894348, -0.07103369385004044, 0.05577090382575989, -0.02257564105093479, -0.48050469160079956, 0.09423167258501053, 0.0, 0.9492040276527405]","[-0.009617924690246582, -0.010211564600467682, 0.003867313265800476, 0.001341491937637329, 0.000843048095703125, -0.03549814224243164, 1.0]",2.200000047683716,25,2,278,4
"[0.3834938704967499, -0.10935141891241074, 0.03642171248793602, 0.132473424077034, -0.1529841423034668, 0.01351164374500513, 0.0, 1.0001531839370728]","[0.014221727848052979, -0.002843298017978668, 0.02874443307518959, -0.045579683035612106, -0.029691100120544434, 0.008913785219192505, 0.0]",2.799999952316284,15,12,93,8
"[0.3693801164627075, 0.015805711969733238, 0.1600693315267563, 0.07951053977012634, -0.3105405271053314, -0.05529698729515076, 0.0, 1.0001531839370728]","[0.0005783438682556152, -0.0034961998462677, 0.0089349877089262, -0.020162682980298996, 0.03957368806004524, 0.11141091585159302, 0.0]",4.800000190734863,21,4,288,4
"[0.35233157873153687, 0.006668144837021828, 0.024618636816740036, 0.04535151273012161, -0.30619776248931885, 0.42668232321739197, 0.0, 0.8399420380592346]","[0.0017241239547729492, -0.01032924558967352, -0.0006039291620254517, -0.06247559189796448, 0.026965394616127014, 0.026204049587249756, 0.0]",3.0,4,4,220,4
"[0.320048987865448, 0.02197151444852352, 0.13399840891361237, -0.16568534076213837, -0.009104475378990173, 0.788084089756012, 0.0, 0.4690495729446411]","[-0.0009172558784484863, -0.00110635906457901, -0.00032631494104862213, 0.021279728040099144, 0.0001193508505821228, 0.0026558637619018555, 0.0]",0.0,8,4,104,3
"[0.27540987730026245, 0.18373998999595642, 0.09447851777076721, -0.05012743920087814, 0.08624065667390823, 0.07653242349624634, 0.0, 0.9988223910331726]","[0.0013994574546813965, -0.0047489358112216, 0.0020296722650527954, -0.009276853874325752, -0.002722442150115967, 0.003668069839477539, 0.0]",3.5999999046325684,28,6,28,4
"[0.34161996841430664, -0.031092658638954163, 0.02398766204714775, 0.152812197804451, -0.3362498879432678, 0.3209637403488159, 0.0, 1.0001531839370728]","[-0.0072682201862335205, -0.010495439171791077, -0.007654525339603424, 0.022646591067314148, 0.012423977255821228, -0.041513800621032715, 1.0]",8.0,33,4,179,8
"[0.3806699514389038, 0.08935144543647766, 0.03913460671901703, 0.0740322470664978, 0.06292544305324554, 0.27557143568992615, 0.0, 1.0001531839370728]","[0.0008571147918701172, 0.0007150545716285706, -0.006707679480314255, 0.009432673454284668, 0.016714058816432953, 0.008555829524993896, 0.0]",3.5999999046325684,8,3,186,1
"[0.30297040939331055, 0.11422301828861237, 0.005891921930015087, 0.10830401629209518, -0.09823780506849289, 0.05385810136795044, 0.0, 0.9865638017654419]","[0.0016160905361175537, 0.013735482469201088, -3.381259739398956e-05, -0.0001961439847946167, -0.004993528127670288, 0.035195231437683105, 1.0]",2.200000047683716,28,4,351,7
"[0.2911819517612457, 0.0908862054347992, 0.010282098315656185, -0.0010122088715434074, -0.0036836478393524885, -0.0654364749789238, 0.0, 0.6971942782402039]","[0.0041883885860443115, -0.035878606140613556, 0.00964762270450592, 0.0011292770504951477, 0.0028935521841049194, 0.08797814697027206, 1.0]",3.799999952316284,8,3,109,11
"[0.3381681740283966, 0.1382068693637848, 0.17036588490009308, 0.09126732498407364, -0.32922589778900146, -0.24308228492736816, 0.0, 1.0001531839370728]","[-0.006326347589492798, 0.018822666257619858, 0.025699736550450325, 0.00037705153226852417, -0.05602708458900452, 0.047932952642440796, 0.0]",1.7999999523162842,12,4,142,5
"[0.3236750364303589, 0.01846408098936081, 0.04579561948776245, -0.007296418771147728, -0.014769315719604492, -0.05389486625790596, 0.0, 0.9988223910331726]","[-0.0030813217163085938, 0.016256054863333702, 0.026362262666225433, -0.009278791025280952, -0.0011644363403320312, 0.014741361141204834, 1.0]",6.0,17,2,378,2
"[0.2648988366127014, 0.16787247359752655, 0.018516158685088158, 0.00654559163376689, -0.2755874991416931, 0.6879305839538574, 0.0, 0.06712212413549423]","[-0.020742759108543396, 0.01206892728805542, 0.000741901807487011, 0.047534748911857605, 0.01693466305732727, 0.011986255645751953, 1.0]",1.7999999523162842,18,6,36,3
"[0.37107229232788086, -0.1289684921503067, 0.017896529287099838, 0.09650293737649918, -0.13425113260746002, 0.21625807881355286, 0.0, 0.6541022062301636]","[-0.0015061497688293457, 0.00030340952798724174, -0.0064395759254693985, -0.016117408871650696, 0.007943272590637207, 0.0039251744747161865, 1.0]",5.199999809265137,41,1,408,11
"[0.2942914664745331, 0.008784347213804722, 0.15474073588848114, -0.25418347120285034, -0.2332897037267685, 1.1017476320266724, 0.0, 1.0008161067962646]","[-0.007167890667915344, -0.005652688443660736, 0.024304669350385666, -0.054849252104759216, -0.009348809719085693, -0.019434243440628052, 0.0]",6.199999809265137,37,1,80,3
"[0.31607913970947266, 0.03426927328109741, 0.04389443248510361, 0.00280121061950922, -0.0321161150932312, 0.058899763971567154, 0.0, 0.9947922229766846]","[0.00869181752204895, 0.01582026481628418, -0.008945643901824951, 0.023066669702529907, 0.0008286535739898682, 0.02945810556411743, 0.0]",4.0,8,4,439,4
"[0.35093116760253906, 0.008467632345855236, 0.014710774645209312, 0.006282023619860411, -0.29887545108795166, 0.4403391182422638, 0.0, 0.9553104043006897]","[0.0013617873191833496, -0.0014383066445589066, 0.0035553760826587677, -0.0009433077648282051, 0.006179056130349636, 0.0074709318578243256, 1.0]",2.4000000953674316,40,9,62,2
"[0.2809818387031555, -0.008854607120156288, 0.14580905437469482, -0.10777758806943893, 0.024123020470142365, 0.22172722220420837, 0.0, 1.0001531839370728]","[0.011507779359817505, 0.006580837070941925, -0.004755176603794098, 0.0046887993812561035, -0.0016263723373413086, 0.019833385944366455, 0.0]",0.800000011920929,45,9,138,7
"[0.3162541687488556, -0.034740958362817764, 0.02728411555290222, -0.05560608580708504, -0.027706598863005638, -0.006867317948490381, 0.0, 0.9981546401977539]","[0.019641757011413574, 0.006364099681377411, -0.0012736618518829346, 0.02756582945585251, 0.0013235211372375488, -0.0309709832072258, 0.0]",1.399999976158142,11,10,407,7
"[0.25680360198020935, -0.030772972851991653, 0.07602573931217194, -0.018421662971377373, -0.1471986621618271, 0.8592294454574585, 0.0, 1.0001531839370728]","[-0.0035472512245178223, -0.02052956074476242, -0.014327377080917358, 0.02617678791284561, 0.028712943196296692, -0.043236732482910156, 1.0]",2.5999999046325684,39,0,413,11
"[0.2523445188999176, -0.030570870265364647, 0.07240189611911774, -0.006733743939548731, -0.14407879114151, 0.8559793829917908, 0.0, 1.0008161067962646]","[0.00020778179168701172, 0.0013102293014526367, -0.014556117355823517, 0.013527825474739075, -0.02231983095407486, -0.02611079066991806, 1.0]",5.400000095367432,22,3,238,4
"[0.43931061029434204, -0.07375793904066086, 0.06937314569950104, -0.00782186072319746, -0.39744243025779724, 0.033465202897787094, 0.0, 0.5899012684822083]","[-0.0009293258190155029, 0.004543405957520008, -0.0010669659823179245, -0.017699353396892548, 0.021032273769378662, 0.010006725788116455, 0.0]",4.400000095367432,4,12,193,10
"[0.28845325112342834, 0.16884106397628784, 0.09852942079305649, -0.04403972253203392, 0.10336998850107193, 0.21039670705795288, 0.0, 0.9988223910331726]","[0.004627048969268799, 0.0005879029631614685, -0.006712134927511215, -0.007876545190811157, 0.0011767148971557617, 0.014122724533081055, 1.0]",2.799999952316284,2,11,332,1
"[0.28576064109802246, 0.08425933122634888, 0.13583874702453613, -0.3016549050807953, -0.22209809720516205, 0.7299660444259644, 0.0, 0.5570889115333557]","[-0.008267879486083984, -0.00016853027045726776, -0.0332096666097641, 0.006358809769153595, -0.0010512471199035645, -0.0300704687833786, 1.0]",4.199999809265137,19,2,229,4
"[0.25992098450660706, 0.07737346738576889, 0.1665259301662445, 0.04913710802793503, -0.03303999453783035, 0.11236122995615005, 0.0, 1.0001531839370728]","[-0.000529944896697998, -0.00012017786502838135, 0.009523291140794754, -0.01577766239643097, -0.010941684246063232, 0.013231828808784485, 0.0]",7.199999809265137,2,13,321,9
"[0.3248082995414734, 0.12257623672485352, 0.007025654893368483, 0.41595110297203064, -0.175551176071167, 0.4158328175544739, 0.0, 0.3610773980617523]","[-0.029949992895126343, 0.041173435747623444, 0.008589392527937889, -0.03239019215106964, -0.006617984268814325, 0.10812678933143616, 1.0]",5.800000190734863,27,12,423,10
"[0.23849216103553772, -0.04502769932150841, 0.028111960738897324, -0.1223338171839714, -0.2079801708459854, 0.3450700044631958, 0.0, 1.0008161067962646]","[0.0014733970165252686, 0.0008923709392547607, 0.0002029603347182274, -0.0002934373915195465, -0.010325048118829727, -0.009117022156715393, 0.0]",1.2000000476837158,31,0,289,4
"[0.33689790964126587, 0.12635795772075653, 0.04628177732229233, -0.03548800200223923, 0.10530620813369751, -0.2987276613712311, 0.0, 0.3236125409603119]","[-0.02356410026550293, -0.02374877594411373, -0.006844133138656616, 0.0471191443502903, 0.019443679600954056, -0.08288011699914932, 0.0]",1.600000023841858,25,2,472,8
"[0.2892118990421295, 0.06608911603689194, 0.020464444532990456, -0.02158563956618309, 0.03955771028995514, -0.10818350315093994, 0.0, 0.9635607004165649]","[-0.0017046630382537842, -0.0012512803077697754, -0.00208345428109169, -0.0009954515844583511, -0.001736341044306755, -0.010837793350219727, 0.0]",0.4000000059604645,6,7,196,0
"[0.29343900084495544, 0.05279936641454697, 0.1761486828327179, -0.03214110806584358, -0.11222443729639053, 0.1511489599943161, 0.0, 0.9994885921478271]","[-0.005095928907394409, 0.0008112415671348572, -0.00853496789932251, -0.031036023050546646, 0.015638098120689392, 0.13203448057174683, 1.0]",0.0,23,6,252,0
"[0.2943507432937622, 0.11987895518541336, 0.11993667483329773, -0.04998939856886864, 0.07935375720262527, 0.026926640421152115, 0.0, 0.5729578137397766]","[-0.00779452919960022, -0.008188731968402863, -0.0028861388564109802, 0.009788371622562408, 0.00932396948337555, -0.03143620491027832, 1.0]",0.0,39,2,118,4
"[0.18602807819843292, 0.03702038899064064, 0.08174952119588852, -0.052648480981588364, -0.03925832733511925, 0.00752658536657691, 0.0, 1.0008161067962646]","[0.009674549102783203, 0.008018329739570618, 0.03821192681789398, -0.01775509864091873, -0.10027625411748886, -0.03951001167297363, 1.0]",5.400000095367432,16,2,465,4
"[0.18346616625785828, 0.06057572364807129, 0.10341902077198029, -0.03256600350141525, -0.05755230411887169, -0.19311554729938507, 0.0, 1.0008161067962646]","[0.006615132093429565, -0.004098948091268539, -0.0002998560667037964, 0.014847546815872192, -0.03512576222419739, -0.010460788384079933, 1.0]",6.400000095367432,42,8,187,9
"[0.3330688774585724, -0.04434780776500702, 0.11637762188911438, -0.018096815794706345, 0.027574434876441956, 0.09996084123849869, 0.0, 1.0001531839370728]","[4.437565803527832e-05, -0.0028135553002357483, -1.2118369340896606e-05, -0.03272021561861038, 0.003876030445098877, 0.03103409707546234, 1.0]",1.600000023841858,16,6,380,4
"[0.36221933364868164, -0.010894938372075558, 0.03776035085320473, -0.3499797582626343, -0.13276928663253784, 0.48531094193458557, 0.0, 0.152132049202919]","[0.0011916756629943848, 0.0006294995546340942, 0.040383096784353256, -0.053505800664424896, -0.0494709238409996, -0.23235434293746948, 0.0]",6.0,13,11,298,6
"[0.28872811794281006, 0.06788942962884903, 0.12943387031555176, 0.05866963043808937, 0.01060185395181179, 0.16720350086688995, 0.0, 0.36865687370300293]","[-0.005532979965209961, -0.010525494813919067, 0.007146857678890228, -0.024746984243392944, 0.013861328363418579, -0.031928300857543945, 1.0]",5.400000095367432,3,7,390,6
"[0.32459521293640137, 0.07665179669857025, 0.007090786471962929, 0.04112054407596588, 0.04362298175692558, 0.9231591820716858, 0.0, 0.3840504586696625]","[-0.0010203123092651367, -0.0003881976008415222, -0.00878782570362091, -0.025733519345521927, 0.01675649732351303, 0.001318812370300293, 1.0]",1.2000000476837158,16,2,338,7
"[0.3698281943798065, 0.044571515172719955, 0.08260805159807205, -0.08738819509744644, -0.2131514549255371, 1.216815710067749, 0.0, 1.0001531839370728]","[-0.0018381774425506592, -0.004880696535110474, 0.016560424119234085, 0.0030514635145664215, -0.03399135172367096, -0.02267688512802124, 0.0]",5.0,0,4,86,4
"[0.362094908952713, 0.024794762954115868, 0.09247182309627533, -0.0071181245148181915, 0.11791231483221054, 0.021411791443824768, 0.0, 0.056741900742053986]","[-0.0003662407398223877, -0.00661619333550334, -0.0003296695649623871, 0.005629056133329868, 0.0015396876260638237, -0.0030787885189056396, 1.0]",4.199999809265137,19,13,31,2
"[0.38184571266174316, 0.0823035016655922, 0.03496244177222252, 0.03879605978727341, 0.07318875938653946, 0.2939492166042328, 0.0, 1.0001531839370728]","[-0.0014453530311584473, -0.0017195101827383041, -0.01544429361820221, -0.017026185989379883, -0.0031147971749305725, -0.009534448385238647, 0.0]",2.4000000953674316,10,0,150,6
"[0.29724547266960144, 0.06818176805973053, 0.13183051347732544, 0.05055062100291252, 0.0004910577554255724, 0.06095575913786888, 0.0, 0.36865687370300293]","[0.0032150745391845703, 0.006361833773553371, 0.016698479652404785, -0.04497422277927399, -0.05061115324497223, 0.03170323371887207, 1.0]",4.800000190734863,37,6,274,11
"[0.31589239835739136, 0.08994706720113754, 0.12662701308727264, -0.13940328359603882, -0.2489159256219864, 0.6159901022911072, 0.0, 1.0047606229782104]","[-0.02210250496864319, 0.014527015388011932, 0.001917487010359764, 0.021285630762577057, -0.0008274326100945473, 0.01530483365058899, 1.0]",3.200000047683716,32,10,119,6
"[0.29083847999572754, 0.038268934935331345, 0.12647515535354614, -0.03626486659049988, -0.09796277433633804, -0.791088879108429, 0.0, 1.0008161067962646]","[-0.002284914255142212, 0.01953095756471157, -0.0030926167964935303, -0.03452098369598389, 0.016153905540704727, 0.10252851247787476, 0.0]",6.800000190734863,32,1,401,1
"[0.40364494919776917, -0.02267596498131752, 0.16547808051109314, -0.20144887268543243, -0.5766525864601135, 0.2244950830936432, 0.0, 1.0001531839370728]","[0.004930317401885986, -0.004886791110038757, -0.01573069393634796, -0.012951387092471123, 0.0045175496488809586, -0.04494962841272354, 0.0]",0.20000000298023224,8,6,377,3
"[0.3493870794773102, 0.03999713063240051, 0.17472244799137115, 0.03569110855460167, -0.23364707827568054, -0.061071086674928665, 0.0, 1.0001531839370728]","[0.0027109533548355103, -0.010320961475372314, -0.00774664431810379, -0.006738360971212387, -0.008979253470897675, 0.09706564247608185, 1.0]",1.7999999523162842,24,8,277,3
"[0.36690759658813477, -0.08644440025091171, 0.0964689627289772, 0.08055396378040314, -0.11194238066673279, 0.1674891859292984, 0.0, 0.9865638017654419]","[-0.001329571008682251, 0.0057127028703689575, -0.009693780913949013, 0.008475691080093384, 0.03219398856163025, 0.02575799822807312, 1.0]",0.0,5,13,145,0
"[0.3396911025047302, 0.041177041828632355, 0.03661869838833809, -0.20566841959953308, 0.2275683581829071, 0.9506763815879822, 0.0, 0.4699908196926117]","[-0.001970052719116211, -0.024797089397907257, 0.01018234621733427, -0.020573429763317108, 0.043241359293460846, -0.042747028172016144, 1.0]",4.599999904632568,31,10,447,6
"[0.33359959721565247, 0.11606728285551071, 0.01952645368874073, 0.053391337394714355, -0.041753944009542465, -0.6575672626495361, 0.0, 0.9988223910331726]","[-0.0221002995967865, 0.04449301213026047, 0.0018464624881744385, 0.001010313630104065, 0.0029567182064056396, 0.07961481809616089, 0.0]",0.4000000059604645,39,12,379,4
"[0.3208793103694916, 0.11982499063014984, 0.023187555372714996, 0.3793964385986328, -0.20678681135177612, 0.40873536467552185, 0.0, 0.9920742511749268]","[-0.0013903379440307617, -0.0006782131968066096, 0.0021033547818660736, 0.013484729453921318, 0.021781403571367264, -0.012759864330291748, 1.0]",5.599999904632568,25,11,125,6
"[0.4326706528663635, -0.06595811992883682, 0.05921399965882301, -0.07520556449890137, -0.4654862880706787, 0.18300391733646393, 0.0, 0.9766865372657776]","[-0.002952277660369873, -0.001598261296749115, -0.002519071102142334, -0.009265206754207611, 0.022541433572769165, 0.004509627819061279, 1.0]",1.2000000476837158,15,2,495,11
"[0.23369130492210388, -0.03217896446585655, 0.041649311780929565, -0.13501954078674316, -0.1954544633626938, 0.3153166174888611, 0.0, 1.0008161067962646]","[0.0023381412029266357, -0.004831030964851379, -0.010286693461239338, -0.013415010645985603, 0.006896325387060642, -0.08408941328525543, 1.0]",0.800000011920929,28,8,29,1
"[0.279976487159729, 0.10336540639400482, 0.07281875610351562, 0.016700446605682373, 0.0005910377367399633, 0.02629922144114971, 0.0, 0.3236125409603119]","[0.0009137094020843506, -0.0036371275782585144, 0.027211688458919525, 0.013297483325004578, -0.059155840426683426, -0.08971083164215088, 1.0]",1.0,4,12,345,11
"[0.31456223130226135, 0.10977719724178314, 0.050728730857372284, 0.4663568437099457, -0.09284020215272903, 0.3384958803653717, 0.0, 0.27305713295936584]","[0.0025773048400878906, 0.002019563689827919, 0.0003248974680900574, -0.005206972360610962, 0.004695534706115723, 0.00225228164345026, 1.0]",2.799999952316284,13,3,121,9
"[0.33724576234817505, 0.034028977155685425, 0.12618423998355865, -0.14038939774036407, 0.01724657602608204, 0.5571802854537964, 0.0, 0.9994885921478271]","[-0.0011031925678253174, -0.0008794739842414856, -0.002047009766101837, -0.003925527445971966, 0.0020106062293052673, 0.0016984641551971436, 1.0]",2.0,26,2,294,1
"[0.3325674831867218, 0.0776371955871582, 0.10383587330579758, -0.11556658148765564, 0.04777013510465622, 0.08362865447998047, 0.0, 0.36865687370300293]","[0.01112145185470581, -0.00907280296087265, -0.011026285588741302, -0.006087314337491989, 0.01175890862941742, 0.013450788334012032, 1.0]",2.200000047683716,3,3,42,10
"[0.3413647413253784, -0.04583810642361641, -0.04859304055571556, -0.0537639856338501, 0.05039606988430023, -0.1164647713303566, 0.0, 0.44944798946380615]","[-0.001827627420425415, -0.002646632492542267, -0.00670618936419487, 0.010623842477798462, 0.019695620983839035, -0.002816498279571533, 0.0]",8.199999809265137,20,7,385,6
"[0.4006556272506714, 0.11786899715662003, 0.08518864959478378, -0.10529104620218277, -0.27352175116539, 1.4632171392440796, 0.0, 1.0001531839370728]","[0.00016185641288757324, -0.008796855807304382, -0.0031764283776283264, 0.0027621984481811523, 0.0037484169006347656, -0.00613616406917572, 1.0]",4.800000190734863,20,12,437,8
"[0.4060342013835907, -0.09662236273288727, 0.09409227222204208, -0.05785460025072098, -0.3983290195465088, 0.07997369766235352, 0.0, 0.590900182723999]","[-0.009401112794876099, -0.0011277529411017895, 0.0017749741673469543, -0.004964888095855713, -0.0010875910520553589, -0.024889469146728516, 0.0]",8.199999809265137,1,3,275,1
"[0.2368144989013672, -0.038975488394498825, 0.03496643155813217, -0.12660528719425201, -0.20487529039382935, 0.3273393511772156, 0.0, 1.0001531839370728]","[-0.0009366869926452637, -0.0033943206071853638, -0.001423954963684082, -0.010266567580401897, 0.011139525100588799, -0.07811741530895233, 1.0]",2.200000047683716,10,12,167,1
"[0.3357982039451599, 0.12991870939731598, 0.1045224666595459, 0.0594424232840538, 0.051999472081661224, 0.14123766124248505, 0.0, 0.3236125409603119]","[-0.008582860231399536, -0.0022752657532691956, -0.017145715653896332, -0.002234227955341339, 0.02224649302661419, 0.0038725435733795166, 0.0]",4.599999904632568,15,2,221,7
"[0.3815425932407379, -0.10832183063030243, 0.03620654344558716, 0.1474790722131729, -0.1164635419845581, 0.02803984098136425, 0.0, 1.0001531839370728]","[-0.0005318522453308105, 0.00915132462978363, -0.007205978035926819, -0.016660012304782867, -0.017567254602909088, 0.09021246433258057, 1.0]",4.0,41,4,76,11
"[0.27769747376441956, -0.015647800639271736, 0.07251692563295364, -0.015837915241718292, -0.16760562360286713, 0.9263870716094971, 0.0, 1.0008161067962646]","[0.00011071562767028809, 0.0015811026096343994, -0.009359322488307953, -0.01702032797038555, -0.04301273822784424, 0.04600808769464493, 1.0]",4.0,32,0,419,2
"[0.2753502428531647, 0.0969780907034874, 0.09545861184597015, -0.018254263326525688, -0.04288811236619949, -0.628826379776001, 0.0, 0.9994885921478271]","[0.00234067440032959, 0.0012497976422309875, 0.02825518697500229, -0.004538878798484802, 0.009321346879005432, -0.02794608101248741, 1.0]",5.0,35,12,476,6
"[0.28485018014907837, 0.1039983481168747, 0.037723440676927567, 0.035620756447315216, -0.02623704820871353, 0.1417199820280075, 0.0, 0.3236125409603119]","[-0.0012133121490478516, -0.00349793559871614, 0.01719481498003006, 0.0038480032235383987, -0.0356910414993763, -0.015776336193084717, 1.0]",4.0,15,1,153,5
"[0.37443408370018005, -0.1364915817975998, 0.0698690265417099, 0.09973197430372238, -0.08278704434633255, 0.13665692508220673, 0.0, 0.9865638017654419]","[-0.008420675992965698, 0.001065623015165329, 0.00025715678930282593, 0.027143806219100952, -0.0018095821142196655, 0.006748199462890625, 0.0]",2.0,37,2,152,11
"[0.33223944902420044, 0.12058970332145691, 0.008184271864593029, -0.044599249958992004, 0.000992744811810553, 0.33793747425079346, 0.0, 0.9988223910331726]","[-0.003513038158416748, 0.0009386166930198669, -0.015232060104608536, 0.013202428817749023, 0.04089154303073883, -3.4308061003685e-05, 1.0]",8.199999809265137,36,2,317,2
"[0.43516120314598083, -0.0728401243686676, 0.07127755880355835, -0.003705226816236973, -0.3901175558567047, 0.02843608520925045, 0.0, 0.590900182723999]","[0.008477836847305298, -0.017842084169387817, 0.0012254118919372559, -0.0016627311706542969, 0.00992419570684433, 0.03475242853164673, 0.0]",0.800000011920929,23,11,410,4
"[0.28093212842941284, 0.08015955984592438, 0.12754738330841064, 0.013736438006162643, 0.0069043561816215515, 0.10600728541612625, 0.0, 0.36865687370300293]","[-0.0019282996654510498, 0.0009843483567237854, -0.007661759853363037, 0.009426135569810867, -0.0015652403235435486, -0.010393859818577766, 1.0]",4.0,44,0,422,1
"[0.3834834098815918, 0.07852187752723694, 0.035188209265470505, 0.017825240269303322, 0.0705660879611969, 0.3064347803592682, 0.0, 1.0001531839370728]","[1.6868114471435547e-05, 0.003986582159996033, -0.0013931840658187866, 0.021052196621894836, -0.011479750275611877, 0.006330596283078194, 1.0]",6.400000095367432,12,0,432,6
"[0.30359598994255066, 0.15244272351264954, 0.0968279168009758, -0.03484564274549484, 0.10227137804031372, 0.2531397044658661, 0.0, 0.9994885921478271]","[0.00030028820037841797, 6.782263517379761e-05, 1.5373341739177704e-05, 0.00015573203563690186, -0.0015517845749855042, -0.0027610212564468384, 1.0]",2.5999999046325684,28,1,374,4
"[0.25333738327026367, -0.030076811090111732, 0.07532583922147751, 0.06669620424509048, 0.014407573267817497, -0.021173270419239998, 0.0, 0.5246683359146118]","[-0.007590442895889282, -0.004506118595600128, 0.0024609416723251343, -0.010411610826849937, 0.0017185471951961517, -0.1018444374203682, 0.0]",0.6000000238418579,5,1,273,1
"[0.29979193210601807, 0.1161329448223114, 0.044929955154657364, 0.05344034731388092, -0.3138141930103302, 0.6109086275100708, 0.0, 0.06772904843091965]","[-0.02074083685874939, 0.016420193016529083, -0.015043339692056179, -0.05330241471529007, 0.05871414393186569, 0.05469582974910736, 1.0]",6.0,16,4,255,2
"[0.25411099195480347, -0.028642451390624046, 0.07257544994354248, -0.008636994287371635, -0.15336820483207703, 0.8566262125968933, 0.0, 1.0008161067962646]","[-0.00884220004081726, 0.00105314701795578, 0.0006387531757354736, -0.03289639577269554, -0.004635252058506012, -0.12272735685110092, 0.0]",0.800000011920929,31,8,209,4
"[0.3563350737094879, -0.11429007351398468, 0.0712447538971901, 0.1931789368391037, -0.09196951240301132, 0.22451892495155334, 0.0, 0.6541022062301636]","[-0.007229328155517578, -0.017278235405683517, -0.0018767043948173523, 0.013940401375293732, 0.00923338532447815, -0.06247711181640625, 1.0]",0.20000000298023224,26,8,395,2
"[0.31984710693359375, -0.06499683111906052, 0.09394808858633041, 0.022030502557754517, 0.10300415009260178, 0.15926259756088257, 0.0, 1.0001531839370728]","[0.0023364126682281494, -0.001534968614578247, -0.01648843288421631, 0.0024941638112068176, -0.012374259531497955, -0.00962604209780693, 0.0]",2.4000000953674316,11,4,210,1
"[0.35454145073890686, 0.0250257458537817, 0.18067708611488342, 0.032141249626874924, -0.2528640329837799, -0.02176511101424694, 0.0, 1.0001531839370728]","[0.006669849157333374, 0.0022865571081638336, -0.01992826536297798, -0.021389976143836975, 0.054679736495018005, 0.01649683713912964, 0.0]",1.399999976158142,8,9,175,7
"[0.34338411688804626, -0.005267644301056862, 0.023493247106671333, 0.15491043031215668, -0.3369438350200653, 0.37557247281074524, 0.0, 1.0001531839370728]","[0.0025596916675567627, -0.0031360089778900146, 5.5402517318725586e-05, 0.000629024114459753, -0.013793468475341797, -0.009237732738256454, 1.0]",1.2000000476837158,3,4,15,4
"[0.3256019353866577, 0.12612180411815643, 0.008782938122749329, -0.02611740119755268, 0.00591243477538228, -0.43047577142715454, 0.0, 0.45315688848495483]","[-0.007079631090164185, 0.006115705706179142, -0.03771330416202545, -0.09814021736383438, 0.009866110980510712, 0.00877794623374939, 0.0]",3.0,23,6,208,1
"[0.3754124641418457, 0.08969217538833618, 0.030250966548919678, 0.1680140346288681, -0.053977061063051224, -0.7704165577888489, 0.0, 0.12975460290908813]","[0.00677451491355896, 0.009589701890945435, -0.006283298134803772, 0.007725387811660767, -0.01614484190940857, 0.06705859303474426, 1.0]",1.2000000476837158,27,3,399,4
"[0.34563010931015015, 0.10828966647386551, 0.09036130458116531, -0.19825510680675507, -0.2437829077243805, 0.7262340784072876, 0.0, 0.5570889115333557]","[0.0005352199077606201, 0.0007689148187637329, -0.01695309206843376, 0.00376100093126297, 2.191215753555298e-05, 0.004289023578166962, 0.0]",0.6000000238418579,46,1,286,0
"[0.4305351972579956, -0.06604872643947601, 0.058092426508665085, -0.07751170545816422, -0.4490608274936676, 0.1850239336490631, 0.0, 1.0001531839370728]","[0.0013865232467651367, 0.0017114877700805664, -0.005508117377758026, -0.0007231461349874735, 0.006098836660385132, 0.008488109335303307, 0.0]",4.199999809265137,39,11,13,1
"[0.34657490253448486, 0.022022869437932968, 0.02809029258787632, 0.07440563291311264, -0.2768060266971588, 0.44425496459007263, 0.0, 0.07270156592130661]","[0.004621982574462891, 0.004788979887962341, 0.010378330945968628, 0.008058294653892517, -0.016052864491939545, 0.035786017775535583, 1.0]",4.800000190734863,0,6,488,11
"[0.25640377402305603, 0.0764385536313057, 0.1734902560710907, 0.0518902912735939, -0.04780814051628113, 0.10506817698478699, 0.0, 1.0001531839370728]","[-0.006596475839614868, -0.00796501338481903, -0.023065362125635147, 0.017931699752807617, 0.06517797708511353, -0.016944408416748047, 1.0]",5.800000190734863,7,6,440,7
"[0.321922242641449, 0.00900399498641491, 0.043484944850206375, 0.15301305055618286, -0.09213165938854218, 0.11690996587276459, 0.0, 0.9865638017654419]","[7.736682891845703e-05, -0.0023718923330307007, -0.0004069320857524872, -0.006596863269805908, 0.0017418265342712402, 0.004195362329483032, 1.0]",3.799999952316284,0,11,232,1
"[0.3908352851867676, 0.09114403277635574, 0.08836469054222107, -0.11922106146812439, -0.2516651153564453, 1.373938798904419, 0.0, 1.0008161067962646]","[0.011308461427688599, 0.008282676339149475, -0.009214997291564941, 0.01133391261100769, 0.0050123631954193115, 0.022941768169403076, 0.0]",5.599999904632568,43,11,409,4
"[0.2452624887228012, -0.04079858213663101, 0.011166260577738285, -0.0847766324877739, -0.20022304356098175, 0.3796656131744385, 0.0, 0.7131344676017761]","[0.022093862295150757, 0.0026740357279777527, -0.007022172212600708, 0.06129316985607147, -0.01054975762963295, -0.06416827440261841, 1.0]",6.599999904632568,29,2,471,4
"[0.3773358166217804, -0.1291327178478241, 0.016034573316574097, 0.05611112341284752, -0.17062434554100037, 0.18773981928825378, 0.0, 0.9865638017654419]","[-0.005865365266799927, -0.020855285227298737, 0.014608323574066162, -0.0136336088180542, -0.03865449130535126, -0.23210477828979492, 1.0]",2.799999952316284,1,8,239,4
"[0.36487826704978943, 0.06770540773868561, 0.04166596010327339, 0.006698355078697205, 0.07487969845533371, 0.29233255982398987, 0.0, 0.5393473505973816]","[0.011611521244049072, -0.011155746877193451, -0.009703435003757477, -0.0012088939547538757, 0.009868018329143524, -0.008916082791984081, 1.0]",0.4000000059604645,8,0,487,2
"[0.2778595983982086, 0.17891955375671387, 0.11421379446983337, -0.05976523458957672, 0.08745993673801422, -0.058542314916849136, 0.0, 0.5729578137397766]","[-0.0006120800971984863, -0.0017438465729355812, 1.9457191228866577e-05, -0.009034605696797371, -0.0023776888847351074, 0.01009446382522583, 0.0]",3.200000047683716,8,4,40,6
"[0.27561765909194946, 0.18505021929740906, 0.0799224004149437, -0.03659961372613907, 0.06392082571983337, 0.05042163282632828, 0.0, 0.9947922229766846]","[-0.005311757326126099, -0.002632707357406616, -0.03039257600903511, -0.0071638114750385284, 0.011799968779087067, 0.01848354935646057, 1.0]",1.0,24,3,411,5
"[0.29864510893821716, 0.11405300348997116, 0.025631340220570564, -0.03291318193078041, 0.05507949739694595, 0.03535839542746544, 0.0, 0.9398812651634216]","[0.00551217794418335, 0.0006312131881713867, 0.03455435484647751, -0.0009051710367202759, -0.010466538369655609, -0.02246779389679432, 1.0]",7.199999809265137,24,13,58,1
"[0.3064439594745636, 0.03978225588798523, 0.03971549868583679, -0.0030501787550747395, 0.005886596627533436, 0.04163723438978195, 0.0, 0.9954678416252136]","[-0.0003803670406341553, -0.0007486864924430847, -0.0024659186601638794, 0.013382716104388237, -0.006229504942893982, -0.01030641794204712, 0.0]",2.5999999046325684,29,2,468,4
"[0.20279261469841003, -0.013408834114670753, 0.06793804466724396, -0.11717686802148819, -0.10969512164592743, 0.19694875180721283, 0.0, 1.0008161067962646]","[-0.007183939218521118, -0.016992978751659393, -0.0004681735299527645, 0.007129266858100891, 0.0683211013674736, 0.038336388766765594, 1.0]",2.0,15,3,280,9
"[0.31814825534820557, 0.0853385478258133, 0.05563649162650108, 0.07579299807548523, -0.3298763930797577, 0.5718027353286743, 0.0, 0.06772904843091965]","[-0.017350435256958008, -0.009618593379855156, -0.006396003067493439, 0.021935012191534042, 0.010209053754806519, -0.051575541496276855, 1.0]",4.599999904632568,11,7,493,4
"[0.3772527873516083, -0.11648578196763992, 0.10071981698274612, 0.08135978877544403, -0.11242850124835968, 0.1529412418603897, 0.0, 0.9865638017654419]","[-0.0018362700939178467, -0.00312110036611557, -0.0056234002113342285, -0.01950138993561268, 0.01395077258348465, 0.00788123905658722, 1.0]",1.0,26,4,227,2
"[0.22903196513652802, -0.03458346799015999, 0.1256435364484787, -0.2720661163330078, -0.26432275772094727, 0.4568297564983368, 0.0, 0.5570889115333557]","[-0.005737960338592529, 0.007795850746333599, -0.007198795676231384, 0.03334973379969597, 0.014976680278778076, -0.014394834637641907, 1.0]",5.0,44,4,162,11
"[0.2935914695262909, 0.12669311463832855, 0.12694083154201508, -0.04280371591448784, 0.08217861503362656, 0.04650184139609337, 0.0, 0.5729578137397766]","[0.0033736824989318848, -0.0027096932753920555, -0.0008511748164892197, -0.02715510129928589, -0.01631063222885132, 0.0030610859394073486, 1.0]",3.0,17,13,181,7
"[0.3264082968235016, -0.01047566905617714, 0.13262830674648285, 0.027932867407798767, 0.031728412955999374, 0.028515055775642395, 0.0, 1.0001531839370728]","[0.002088010311126709, 0.0008938536047935486, -0.01746916025876999, -0.002177756279706955, 0.009402673691511154, 0.022032395005226135, 0.0]",2.799999952316284,40,6,1,3
"[0.33825114369392395, 0.08090025931596756, 0.08317875862121582, -0.037545911967754364, -0.06665181368589401, 1.0082451105117798, 0.0, 0.065320685505867]","[0.0018605440855026245, 0.0048539526760578156, -0.004563548602163792, 0.014060623943805695, 0.008656114339828491, 0.019226789474487305, 0.0]",4.599999904632568,6,1,211,4
"[0.34079381823539734, 0.006866621784865856, 0.021188968792557716, 0.12442571669816971, -0.2970147728919983, 0.4153687059879303, 0.0, 0.672171950340271]","[-0.007100105285644531, 0.00046106427907943726, -0.01547191571444273, 0.017501268535852432, 0.036268994212150574, -0.004603087902069092, 1.0]",2.5999999046325684,17,11,137,11
"[0.3340597450733185, 0.1335698962211609, -0.007591251749545336, -0.051851365715265274, -0.07839401811361313, 0.39692655205726624, 0.0, 0.9988223910331726]","[0.0023604929447174072, -0.0035537797957658768, 0.005722470581531525, -0.020237404853105545, 0.004954181611537933, -0.004309636540710926, 1.0]",1.600000023841858,13,11,362,6
"[0.26230132579803467, -0.022344371303915977, 0.07139483094215393, -0.008282886818051338, -0.15940606594085693, 0.8871874213218689, 0.0, 1.0008161067962646]","[0.024302154779434204, 0.0028842464089393616, 0.02468935400247574, -0.02046787738800049, -0.035744547843933105, -0.002286568284034729, 0.0]",5.0,21,3,157,5
"[0.3157578408718109, -0.06487932801246643, 0.08883397281169891, 0.020730989053845406, 0.11677694320678711, 0.17281268537044525, 0.0, 0.9476637244224548]","[-0.007614195346832275, 0.01109662652015686, 0.004989290609955788, 0.04335920512676239, 0.009366676211357117, -0.02721107006072998, 1.0]",2.5999999046325684,7,2,38,7
"[0.34024855494499207, 0.040845535695552826, 0.053790029138326645, 0.07478268444538116, -0.33283311128616333, 0.4921879172325134, 0.0, 0.06772904843091965]","[0.010055571794509888, 0.0310148186981678, 0.0511581152677536, -0.018939143046736717, -0.09460815787315369, 0.10389653593301773, 1.0]",2.5999999046325684,9,1,63,9
"[0.325398325920105, -0.10870812833309174, 0.048428621143102646, -0.05066555365920067, -0.35760393738746643, 0.14352725446224213, 0.0, 0.9947922229766846]","[-0.006182342767715454, -0.0008998289704322815, 0.019000068306922913, 0.01103973388671875, -0.01751720905303955, -0.02544546127319336, 1.0]",6.400000095367432,43,4,450,1
"[0.3003053069114685, -0.0016760282451286912, 0.054890479892492294, -0.018577590584754944, -0.06670913100242615, -0.8399323225021362, 0.0, 0.7091560959815979]","[-0.009415149688720703, -0.010696761310100555, 0.03357880562543869, -0.0009860098361968994, 0.04848724976181984, -0.06192672252655029, 0.0]",6.400000095367432,11,1,405,10
"[0.33789002895355225, -0.04524313658475876, 0.025815686210989952, 0.1588870882987976, -0.31159982085227966, 0.29870566725730896, 0.0, 1.0001531839370728]","[-0.006942659616470337, -0.013737395405769348, 8.317828178405762e-05, -0.024744808673858643, -0.006405983120203018, -0.012179672718048096, 0.0]",2.0,28,6,499,6
"[0.4440702795982361, -0.07082375884056091, 0.06597812473773956, -0.06467211246490479, -0.5295572876930237, 0.1458667516708374, 0.0, 0.58391273021698]","[0.002472430467605591, 0.010429160669445992, -0.009626522660255432, -0.019457444548606873, 0.03728031367063522, 0.05547022819519043, 0.0]",4.0,22,5,309,3
"[0.3044440746307373, 0.1200161799788475, 0.12185319513082504, -0.053392913192510605, 0.07749101519584656, -0.0084938770160079, 0.0, 0.9981546401977539]","[-0.0066429972648620605, 0.008347265422344208, 0.02640802599489689, -0.007603388279676437, -0.00748024508357048, 0.053669121116399765, 1.0]",7.0,12,12,494,4
"[0.33447474241256714, 0.08094960451126099, 0.0450427420437336, -0.027078546583652496, 0.1419706642627716, 0.5651650428771973, 0.0, 0.36865687370300293]","[0.0007135272026062012, -0.005860522389411926, -0.0035171955823898315, -0.004923071712255478, 0.012977994978427887, -0.016972320154309273, 1.0]",0.6000000238418579,10,13,55,0
"[0.3207189738750458, 0.004192408639937639, 0.03231333941221237, -0.02442627213895321, -0.05606097728013992, -0.7646275162696838, 0.0, 0.12885156273841858]","[0.0016544163227081299, -0.01578497886657715, -0.008093975484371185, -0.013318944722414017, 0.007897362112998962, 0.09328728914260864, 1.0]",0.0,14,2,122,4
"[0.37516242265701294, -0.1316119283437729, 0.010967358946800232, 0.05727821961045265, -0.1770258992910385, 0.20190326869487762, 0.0, 0.8390268683433533]","[0.018529057502746582, -0.021827824413776398, -0.006519794464111328, -0.1405438780784607, -0.009145379066467285, 0.07525469362735748, 0.0]",4.199999809265137,31,13,240,11
"[0.3335396945476532, 0.127100870013237, 0.15557217597961426, 0.05034201964735985, -0.2487133890390396, -0.21251021325588226, 0.0, 1.0001531839370728]","[0.0007643699645996094, -0.0063399747014045715, -0.013576455414295197, 0.02001243457198143, 0.04038190096616745, -0.017660528421401978, 0.0]",2.799999952316284,17,7,264,4
"[0.3075161278247833, 0.11454124748706818, 0.1224236711859703, -0.028563329949975014, -0.025532802566885948, -0.06545428186655045, 0.0, 0.3236125409603119]","[-0.010007113218307495, 0.011503301560878754, -0.021475229412317276, -0.032168298959732056, 0.011088300496339798, 0.006991937756538391, 0.0]",5.599999904632568,3,7,30,2
"[0.3315016031265259, -0.029488960281014442, -0.006632853299379349, -0.06798069179058075, -0.026142863556742668, -0.025323735550045967, 0.0, 0.36950385570526123]","[0.0035196244716644287, 0.0023318566381931305, -0.012638740241527557, 0.001755744218826294, 0.005344055593013763, 0.03513616323471069, 0.0]",1.0,25,1,420,4
"[0.19732052087783813, -0.0024315088521689177, 0.07193741947412491, -0.09583567082881927, -0.08326045423746109, 0.16812461614608765, 0.0, 1.0001531839370728]","[-0.007648736238479614, 0.010806486010551453, -0.006222020834684372, 0.0027265786193311214, 0.00383111834526062, -0.00045984983444213867, 0.0]",5.800000190734863,26,9,319,2
"[0.37244856357574463, -0.001386576215736568, 0.10672135651111603, 0.057835761457681656, -0.4236708879470825, -0.04620792344212532, 0.0, 1.0001531839370728]","[-0.004594385623931885, -0.0015102177858352661, -0.001126968301832676, 0.0050988346338272095, 0.02375001274049282, 0.09091174602508545, 0.0]",0.800000011920929,19,3,54,4
"[0.34102874994277954, 0.10394233465194702, 0.06514567136764526, 0.15269319713115692, -0.06605977565050125, -0.7951066493988037, 0.0, 0.9994885921478271]","[-0.002015352249145508, -0.0034691020846366882, -0.004429742693901062, 0.007847398519515991, 0.0017098784446716309, -0.027133464813232422, 0.0]",6.0,10,5,56,2
"[0.34172314405441284, 0.0023232160601764917, 0.02225593477487564, 0.14212507009506226, -0.31804704666137695, 0.40536198019981384, 0.0, 0.9522681832313538]","[0.009555041790008545, -0.005500510334968567, -0.0007482396904379129, -0.0009573549032211304, -0.04357833042740822, -0.0008030533790588379, 1.0]",0.20000000298023224,14,4,303,4
"[0.36581286787986755, -0.012744257226586342, 0.0497976616024971, -0.3568260967731476, -0.11670437455177307, 0.43600010871887207, 0.0, 0.05980546772480011]","[-0.012880265712738037, 0.015437312424182892, -0.00024120882153511047, -0.00938725471496582, -0.05653280019760132, 0.0778239518404007, 1.0]",7.0,10,1,139,9
"[0.316749632358551, -0.06557265669107437, 0.08907882124185562, 0.019251158460974693, 0.11091507971286774, 0.17730365693569183, 0.0, 0.4690495729446411]","[0.002539396286010742, 0.001990765333175659, 0.01926424354314804, -0.003043755888938904, 0.007304921746253967, -0.023443780839443207, 0.0]",8.199999809265137,16,1,19,3
"[0.18743158876895905, 0.0926499217748642, 0.12109775841236115, 0.047114890068769455, -0.09402772784233093, -0.2528585195541382, 0.0, 1.0008161067962646]","[-0.0004399120807647705, -0.002634551376104355, -0.010625109076499939, 0.029349371790885925, -0.00681757926940918, -0.011644888669252396, 1.0]",1.600000023841858,10,4,330,1
"[0.4081149995326996, 0.12561002373695374, 0.09968771785497665, -0.1455100029706955, -0.3078843355178833, 1.5056061744689941, 0.0, 1.0008161067962646]","[-0.0058328211307525635, 0.01647670939564705, 0.00040293484926223755, 0.015546044334769249, -0.027717188000679016, 0.19929777085781097, 1.0]",0.20000000298023224,27,4,352,0
"[0.31674209237098694, -0.06483739614486694, 0.0905788391828537, 0.02076183445751667, 0.11498337239027023, 0.16602124273777008, 0.0, 1.0001531839370728]","[0.0017932653427124023, -0.007017116062343121, -0.006396293640136719, -0.03837326541543007, -0.01703149825334549, 0.003776226192712784, 1.0]",1.399999976158142,38,8,147,5
"[0.33301496505737305, 0.075888991355896, 0.12397119402885437, -0.05945418402552605, -0.042402755469083786, -0.24620729684829712, 0.0, 0.36865687370300293]","[0.0016997754573822021, -0.0095490338280797, -0.012272708117961884, -0.06028255820274353, 0.01653074473142624, 0.010816484689712524, 0.0]",2.4000000953674316,45,0,8,4
"[0.39636826515197754, 0.10166952759027481, 0.08121783286333084, -0.09447407722473145, -0.2655264437198639, 1.405867099761963, 0.0, 1.0008161067962646]","[-0.0028859376907348633, -0.0010802261531352997, -0.0009634383022785187, 0.0041680708527565, 0.01328548789024353, -0.029025495052337646, 1.0]",4.800000190734863,41,1,403,4
"[0.3785761296749115, 0.10215220600366592, 0.04123755916953087, 0.18013931810855865, -0.06302449852228165, -0.7728208899497986, 0.0, 0.9468915462493896]","[-0.0005117654800415039, -0.007524576038122177, -7.386505603790283e-05, 0.0048153698444366455, -0.003754023462533951, -0.041927486658096313, 1.0]",6.800000190734863,28,13,35,1
"[0.343111127614975, 0.05488426238298416, 0.11157591640949249, -0.12675578892230988, 0.055901069194078445, 0.7892850637435913, 0.0, 1.0001531839370728]","[9.59634780883789e-06, 0.0002026911824941635, 2.1964311599731445e-05, 0.0006640255451202393, -0.0013398677110671997, -0.0005289316177368164, 1.0]",0.4000000059604645,29,13,144,7
"[0.36015647649765015, 0.031092777848243713, 0.08751067519187927, 0.0013185072457417846, 0.11507933586835861, 0.12510932981967926, 0.0, 0.059241458773612976]","[0.0004884898662567139, -0.004852438345551491, 0.0, 0.0009350378531962633, 9.527802467346191e-05, -0.044500287622213364, 1.0]",1.0,10,11,394,4
"[0.3240397274494171, 0.07949632406234741, 0.008273474872112274, 0.03805490955710411, 0.060267847031354904, 0.9532269239425659, 0.0, 0.36865687370300293]","[-0.005261898040771484, -0.004131481051445007, -0.005910314619541168, 0.022748708724975586, 0.01667502522468567, -0.0216524600982666, 1.0]",3.4000000953674316,0,7,20,3
"[0.282096266746521, -0.007576035801321268, 0.11125687509775162, -0.13226935267448425, -0.1700967699289322, 1.0054327249526978, 0.0, 1.0008161067962646]","[-0.0009222924709320068, -0.005095623433589935, -0.0010630711913108826, -0.010335597209632397, 0.007321260869503021, -0.0018305480480194092, 1.0]",8.0,30,13,203,7
"[0.27030590176582336, 0.18241751194000244, 0.049529824405908585, -0.0437634252011776, 0.07572079449892044, 0.06890518218278885, 0.0, 0.9947922229766846]","[0.004546076059341431, -0.004657857120037079, -0.003927364945411682, 0.024431467056274414, -0.020418137311935425, -0.03448057174682617, 0.0]",3.200000047683716,12,11,200,0
"[0.3319280445575714, -0.04997948557138443, -0.03883318975567818, -0.059643104672431946, 0.008903789333999157, -0.09427634626626968, 0.0, 0.9295665621757507]","[0.0016886889934539795, 0.002078697085380554, -0.0008101630955934525, 0.00016098469495773315, 0.0018938519060611725, 0.0004931613802909851, 0.0]",7.599999904632568,8,8,344,5
"[0.37423208355903625, -0.13490797579288483, 0.0589241161942482, 0.09976809471845627, -0.0910593718290329, 0.16332948207855225, 0.0, 0.9865638017654419]","[-0.015568196773529053, 0.02086414396762848, -0.009942162781953812, 0.0011257678270339966, 0.0034075677394866943, 0.0005542933940887451, 0.0]",1.600000023841858,41,5,129,4
"[0.2751009166240692, 0.062853142619133, 0.14683513343334198, -0.32212644815444946, -0.23297218978405, 0.6932945251464844, 0.0, 0.5570889115333557]","[-0.0029052793979644775, -0.0011851638555526733, 0.0003929212689399719, 0.009207390248775482, 0.015739113092422485, -0.00826805830001831, 1.0]",2.5999999046325684,30,0,155,2
"[0.27408695220947266, 0.18990570306777954, 0.10028990358114243, -0.06878776103258133, 0.08647839725017548, -0.06740455329418182, 0.0, 0.573952317237854]","[-0.002353072166442871, -0.0006992071866989136, -0.01311105489730835, -0.02803848683834076, 0.03464969992637634, 0.013252869248390198, 1.0]",0.0,29,11,140,6
"[0.3325604200363159, 0.10612068325281143, -0.05218470096588135, -0.024329962208867073, 0.025670869275927544, 0.3790922462940216, 0.0, 0.6239634156227112]","[-0.014076560735702515, -0.0033341050148010254, 0.03084048628807068, 0.014203771948814392, -0.045495763421058655, -0.04023176431655884, 1.0]",3.200000047683716,13,5,308,8
"[0.3286932110786438, 0.05112040042877197, 0.03383973613381386, -0.10976044088602066, 0.24953947961330414, 0.9437268376350403, 0.0, 0.8454146385192871]","[0.006685614585876465, -0.0070253778249025345, -0.00015322864055633545, 0.006794683635234833, 0.004347711801528931, 0.008090244606137276, 1.0]",0.20000000298023224,12,4,299,10
"[0.33133286237716675, 0.0982581079006195, 0.07695334404706955, -0.1428188532590866, -0.20448258519172668, 0.6594733595848083, 0.0, 1.0156210660934448]","[-0.005689829587936401, -0.006978869438171387, -0.010279953479766846, 0.0069702863693237305, 0.009743720293045044, 0.020584821701049805, 1.0]",4.599999904632568,12,7,469,9
"[0.3291957378387451, 0.10098409652709961, -0.03772726655006409, -0.02034781500697136, -0.013311179354786873, 0.34192419052124023, 0.0, 0.36950385570526123]","[0.0028824806213378906, 0.0006639733910560608, -0.0017534121870994568, -0.0006112675182521343, -0.03244790434837341, 0.012525089085102081, 1.0]",4.0,17,1,267,7
"[0.3432360589504242, -0.017357176169753075, 0.02395384944975376, 0.15261605381965637, -0.3412434160709381, 0.356158971786499, 0.0, 1.0001531839370728]","[-0.009174615144729614, 0.026082536205649376, 0.0011187642812728882, -0.06895490735769272, 0.00470900721848011, 0.17754977941513062, 0.0]",7.199999809265137,5,4,381,5
"[0.40503278374671936, 0.04846905916929245, 0.012720732018351555, 0.0198077280074358, -0.050275981426239014, 0.15981002151966095, 0.0, 0.9988223910331726]","[-0.010738164186477661, -0.0017050877213478088, -0.02754305675625801, -0.009094372391700745, -0.02102893590927124, -0.19538027048110962, 1.0]",1.399999976158142,32,0,3,8
"[0.3331294357776642, 0.0775667130947113, 0.11587995290756226, -0.10893767327070236, -0.015135005116462708, -0.14262771606445312, 0.0, 0.36865687370300293]","[0.024682477116584778, -0.041880086064338684, 0.006284996867179871, -0.024951592087745667, -0.018664240837097168, -0.032539546489715576, 1.0]",5.0,20,7,348,7
"[0.2715475559234619, 0.18791493773460388, 0.08102566003799438, -0.06574400514364243, 0.07917347550392151, -0.04396077245473862, 0.0, 0.573952317237854]","[-0.008550167083740234, -0.0062723308801651, 0.005559459328651428, -0.030035655945539474, -0.028590019792318344, -0.029325351119041443, 0.0]",1.2000000476837158,24,11,46,10
"[0.2896308898925781, 0.1466342955827713, 0.12887656688690186, -0.03627850115299225, 0.07107127457857132, 0.01589498482644558, 0.0, 0.5729578137397766]","[0.006354331970214844, -0.03152984380722046, 0.03744843974709511, 0.015253779478371143, -0.08325155079364777, -0.11603066325187683, 0.0]",2.5999999046325684,20,9,184,2
"[0.3524157404899597, 0.02617121860384941, 0.08358922600746155, -0.0762583315372467, -0.20298443734645844, 1.149881362915039, 0.0, 1.0008161067962646]","[0.003062799572944641, 0.010823026299476624, 0.023949500173330307, 0.029446184635162354, -0.02078406512737274, -0.033888161182403564, 1.0]",4.400000095367432,28,12,416,8
"[0.3258286416530609, 0.0657602846622467, 0.1263928860425949, -0.019835829734802246, -0.026761872693896294, -0.23698800802230835, 0.0, 0.36865687370300293]","[-0.010563507676124573, -0.0074574630707502365, -0.019237764179706573, 0.054354213178157806, 0.02197256311774254, -0.02920643985271454, 0.0]",3.0,22,6,293,1
"[0.29851099848747253, -0.06845048069953918, 0.012884112074971199, 0.15323521196842194, -0.05069103091955185, 0.22322197258472443, 0.0, 0.6541022062301636]","[0.0010651051998138428, -0.019478686153888702, 0.04379922151565552, -0.009801238775253296, -0.014634557068347931, -0.0725632756948471, 0.0]",5.400000095367432,7,6,466,10
"[0.3418475389480591, -0.03384785354137421, -0.0431140772998333, -0.06663011014461517, 0.04089380428195, -0.042689818888902664, 0.0, 0.36950385570526123]","[-0.0004534125328063965, 5.942583084106445e-05, 0.0003190692514181137, 0.0036318525671958923, 0.0013433396816253662, 0.006195738911628723, 0.0]",6.199999809265137,26,11,452,4
"[0.3310339152812958, 0.10586479306221008, -0.05428769066929817, -0.02339927852153778, 0.020680170506238937, 0.3646010756492615, 0.0, 0.3703518807888031]","[0.003433316946029663, 0.0010493546724319458, 0.002221105620265007, -0.008054675534367561, 0.016727518290281296, -0.05840116739273071, 0.0]",1.600000023841858,11,8,195,11
"[0.34942299127578735, 0.008511298336088657, 0.026119181886315346, 0.07203494757413864, -0.2937192916870117, 0.4213029146194458, 0.0, 0.16390947997570038]","[-0.001284271478652954, -0.0008994489908218384, -0.016269013285636902, 0.040262967348098755, 0.014189869165420532, -0.014193415641784668, 1.0]",4.400000095367432,19,5,233,0
"[0.33555006980895996, 0.06945425271987915, -0.00027882802532985806, -0.005094035528600216, -0.09656272828578949, 0.2258935272693634, 0.0, 0.36950385570526123]","[-0.003319859504699707, 0.005099892616271973, 0.024755924940109253, -0.04535733163356781, -0.007357075810432434, 0.023764848709106445, 0.0]",1.2000000476837158,16,10,281,2
"[0.25677788257598877, 0.18570490181446075, 0.019015243276953697, -0.060601264238357544, 0.07224071025848389, 0.057809993624687195, 0.0, 0.5749470591545105]","[0.0011624395847320557, 0.002101343125104904, -0.00022889673709869385, 0.03202936798334122, 0.009295403957366943, -0.00031845271587371826, 1.0]",1.7999999523162842,15,6,202,4
"[0.2523050606250763, -0.0003874034737236798, 0.10014992207288742, 0.05026371777057648, -0.01214553788304329, 0.07214190810918808, 0.0, 0.529549777507782]","[-0.003337264060974121, 0.0023326650261878967, 9.540794417262077e-05, -0.002668280154466629, 0.02190401963889599, 0.10720634460449219, 0.0]",0.6000000238418579,36,2,484,0
"[0.2410835325717926, -0.04585157334804535, 0.02828288823366165, -0.09062961488962173, -0.22524772584438324, 0.4313579499721527, 0.0, 0.5570889115333557]","[0.0012097656726837158, 0.0005263611674308777, -0.002810865640640259, -0.02429026924073696, -0.029717206954956055, 0.04303988069295883, 1.0]",0.6000000238418579,34,3,146,4
"[0.3786044120788574, 0.06169481575489044, 0.02612040936946869, 0.0013431350234895945, 0.09407594799995422, 0.2866794764995575, 0.0, 0.9492040276527405]","[0.01034519076347351, -0.03004138171672821, 0.004250854253768921, 0.0008058249950408936, -0.0004861205816268921, -0.014547944068908691, 1.0]",6.0,20,6,165,4
"[0.33533328771591187, 0.011160681024193764, 0.03483632206916809, -0.0033860323019325733, -0.057111430913209915, -0.7435041069984436, 0.0, 0.12885156273841858]","[-0.0012366175651550293, 0.0006012916564941406, -0.03080715611577034, 0.026712540537118912, 0.00790092721581459, -0.15412002801895142, 1.0]",2.5999999046325684,6,11,14,4
"[0.31205540895462036, -0.06402523070573807, 0.03949492424726486, 0.2189447581768036, -0.03968784958124161, 0.2329898178577423, 0.0, 0.6541022062301636]","[-0.00022456049919128418, 0.0009643053635954857, -0.0029712868854403496, -0.004963802173733711, 0.006739914417266846, -0.006161361932754517, 0.0]",1.7999999523162842,1,8,171,4
"[0.3228228986263275, 0.12960314750671387, 0.09650196880102158, -0.026692429557442665, 0.10611181706190109, 0.2360461950302124, 0.0, 0.9961419701576233]","[-0.0031050145626068115, 0.000159434974193573, -0.003369249403476715, -0.0012686681002378464, 0.011979222297668457, 0.006758645176887512, 1.0]",0.0,39,6,106,4
"[0.2479962557554245, 0.1879643052816391, 0.010042275302112103, 0.038318708539009094, -0.280544251203537, 0.667184054851532, 0.0, 0.09289941936731339]","[0.016041040420532227, -0.0008640885353088379, -0.015914537012577057, 0.0033376216888427734, 0.035876721143722534, 0.001974254846572876, 1.0]",6.199999809265137,38,3,5,1
"[0.3110644221305847, 0.07247491180896759, 0.12627233564853668, 0.0830669105052948, -0.04524552822113037, 0.1465885490179062, 0.0, 1.0001531839370728]","[-0.006610840559005737, -0.0016756802797317505, -0.018394045531749725, -0.008627772331237793, -0.001682572066783905, -0.11412931233644485, 1.0]",0.800000011920929,2,7,61,5
"[0.3240240216255188, 0.1269204169511795, 0.006454416550695896, 0.4110300540924072, -0.17412340641021729, 0.42151573300361633, 0.0, 0.5033408999443054]","[-0.0065863728523254395, -0.0008502905257046223, 0.0019946880638599396, -0.0036908145993947983, -0.0012668780982494354, -0.01540231704711914, 0.0]",3.200000047683716,18,5,306,5
"[0.3123183250427246, 0.009339159354567528, 0.13331159949302673, -0.16974245011806488, -0.021215874701738358, 0.35969287157058716, 0.0, 0.9994885921478271]","[0.004861801862716675, 0.008451417088508606, -0.010972518473863602, 0.005006223917007446, -0.036428794264793396, 0.06497415900230408, 1.0]",6.400000095367432,40,10,43,1
"[0.29578647017478943, 0.09723003953695297, 0.005423748400062323, 0.11543328315019608, -0.029916703701019287, 0.09219449013471603, 0.0, 0.9865638017654419]","[-0.006184697151184082, -0.006502222269773483, 0.0007071364670991898, -0.012320749461650848, -0.00665668398141861, -0.0010975003242492676, 0.0]",4.199999809265137,41,12,176,3
"[0.29352062940597534, 0.11378739029169083, 0.05763246491551399, -0.03222475200891495, 0.037964221090078354, -0.021584758535027504, 0.0, 0.5729578137397766]","[-0.0027202069759368896, -0.003771841526031494, -0.0012278496287763119, -0.007102519273757935, 0.017883528023958206, 0.12407100200653076, 0.0]",7.599999904632568,42,4,272,4
"[0.4327542781829834, -0.0672852173447609, 0.05576501786708832, -0.07388786226511002, -0.45995548367500305, 0.17381754517555237, 0.0, 0.748681366443634]","[0.010659724473953247, 0.02140618860721588, -0.010996386408805847, 0.020471543073654175, 0.01087409257888794, 0.03667151927947998, 0.0]",8.399999618530273,10,9,92,3
"[0.4144550561904907, -0.09373726695775986, 0.08491532504558563, -0.023363914340734482, -0.3846276104450226, 0.010289838537573814, 0.0, 0.590900182723999]","[0.0029162168502807617, -0.004818037152290344, -0.0011529363691806793, -0.009379856288433075, -0.009680777788162231, 0.008579373359680176, 1.0]",6.800000190734863,35,6,182,11
"[0.3241042494773865, 0.013470369391143322, 0.05032616853713989, -0.009341943077743053, 0.0024550945963710546, -0.01741623505949974, 0.0, 0.9988223910331726]","[0.003187328577041626, -0.019646547734737396, 0.0006617307662963867, -0.012974932789802551, 0.031074419617652893, 0.03873130679130554, 1.0]",8.600000381469727,14,5,177,6
"[0.37734881043434143, 0.06284979730844498, 0.09735336899757385, -0.016591720283031464, 0.08586551994085312, -0.008086593821644783, 0.0, 0.9994885921478271]","[0.013558000326156616, -0.0073412456549704075, -0.010385222733020782, -0.016410868614912033, -0.05201318860054016, 0.006440058350563049, 1.0]",0.4000000059604645,3,9,412,0
"[0.3337693214416504, 0.06973239034414291, 0.10446882992982864, 0.07264307886362076, -0.057458389550447464, 0.18677650392055511, 0.0, 1.0001531839370728]","[0.010397911071777344, 0.006805889308452606, -0.011191263794898987, -0.02995377779006958, -0.002169378101825714, 0.12911391258239746, 1.0]",6.599999904632568,13,3,373,4
"[0.3175583779811859, -0.06572306901216507, 0.08861935138702393, 0.017564896494150162, 0.10509362071752548, 0.18185964226722717, 0.0, 0.4690495729446411]","[0.0002696812152862549, -0.0018093809485435486, -0.002162627875804901, -0.010707277804613113, 0.005422808229923248, 0.005805611610412598, 1.0]",8.399999618530273,5,4,102,7
"[0.3190940320491791, 0.004586947150528431, 0.07900653034448624, -0.04575769230723381, -0.18743495643138885, 1.0494328737258911, 0.0, 1.0008161067962646]","[-0.001131892204284668, -0.001508370041847229, -0.0030468767508864403, 0.009060800075531006, -0.017422135919332504, 0.028087258338928223, 0.0]",1.7999999523162842,23,9,291,9
"[0.369525283575058, 0.0658254325389862, 0.06514305621385574, 0.0751817598938942, -0.013477870263159275, 0.22454965114593506, 0.0, 1.0001531839370728]","[0.0009160041809082031, -0.003422357141971588, -0.006095279008150101, 0.007892802357673645, -0.001541033387184143, 0.009559601545333862, 1.0]",2.799999952316284,1,6,498,4
"[0.33570098876953125, 0.07912351191043854, 0.09959691762924194, -0.02954164519906044, -0.054059918969869614, 1.0481384992599487, 0.0, 0.06443082541227341]","[-0.0017664730548858643, -0.0019284188747406006, -0.00017355382442474365, 0.0019032503478229046, 0.009289413690567017, -0.0006468296051025391, 1.0]",0.800000011920929,31,12,110,4
"[0.4443269968032837, -0.07514739036560059, 0.055906038731336594, -0.09178237617015839, -0.5081602931022644, 0.16480891406536102, 0.0, 0.9672539830207825]","[-0.0038432180881500244, -0.00024628639221191406, -0.004137702286243439, 0.0026634763926267624, 0.013805858790874481, 0.007411643862724304, 1.0]",6.800000190734863,36,1,174,2
"[0.3612270653247833, 0.018000368028879166, 0.1805238574743271, 0.038935933262109756, -0.24851632118225098, -0.013674866408109665, 0.0, 1.0001531839370728]","[-0.002811342477798462, -0.0010808445513248444, -0.00013496726751327515, 0.0045425668358802795, 0.008115142583847046, 0.0007871389389038086, 0.0]",1.2000000476837158,42,3,347,0
"[0.33782362937927246, -0.10465479642152786, 0.026173079386353493, -0.004621265921741724, -0.36433151364326477, 0.12815040349960327, 0.0, 0.6611326336860657]","[-0.0017338395118713379, -0.0007255561649799347, 0.0007531754672527313, 0.004953548312187195, 0.006058230996131897, 0.006702303886413574, 0.0]",0.4000000059604645,6,12,335,4
"[0.3186722695827484, 0.06292002648115158, 0.13935121893882751, -0.07924414426088333, -0.09440626949071884, 0.27361631393432617, 0.0, 0.5354229807853699]","[0.011827021837234497, -0.020653091371059418, -0.0005235821008682251, -0.12298980355262756, 0.048548147082328796, 0.08067795634269714, 0.0]",0.800000011920929,11,3,50,5
"[0.24340194463729858, -0.04565253481268883, 0.015729809179902077, -0.09883725643157959, -0.20887915790081024, 0.36043882369995117, 0.0, 0.9484345316886902]","[-0.013472527265548706, 0.006333492696285248, 0.05237813666462898, -0.06350598484277725, -0.09950263053178787, 0.03092014789581299, 0.0]",2.200000047683716,25,7,331,4
"[0.33637866377830505, -0.10315770655870438, 0.025794506072998047, -0.013411153107881546, -0.3488893210887909, 0.14619570970535278, 0.0, 0.590900182723999]","[-0.0031935274600982666, -0.013771653175354004, -0.0019239634275436401, -0.009991802275180817, 0.0008960962295532227, -0.01767466962337494, 1.0]",4.800000190734863,38,1,53,7
"[0.33752405643463135, -0.037134505808353424, 0.12459585070610046, -0.026739027351140976, -0.47639092803001404, 0.0024788377340883017, 0.0, 1.0008161067962646]","[-0.000750809907913208, -0.0036683380603790283, -0.013316437602043152, 0.0027800947427749634, -0.01410624384880066, -0.02561047300696373, 0.0]",1.2000000476837158,24,12,45,2
"[0.3646176755428314, -0.12288306653499603, 0.03099878691136837, 0.15797172486782074, -0.08840002119541168, 0.21395274996757507, 0.0, 0.6541022062301636]","[-0.004265874624252319, -0.004856660962104797, 0.009973088279366493, 0.034245431423187256, 0.030422553420066833, -0.02326059341430664, 0.0]",5.199999809265137,12,12,371,4
"[0.2487824559211731, -0.03638795390725136, 0.009250418283045292, -0.057352423667907715, -0.2206363081932068, 0.447100967168808, 0.0, 0.5580781102180481]","[0.017497241497039795, 0.034377571195364, -0.0040452927350997925, -0.0013221800327301025, 0.023837819695472717, 0.08348512649536133, 0.0]",0.800000011920929,9,6,429,3
"[0.3514057397842407, 0.07403890043497086, 0.09404409676790237, -0.05680762976408005, -0.024622930213809013, 0.32325270771980286, 0.0, 0.5354229807853699]","[0.005967557430267334, -0.006132612004876137, 0.0024684742093086243, -0.004205598495900631, 0.004069209098815918, -0.029783762991428375, 1.0]",7.400000095367432,1,1,32,9
"[0.3669091761112213, -0.012941352091729641, 0.09634748101234436, -0.16530729830265045, -0.11316506564617157, 0.3813304901123047, 0.0, 0.05980546772480011]","[0.00839892029762268, -0.000255778431892395, 6.257742643356323e-05, 0.010615866631269455, -0.006725616753101349, 0.020954623818397522, 1.0]",4.800000190734863,21,7,462,3
"[0.2547527551651001, 0.18539389967918396, 0.010548839345574379, -0.046240534633398056, 0.04717692732810974, 0.08842838555574417, 0.0, 0.5749470591545105]","[0.013949692249298096, 0.004156433045864105, -0.0016500875353813171, 0.021728046238422394, -0.0053161680698394775, -0.036479316651821136, 0.0]",0.0,38,1,12,7
"[0.3286944329738617, 0.11752664297819138, 0.006517139263451099, 0.012785212136805058, -0.02988985925912857, -0.38883131742477417, 0.0, 0.9968144297599792]","[-0.0027531981468200684, 0.006060555577278137, 0.010985150933265686, -0.006553575396537781, -0.02647298574447632, 0.009769558906555176, 1.0]",3.4000000953674316,44,12,491,2
"[0.23940816521644592, -0.048450056463479996, 0.022016681730747223, -0.11444101482629776, -0.20952120423316956, 0.35462960600852966, 0.0, 1.0001531839370728]","[0.00017815828323364258, 0.0009953901171684265, -1.9535422325134277e-05, 0.0019261352717876434, -0.003254357725381851, -0.0036533772945404053, 0.0]",4.0,19,13,48,2
"[0.31311455368995667, -0.029643123969435692, 0.02702692151069641, -0.023570934310555458, -0.007635962683707476, -0.006556669715791941, 0.0, 0.9981546401977539]","[-0.019226908683776855, 0.02283957600593567, 0.00032594799995422363, -0.008153213188052177, -0.003840439021587372, 0.017093509435653687, 1.0]",8.800000190734863,4,7,360,6
"[0.3354592025279999, 0.024387648329138756, 0.031039485707879066, 0.031790830194950104, -0.060029204934835434, -0.7806618213653564, 0.0, 0.12930262088775635]","[0.006242692470550537, -0.0034672431647777557, -0.02518196403980255, -0.00981837511062622, -0.021691441535949707, -0.02469451352953911, 1.0]",7.400000095367432,5,13,98,7
"[0.3449018597602844, 0.10978784412145615, 0.09749104827642441, -0.20885822176933289, -0.2464279681444168, 0.7603116631507874, 0.0, 0.5570889115333557]","[-0.0026434659957885742, -0.0005976753309369087, -0.012713663280010223, -0.0012836549431085587, 0.04316229000687599, 0.0011047348380088806, 1.0]",3.4000000953674316,7,2,206,2
"[0.2834131419658661, 0.07311360538005829, 0.1251148283481598, 0.04313794896006584, 0.021762149408459663, 0.1802881956100464, 0.0, 0.36865687370300293]","[-0.015971273183822632, -0.011965678073465824, 0.0018133074045181274, 0.008565627038478851, 0.0053404271602630615, -0.048872947692871094, 1.0]",8.600000381469727,13,9,185,6
"[0.3225214183330536, 0.03240067511796951, 0.12437188625335693, -0.18514278531074524, 0.0281758401542902, 0.8435543179512024, 0.0, 0.4699908196926117]","[0.003171771764755249, 0.0017085149884223938, -0.0010488517582416534, 0.0020543932914733887, -0.0016199275851249695, 0.05844396352767944, 1.0]",3.0,19,8,434,11
"[0.37552013993263245, 0.09851683676242828, 0.031370531767606735, 0.1874585598707199, -0.04403026029467583, -0.7671762704849243, 0.0, 0.16338585317134857]","[0.0013722777366638184, -0.004074349999427795, -0.00048090144991874695, -0.022858021780848503, -0.002236872911453247, 0.006766855716705322, 1.0]",4.400000095367432,1,5,260,9
"[0.31688836216926575, -0.0653584748506546, 0.08869224041700363, 0.020887332037091255, 0.10880538076162338, 0.1845889389514923, 0.0, 0.4699908196926117]","[-0.0015251338481903076, -0.008962079882621765, -0.005674988031387329, 0.01038401946425438, 0.0174020454287529, 0.015853121876716614, 1.0]",7.400000095367432,19,3,459,6
"[0.30181583762168884, 0.08661296218633652, 0.15746749937534332, -0.12519951164722443, -0.29441168904304504, 0.5757583379745483, 0.0, 1.0047606229782104]","[-0.005071759223937988, -0.00934380292892456, -0.0014903619885444641, -0.04452736675739288, -0.0005937889218330383, 0.012354373931884766, 0.0]",3.799999952316284,14,2,188,1
"[0.42587241530418396, -0.04836602881550789, 0.12007496505975723, -0.1678556650876999, -0.5043312311172485, 0.21937721967697144, 0.0, 1.0001531839370728]","[-0.0001684427261352539, 0.004260420799255371, -0.0058307945728302, -0.02176537737250328, -0.024128122255206108, -0.1260005086660385, 0.0]",8.800000190734863,12,11,404,4
"[0.2652930021286011, -0.022051937878131866, 0.08691951632499695, 0.03841685131192207, 0.025374332442879677, -0.01128513552248478, 0.0, 1.0041072368621826]","[0.0038126707077026367, 0.004376724362373352, -0.0007358334260061383, -0.01341177150607109, -0.03801736980676651, 0.015254557132720947, 1.0]",1.600000023841858,40,3,131,10
"[0.37709641456604004, 0.05506695434451103, 0.09026257693767548, -0.11003478616476059, -0.22557543218135834, 1.2583295106887817, 0.0, 1.0001531839370728]","[0.003262534737586975, 0.01667499914765358, 0.026644431054592133, -0.03538532555103302, -0.011140495538711548, 0.03918442130088806, 0.0]",0.6000000238418579,15,13,364,3
"[0.3825611174106598, 0.073426254093647, 0.03412513807415962, 0.007489643059670925, 0.07788734883069992, 0.3046042323112488, 0.0, 1.0001531839370728]","[0.0022408664226531982, 0.0033412985503673553, -0.0016000885516405106, 0.009662635624408722, -0.006211817264556885, 0.036225974559783936, 0.0]",0.800000011920929,5,11,363,8
"[0.3304278254508972, 0.11435876786708832, 0.020575305446982384, 0.05133694410324097, -0.040134016424417496, -0.7160112261772156, 0.0, 0.9988223910331726]","[-0.007217764854431152, -0.010802775621414185, 0.0006997790187597275, -0.012854106724262238, -0.0023762695491313934, -0.013129174709320068, 0.0]",5.800000190734863,26,0,428,5
"[0.3278599679470062, -0.04911689832806587, -0.009952288120985031, -0.0491284541785717, -0.023302262648940086, -0.07675295323133469, 0.0, 1.0181074142456055]","[0.011693388223648071, 9.227544069290161e-05, -0.006201375275850296, -0.001780390739440918, -0.004092492163181305, 0.01507335901260376, 1.0]",3.5999999046325684,10,12,37,5
"[0.3370145261287689, 0.0815015509724617, 0.05237160250544548, -0.010833370499312878, -0.05875088647007942, 0.8541250824928284, 0.0, 0.09775853902101517]","[-0.003650099039077759, -0.0015657860785722733, -0.005239926278591156, 0.00010648369789123535, -0.030811786651611328, 0.015486203134059906, 1.0]",6.599999904632568,42,13,244,6
"[0.3325228691101074, 0.05050306022167206, 0.046152301132678986, -0.12229817360639572, 0.21533316373825073, 0.9185059070587158, 0.0, 1.0047606229782104]","[0.0007339417934417725, 1.4856457710266113e-05, 0.0007094284519553185, -0.005555342882871628, 8.60169529914856e-06, -0.04125283658504486, 0.0]",4.400000095367432,9,5,250,8
"[0.31656762957572937, 0.02941683493554592, 0.04389443248510361, 0.0037362484727054834, -0.03202083706855774, 0.014399477280676365, 0.0, 0.9947922229766846]","[0.00034165382385253906, -0.0005676373839378357, -0.0005510523915290833, -0.0001699160784482956, -0.0015044808387756348, 0.0015583634376525879, 0.0]",4.0,19,4,268,4
"[0.3179508149623871, 0.10964733362197876, 0.048304539173841476, 0.3785872459411621, -0.1626022309064865, 0.35745513439178467, 0.0, 0.9920742511749268]","[-0.009122908115386963, 0.012595385313034058, 0.012006949633359909, 0.04239918291568756, -0.01299615204334259, -0.01877748966217041, 1.0]",4.599999904632568,11,5,455,6
"[0.2272534966468811, 0.20003323256969452, 0.010784177109599113, 0.0858534574508667, -0.2636095881462097, 0.6791703104972839, 0.0, 0.25822705030441284]","[-0.0017628073692321777, 0.005409397184848785, 0.01161210611462593, 0.02932547777891159, -0.01799839735031128, 0.0005710422992706299, 0.0]",7.0,26,8,386,0
"[0.3773067891597748, 0.05983977019786835, 0.023328175768256187, 0.03600557893514633, 0.08796579390764236, 0.27902892231941223, 0.0, 0.5462315082550049]","[0.009249448776245117, 0.001583889126777649, 0.030152147635817528, -0.007224276661872864, 0.007642656564712524, -0.0510115846991539, 0.0]",3.4000000953674316,29,12,307,2
"[0.2271861881017685, -0.026413103565573692, 0.046732980757951736, -0.13210947811603546, -0.1822979897260666, 0.2916542887687683, 0.0, 1.0008161067962646]","[-0.019871145486831665, -0.009799279272556305, -0.0016743391752243042, 0.007011152803897858, 0.00926654040813446, -0.05681246519088745, 1.0]",4.599999904632568,14,13,67,1
"[0.2983916699886322, 0.1075049340724945, 0.0646987110376358, -0.05333775654435158, 0.0929788202047348, -0.00701315701007843, 0.0, 0.9994885921478271]","[0.0053389668464660645, 0.013642758131027222, -0.0037725120782852173, -0.03054208867251873, 0.008987225592136383, -0.020235419273376465, 1.0]",7.800000190734863,14,11,154,6
"[0.3136081397533417, 0.12057920545339584, 0.1233995109796524, -0.002529372228309512, -0.02451975643634796, 0.10843255370855331, 0.0, 0.3236125409603119]","[-0.0009325742721557617, -0.0035554049536585808, 0.0009751729667186737, -0.0011022165417671204, 0.011045354418456554, 0.029007699340581894, 1.0]",3.5999999046325684,24,11,438,1
"[0.348957896232605, 0.009377838112413883, 0.025469811633229256, 0.0725066140294075, -0.28988713026046753, 0.4236212372779846, 0.0, 0.5344430208206177]","[-0.004844695329666138, 0.006307981908321381, 0.01111343502998352, -0.014200369827449322, -0.06862825900316238, 0.2062445878982544, 1.0]",6.599999904632568,0,4,343,6
"[0.3069054186344147, 0.0505763478577137, 0.028755856677889824, 0.14842744171619415, -0.0627739429473877, 0.10106541961431503, 0.0, 0.9865638017654419]","[-0.003066509962081909, -0.01010683923959732, -0.007760860025882721, 0.007476702332496643, -0.002331972122192383, -0.018050014972686768, 1.0]",3.799999952316284,17,1,148,11
"[0.43148547410964966, -0.06615514308214188, 0.058615151792764664, -0.07719571888446808, -0.45666760206222534, 0.18783028423786163, 0.0, 1.0001531839370728]","[0.0017846524715423584, 0.0017565339803695679, -0.0007544141262769699, -0.006202103570103645, 0.010126490145921707, -0.0906672477722168, 0.0]",5.800000190734863,12,2,457,4
"[0.3423471748828888, 0.07914012670516968, 0.024822112172842026, 0.028291240334510803, -0.056183572858572006, 0.6055731773376465, 0.0, 0.5403295159339905]","[0.012071043252944946, -0.0046688467264175415, -0.009666197001934052, 0.022182106971740723, -0.003035247325897217, -0.022887885570526123, 0.0]",8.199999809265137,43,1,111,2
"[0.3048648238182068, -0.06695715337991714, 0.02226131781935692, 0.17450973391532898, -0.05100690573453903, 0.22713914513587952, 0.0, 0.6541022062301636]","[-0.0057656168937683105, -0.007179282605648041, 0.00451301783323288, -0.01951940357685089, 0.04836586117744446, -0.01990375854074955, 1.0]",6.0,29,6,359,9
"[0.32817715406417847, -0.021202990785241127, 0.11869144439697266, -0.03703654929995537, 0.0169005636125803, 0.04150594770908356, 0.0, 0.9994885921478271]","[0.02036982774734497, -0.003185361623764038, -0.004286922514438629, 0.02767038345336914, -0.010763004422187805, -0.015466153621673584, 1.0]",0.6000000238418579,4,11,99,1
"[0.25677528977394104, -0.007158490363508463, 0.08805083483457565, 0.05223545432090759, 0.000946228567045182, 0.055889107286930084, 0.0, 0.529549777507782]","[-0.000670015811920166, 0.00036459416151046753, 7.288902997970581e-05, 0.0033224355429410934, 0.0037117600440979004, 0.0027292966842651367, 0.0]",6.400000095367432,24,6,361,8
"[0.29399383068084717, 0.00880489032715559, 0.15511395037174225, -0.2541736364364624, -0.2333311140537262, 1.1019092798233032, 0.0, 1.0008161067962646]","[-0.018384486436843872, -0.015297897160053253, 0.01001061499118805, -0.004195511341094971, 0.011153347790241241, -0.10135695338249207, 1.0]",3.4000000953674316,10,10,398,8
"[0.25611597299575806, 0.010990085080265999, 0.1410057544708252, -0.03714608773589134, -0.06019929423928261, 0.10247864574193954, 0.0, 0.529549777507782]","[-0.00010767579078674316, -0.008824661374092102, -0.0011195652186870575, -0.019444525241851807, -0.009946800768375397, -0.0032402873039245605, 0.0]",2.5999999046325684,4,2,33,4
"[0.3130890130996704, 0.10119591653347015, 0.05927705764770508, 0.37358102202415466, -0.12617343664169312, 0.2924809753894806, 0.0, 0.9913908839225769]","[0.0001480579376220703, 0.012089531868696213, -0.000460602343082428, 0.002294376492500305, 0.004299581050872803, 0.019413501024246216, 1.0]",6.800000190734863,21,4,108,4
"[0.32231423258781433, -0.06370452046394348, 0.08569551259279251, -0.08295577019453049, -0.3443259596824646, 0.17526905238628387, 0.0, 1.0008161067962646]","[0.022339582443237305, 0.0008105561137199402, -0.020811080932617188, 0.005049895495176315, -0.008448474109172821, 0.007025174796581268, 1.0]",4.400000095367432,17,3,41,3
"[0.36846980452537537, 0.07595477998256683, 0.030334144830703735, 0.14326922595500946, -0.06038304418325424, -0.782596230506897, 0.0, 0.12930262088775635]","[-0.0030989348888397217, -0.0039419084787368774, 0.018410034477710724, -0.03498223423957825, -0.044729605317115784, -0.24918204545974731, 0.0]",0.0,6,9,237,6
"[0.29992568492889404, 0.11003512889146805, 0.12488461285829544, -0.03897494077682495, -0.023814255371689796, -0.16729871928691864, 0.0, 0.3236125409603119]","[-0.0010572969913482666, 0.001195669174194336, -0.004389122128486633, 0.013572389259934425, 0.013830235227942467, 0.008122384548187256, 0.0]",1.7999999523162842,41,4,370,0
"[0.25303542613983154, -0.02951222099363804, 0.063035748898983, 0.07375284284353256, 0.04281645268201828, -0.0231772530823946, 0.0, 0.5236935019493103]","[-0.0015290677547454834, -0.0020483583211898804, -0.0027062203735113144, 0.0005554634262807667, 0.0030394643545150757, -0.002934575080871582, 0.0]",3.4000000953674316,3,6,26,6
"[0.3255580961704254, -0.01809046044945717, 0.11351834982633591, -0.011724053882062435, 0.05785920470952988, 0.03339601680636406, 0.0, 0.9994885921478271]","[-0.000680774450302124, -0.002418801188468933, -0.01415504515171051, -0.026210248470306396, 0.024769984185695648, 0.05495709180831909, 1.0]",9.0,6,6,357,11
"[0.32503682374954224, 0.017025774344801903, 0.04935099557042122, -0.008239726535975933, -0.008590259589254856, -0.046423934400081635, 0.0, 0.9988223910331726]","[-0.0005986690521240234, -0.0017552580684423447, 0.00902603566646576, -0.019034791737794876, -0.04161076992750168, 0.03133052587509155, 1.0]",3.0,40,0,310,2
"[0.37249746918678284, -0.09812530875205994, 0.04280434176325798, 0.1750922054052353, -0.1515694409608841, 0.07477059960365295, 0.0, 1.0001531839370728]","[0.00045043230056762695, 0.0031296834349632263, 0.000470038503408432, -0.002289876341819763, 0.010555178858339787, -0.08711487054824829, 0.0]",0.4000000059604645,2,8,18,5
"[0.4337746798992157, -0.07455161213874817, 0.07678567618131638, -0.0029820806812494993, -0.39621639251708984, 0.019947975873947144, 0.0, 0.5899012684822083]","[-0.0011012554168701172, -0.0018265023827552795, 0.0029581189155578613, -0.012196250259876251, -0.001814424991607666, -0.0034967362880706787, 0.0]",7.0,16,7,406,1
"[0.3777190148830414, 0.10143715143203735, 0.04794523864984512, 0.170706644654274, -0.0797385573387146, -0.7813767194747925, 0.0, 0.9994885921478271]","[0.00010436773300170898, 0.004710301756858826, -0.009408362209796906, 0.008255533874034882, 0.026785530149936676, 0.011694354005157948, 1.0]",8.800000190734863,1,12,207,0
"[0.22576943039894104, -0.05125846713781357, 0.09899910539388657, -0.2366807907819748, -0.2531822621822357, 0.41764533519744873, 0.0, 0.5570889115333557]","[-0.0019512772560119629, 0.0010295882821083069, -0.0002151690423488617, 0.015005648136138916, 0.03652060031890869, 0.01452819723635912, 1.0]",0.0,14,4,70,4
"[0.34934186935424805, 0.013109485618770123, 0.013664173893630505, 0.01740719936788082, -0.2707051634788513, 0.4328511357307434, 0.0, 0.20024193823337555]","[0.0059792399406433105, 0.003999494016170502, -0.002227567136287689, -0.004408211447298527, -0.00561174750328064, 0.01689128577709198, 0.0]",2.799999952316284,0,13,83,4
"[0.3582102358341217, 0.06449726223945618, 0.0293522197753191, 0.12718799710273743, -0.06206701323390007, -0.7966781258583069, 0.0, 0.12930262088775635]","[-2.4527311325073242e-05, -0.0006791306659579277, -3.7364661693573e-05, -0.002010136842727661, 0.0003281831741333008, 0.0029467344284057617, 1.0]",2.5999999046325684,32,2,257,4
"[0.33229202032089233, 0.08042261004447937, 0.02270570956170559, 0.01181312371045351, 0.11340592056512833, 0.7555686235427856, 0.0, 0.36865687370300293]","[0.0034952759742736816, 0.003168538212776184, -0.007221994921565056, 0.007983425632119179, -0.006554096937179565, 0.006908394396305084, 0.0]",1.399999976158142,22,4,254,4
"[0.3543236553668976, 0.04756948724389076, 0.08791361004114151, 0.016864551231265068, 0.0873621478676796, 0.32440710067749023, 0.0, 0.061804234981536865]","[0.004480153322219849, 0.003937244415283203, -0.002849215641617775, 0.03784038871526718, -0.015499688684940338, -0.04466402530670166, 1.0]",1.399999976158142,42,5,492,4
"[0.2935042977333069, 0.10018620640039444, 0.0826105996966362, 0.03650178015232086, -0.034568797796964645, -0.692822277545929, 0.0, 0.9994885921478271]","[0.007908523082733154, -0.002729203552007675, -0.00935741513967514, -0.0022918805480003357, -0.012878373265266418, 0.02941177785396576, 1.0]",7.599999904632568,8,12,113,3
"[0.3220936059951782, 0.11932545900344849, 0.03769305348396301, 0.3762863874435425, -0.21645179390907288, 0.40289047360420227, 0.0, 0.9913908839225769]","[-0.0010041594505310059, 0.00350398663431406, 0.0028140125796198845, 0.02767295576632023, 0.011897534132003784, 0.010832786560058594, 0.0]",3.799999952316284,9,7,287,4
"[0.3293951749801636, 0.131438747048378, 0.009522873908281326, -0.032634686678647995, 0.0283911544829607, -0.5975314974784851, 0.0, 0.32440370321273804]","[-0.003593534231185913, 0.0018493188545107841, -0.012037310749292374, 0.006846338510513306, -0.01606491208076477, 0.0493108332157135, 1.0]",4.800000190734863,22,12,322,4
"[0.3801334798336029, 0.06374317407608032, 0.028826629742980003, 0.0007876715972088277, 0.09103648364543915, 0.2896140515804291, 0.0, 1.0001531839370728]","[-0.007186323404312134, -0.010128706693649292, 0.0024216920137405396, 0.0396183542907238, 0.015640882775187492, 0.00921928882598877, 0.0]",2.4000000953674316,0,8,230,4
"[0.3826467990875244, 0.0893750786781311, 0.0505710169672966, 0.07332093268632889, 0.03375430405139923, 0.2734040319919586, 0.0, 1.0001531839370728]","[-0.016431212425231934, 0.0001264140009880066, 0.0025858134031295776, 0.03948107361793518, 0.023235583677887917, 0.13376006484031677, 0.0]",4.599999904632568,20,11,489,4
"[0.3364444673061371, 0.014205540530383587, 0.08540253341197968, -0.06769270449876785, -0.19764401018619537, 1.101008415222168, 0.0, 1.0001531839370728]","[0.012751460075378418, 0.03019372746348381, 0.041843563318252563, -0.021076727658510208, -0.05197783559560776, 0.07877297699451447, 1.0]",2.200000047683716,15,3,316,8
"[0.32245033979415894, 0.11952605843544006, 0.12276075780391693, 0.03036702424287796, -0.01988450437784195, 0.23115991055965424, 0.0, 0.3236125409603119]","[0.011969223618507385, -0.013407617807388306, 0.006956465542316437, -0.06713220477104187, -0.02669110894203186, -0.01494288444519043, 1.0]",3.200000047683716,34,8,223,6
"[0.29882538318634033, 0.056774187833070755, 0.15831917524337769, -0.020806191489100456, -0.07024583965539932, 0.09433948248624802, 0.0, 1.0001531839370728]","[-0.001537322998046875, 0.0018844949081540108, -0.00033416133373975754, -0.0012612671125680208, 0.013823837041854858, 0.0027610957622528076, 0.0]",3.5999999046325684,2,1,81,2
"[0.382111132144928, 0.08259622752666473, 0.03566911071538925, 0.040683262050151825, 0.07280296087265015, 0.29966792464256287, 0.0, 1.0001531839370728]","[0.004052937030792236, -0.0033803321421146393, 0.0012070722877979279, 0.008263211697340012, -0.01552364882081747, 0.06256487965583801, 1.0]",5.199999809265137,17,6,105,2
"[0.36021026968955994, 0.034359950572252274, 0.08647536486387253, -0.08604670315980911, -0.21230840682983398, 1.1813175678253174, 0.0, 1.0001531839370728]","[0.019714921712875366, -0.00304286926984787, -0.023411236703395844, -0.0007989406585693359, 0.00810379907488823, 0.03579889237880707, 1.0]",3.200000047683716,9,6,158,4
"[0.4126148521900177, 0.04928486421704292, 0.03185559809207916, 0.02526540867984295, -0.10283881425857544, 0.15524199604988098, 0.0, 0.9988223910331726]","[0.0007388889789581299, 0.0015515070408582687, -0.0035528168082237244, 0.012797370553016663, -0.018306106328964233, -0.004728347063064575, 1.0]",2.200000047683716,24,10,271,11
"[0.38429194688796997, 0.06488925218582153, -0.0023226074408739805, -0.03349468857049942, 0.008438161574304104, 0.2145058512687683, 0.0, 0.9988223910331726]","[-0.002459794282913208, -0.004026137292385101, 0.01778772845864296, -0.02768976241350174, 0.019988596439361572, -0.005398929119110107, 0.0]",5.800000190734863,2,10,23,1
"[0.3007323443889618, 0.1087547317147255, 0.09295389801263809, -0.05787663534283638, 0.10230016708374023, -0.03495923802256584, 0.0, 0.9994885921478271]","[0.003796875476837158, 0.006530784070491791, -0.0018960051238536835, 0.0068397969007492065, 0.008859317749738693, 0.008342742919921875, 1.0]",2.0,7,8,453,6
"[0.21758294105529785, 0.20887325704097748, 0.014153230004012585, 0.12846194207668304, -0.2630629539489746, 0.6471327543258667, 0.0, 0.5354229807853699]","[-0.009253844618797302, 0.009285345673561096, -0.002251862548291683, 0.029046539217233658, -0.008787870407104492, -0.0202866792678833, 1.0]",1.7999999523162842,30,2,216,4
"[0.3457164466381073, 0.05340101197361946, 0.034288063645362854, -0.15482227504253387, 0.21420931816101074, 0.9734850525856018, 0.0, 0.4699908196926117]","[0.004339158535003662, 0.0030620768666267395, -0.01102304458618164, 0.025685042142868042, -0.0019306689500808716, -0.04541103169322014, 1.0]",1.399999976158142,25,3,340,6
"[0.37869125604629517, -0.0048538194969296455, 0.08153939247131348, 0.048017386347055435, -0.4453623294830322, -0.07090243697166443, 0.0, 1.0001531839370728]","[-0.007459372282028198, -0.00774102658033371, -0.014499068260192871, 0.040218956768512726, 0.034362584352493286, -0.04238903522491455, 1.0]",0.4000000059604645,11,0,427,4
"[0.2787052094936371, 0.17808468639850616, 0.10102777928113937, -0.05452734977006912, 0.09988348931074142, 0.13740381598472595, 0.0, 0.9968144297599792]","[-0.010464996099472046, -0.008078604936599731, -0.015331956557929516, -0.003668036311864853, 0.007311277091503143, 0.05308736860752106, 1.0]",2.799999952316284,0,13,192,4
"[0.32757848501205444, -0.02295824885368347, 0.12771748006343842, -0.056071341037750244, -0.02471020631492138, 0.07283647358417511, 0.0, 1.0001531839370728]","[-0.0026074349880218506, 0.0007995069026947021, 0.020994558930397034, 0.03990745544433594, -0.037288784980773926, 0.22791865468025208, 0.0]",4.0,16,2,391,2
"[0.2763705551624298, 0.09736628830432892, 0.10424643754959106, 0.007479255553334951, -0.059644609689712524, -0.6301451921463013, 0.0, 0.9994885921478271]","[0.0036093294620513916, 0.0009886547923088074, -0.01888398453593254, -0.0019374638795852661, -0.0028852391988039017, 0.028527334332466125, 0.0]",0.0,20,6,301,3
"[0.3574621379375458, 0.014071395620703697, 0.12161973863840103, 0.08597583323717117, -0.3424035608768463, -0.06988125294446945, 0.0, 1.0001531839370728]","[0.0003399848937988281, -0.005312052555382252, -0.002115625888109207, -0.004439413547515869, -0.004402056336402893, 0.022602885961532593, 1.0]",5.800000190734863,5,6,448,9
"[0.34594228863716125, -0.06023630499839783, 0.03757587447762489, 0.16490653157234192, -0.28351306915283203, 0.24318750202655792, 0.0, 1.0001531839370728]","[-0.012259826064109802, 0.008188188076019287, 0.0028562871739268303, 0.05671010911464691, 0.029918745160102844, -0.024306058883666992, 1.0]",0.6000000238418579,22,6,243,8
"[0.3843257427215576, 0.07234518975019455, 0.09213928133249283, -0.12397518754005432, -0.2348088175058365, 1.320806622505188, 0.0, 1.0008161067962646]","[0.001504272222518921, 0.0034507066011428833, -0.01215287670493126, -0.007974505424499512, -0.007042557001113892, 0.0043823570013046265, 1.0]",5.0,1,4,168,1
"[0.21741606295108795, -0.02246234379708767, 0.051154546439647675, -0.12339553982019424, -0.15538553893566132, 0.2599148154258728, 0.0, 1.0008161067962646]","[-0.005018681287765503, 0.008372098207473755, -0.017148073762655258, 0.018805203959345818, -0.05016666650772095, -0.20757687091827393, 1.0]",2.0,42,1,382,4
"[0.34930118918418884, 0.05009180307388306, 0.03545720875263214, -0.18999667465686798, 0.22117170691490173, 0.9661252498626709, 0.0, 0.4699908196926117]","[-0.0023424625396728516, -0.0038697198033332825, -0.015032574534416199, 0.034838106483221054, -0.014494083821773529, 0.10633312165737152, 0.0]",3.4000000953674316,22,13,318,7
"[0.3343283534049988, -0.10782333463430405, 0.03339507430791855, -0.012604691088199615, -0.3577774167060852, 0.12124200910329819, 0.0, 0.9406655430793762]","[-0.004872560501098633, -0.0026875250041484833, 0.010519180446863174, -0.00723227858543396, -0.02505321055650711, 0.019081532955169678, 1.0]",2.799999952316284,26,5,214,10
"[0.25253286957740784, 0.17010827362537384, 0.008531913161277771, -0.0386725515127182, 0.05866645649075508, 0.2089637666940689, 0.0, 0.9499720335006714]","[-0.0018225312232971191, 0.00028575537726283073, -0.0004906915128231049, -0.0028283484280109406, 0.005615953356027603, -0.0064768195152282715, 1.0]",2.0,21,11,283,4
"[0.340355783700943, 0.11444570124149323, 0.10141841322183609, -0.2332896888256073, -0.22600983083248138, 0.7947922348976135, 0.0, 0.5570889115333557]","[-0.001043945550918579, 0.002011522650718689, 0.001204182393848896, -0.003056369721889496, 0.0023984797298908234, -0.05436130613088608, 0.0]",0.6000000238418579,21,3,354,7
"[0.34532982110977173, 0.10524055361747742, 0.08855428546667099, -0.02452525496482849, 0.12516960501670837, 0.1644606590270996, 0.0, 0.9988223910331726]","[5.379319190979004e-05, 0.000386558473110199, -0.002258334308862686, 0.0076580047607421875, -0.003264140337705612, 0.004870116710662842, 0.0]",1.399999976158142,4,7,285,6
"[0.33454591035842896, 0.017653463408350945, 0.03278719261288643, 0.014925426803529263, -0.05201129987835884, -0.757266640663147, 0.0, 0.12885156273841858]","[-0.00974804162979126, 0.009243622422218323, 0.0024983584880828857, -0.010487627238035202, -0.0034864991903305054, -0.07299289107322693, 1.0]",8.0,1,12,133,11
"[0.28231894969940186, 0.1072351261973381, 0.08785133063793182, -0.01813765987753868, 0.015085121616721153, -0.08003389835357666, 0.0, 0.3236125409603119]","[-0.002275407314300537, -0.010406792163848877, -0.0016826540231704712, -0.012886818498373032, 0.04586280882358551, 0.017319202423095703, 1.0]",5.599999904632568,35,4,112,7
"[0.3481405973434448, -0.11002714186906815, 0.0723266676068306, -0.08668059855699539, -0.35859182476997375, 0.14971056580543518, 0.0, 0.590900182723999]","[-0.002970099449157715, -0.0011029336601495743, -0.0023250244557857513, -0.008592983707785606, -7.344409823417664e-05, 0.0036081671714782715, 0.0]",4.400000095367432,0,2,169,0
"[0.2944524586200714, 0.10007959604263306, 0.12689310312271118, -0.2785882353782654, -0.22126944363117218, 0.7594241499900818, 0.0, 0.5570889115333557]","[0.005998283624649048, -0.003341296687722206, -0.01567850448191166, -0.0016173943877220154, 0.028444882482290268, -0.016575945541262627, 0.0]",2.200000047683716,30,6,426,1
"[0.3267368972301483, -0.06487024575471878, 0.10099887102842331, 0.018867840990424156, 0.07957538217306137, 0.1506669670343399, 0.0, 1.0001531839370728]","[0.004818975925445557, -0.0001230686902999878, 0.012211129069328308, -0.018187109380960464, 0.036410555243492126, -0.13925713300704956, 0.0]",1.600000023841858,7,12,481,9
"[0.3613985776901245, 0.10075697302818298, 0.060858748853206635, 0.18036358058452606, -0.07682278007268906, -0.8105728030204773, 0.0, 0.9994885921478271]","[-0.0011851787567138672, -0.0001970231533050537, -0.0005988478660583496, -0.0019901543855667114, 0.00881868600845337, 0.004826366901397705, 1.0]",1.0,15,10,44,1
"[0.3186068534851074, 0.13695313036441803, 0.0005014927010051906, -0.031691066920757294, 0.005690517835319042, 0.3698117434978485, 0.0, 0.9988223910331726]","[0.00012877583503723145, -0.00132649764418602, -0.018317118287086487, 0.0262448787689209, 0.047753021121025085, 0.028283298015594482, 0.0]",4.0,31,5,253,4
"[0.20532311499118805, 0.21706144511699677, 0.017009517177939415, 0.18517205119132996, -0.23314420878887177, 0.6228266954421997, 0.0, 0.8353572487831116]","[0.008930027484893799, 0.0008847936987876892, -0.015033546835184097, 0.03806086257100105, -0.00017347931861877441, -0.02228524535894394, 0.0]",8.600000381469727,2,3,396,6
"[0.33840563893318176, 0.12911920249462128, 0.08352790772914886, 0.019534965977072716, 0.08928825706243515, -0.08668100088834763, 0.0, 0.3236125409603119]","[-0.0007211267948150635, -0.0001139957457780838, -0.0119524747133255, -0.03415483981370926, 0.0097898468375206, 0.025731325149536133, 0.0]",2.4000000953674316,5,10,358,9
"[0.3772129416465759, -0.12989284098148346, 0.022734779864549637, 0.06665012985467911, -0.14042744040489197, 0.17423810064792633, 0.0, 0.9865638017654419]","[0.005520224571228027, 0.0006261467933654785, 0.03185826912522316, 0.002081535756587982, -0.0007098913192749023, -0.05075918138027191, 0.0]",0.20000000298023224,12,7,367,3
"[0.2906489968299866, 0.11455344408750534, 0.09107398986816406, -0.038479916751384735, 0.050316568464040756, -0.016247740015387535, 0.0, 0.5729578137397766]","[0.0001907646656036377, 0.0006481185555458069, -0.004474346525967121, -0.009570103138685226, -0.0037740133702754974, 0.13670146465301514, 1.0]",3.0,15,11,446,4
"[0.1855953186750412, 0.08952882140874863, 0.11547435820102692, 0.027613500133156776, -0.08007695525884628, -0.24497728049755096, 0.0, 1.0008161067962646]","[-0.003295332193374634, 0.005655303597450256, -0.006549261510372162, 0.004399910569190979, -0.013642832636833191, -0.060871392488479614, 1.0]",0.4000000059604645,11,1,314,3
"[0.44118091464042664, -0.0732787698507309, 0.0668836385011673, -0.004944046027958393, -0.4050440490245819, 0.03569849580526352, 0.0, 0.590900182723999]","[0.0035172104835510254, 0.0009349137544631958, -0.006964325904846191, -0.0027531832456588745, 0.014768145978450775, 0.007293052971363068, 1.0]",1.2000000476837158,8,12,497,6
"[0.31662440299987793, -0.07068338990211487, 0.07541555911302567, -0.07598548382520676, -0.33458223938941956, 0.19585387408733368, 0.0, 1.0001531839370728]","[0.006987452507019043, -0.013631206005811691, 0.014065070077776909, 0.007885881699621677, -0.00831577368080616, 0.021051891148090363, 1.0]",2.5999999046325684,4,0,249,8
"[0.32399216294288635, 0.0071883671917021275, 0.05263395607471466, -0.0078101856634020805, 0.01387225091457367, 0.03683669492602348, 0.0, 0.9988223910331726]","[-0.002481013536453247, 0.007045954465866089, 0.0024325549602508545, -0.029401510953903198, -0.014857793226838112, -0.07428091019392014, 0.0]",3.4000000953674316,43,2,454,6
"[0.3678421974182129, 0.013901419937610626, 0.1802240014076233, 0.05378348007798195, -0.28364208340644836, -0.024135654792189598, 0.0, 1.0001531839370728]","[0.001568138599395752, -0.0012489557266235352, -0.005211234092712402, 0.0010650008916854858, 0.003861643373966217, 0.008496025577187538, 1.0]",1.600000023841858,43,7,2,4
"[0.32054242491722107, 0.11771957576274872, 0.016998743638396263, 0.4501965343952179, -0.14512862265110016, 0.39257222414016724, 0.0, 0.329172819852829]","[-0.0014960169792175293, 0.0017198547720909119, 0.01153191551566124, -0.023506246507167816, -0.00029152631759643555, 0.006525874137878418, 1.0]",0.20000000298023224,37,3,460,2
"[0.32828474044799805, 0.11911454796791077, 0.11108461022377014, -0.255471795797348, -0.22297458350658417, 0.8176801204681396, 0.0, 0.5570889115333557]","[0.005472093820571899, -0.010977325029671192, -0.003999374806880951, -0.021341197192668915, -0.02643466740846634, 0.028824135661125183, 1.0]",2.200000047683716,38,13,341,5
"[0.3611587882041931, 0.012039274908602238, 0.147140771150589, 0.15245315432548523, -0.2083345651626587, 0.23993921279907227, 0.0, 0.05980546772480011]","[0.007428497076034546, -0.005681052803993225, -0.002034604549407959, 0.005206752568483353, -0.004827268421649933, -0.01271357573568821, 1.0]",1.7999999523162842,4,7,218,2
"[0.3490220606327057, 0.01020077895373106, 0.025544367730617523, 0.0746961310505867, -0.29099327325820923, 0.42258191108703613, 0.0, 0.09624730050563812]","[0.001072809100151062, 0.0014394260942935944, -0.0033921394497156143, 0.007581055164337158, 0.00983428955078125, 0.0033643245697021484, 0.0]",6.199999809265137,15,6,372,3
"[0.34598034620285034, 0.006295319646596909, 0.023708565160632133, 0.09307949990034103, -0.2996857762336731, 0.41998180747032166, 0.0, 0.3754602372646332]","[-0.0009132921695709229, -0.006734184920787811, 0.0017477069050073624, -0.016865402460098267, 0.008017905056476593, 0.023395180702209473, 0.0]",2.799999952316284,5,5,198,4
"[0.2721969783306122, 0.1566530466079712, 0.028731819242239, 0.015471400693058968, -0.2905288338661194, 0.6737029552459717, 0.0, 0.06742517650127411]","[-0.0028676092624664307, -0.00031915679574012756, -0.010419152677059174, 0.0029785186052322388, 0.032133549451828, -0.0022366840858012438, 1.0]",2.200000047683716,4,6,52,3
"[0.30576092004776, 0.10836227238178253, 0.11767810583114624, -0.2672543227672577, -0.21625708043575287, 0.7823659181594849, 0.0, 0.5570889115333557]","[0.007708728313446045, 0.00729721412062645, 0.02398579567670822, -0.03224439173936844, -0.07679697871208191, 0.07549768686294556, 0.0]",1.0,34,11,7,8
"[0.3336177170276642, 0.1049250140786171, -0.047795578837394714, -0.0379023514688015, 0.011840634047985077, 0.37096986174583435, 0.0, 0.9367310404777527]","[0.024643659591674805, -0.051757968962192535, 0.03801141306757927, -0.032701440155506134, -0.03551396727561951, 0.02857339382171631, 1.0]",2.200000047683716,20,0,418,0
"[0.37244275212287903, -0.10714289546012878, 0.09701602160930634, -0.10714847594499588, -0.39433637261390686, 0.14742399752140045, 0.0, 0.590900182723999]","[0.002765148878097534, 0.00025210902094841003, -0.018504850566387177, -0.026826858520507812, 0.03841881453990936, -0.003613889217376709, 0.0]",7.400000095367432,14,4,266,0
"[0.31770747900009155, 0.024596692994236946, 0.04332714527845383, -0.003090820275247097, -0.01883852481842041, -0.024111103266477585, 0.0, 0.9954678416252136]","[-0.005965083837509155, -0.008738063275814056, 0.018279295414686203, -0.038230739533901215, -0.01066964864730835, -0.022445321083068848, 0.0]",0.4000000059604645,18,13,305,8
"[0.3655584454536438, -0.0014757135650143027, 0.0775146633386612, -0.27951735258102417, -0.13012032210826874, 0.4347180724143982, 0.0, 0.05980546772480011]","[0.0024738609790802, -0.009521856904029846, -0.002409572247415781, -0.014615263789892197, -0.005644448101520538, 6.887316703796387e-05, 1.0]",5.199999809265137,22,4,71,4
"[0.29393383860588074, -0.005958738271147013, 0.14332221448421478, -0.17393796145915985, -0.010062526911497116, 0.2583359181880951, 0.0, 1.0001531839370728]","[-0.0007811486721038818, -0.001086413860321045, -0.0002311086282134056, -0.004412591457366943, 0.003315575420856476, -0.011360019445419312, 1.0]",3.5999999046325684,18,11,397,3
"[0.3794301450252533, -0.003302312456071377, 0.07798657566308975, 0.0608147569000721, -0.46366843581199646, -0.075630784034729, 0.0, 1.0001531839370728]","[0.0015596449375152588, 0.006646730005741119, -0.0076241567730903625, 0.01337257120758295, 0.014833331108093262, 0.0016256552189588547, 0.0]",6.0,6,3,336,5
"[0.3245970904827118, -0.05806126073002815, 0.11267803609371185, -0.011357060633599758, 0.03200840577483177, 0.26008662581443787, 0.0, 0.4690495729446411]","[-0.0004863739013671875, 0.003498651087284088, -0.01861206442117691, -0.017851831391453743, -0.013726690784096718, -0.0911824032664299, 0.0]",4.599999904632568,10,13,346,4
"[0.36740192770957947, 0.073517344892025, 0.08961327373981476, -0.023382851853966713, 0.11900310218334198, 0.04253058508038521, 0.0, 0.9968144297599792]","[-0.00459626317024231, 0.016762839630246162, 0.021431393921375275, -0.007276332005858421, -0.00028930604457855225, 0.03982502222061157, 1.0]",3.799999952316284,45,12,117,4
"[0.32850632071495056, 0.13207319378852844, 0.01119249314069748, -0.03570988029241562, 0.04251899942755699, -0.5852181911468506, 0.0, 0.32440370321273804]","[0.0015494823455810547, -0.005128020886331797, 0.002296656370162964, -0.0008736634626984596, 0.00024987291544675827, 0.02064366638660431, 1.0]",4.0,28,5,68,3
"[0.27534857392311096, 0.00896287988871336, 0.13807763159275055, 0.019477708265185356, -0.06923382729291916, 0.0926114022731781, 0.0, 0.9994885921478271]","[-0.0021291524171829224, -0.028953097760677338, -0.01205533742904663, -0.06017950177192688, 0.022524651139974594, 0.051861733198165894, 1.0]",5.199999809265137,14,4,89,9
"[0.2362571805715561, -0.050705671310424805, 0.04993851110339165, -0.13647420704364777, -0.2364763766527176, 0.41331472992897034, 0.0, 0.5570889115333557]","[0.003881126642227173, -0.004114501178264618, 0.00650295615196228, 0.005029637366533279, -0.004648543894290924, 0.008701447397470474, 1.0]",7.0,9,12,124,10
"[0.2540062665939331, 0.1710006445646286, 0.008734873495995998, -0.03896598890423775, 0.048341408371925354, 0.19984674453735352, 0.0, 0.729983389377594]","[-0.0061761438846588135, -0.0027222633361816406, -0.022619077935814857, -0.0003018900752067566, -0.0069434791803359985, 0.05888395756483078, 1.0]",3.200000047683716,31,12,100,3
"[0.2660273313522339, 0.1872887909412384, 0.049167390912771225, -0.06782554090023041, 0.07988336682319641, 0.006798408925533295, 0.0, 0.5749470591545105]","[0.006911426782608032, 0.034419283270835876, 0.023294225335121155, -0.05085238814353943, -0.06197579205036163, 0.24791917204856873, 0.0]",6.199999809265137,36,13,323,0
"[0.3062121868133545, 0.07960174977779388, 0.1281067579984665, 0.4555695950984955, -0.058987509459257126, 0.2040058821439743, 0.0, 0.10553344339132309]","[0.003829658031463623, -0.0006173402070999146, 0.012312564998865128, -0.012537732720375061, -0.034206315875053406, -0.025220930576324463, 1.0]",5.800000190734863,27,1,224,3
"[0.42178595066070557, -0.0899340882897377, 0.08381674438714981, -0.012329266406595707, -0.3899479806423187, -0.006031729746609926, 0.0, 0.590900182723999]","[2.8967857360839844e-05, -0.004465676844120026, -0.00540509819984436, 0.00805075466632843, 0.013256289064884186, -0.03184746578335762, 0.0]",3.4000000953674316,31,0,91,11
"[0.33157166838645935, -0.04459255188703537, 0.1102728545665741, -0.06456160545349121, -0.41778483986854553, 0.06154850497841835, 0.0, 1.0001531839370728]","[-2.4497509002685547e-05, -0.00038171373307704926, 9.296461939811707e-06, -0.0024343710392713547, 0.00022735726088285446, 0.0034244125708937645, 1.0]",0.4000000059604645,22,1,60,0
"[0.36111223697662354, 0.01563718169927597, 0.1268596649169922, 0.08586934953927994, -0.311591774225235, -0.08536745607852936, 0.0, 1.0001531839370728]","[-0.008052259683609009, 0.014993168413639069, -0.011760188266634941, -0.0060194432735443115, -0.028086751699447632, 0.05551816523075104, 1.0]",6.199999809265137,28,8,163,4
"[0.2959165871143341, 0.08480032533407211, 0.07675161957740784, 0.3958094120025635, -0.10785921663045883, 0.09630846232175827, 0.0, 0.9913908839225769]","[-0.0005968213081359863, -0.0036721564829349518, 0.00034277886152267456, 0.010733652859926224, -0.002899080514907837, 0.014613538980484009, 1.0]",1.0,23,9,356,4
"[0.29772984981536865, -0.06953689455986023, 0.012653003446757793, 0.148822620511055, -0.047375455498695374, 0.21186195313930511, 0.0, 0.8598465323448181]","[-0.0017892420291900635, 0.0069260685704648495, 0.02379101887345314, -0.0011321529746055603, -0.029799900949001312, -0.005722939968109131, 1.0]",1.399999976158142,2,8,57,10
"[0.2536962628364563, 0.17302702367305756, 0.010648484341800213, -0.04757770150899887, 0.050748489797115326, 0.10423260182142258, 0.0, 0.5769375562667847]","[-0.0036367177963256836, 0.002584010362625122, 0.006610101088881493, 0.03559286519885063, 0.041431427001953125, 0.008159071207046509, 0.0]",6.0,20,6,328,0
"[0.1885860115289688, 0.24075345695018768, 0.03400575742125511, 0.2709304392337799, -0.23677368462085724, 0.5768381357192993, 0.0, 1.0054124593734741]","[-0.0015489459037780762, -0.016400622203946114, -0.025668252259492874, -0.014183375984430313, 0.06988696753978729, -0.04577399045228958, 0.0]",3.200000047683716,3,1,34,0
"[0.32241952419281006, 0.14132985472679138, -0.00023434075410477817, -0.045102838426828384, -0.03232685104012489, 0.38506630063056946, 0.0, 0.9988223910331726]","[0.006704121828079224, -0.00505269318819046, -0.00047440826892852783, -1.1399388313293457e-05, 0.009804852306842804, 0.0024734321050345898, 1.0]",4.199999809265137,34,2,326,1
"[0.3810169994831085, 0.08517017215490341, 0.03656504675745964, 0.05672810599207878, 0.07009007781744003, 0.2855724096298218, 0.0, 1.0001531839370728]","[0.002025127410888672, 0.00031100213527679443, 0.008466403931379318, -0.014360729604959488, 0.025063782930374146, -0.030618391931056976, 0.0]",2.4000000953674316,10,9,383,2
"[0.3746700584888458, 0.05875549465417862, 0.02406129613518715, 0.031258709728717804, 0.08714231103658676, 0.2760023772716522, 0.0, 0.5452468395233154]","[-0.0040680766105651855, 0.0008625872433185577, 0.028880901634693146, 0.010514650493860245, -0.03220605105161667, 0.017523393034934998, 1.0]",0.0,29,5,65,5
"[0.3870069086551666, -0.1102900356054306, 0.051653772592544556, 0.11927099525928497, -0.19387568533420563, 0.013545951806008816, 0.0, 1.0001531839370728]","[0.008392751216888428, 0.0007210001349449158, -0.010951481759548187, 0.025847796350717545, -0.015819936990737915, -0.010032162070274353, 1.0]",0.800000011920929,1,0,300,9
"[0.33517104387283325, 0.09839987754821777, 0.07627293467521667, -0.15977631509304047, -0.21308428049087524, 0.6733096241950989, 0.0, 0.9295665621757507]","[0.0008087456226348877, -0.00015041232109069824, -0.00045946985483169556, -0.0016862619668245316, -0.005821458995342255, 0.004555985331535339, 0.0]",3.4000000953674316,29,12,337,4
"[0.3767485022544861, 0.09950557351112366, 0.034531369805336, 0.19076316058635712, -0.04332887753844261, -0.7756373882293701, 0.0, 0.6561112403869629]","[-0.017583250999450684, 0.025714531540870667, -0.008991070091724396, -0.028877785429358482, 0.009734272956848145, 0.04269540309906006, 0.0]",1.0,37,7,4,4
"[0.2095075398683548, -0.019733140245079994, 0.060511961579322815, -0.12110365927219391, -0.1425071656703949, 0.23050303757190704, 0.0, 1.0001531839370728]","[-0.0001144707202911377, -0.0016777217388153076, 0.008091241121292114, 0.049483489245176315, -0.02726775035262108, -0.103579580783844, 0.0]",7.199999809265137,0,8,376,6
"[0.313557893037796, -0.08079022914171219, 0.06765469908714294, -0.06850878149271011, -0.33691421151161194, 0.1778038591146469, 0.0, 1.0008161067962646]","[0.0007842779159545898, -0.004344180226325989, 0.0005712383426725864, 0.004921048879623413, -0.001427769660949707, -0.005682915449142456, 0.0]",5.400000095367432,0,9,161,3
"[0.2915134131908417, 0.1313997507095337, 0.12693850696086884, -0.04355896636843681, 0.08160239458084106, 0.035425130277872086, 0.0, 0.5729578137397766]","[0.0011398494243621826, -0.004820141941308975, -0.0005672872066497803, -0.006827068515121937, 0.013182312250137329, -0.038510579615831375, 1.0]",3.0,20,3,75,4
"[0.2475033551454544, -0.03745728358626366, 0.009566172026097775, -0.07511399686336517, -0.20643486082553864, 0.4158915877342224, 0.0, 0.5580781102180481]","[0.006714925169944763, -0.006324306130409241, -0.007426083087921143, -0.003926791250705719, -0.03281204402446747, 0.033554285764694214, 1.0]",1.2000000476837158,16,5,353,8
"[0.3588225543498993, -0.07567361742258072, 0.037817083299160004, 0.17429378628730774, -0.2269802689552307, 0.16536355018615723, 0.0, 1.0001531839370728]","[-0.007298141717910767, 0.011219426989555359, -0.01021566055715084, -0.00892580859363079, 0.01494133472442627, 0.014227628707885742, 0.0]",7.599999904632568,14,1,213,11
"[0.3218652307987213, 0.06288135051727295, 0.14683109521865845, 0.3967380225658417, -0.115786112844944, 0.19075742363929749, 0.0, 0.0600886270403862]","[-0.010259568691253662, -0.011457517743110657, -0.000981925055384636, -0.016081228852272034, -0.0016839690506458282, -0.014081895351409912, 0.0]",0.800000011920929,13,0,320,3
"[0.3328533470630646, 0.11126498878002167, -0.03421912342309952, -0.05791478604078293, -0.028541268780827522, 0.38863039016723633, 0.0, 0.9988223910331726]","[0.017215758562088013, 0.032542020082473755, 0.0052246153354644775, -0.013616353273391724, 0.017613917589187622, 0.07653367519378662, 0.0]",5.199999809265137,7,11,350,8
"[0.30239102244377136, 0.04316258803009987, 0.038508426398038864, -0.011313390918076038, 0.021410245448350906, -0.020927641540765762, 0.0, 0.9981546401977539]","[0.00515437126159668, -0.014971384778618813, 0.005954638123512268, -0.0035498589277267456, -0.019216954708099365, 0.039305977523326874, 1.0]",5.599999904632568,13,2,101,10
"[0.32920798659324646, 0.09720034897327423, 0.04733927175402641, -0.04538407549262047, 0.061912693083286285, -0.3083595633506775, 0.0, 0.9988223910331726]","[0.0006501376628875732, -0.00012569129467010498, 0.000795900821685791, -0.0013099145144224167, -0.004357382655143738, 0.002932608127593994, 0.0]",6.599999904632568,6,13,94,10
"[0.33236318826675415, 0.01005774736404419, 0.03251129761338234, -0.011979015544056892, -0.05718487501144409, -0.7398959398269653, 0.0, 0.12885156273841858]","[0.01441425085067749, 0.011154459789395332, 0.021002590656280518, -0.07383537292480469, -0.0131300687789917, 0.07920956611633301, 1.0]",6.199999809265137,21,4,74,3
"[0.3489975333213806, 0.009521648287773132, 0.02550700306892395, 0.07268599420785904, -0.2906650900840759, 0.4255286455154419, 0.0, 0.25961822271347046]","[0.01435631513595581, -0.009853653609752655, -0.008406184613704681, 0.002868127077817917, 0.0016183853149414062, -0.005862301215529442, 1.0]",5.400000095367432,43,4,235,5
"[0.2807636857032776, 0.08441998064517975, 0.12171658873558044, -0.008028939366340637, -0.017223766073584557, -0.019993223249912262, 0.0, 0.36865687370300293]","[0.003134816884994507, -0.0014678463339805603, -0.006869882345199585, 0.01317992527037859, -0.004410047084093094, -0.09353679418563843, 1.0]",9.0,14,1,79,0
"[0.2910763919353485, 0.002422513673081994, 0.13804225623607635, -0.20920924842357635, -0.18267855048179626, 1.0700443983078003, 0.0, 1.0008161067962646]","[-0.0008888542652130127, 0.0006344467401504517, 0.001669619232416153, -0.003075193613767624, 0.01412784494459629, 0.012313306331634521, 0.0]",8.0,25,2,284,6
"[0.437259316444397, -0.07091253995895386, 0.06081029772758484, -0.0851673111319542, -0.475276380777359, 0.17246608436107635, 0.0, 0.905788779258728]","[0.007133960723876953, 0.00416569784283638, -0.002085283398628235, -0.009775504469871521, -0.001284778118133545, 0.008293390274047852, 0.0]",3.799999952316284,36,12,315,7
"[0.33524706959724426, 0.07960119098424911, 0.009350196458399296, 0.045792508870363235, -0.019914578646421432, 0.6009700894355774, 0.0, 0.8463236093521118]","[0.002085179090499878, -0.0022594481706619263, -0.006608671508729458, -0.005791172385215759, -0.002488836646080017, 0.012663304805755615, 1.0]",5.599999904632568,18,11,127,9
"[0.29287949204444885, 0.10687372088432312, 0.030144358053803444, -0.0524325855076313, 0.10344535857439041, 0.015454636886715889, 0.0, 0.9994885921478271]","[-0.0009102523326873779, 0.006472468376159668, 0.018520966172218323, -0.003574572503566742, -0.008756287395954132, -0.009320657700300217, 1.0]",7.199999809265137,33,4,85,4
"[0.3135194480419159, 0.03740528225898743, 0.04383902996778488, 0.002172186505049467, -0.018322646617889404, 0.06813749670982361, 0.0, 0.9981546401977539]","[0.009005963802337646, 0.004946592263877392, 0.0001551210880279541, 0.039709508419036865, 0.012248627841472626, 0.018864497542381287, 1.0]",1.399999976158142,37,8,226,3
"[0.19268496334552765, 0.013055914081633091, 0.07239152491092682, -0.07582452893257141, -0.06185165047645569, 0.14910554885864258, 0.0, 1.0001531839370728]","[0.007813245058059692, -0.0022190362215042114, 0.026154296472668648, 0.020384561270475388, 0.023213520646095276, 0.1750796139240265, 0.0]",1.2000000476837158,44,3,166,8
"[0.33448442816734314, 0.053385790437459946, 0.034410253167152405, -0.12313590198755264, 0.22051487863063812, 0.9810203909873962, 0.0, 0.4699908196926117]","[0.011016041040420532, 0.00417143851518631, -0.0018383190035820007, 0.0070937275886535645, -0.00509113073348999, 0.01548081636428833, 0.0]",4.599999904632568,0,12,245,4
"[0.3113178610801697, 0.0030646556988358498, 0.034088313579559326, -0.029391160234808922, -0.05714856833219528, -0.7895169854164124, 0.0, 0.12885156273841858]","[0.0014284253120422363, -0.008116725832223892, -0.004513159394264221, -0.011729203164577484, -0.029254138469696045, 0.017233271151781082, 1.0]",4.199999809265137,18,4,197,2
"[0.4277954399585724, -0.07855110615491867, 0.07901324331760406, 0.0014261308824643493, -0.3906046450138092, 0.003056690562516451, 0.0, 0.590900182723999]","[-0.004222303628921509, -0.0060852342285215855, 2.572685480117798e-05, 0.0038282950408756733, -0.003181174397468567, -0.022336022928357124, 1.0]",5.0,37,1,212,6
"[0.24704861640930176, -0.03711351007223129, 0.010003593750298023, -0.05239887535572052, -0.2145780771970749, 0.45380327105522156, 0.0, 0.5580781102180481]","[-0.002636730670928955, -0.0010842755436897278, 0.0007331203669309616, -0.004746869206428528, -0.000823482871055603, -0.0030265450477600098, 0.0]",5.0,25,7,97,5
"[0.44132035970687866, -0.07000649720430374, 0.06433336436748505, -0.06542280316352844, -0.508517324924469, 0.15613186359405518, 0.0, 0.639030933380127]","[-0.0005554854869842529, 0.0028445273637771606, 0.0011826884001493454, -0.0030656345188617706, 0.01664486527442932, 0.030067741870880127, 0.0]",0.800000011920929,46,3,262,1
"[0.34091541171073914, 0.07157571613788605, 0.16588152945041656, 0.038496363908052444, -0.2147454172372818, -0.08580075949430466, 0.0, 0.9994885921478271]","[-0.02207210659980774, 0.03172320872545242, -0.0010589882731437683, -0.0011424031108617783, 0.006166502833366394, 0.1219300776720047, 1.0]",1.399999976158142,25,1,282,1
"[0.4383680820465088, -0.07160475850105286, 0.06181429326534271, -0.07468800991773605, -0.48597589135169983, 0.16064149141311646, 0.0, 0.9231109023094177]","[-0.005260378122329712, 0.008165251463651657, 0.0031345412135124207, -0.009223880246281624, -0.020505337044596672, 0.19597047567367554, 1.0]",3.5999999046325684,10,8,431,11
"[0.367258220911026, -0.011024747043848038, 0.06524195522069931, -0.3397999107837677, -0.1135895773768425, 0.4455345571041107, 0.0, 0.05980546772480011]","[-0.0013244450092315674, -0.008803606033325195, -0.0032514985650777817, -0.0027764439582824707, 0.01113852858543396, -0.016688644886016846, 1.0]",4.400000095367432,35,2,0,9
"[0.30473148822784424, 0.0022143651731312275, 0.036083001643419266, -0.03308197483420372, -0.05841544643044472, -0.8049193024635315, 0.0, 0.12885156273841858]","[0.0034426450729370117, 0.002215978689491749, 0.0024106167256832123, -0.021044552326202393, 0.005966484546661377, 0.0013211071491241455, 0.0]",1.2000000476837158,38,8,312,2
"[0.3508254289627075, 0.0069715543650090694, 0.018179060891270638, 0.029234103858470917, -0.29825448989868164, 0.43060749769210815, 0.0, 1.0099300146102905]","[-0.007190585136413574, -0.002931922674179077, -0.017233606427907944, -0.04443502426147461, -0.011319056153297424, -0.005850672721862793, 0.0]",8.0,19,10,389,6
"[0.29543474316596985, 0.021506095305085182, 0.10504376143217087, -0.028988534584641457, -0.09767346829175949, -0.8309139013290405, 0.0, 1.0027955770492554]","[-0.0003019571304321289, 0.0005645900964736938, -0.012290090322494507, 0.007056638598442078, 0.028408879414200783, -0.002003982663154602, 0.0]",4.199999809265137,32,11,327,4
"[0.3337903618812561, 0.11671540141105652, 0.01505210716277361, 0.04382123425602913, -0.04552795737981796, -0.520865797996521, 0.0, 0.9988223910331726]","[-0.0013507306575775146, 0.011465638875961304, -0.018832817673683167, -0.11421005427837372, -0.016955256462097168, 0.053387582302093506, 0.0]",1.399999976158142,22,11,22,4
"[0.2822086811065674, 0.14184747636318207, 0.03593888506293297, 0.024562561884522438, -0.30407992005348206, 0.6536040306091309, 0.0, 0.06772904843091965]","[-0.009791791439056396, 0.008949913084506989, 0.017604663968086243, -0.0245603546500206, -0.012262612581253052, 0.016330182552337646, 0.0]",7.800000190734863,4,11,247,4
"[0.32418930530548096, 0.10557244718074799, 0.030191197991371155, -0.02657887153327465, 0.011746024712920189, -0.5159364342689514, 0.0, 0.9988223910331726]","[-0.00020200014114379883, 0.0015836060047149658, -0.0109449103474617, 3.612041473388672e-05, -0.008272327482700348, 0.02667255699634552, 1.0]",2.4000000953674316,34,5,444,4
"[0.33100050687789917, 0.12579838931560516, 0.1172012984752655, 0.060402680188417435, 0.00870551634579897, 0.2604852616786957, 0.0, 0.3236125409603119]","[-0.0012142956256866455, 0.000499531626701355, -0.014505498111248016, 0.003110051155090332, 0.009664982557296753, 0.00584489107131958, 1.0]",3.5999999046325684,1,6,248,9
"[0.2975686192512512, -0.005848520901054144, 0.07419126480817795, -0.02284906804561615, -0.1768721640110016, 0.9831995368003845, 0.0, 1.0008161067962646]","[0.011355951428413391, 0.03051701933145523, 0.020012274384498596, -0.035121798515319824, -0.010101169347763062, 0.07644596695899963, 0.0]",6.599999904632568,13,4,49,4
"[0.3356664180755615, 0.08157910406589508, 0.08542583882808685, -0.08058434724807739, 0.092499740421772, 0.3328106999397278, 0.0, 0.36865687370300293]","[0.00675259530544281, -0.003920025657862425, -0.0216180682182312, 0.03305559232831001, 0.02608119323849678, -0.0011302977800369263, 0.0]",5.400000095367432,16,3,130,7
"[0.22830051183700562, 0.19628877937793732, 0.07119672000408173, 0.20829282701015472, -0.302913099527359, 0.49546754360198975, 0.0, 1.0008161067962646]","[0.005186527967453003, -0.0005713021382689476, 0.002519596368074417, -0.031346216797828674, -0.0026710033416748047, 0.004613101482391357, 0.0]",5.400000095367432,9,11,164,8
"[0.3421974182128906, 0.058521389961242676, 0.08436422795057297, -0.14005327224731445, 0.11505690962076187, 0.8789958953857422, 0.0, 1.0001531839370728]","[0.0025501549243927, 0.0017767474055290222, -0.016418159008026123, -0.008004266768693924, -0.012591894716024399, -0.039893388748168945, 1.0]",4.800000190734863,8,11,160,3
"[0.3315085172653198, -0.023641979321837425, 0.135972261428833, -0.06220944970846176, -0.02996738813817501, 0.5080057978630066, 0.0, 0.4699908196926117]","[-0.0028551816940307617, 0.0016730353236198425, 0.0006341170519590378, -0.019794011488556862, 0.010019749402999878, 0.057926058769226074, 0.0]",6.199999809265137,19,0,467,11
"[0.3279324769973755, 0.07431913167238235, 0.006995378527790308, 0.04378882423043251, 0.021718962118029594, 0.8159528374671936, 0.0, 0.6430501937866211]","[0.006091088056564331, 0.0007383525371551514, -0.00565863773226738, -0.007775120437145233, 0.006992816925048828, 0.00402320921421051, 1.0]",3.200000047683716,30,7,295,4
"[0.2530640661716461, 0.1833152025938034, 0.011359002441167831, -0.04640151932835579, 0.04528307542204857, 0.08793522417545319, 0.0, 0.5759422183036804]","[0.007215410470962524, 0.004284197464585304, 0.02724476158618927, -0.018147148191928864, -0.053877368569374084, 0.002255118452012539, 1.0]",3.799999952316284,30,11,256,2
"[0.37822404503822327, 0.06094612926244736, 0.02365449070930481, 0.014725850895047188, 0.08784644305706024, 0.2763730585575104, 0.0, 0.6551066637039185]","[0.00010573863983154297, 0.0014960779808461666, -0.003468286246061325, -0.02295207977294922, -0.0006209611892700195, 0.00973162055015564, 0.0]",7.400000095367432,23,1,302,8
"[0.34480777382850647, 0.04719226434826851, 0.030759135261178017, 0.10201314091682434, -0.07109996676445007, -0.8109048008918762, 0.0, 0.12930262088775635]","[-0.0016615688800811768, -0.0011539813131093979, 1.11311674118042e-05, 0.0024054208770394325, 0.011167283169925213, 0.033609263598918915, 1.0]",0.4000000059604645,18,1,402,8
"[0.31969815492630005, -0.005185405258089304, 0.050874724984169006, 0.0018868938786908984, 0.019895823672413826, 0.01149892807006836, 0.0, 0.9988223910331726]","[-0.022227466106414795, 0.02569006383419037, 0.04540311545133591, -0.033593207597732544, -0.07232135534286499, 0.005117863416671753, 1.0]",4.199999809265137,6,5,234,2
"[0.31284299492836, 0.11976040154695511, 0.1219157725572586, -0.04277704656124115, 0.07076539844274521, 0.012460747733712196, 0.0, 0.9974852800369263]","[-0.008517354726791382, -0.00029233843088150024, -0.0023966431617736816, 0.00811900943517685, 0.010110796429216862, 0.10624773800373077, 0.0]",8.399999618530273,23,2,479,4
"[0.3105262219905853, -0.10335873812437057, 0.06255430728197098, -0.07573838531970978, -0.33226969838142395, 0.15399302542209625, 0.0, 1.0008161067962646]","[0.0008287131786346436, -0.0028666704893112183, -0.0016026049852371216, -0.017932046204805374, 0.0030986815690994263, 0.00837680697441101, 1.0]",7.800000190734863,44,3,441,11
"[0.31036436557769775, -0.09456188231706619, 0.0657307356595993, -0.07850058376789093, -0.3360181152820587, 0.16012918949127197, 0.0, 1.0008161067962646]","[0.000125885009765625, 0.0026719830930233, 0.0009291358292102814, 0.021736562252044678, -0.006445243954658508, 0.005966126918792725, 0.0]",3.0,3,2,251,4
"[0.34833770990371704, 0.016613472253084183, 0.01647818647325039, 0.04508015513420105, -0.25880762934684753, 0.443683922290802, 0.0, 0.13759112358093262]","[0.006479352712631226, -0.006070390343666077, -0.0031742043793201447, -0.0007749646902084351, -0.009514302015304565, -0.00043360888957977295, 1.0]",8.399999618530273,18,9,25,6
"[0.4442124366760254, -0.07312802970409393, 0.06540636718273163, -0.08714156597852707, -0.5265883803367615, 0.16221119463443756, 0.0, 0.5799254179000854]","[0.0018825232982635498, -0.01523454487323761, -0.00193805992603302, -0.007280465215444565, 0.010531120002269745, 0.019530145451426506, 0.0]",8.399999618530273,32,6,88,5
"[0.3730919659137726, 0.10084924846887589, 0.05465737357735634, 0.17858318984508514, -0.08091527223587036, -0.7954994440078735, 0.0, 0.9994885921478271]","[-0.013632595539093018, 0.01636342704296112, -0.007682779338210821, 0.01290818303823471, 0.004697773139923811, 0.031874269247055054, 1.0]",8.800000190734863,11,5,116,3
"[0.3315437436103821, -0.053309887647628784, 0.11070263385772705, -0.007712796796113253, 0.044976480305194855, 0.1158139631152153, 0.0, 1.0001531839370728]","[0.004566848278045654, -0.004834214225411415, 0.0026821643114089966, 0.014049626886844635, -0.0006088688969612122, 0.04056127369403839, 1.0]",7.800000190734863,17,1,191,11
"[0.3289349675178528, 0.033658143132925034, 0.07491117715835571, -0.18396902084350586, 0.11969172954559326, 0.9033598899841309, 0.0, 0.4699908196926117]","[0.00017258524894714355, 0.00179305300116539, 0.0022588474676012993, 0.017350245267152786, 0.007606536149978638, -0.004087716341018677, 0.0]",9.199999809265137,38,4,10,3
"[0.33623284101486206, 0.06997218728065491, 0.10680289566516876, -0.012881632894277573, -0.036492664366960526, 0.9579260349273682, 0.0, 0.062092870473861694]","[0.0028097331523895264, -0.002880662679672241, -0.0021341685205698013, 0.011059492826461792, -0.00977332890033722, -0.014952272176742554, 0.0]",5.599999904632568,14,0,445,4
"[0.35099247097969055, 0.05369448661804199, 0.030051998794078827, 0.11433389037847519, -0.06444328278303146, -0.809807300567627, 0.0, 0.12930262088775635]","[0.011118948459625244, -0.04665369167923927, 0.023332107812166214, 0.03299415856599808, -0.03285723924636841, 0.008870929479598999, 1.0]",4.599999904632568,2,13,324,2
"[0.3499322831630707, 0.08967819809913635, 0.09277986735105515, -0.0472051277756691, 0.09401071071624756, 0.011133152060210705, 0.0, 0.9961419701576233]","[-0.003927767276763916, -0.005757579114288092, -0.0014295615255832672, 0.004068023059517145, 0.004483885131776333, -0.022258978337049484, 1.0]",5.199999809265137,39,2,9,4
"[0.24232913553714752, -0.04709196090698242, 0.01912194862961769, -0.10641831159591675, -0.2187134474515915, 0.357074499130249, 0.0, 1.0001531839370728]","[0.010878413915634155, 0.01204247772693634, 0.014228545129299164, -0.04001231491565704, -0.009768038988113403, 0.06699371337890625, 1.0]",1.7999999523162842,7,11,95,3
"[0.28978049755096436, 0.09911155700683594, 0.021992746740579605, 0.022669369354844093, -0.021719498559832573, 0.09677035361528397, 0.0, 0.3236125409603119]","[0.0017583668231964111, 0.004849076271057129, -0.006766676902770996, 0.04007542505860329, -0.0363803505897522, -0.1554107666015625, 1.0]",0.6000000238418579,27,11,73,11
"[0.3273865878582001, 0.127878338098526, 0.008028523996472359, -0.032319504767656326, 0.0160389244556427, -0.5211430191993713, 0.0, 0.33237314224243164]","[-0.0012821555137634277, -0.0013752952218055725, -0.0009025037288665771, -0.010962605476379395, 0.002562757581472397, 0.003591001033782959, 0.0]",3.799999952316284,16,10,151,11
"[0.3223339021205902, 0.0024405561853200197, 0.1370910257101059, -0.13116435706615448, -0.0252583809196949, 0.6855555772781372, 0.0, 0.4699908196926117]","[0.007330894470214844, 0.0038031786680221558, -0.0010985806584358215, 0.011034647934138775, -0.005320370197296143, -0.016321567818522453, 0.0]",3.0,4,1,236,4
"[0.323764830827713, -0.011073344387114048, 0.11991464346647263, 0.02664921246469021, 0.07489070296287537, 0.029619790613651276, 0.0, 1.0001531839370728]","[-0.008282601833343506, 0.008592993021011353, 0.040245965123176575, 0.03520721197128296, -0.00356949120759964, 0.010566174983978271, 0.0]",8.800000190734863,9,12,82,4
"[0.3372957706451416, 0.05446663498878479, 0.03454522043466568, -0.12767846882343292, 0.21239973604679108, 0.9802332520484924, 0.0, 0.4690495729446411]","[-0.006353825330734253, -0.0014933273196220398, -0.00937720574438572, -0.021274521946907043, 0.0003158748149871826, -0.00391717255115509, 0.0]",5.599999904632568,27,0,311,4
"[0.3306526839733124, 0.07809097319841385, 0.00822322815656662, 0.050891343504190445, 0.0038354345597326756, 0.6918818354606628, 0.0, 0.9383087754249573]","[0.002489805221557617, 0.0003261864185333252, -0.009555239230394363, -0.021357357501983643, -0.027894511818885803, -0.00044564902782440186, 1.0]",4.199999809265137,40,4,190,6
"[0.3573607802391052, 0.08399714529514313, 0.09074526280164719, -0.041998375207185745, 0.08918344229459763, -0.0015804239083081484, 0.0, 0.9981546401977539]","[-0.004505038261413574, 0.0036273226141929626, -0.005045279860496521, 0.011279448866844177, 0.015320897102355957, 0.0013514608144760132, 1.0]",3.200000047683716,12,11,329,1
"[0.3491753041744232, 0.047419819980859756, 0.03452807292342186, -0.21173323690891266, 0.22761695086956024, 0.9601591229438782, 0.0, 0.4699908196926117]","[-0.00026986002922058105, -0.039497338235378265, 0.02002107724547386, -0.0209076926112175, -0.022639162838459015, -0.09678742289543152, 0.0]",1.600000023841858,24,10,388,2
"[0.3383207619190216, 0.1008339449763298, 0.10248330235481262, -0.04599623382091522, 0.08414269238710403, 0.020049234852194786, 0.0, 0.9974852800369263]","[0.008471667766571045, -0.031578585505485535, 0.00884091854095459, -0.002805255353450775, -0.018901661038398743, 0.024729672819375992, 1.0]",3.799999952316284,9,6,59,3
"[0.3399461507797241, 0.09890543669462204, 0.07488232851028442, -0.036289703100919724, 0.08294162899255753, -0.11297928541898727, 0.0, 0.9981546401977539]","[0.0254305899143219, 0.001082092523574829, -0.010442756116390228, 0.05489824712276459, -0.020941220223903656, -0.03811609745025635, 1.0]",8.199999809265137,44,12,231,11
"[0.3367270231246948, 0.1074543222784996, 0.15623390674591064, 0.0373670868575573, -0.21763896942138672, -0.17377890646457672, 0.0, 1.0001531839370728]","[-0.007985740900039673, 0.007929466664791107, 0.004641309380531311, -0.006321934051811695, -0.034721218049526215, 0.231303870677948, 1.0]",4.400000095367432,6,9,194,7
"[0.33581510186195374, 0.13750766217708588, 0.15725483000278473, 0.06322883814573288, -0.2945761978626251, -0.22982941567897797, 0.0, 1.0001531839370728]","[0.020341694355010986, -0.04369042441248894, 0.014972604811191559, -0.03975764662027359, 0.015703245997428894, 0.022005826234817505, 1.0]",0.6000000238418579,12,3,464,4
"[0.24555246531963348, 0.003532622242346406, 0.12176799029111862, 0.017208125442266464, -0.03822673112154007, 0.073272205889225, 0.0, 0.529549777507782]","[-0.0002976357936859131, 2.0543113350868225e-05, 0.0003732144832611084, 9.834766387939453e-06, -4.141032695770264e-05, 0.00016164779663085938, 1.0]",5.599999904632568,9,8,430,2
"[0.34655699133872986, 0.10058111697435379, 0.09327637404203415, -0.02766193076968193, 0.08462420105934143, 0.0011500244727358222, 0.0, 0.9981546401977539]","[-0.00609201192855835, -0.006037957966327667, -0.0009758397936820984, -0.026033958420157433, -0.0010130461305379868, -0.17388683557510376, 0.0]",3.0,5,6,463,7
"[0.3252865672111511, 0.03265278413891792, 0.10586703568696976, -0.21196964383125305, 0.06659465283155441, 0.8399404287338257, 0.0, 0.4699908196926117]","[0.0020780563354492188, -0.004706636071205139, 2.3245811462402344e-06, 0.0007552504539489746, 0.0005762204527854919, 0.011076711118221283, 0.0]",0.4000000059604645,17,6,433,1
"[0.2536647617816925, 0.17161664366722107, 0.011578789912164211, -0.04773335158824921, 0.07608859241008759, 0.18087650835514069, 0.0, 0.9961419701576233]","[-0.002173393964767456, -0.0024792104959487915, -0.005067214369773865, 0.001167096197605133, -0.006401553750038147, 0.01416344940662384, 0.0]",0.20000000298023224,3,12,173,4
"[0.3274730443954468, 0.08054567873477936, 0.010494580492377281, 0.03000023402273655, 0.0769953653216362, 0.8948257565498352, 0.0, 0.36865687370300293]","[0.008980125188827515, 0.009998549707233906, 0.026785381138324738, -0.0769398957490921, -0.012581780552864075, 0.06461167335510254, 1.0]",5.199999809265137,34,7,114,6
"[0.3414932191371918, 0.06180693581700325, 0.10366835445165634, -0.0036577521823346615, -0.015987327322363853, 0.7619555592536926, 0.0, 0.062092870473861694]","[-0.011644214391708374, -0.00586533872410655, -0.00019795820116996765, -0.012447256594896317, 0.0011238977313041687, -0.024731576442718506, 0.0]",2.4000000953674316,1,9,11,4
"[0.3346564471721649, -0.03745366260409355, 0.11417669802904129, -0.023760508745908737, -0.44425737857818604, 0.0002421536046313122, 0.0, 1.0001531839370728]","[-0.004287362098693848, -0.016199469566345215, -0.003970816731452942, 0.010816968977451324, 0.007995307445526123, -0.0573500394821167, 1.0]",2.200000047683716,21,11,204,8
"[0.3619554340839386, 0.07402212172746658, 0.09373102337121964, -0.041891809552907944, 0.09751289337873459, -0.009851297363638878, 0.0, 0.9981546401977539]","[0.00012287497520446777, 0.0007601231336593628, -0.00670020654797554, -0.010539006441831589, -0.0301969051361084, 0.013501718640327454, 1.0]",4.199999809265137,33,1,368,3
"[0.3397360146045685, 0.03784846141934395, 0.029268773272633553, 0.05748577415943146, -0.07169375568628311, -0.7985504269599915, 0.0, 0.12930262088775635]","[-0.0018010139465332031, 0.001210048794746399, 3.4458935260772705e-05, -0.001440882682800293, -0.0002512335777282715, 0.014636576175689697, 1.0]",4.800000190734863,25,12,458,4
"[0.3580743074417114, 0.0781366229057312, 0.08722806721925735, -0.04692144691944122, 0.10216143727302551, -0.018552744761109352, 0.0, 0.9981546401977539]","[0.002008587121963501, 0.0035604089498519897, 0.0014943499118089676, -0.0003151819109916687, 0.012352230027318, -0.07638847827911377, 0.0]",2.0,15,7,451,3
"[0.3290846645832062, 0.12857699394226074, 0.02012748084962368, -0.055872563272714615, 0.08209268748760223, -0.47380727529525757, 0.0, 0.32440370321273804]","[-0.02492743730545044, -0.024689817801117897, 0.007127359509468079, -0.029353052377700806, -0.038462452590465546, -0.19748741388320923, 1.0]",2.200000047683716,11,12,170,4
"[0.3365336060523987, 0.12404803931713104, -0.010000823996961117, -0.06646662950515747, -0.08403846621513367, 0.3969954252243042, 0.0, 0.9988223910331726]","[-0.021872252225875854, -0.0027510374784469604, 0.011086463928222656, 0.04086880385875702, 0.01744598150253296, -0.04575324058532715, 1.0]",7.199999809265137,7,2,490,6
"[0.40939927101135254, 0.12650947272777557, 0.11595673114061356, -0.18577297031879425, -0.32207420468330383, 1.5197995901107788, 0.0, 1.0008161067962646]","[-0.009023874998092651, -0.0005247369408607483, -0.019887566566467285, 0.02307150885462761, 0.01665288396179676, 0.08339227735996246, 0.0]",0.6000000238418579,33,4,436,1
"[0.18873903155326843, 0.026699427515268326, 0.07400287687778473, -0.05938684195280075, -0.04823758080601692, 0.1045922264456749, 0.0, 1.0001531839370728]","[-0.012151956558227539, 0.002295069396495819, 0.002851814031600952, 0.030905378982424736, 0.00401734746992588, 0.16418370604515076, 0.0]",4.800000190734863,9,9,482,1
"[0.32969924807548523, 0.03236578404903412, 0.06410245597362518, -0.17605485022068024, 0.14846310019493103, 0.9178987741470337, 0.0, 0.4690495729446411]","[-0.0015077292919158936, 9.842216968536377e-06, -0.0018907412886619568, 0.005412646569311619, 0.006453990936279297, 0.01826438307762146, 1.0]",1.2000000476837158,21,0,183,4
"[0.32206252217292786, -0.07552853226661682, 0.06097015365958214, 0.25111305713653564, -0.050776150077581406, 0.22599788010120392, 0.0, 0.6541022062301636]","[-0.018704354763031006, 0.01789739727973938, -0.0003324374556541443, 0.05680835247039795, 0.03778579458594322, 0.0009246617555618286, 0.0]",1.399999976158142,23,13,334,2
"[0.30514708161354065, 0.09908043593168259, 0.08430753648281097, 0.4653708338737488, -0.044352952390909195, 0.2765691578388214, 0.0, 0.20083679258823395]","[0.015016824007034302, -0.04157235473394394, 0.014729088172316551, 0.0045856088399887085, -0.02935771644115448, 0.015844546258449554, 1.0]",2.4000000953674316,0,11,115,3
