observation.state,action,timestamp,frame_index,episode_index,index,task_index
"[0.4991259276866913, -0.010456397198140621, 0.31324708461761475, 2.8625714778900146, 0.30569759011268616, 0.38420987129211426, 0.0, 0.0]","[0.04199700057506561, 0.019309554249048233, -0.12025441974401474, -0.26767420768737793, -0.3050592243671417, 0.3190333843231201, 1.0]",14.199999809265137,40,1,399,0
"[0.5359954833984375, 0.22887149453163147, 0.38437461853027344, 2.4564244747161865, -0.4135225713253021, 1.451682448387146, 0.0, 0.9867841601371765]","[0.24020324647426605, 0.6123014688491821, 0.08683742582798004, 0.14183519780635834, -0.5559513568878174, 0.08984188735485077, 0.0033039450645446777]",2.866666555404663,147,2,385,0
"[0.4813265800476074, -0.22181500494480133, 0.3663926124572754, -3.094832181930542, -0.06838948279619217, -1.1392120122909546, 0.0, 0.9383260011672974]","[-0.4043668210506439, 0.057526104152202606, 0.22119437158107758, -0.46615859866142273, -0.14942899346351624, 0.7460920214653015, 1.0]",11.066666603088379,187,2,457,0
"[0.41145071387290955, 0.0730399340391159, 0.2497706115245819, 2.8186533451080322, -0.10712749511003494, 1.2524962425231934, 0.0, 0.9867841601371765]","[-0.0005793042946606874, -0.06673780083656311, -0.06775596737861633, 0.0386824794113636, -0.1867043524980545, -0.15822449326515198, 0.1906832456588745]",5.5333333015441895,6,0,388,0
"[0.37869131565093994, -0.27068859338760376, 0.3615123927593231, 3.0411341190338135, -0.034974757581949234, -1.480254054069519, 0.0, 0.0]","[0.0, 0.0, 0.0, 0.0, 0.0, 0.0, 0.013215839862823486]",2.6666667461395264,204,1,2,0
"[0.39590907096862793, -0.3071364164352417, 0.339684396982193, 3.0727436542510986, -0.0030901136342436075, -1.6207342147827148, 0.0, 0.8237885236740112]","[0.05850158631801605, 0.01061525009572506, -0.009979033842682838, 0.06545946002006531, -0.128907710313797, 0.20223350822925568, 0.015418529510498047]",10.399999618530273,101,1,412,0
"[0.39332443475723267, -0.21711425483226776, 0.5075613856315613, -3.0951712131500244, -0.2180040180683136, -0.554580569267273, 0.0, 0.0]","[0.11885271221399307, -0.03866300359368324, -0.14411795139312744, 0.0007132900645956397, 0.15920759737491608, -0.1648704558610916, 1.0]",12.333333015441895,208,0,379,0
"[0.36742883920669556, -0.20380385220050812, 0.3956137001514435, 3.097576856613159, -0.07908617705106735, -1.3119992017745972, 0.0, 0.0]","[-0.4132748246192932, 0.2941727638244629, 0.4556809663772583, 0.10772556811571121, -0.3940533399581909, 0.35089460015296936, 0.0033039450645446777]",12.399999618530273,5,0,46,0
"[0.606769323348999, -0.03861234337091446, 0.23621167242527008, 2.8621065616607666, -0.26208603382110596, -1.0093637704849243, 0.0, 0.0]","[-0.024946266785264015, 0.04715587943792343, -0.03185899555683136, 0.13686804473400116, -0.140554741024971, 0.4050559997558594, 0.015418529510498047]",11.333333015441895,236,2,171,0
"[0.4874834418296814, -0.20554564893245697, 0.3649904131889343, -3.013206720352173, -0.011218542233109474, -1.019740343093872, 0.0, 0.9383260011672974]","[0.0, 0.0, 0.0, 0.0, 0.0, 0.0, 1.0]",3.200000047683716,145,2,487,0
"[0.5333170294761658, 0.23257337510585785, 0.3859572112560272, 2.452768564224243, -0.4178214371204376, 1.4628673791885376, 0.0, 0.9867841601371765]","[-0.22711072862148285, -0.25333577394485474, -0.15471509099006653, -0.17640940845012665, 0.17745129764080048, -0.7598351240158081, 1.0]",1.7333333492279053,185,0,213,0
"[0.3971230983734131, -0.21773257851600647, 0.5008639097213745, -3.090606927871704, -0.20136183500289917, -0.5869423151016235, 0.0, 0.0]","[0.22694337368011475, 0.6586077809333801, 0.28558453917503357, 0.31670647859573364, -0.4212881624698639, 0.21196018159389496, 0.0033039450645446777]",7.400000095367432,146,0,353,0
"[0.47042787075042725, -0.2120426744222641, 0.3808421194553375, -2.898963689804077, 0.09522159397602081, -0.9798625707626343, 0.0, 0.0]","[-0.8449844121932983, -0.48274579644203186, -0.11865764856338501, 0.09955419600009918, -0.20654571056365967, -0.5512850880622864, 1.0]",9.199999809265137,8,2,123,0
"[0.48548659682273865, -0.201205313205719, 0.3599970042705536, -2.972525119781494, 0.03235727176070213, -0.9601982831954956, 0.0, 0.9383260011672974]","[0.2031557261943817, -0.006538099143654108, -0.1250322163105011, 0.02926819585263729, 0.026445208117365837, -0.21749339997768402, 1.0]",8.333333015441895,38,0,295,0
"[0.49382835626602173, -0.05154629051685333, 0.16952203214168549, 2.9141409397125244, 0.10335423052310944, 0.9204121828079224, 0.0, 0.9867841601371765]","[-0.07785600423812866, -0.03869842365384102, -0.027336662635207176, 0.2706356644630432, -0.008354784920811653, -0.01453452743589878, 0.32929515838623047]",2.3333332538604736,149,0,348,0
"[0.3674507439136505, -0.17758838832378387, 0.40110674500465393, 3.1014163494110107, -0.09543342143297195, -1.1848434209823608, 0.0, 0.0]","[-0.03330817446112633, 0.04587115719914436, -0.04613898694515228, 0.16243213415145874, -0.1814543753862381, 0.383634477853775, 0.015418529510498047]",6.800000190734863,10,2,252,0
"[0.3445760905742645, 0.1072506308555603, 0.4307568073272705, -3.088932514190674, 0.011513392440974712, 0.21554477512836456, 0.0, 0.0]","[0.3450149595737457, -0.3540644943714142, -0.07283999025821686, 0.05264005437493324, 0.07301528006792068, -0.9959406852722168, 1.0]",9.066666603088379,27,0,369,0
"[0.3755255937576294, -0.2660681903362274, 0.36475351452827454, 3.047417640686035, -0.036288753151893616, -1.4732394218444824, 0.0, 0.0]","[0.0, 0.0, 0.0, 0.0, 0.0, 0.0, 0.013215839862823486]",14.866666793823242,7,0,291,0
"[0.48201003670692444, -0.22034385800361633, 0.36643484234809875, -3.092045307159424, -0.06610933691263199, -1.1219041347503662, 0.0, 0.9383260011672974]","[-0.3721519410610199, 0.03978978842496872, 0.2500307559967041, -0.3387106657028198, -0.06260786950588226, 0.08197775483131409, 1.0]",8.066666603088379,4,0,201,0
"[0.4854678511619568, 0.2014344185590744, 0.3872480094432831, 2.5146379470825195, -0.41367146372795105, 1.383244514465332, 0.0, 0.9867841601371765]","[-0.10728229582309723, -0.21978281438350677, -0.14195890724658966, 0.21238292753696442, -0.12559626996517181, 0.24470050632953644, 1.0]",5.599999904632568,124,1,37,0
"[0.4795767068862915, -0.22556516528129578, 0.36637938022613525, -3.1024954319000244, -0.07566174119710922, -1.1695256233215332, 0.0, 0.9383260011672974]","[0.6345716118812561, 0.046943824738264084, -0.5354612469673157, -0.7429196834564209, 0.497527152299881, 0.44781363010406494, 1.0]",11.199999809265137,47,0,101,0
"[0.4787438213825226, -0.009411373175680637, 0.3848583400249481, 2.8702685832977295, 0.23750139772891998, 0.24488629400730133, 0.0, 0.0]","[0.015661923214793205, -0.1160338968038559, -0.10249538719654083, -0.11736588925123215, 0.03651856631040573, 0.11423499137163162, 0.015418529510498047]",9.533333778381348,141,0,224,0
"[0.49377840757369995, -0.05735202133655548, 0.18358664214611053, 2.889782428741455, 0.09080170840024948, 0.807637095451355, 0.0, 0.7797356843948364]","[-0.3262616991996765, 0.06866961717605591, 0.2308315634727478, -0.10052889585494995, 0.2031407654285431, -0.045217469334602356, 1.0]",1.3333333730697632,127,0,117,0
"[0.6612464189529419, 0.4244478940963745, 0.3988751769065857, 2.7589292526245117, -0.6768816113471985, 0.8332613110542297, 0.0, 0.9867841601371765]","[-0.1401418149471283, -0.04407968744635582, 0.02830394357442856, 0.4661460518836975, 0.257538765668869, 0.3097689151763916, 1.0]",4.5333333015441895,105,0,460,0
"[0.45834672451019287, -0.24228744208812714, 0.3732030391693115, -3.133371591567993, -0.07062313705682755, -1.3119477033615112, 0.0, 0.9383260011672974]","[-0.06627370417118073, 0.0315418466925621, -0.07954533398151398, 0.3594900369644165, 0.011839821003377438, 0.0622452013194561, 0.015418529510498047]",1.4666666984558105,26,0,310,0
"[0.6366497874259949, 0.34479135274887085, 0.4030909836292267, 2.8401358127593994, -0.6856508851051331, 0.7706230878829956, 0.0, 0.9867841601371765]","[-0.1316377818584442, -0.15545465052127838, -0.4653173089027405, 0.2572604715824127, -0.25085219740867615, 0.39648905396461487, 1.0]",8.533333778381348,33,1,334,0
"[0.6089552044868469, -0.02775750495493412, 0.23893678188323975, 2.876908540725708, -0.29369768500328064, -1.013452410697937, 0.0, 0.0]","[0.42039039731025696, 0.48299020528793335, 0.13656993210315704, 0.7824233174324036, 0.005035804118961096, -0.4609113037586212, 0.0033039450645446777]",7.199999809265137,20,0,463,0
"[0.6030718088150024, -0.059156280010938644, 0.23810364305973053, 2.9111876487731934, -0.0662408098578453, -0.8706613183021545, 0.0, 0.0]","[0.0, 0.0, 0.0, 0.0, 0.0, 0.0, 1.0]",3.0,34,0,53,0
"[0.435068279504776, -0.21984083950519562, 0.43911951780319214, -3.005758762359619, -0.017020240426063538, -0.9011337161064148, 0.0, 0.0]","[-0.13759668171405792, -0.05201336368918419, 0.11958817392587662, -0.19314976036548615, 0.42464250326156616, 0.10601427406072617, 1.0]",0.800000011920929,79,0,153,0
"[0.5789310932159424, -0.008427513763308525, 0.2751852869987488, 2.896643877029419, -0.2979809045791626, -0.938195526599884, 0.0, 0.0]","[-0.5023879408836365, -0.7788103818893433, 0.27576005458831787, -0.6973837018013, -0.45191505551338196, -0.5562632083892822, 1.0]",3.4666666984558105,62,0,129,0
"[0.3962095081806183, -0.3009715974330902, 0.3390969932079315, 3.0352635383605957, -0.00952624250203371, -1.5854214429855347, 0.0, 0.6035242676734924]","[0.0, 0.0, 0.0, 0.0, 0.0, 0.0, 1.0]",11.0,42,0,58,0
"[0.3679980933666229, -0.19528542459011078, 0.39783626794815063, 3.1021735668182373, -0.08561177551746368, -1.2805808782577515, 0.0, 0.0]","[-0.25883716344833374, 0.08098889142274857, 0.3605528175830841, 0.26271921396255493, 0.052762508392333984, 0.06674367189407349, 0.0033039450645446777]",10.133333206176758,116,0,266,0
"[0.49418607354164124, 0.01028244849294424, 0.38092106580734253, 3.026270866394043, -0.2135193645954132, -0.5640386939048767, 0.0, 0.0]","[-0.10821916908025742, -0.06650766730308533, 0.11206799745559692, -0.612459123134613, 0.19450995326042175, 0.06306564062833786, 1.0]",11.600000381469727,23,0,453,0
"[0.48161399364471436, -0.1968672126531601, 0.3537496030330658, -2.936185121536255, 0.11036883294582367, -0.9549987316131592, 0.0, 0.8634361028671265]","[0.0, 0.0, 0.0, 0.0, 0.0, 0.0, 0.013215839862823486]",13.600000381469727,214,2,178,0
"[0.45996472239494324, -0.2146436721086502, 0.3974696695804596, -2.935955286026001, 0.0933617502450943, -0.9806452393531799, 0.0, 0.0]","[0.0912415161728859, 0.21907682716846466, 0.1281738132238388, 0.028298785910010338, -0.15612810850143433, 0.4855895936489105, 0.05333799123764038]",2.200000047683716,137,1,433,0
"[0.44492778182029724, -0.24938473105430603, 0.37826699018478394, -3.1360907554626465, -0.0354817733168602, -1.371813178062439, 0.0, 0.933920681476593]","[-0.0069357967004179955, 0.026404524222016335, -0.023696867749094963, 0.13241657614707947, -0.1417059600353241, 0.3541773855686188, 0.015418529510498047]",1.3333333730697632,91,0,118,0
"[0.48261183500289917, -0.21905986964702606, 0.36650246381759644, -3.0891120433807373, -0.06402414292097092, -1.1028900146484375, 0.0, 0.9383260011672974]","[-0.15272580087184906, -0.20665141940116882, -0.4082797169685364, 0.3166332542896271, -0.14983531832695007, 0.3000642657279968, 1.0]",9.466666221618652,13,1,400,0
"[0.4186599850654602, 0.06075436621904373, 0.24578174948692322, 2.8355464935302734, -0.09075223654508591, 1.212357521057129, 0.0, 0.9867841601371765]","[-0.2656015157699585, -0.014365403912961483, 0.2577381730079651, -0.06269180029630661, 0.1413951814174652, -0.061042167246341705, 0.9955947399139404]",4.066666603088379,51,1,285,0
"[0.38530001044273376, -0.01389278657734394, 0.5401464700698853, 3.134183645248413, -0.04807658866047859, 0.05760232359170914, 0.0, 0.0]","[0.0, 0.0, 0.0, 0.0, 0.0, 0.0, 1.0]",10.533333778381348,135,0,99,0
"[0.6592800617218018, 0.40340495109558105, 0.3794735372066498, -3.104980707168579, -0.6625824570655823, 0.6893472075462341, 0.0, 0.22466962039470673]","[0.0844341516494751, 0.008151354268193245, -0.09014518558979034, -0.08729027956724167, -0.055279314517974854, 0.41014090180397034, 0.25089943408966064]",5.133333206176758,108,0,293,0
"[0.44915470480918884, -0.21571922302246094, 0.41643401980400085, -2.9659013748168945, 0.06127285212278366, -0.965215265750885, 0.0, 0.0]","[-0.200258269906044, -0.11805795878171921, -0.12060661613941193, 0.5081368088722229, 0.371212363243103, 0.24449624121189117, 1.0]",9.399999618530273,10,0,226,0
"[0.5035108923912048, -0.010993915610015392, 0.31342607736587524, 2.8455944061279297, 0.2998553514480591, 0.4080381691455841, 0.0, 0.0]","[0.04591994732618332, -0.04188591241836548, -0.11871921271085739, 0.10954123735427856, -0.022277742624282837, -0.18034906685352325, 0.8458282947540283]",3.200000047683716,171,0,403,0
"[0.3670000433921814, -0.17822064459323883, 0.4007728099822998, 3.103039264678955, -0.09563356637954712, -1.1981216669082642, 0.0, 0.0]","[0.0, 0.0, 0.0, 0.0, 0.0, 0.0, 1.0]",5.5333333015441895,155,0,441,0
"[0.4588474929332733, -0.2442658394575119, 0.3666174113750458, 3.1363439559936523, -0.07576029002666473, -1.302909255027771, 0.0, 0.9383260011672974]","[-0.17400386929512024, -0.23435980081558228, 0.10426491498947144, 0.3971474766731262, 0.7448388338088989, 0.24752090871334076, 1.0]",12.199999809265137,160,0,29,0
"[0.40040966868400574, -0.10952352732419968, 0.4154369533061981, -3.109165906906128, -0.05259623005986214, -0.831995964050293, 0.0, 0.0]","[0.29945042729377747, 0.7360937595367432, 0.21248875558376312, 0.3462285101413727, -0.35881784558296204, 0.12685643136501312, 0.0033039450645446777]",1.600000023841858,158,0,133,0
"[0.6644612550735474, 0.4232596158981323, 0.38700899481773376, 2.8151581287384033, -0.6630661487579346, 0.8209105730056763, 0.0, 0.7753304243087769]","[-0.007712928112596273, -0.050848715007305145, -0.02828647941350937, 0.04948533698916435, -0.16522008180618286, -0.0655873715877533, 0.10666126012802124]",1.8666666746139526,177,0,63,0
"[0.40328922867774963, 0.10052875429391861, 0.2533003091812134, 2.799578905105591, -0.10696357488632202, 1.3498001098632812, 0.0, 0.9867841601371765]","[-0.058651428669691086, 0.03839239850640297, -0.07104965299367905, 0.321513295173645, 0.0014675193233415484, -0.015028867870569229, 0.015418529510498047]",1.2666666507720947,117,1,341,0
"[0.5017479658126831, -0.011264252476394176, 0.3136410415172577, 2.865135908126831, 0.3056809604167938, 0.39394688606262207, 0.0, 0.0]","[-0.05703757703304291, 0.04121734946966171, -0.06972811371088028, 0.30585819482803345, -0.00702105276286602, -0.046302177011966705, 0.015418529510498047]",11.466666221618652,180,1,406,0
"[0.4064613878726959, 0.08723720163106918, 0.25263726711273193, 2.8041157722473145, -0.11565688252449036, 1.300629734992981, 0.0, 0.9867841601371765]","[-0.07145843654870987, -0.03016032464802265, -0.064150869846344, 0.3210902512073517, 0.04696958139538765, -0.0013192268088459969, 0.04930126667022705]",2.133333444595337,159,1,373,0
"[0.5075919032096863, -0.008234657347202301, 0.29851093888282776, 2.8184680938720703, 0.25871536135673523, 0.47790631651878357, 0.0, 0.0]","[-0.14615784585475922, -0.21229608356952667, 0.12249238044023514, 0.15579289197921753, 0.5915336608886719, 0.12166688591241837, 1.0]",3.5333333015441895,142,1,390,0
"[0.48012977838516235, -0.20134207606315613, 0.3586525619029999, -2.899778366088867, 0.11850719153881073, -0.9741573929786682, 0.0, 0.25550660490989685]","[0.0, 0.0, 0.0, 0.0, 0.0, 0.0, 1.0]",3.933333396911621,173,0,474,0
"[0.4694022238254547, -0.23977959156036377, 0.3620558977127075, -3.1355419158935547, -0.09810806810855865, -1.2752348184585571, 0.0, 0.9383260011672974]","[-0.08988741785287857, -0.05064917355775833, 0.00780077837407589, 0.2597489058971405, -0.05171108618378639, -0.015360943041741848, 0.4702643156051636]",0.13333334028720856,138,0,320,0
"[0.4248223602771759, -0.275414377450943, 0.37107500433921814, 3.136331081390381, -0.02320224605500698, -1.4579272270202637, 0.0, 0.9295154213905334]","[0.290103942155838, -0.03702545166015625, -0.11626449972391129, 0.02068747580051422, -0.09172247350215912, -0.29659950733184814, 1.0]",9.666666984558105,140,0,319,0
"[0.6065264344215393, -0.039269961416721344, 0.2365746796131134, 2.8651649951934814, -0.23919427394866943, -0.9983865022659302, 0.0, 0.0]","[0.014598453417420387, -0.003229244379326701, -0.028339533135294914, 0.036020468920469284, -0.032631732523441315, 0.19425052404403687, 0.05396473407745361]",4.266666889190674,191,0,309,0
"[0.48154473304748535, -0.057694677263498306, 0.1917046457529068, 2.913285255432129, 0.09106078743934631, 0.7344233393669128, 0.0, 0.5903083682060242]","[0.48497748374938965, 0.5940913558006287, 0.2791690528392792, 0.8460662961006165, 0.0307846087962389, -0.5321881175041199, 0.0033039450645446777]",15.266666412353516,196,0,258,0
"[0.48608914017677307, -0.20191149413585663, 0.36101335287094116, -2.9765846729278564, 0.023382574319839478, -0.9739969968795776, 0.0, 0.9383260011672974]","[-0.38679489493370056, 0.026419874280691147, 0.2575410008430481, -0.42258164286613464, -0.0846274197101593, 0.2113363891839981, 1.0]",9.0,74,1,15,0
"[0.4766383469104767, -0.034359708428382874, 0.16955900192260742, 3.006406307220459, 0.06814292073249817, 0.9675059914588928, 0.0, 0.9867841601371765]","[0.4321994483470917, 0.5330588221549988, 0.3246098756790161, 0.5492553114891052, -0.6505994200706482, -0.09856199473142624, 0.0033039450645446777]",2.4000000953674316,40,1,368,0
"[0.48688799142837524, -0.2096315324306488, 0.3666169047355652, -3.0488674640655518, -0.040897298604249954, -0.9918690323829651, 0.0, 0.9383260011672974]","[0.2689201831817627, 0.6943432092666626, 0.24652698636054993, 0.31898704171180725, -0.3947707712650299, 0.1718427538871765, 0.0033039450645446777]",4.333333492279053,0,0,389,0
"[0.4812801480293274, -0.19904348254203796, 0.35555601119995117, -2.910820960998535, 0.11949066817760468, -0.9704838395118713, 0.0, 0.4757709205150604]","[0.17511971294879913, 0.511766791343689, 0.31063738465309143, 0.37835901975631714, -0.3981019854545593, 0.2513485550880432, 0.0033039450645446777]",2.7333333492279053,91,0,3,0
"[0.4583738446235657, -0.2440999299287796, 0.36817893385887146, 3.138153553009033, -0.07405826449394226, -1.3053520917892456, 0.0, 0.9383260011672974]","[-0.07017576694488525, 0.022535288706421852, -0.08601012080907822, 0.34048697352409363, -4.0923929191194475e-05, 0.13642513751983643, 0.015418529510498047]",6.599999904632568,154,0,187,0
"[0.39631012082099915, -0.30565622448921204, 0.33939236402511597, 3.063927412033081, -0.007427516859024763, -1.6098374128341675, 0.0, 0.7973568439483643]","[-0.1891353726387024, -0.1360793560743332, -0.09189696609973907, 0.6468229293823242, 0.2995781898498535, 0.223139226436615, 1.0]",15.199999809265137,12,2,476,0
"[0.5051777362823486, 0.007325800135731697, 0.3745969235897064, 3.0123496055603027, -0.23584626615047455, -0.6188112497329712, 0.0, 0.0]","[0.37610042095184326, 0.6792199015617371, 0.3518858253955841, 0.7835583686828613, -0.22493667900562286, -0.43023642897605896, 0.0033039450645446777]",1.5333333015441895,101,0,302,0
"[0.3773219585418701, -0.16405798494815826, 0.40835365653038025, 3.1087145805358887, -0.09351054579019547, -1.1138240098953247, 0.0, 0.0]","[0.3224833607673645, -0.35806718468666077, -0.057289570569992065, 0.024096380919218063, 0.010249014012515545, -0.9996570944786072, 1.0]",5.333333492279053,21,0,132,0
"[0.4055529832839966, -0.08850091695785522, 0.4173961281776428, -3.0864858627319336, -0.044141288846731186, -0.7259183526039124, 0.0, 0.0]","[-0.20202259719371796, -0.23292458057403564, 0.10485103726387024, 0.6715684533119202, 0.5855705142021179, 0.45398572087287903, 0.884361207485199]",0.4000000059604645,219,1,113,0
"[0.6504117250442505, 0.4042992889881134, 0.39706337451934814, 2.7935328483581543, -0.6774734258651733, 0.813079297542572, 0.0, 0.9867841601371765]","[0.4316573739051819, 0.025852106511592865, -0.5195830464363098, -0.6566411256790161, 0.3905799388885498, 0.5547162294387817, 1.0]",7.666666507720947,109,0,407,0
"[0.36736252903938293, -0.17795225977897644, 0.401128351688385, 3.1037485599517822, -0.09607886523008347, -1.1972558498382568, 0.0, 0.0]","[0.21822795271873474, -0.25466328859329224, -0.20095877349376678, 0.14006145298480988, 0.13319800794124603, -0.2261742800474167, 1.0]",5.933333396911621,64,0,8,0
"[0.5971550345420837, -0.0147698437795043, 0.26065197587013245, 2.8927581310272217, -0.31098121404647827, -0.9634107351303101, 0.0, 0.0]","[0.352000892162323, 0.010598072782158852, -0.1605895310640335, 0.0381377749145031, -0.12787581980228424, -0.28644251823425293, 1.0]",14.600000381469727,35,2,401,0
"[0.6156677603721619, 0.08615417778491974, 0.4535937011241913, 2.994917869567871, -0.424032062292099, 0.2265135943889618, 0.0, 0.0]","[-0.12521354854106903, -0.1654665470123291, 0.12484631687402725, 0.0658409595489502, 0.453352153301239, 0.06259027123451233, 1.0]",0.7333333492279053,205,1,283,0
"[0.51036137342453, 0.2179904580116272, 0.42238563299179077, 2.4315147399902344, -0.4542022943496704, 1.4168390035629272, 0.0, 0.9867841601371765]","[0.0, 0.0, 0.0, 0.0, 0.0, 0.0, 1.0]",6.066666603088379,22,1,408,0
"[0.6568268537521362, 0.4204648435115814, 0.4014185965061188, 2.765211582183838, -0.6828187704086304, 0.8297468423843384, 0.0, 0.9867841601371765]","[0.3119197487831116, -0.030929043889045715, -0.12966394424438477, -0.004435617011040449, -0.14147000014781952, -0.2971039116382599, 1.0]",12.133333206176758,4,1,455,0
"[0.3929275870323181, -0.014883439987897873, 0.5319972634315491, 3.124070882797241, -0.028505882248282433, 0.059169039130210876, 0.0, 0.0]","[0.0, 0.0, 0.0, 0.0, 0.0, 0.0, 1.0]",8.266666412353516,41,0,472,0
"[0.5405471324920654, -0.011446315795183182, 0.33846578001976013, 2.9408152103424072, -0.30134063959121704, -0.8202139735221863, 0.0, 0.0]","[-0.03865224868059158, -0.09028550982475281, -0.07498583942651749, -0.02275712788105011, -0.10539194941520691, 0.36323314905166626, 0.6618942618370056]",2.200000047683716,8,1,33,0
"[0.4871588945388794, -0.20300477743148804, 0.36300501227378845, -2.9882404804229736, 0.01030313316732645, -1.0044862031936646, 0.0, 0.9383260011672974]","[0.4917358458042145, 0.031400006264448166, -0.557783842086792, -0.5972120761871338, 0.4952603578567505, 0.4857024848461151, 1.0]",4.800000190734863,2,1,490,0
"[0.3954596221446991, -0.29955369234085083, 0.338338702917099, 3.0230348110198975, -0.011915434151887894, -1.5753828287124634, 0.0, 0.4669603705406189]","[0.0, 0.0, 0.0, 0.0, 0.0, 0.0, 0.013215839862823486]",13.0,164,1,221,0
"[0.4361859858036041, 0.029639316722750664, 0.22645677626132965, 2.902742624282837, -0.03599594533443451, 1.1156044006347656, 0.0, 0.9867841601371765]","[0.0, 0.0, 0.0, 0.0, 0.0, 0.0, 0.013215839862823486]",7.0,32,1,73,0
"[0.39303693175315857, 0.01988370344042778, 0.42526936531066895, -3.0562145709991455, 0.008068988099694252, -0.23421747982501984, 0.0, 0.0]","[0.0, 0.0, 0.0, 0.0, 0.0, 0.0, 1.0]",0.0,157,0,85,0
"[0.4810187816619873, -0.19965876638889313, 0.3563345670700073, -2.9061622619628906, 0.12011735886335373, -0.9723287224769592, 0.0, 0.40528634190559387]","[0.10644305497407913, -0.02351532131433487, -0.11326652020215988, -0.1195947527885437, -0.1515459567308426, 0.30536291003227234, 0.1503685712814331]",9.266666412353516,75,0,111,0
"[0.3669838607311249, -0.1782119870185852, 0.4007532298564911, 3.102788209915161, -0.09546040743589401, -1.196764588356018, 0.0, 0.0]","[0.19967876374721527, -0.2830977737903595, -0.19850431382656097, 0.14584894478321075, 0.152483269572258, -0.2514937222003937, 1.0]",12.0,181,0,94,0
"[0.4580681324005127, -0.24331426620483398, 0.3717047870159149, -3.1375248432159424, -0.07197237759828568, -1.3104937076568604, 0.0, 0.9383260011672974]","[0.0, 0.0, 0.0, 0.0, 0.0, 0.0, 1.0]",2.866666555404663,71,0,376,0
"[0.47704413533210754, 0.009882083162665367, 0.3904138207435608, 3.05115008354187, -0.1836831271648407, -0.4766107499599457, 0.0, 0.0]","[0.02901647798717022, -0.05332878977060318, -0.06778652966022491, 0.06669794768095016, -0.14566078782081604, -0.18398825824260712, 0.3711453676223755]",10.733333587646484,130,2,446,0
"[0.662483811378479, 0.4111696481704712, 0.38267695903778076, 3.0518946647644043, -0.6724454164505005, 0.7338211536407471, 0.0, 0.3480176329612732]","[-0.21545909345149994, -0.2555762827396393, -0.10482650250196457, -0.2243591845035553, 0.13724631071090698, -0.860093891620636, 1.0]",0.2666666805744171,37,0,124,0
"[0.4946756362915039, -0.05447999760508537, 0.17087052762508392, 2.905277967453003, 0.09552684426307678, 0.8735554814338684, 0.0, 0.6035242676734924]","[0.009134656749665737, 0.003586709965020418, -0.05870325118303299, -0.08709299564361572, -0.0612633116543293, 0.44786474108695984, 0.5033038854598999]",9.733333587646484,132,0,461,0
"[0.5349341034889221, 0.23030321300029755, 0.38582175970077515, 2.453312397003174, -0.41387489438056946, 1.456905484199524, 0.0, 0.9867841601371765]","[0.3331504166126251, -0.3167969882488251, -0.08915846049785614, 0.043903648853302, 0.06605878472328186, -0.9968494176864624, 1.0]",2.7333333492279053,43,2,159,0
"[0.5000168681144714, -0.013008520007133484, 0.25189408659935, 2.857231378555298, 0.17604242265224457, 0.553572416305542, 0.0, 0.0]","[-0.3164760172367096, 0.1491699516773224, 0.4330418109893799, 0.24265608191490173, -0.07690352946519852, 0.18337136507034302, 0.0033039450645446777]",5.400000095367432,24,0,279,0
"[0.505527138710022, -0.008497870527207851, 0.2763119637966156, 2.8321175575256348, 0.219557985663414, 0.5221762657165527, 0.0, 0.0]","[0.19427351653575897, 0.5609229207038879, 0.32258152961730957, 0.3156144917011261, -0.39339977502822876, 0.22939279675483704, 0.0033039450645446777]",7.133333206176758,95,1,303,0
"[0.4144043028354645, -0.22177515923976898, 0.4709182679653168, -3.0617690086364746, -0.12180767208337784, -0.7393934726715088, 0.0, 0.0]","[-0.1934371143579483, -0.10203510522842407, 0.0336994007229805, 0.3768409490585327, 0.20348653197288513, 0.2810719311237335, 1.0]",10.733333587646484,153,0,225,0
"[0.48157647252082825, -0.19712519645690918, 0.35384052991867065, -2.9320180416107178, 0.11267919093370438, -0.9588563442230225, 0.0, 0.7797356843948364]","[0.48997730016708374, -0.01664385013282299, -0.235113725066185, -0.34162983298301697, 0.3740842938423157, 0.0861934944987297, 1.0]",4.199999809265137,84,1,115,0
"[0.6523308753967285, 0.18312983214855194, 0.4344046115875244, 3.0178163051605225, -0.31880703568458557, 0.45768046379089355, 0.0, 0.0]","[0.0, 0.0, 0.0, 0.0, 0.0, 0.0, 1.0]",0.46666666865348816,113,2,332,0
"[0.46361613273620605, -0.21424216032028198, 0.39175915718078613, -2.921877384185791, 0.09466537088155746, -0.9816710948944092, 0.0, 0.0]","[-0.3767978250980377, 0.062605120241642, 0.1835835576057434, -0.32204586267471313, -0.14566190540790558, 0.6653729677200317, 1.0]",10.399999618530273,49,0,459,0
"[0.46158748865127563, 0.18058663606643677, 0.3396682143211365, 2.5971012115478516, -0.3197120428085327, 1.3903472423553467, 0.0, 0.9867841601371765]","[0.0, 0.0, 0.0, 0.0, 0.0, 0.0, 1.0]",7.0,160,0,156,0
"[0.6470726132392883, 0.16251668334007263, 0.44165799021720886, 3.0047409534454346, -0.34301525354385376, 0.4125392436981201, 0.0, 0.0]","[-0.11584059149026871, -0.1283591389656067, -0.47862038016319275, 0.22305820882320404, -0.2709817588329315, 0.43887796998023987, 1.0]",0.6666666865348816,69,1,228,0
"[0.48751094937324524, -0.20639654994010925, 0.36553072929382324, -3.020385980606079, -0.018239470198750496, -1.0135443210601807, 0.0, 0.9383260011672974]","[-0.04464917629957199, -0.0006230541621334851, 0.1844577044248581, 0.6325480937957764, 0.08141931146383286, 0.35484814643859863, 0.5363435745239258]",8.866666793823242,178,0,354,0
"[0.5228320956230164, 0.2235603630542755, 0.4054737687110901, 2.433328628540039, -0.4299153685569763, 1.4427204132080078, 0.0, 0.9867841601371765]","[0.5305109620094299, -0.015307582914829254, -0.26848939061164856, -0.4224124252796173, 0.0026925038546323776, -0.9063997268676758, 1.0]",2.0,186,0,203,0
"[0.648551881313324, 0.3423682451248169, 0.37260258197784424, -2.9092955589294434, -0.28206443786621094, 0.601952314376831, 0.0, 0.0]","[-0.779306173324585, -0.6265108585357666, 0.012887162156403065, -0.021661290898919106, -0.449237585067749, -0.8379845023155212, 1.0]",15.399999618530273,107,0,338,0
"[0.5647119879722595, 0.01686774753034115, 0.43990275263786316, 3.0190258026123047, -0.4687792658805847, 0.09154593199491501, 0.0, 0.0]","[0.3142499625682831, 0.6136406660079956, 0.410598486661911, 0.6069347262382507, -0.7637667059898376, -0.21975138783454895, 0.0033039450645446777]",12.866666793823242,43,1,306,0
"[0.4776184558868408, -0.2297079712152481, 0.3664020001888275, -3.1109237670898438, -0.08484587073326111, -1.201951265335083, 0.0, 0.9383260011672974]","[0.016301773488521576, -0.021279722452163696, -0.0684695765376091, 0.04705695062875748, 0.14598165452480316, -0.033691707998514175, 1.0]",11.533333778381348,159,0,300,0
"[0.5020741820335388, -0.011295762844383717, 0.31401315331459045, 2.865021228790283, 0.30497369170188904, 0.39434507489204407, 0.0, 0.0]","[-0.41833439469337463, 0.4233322739601135, 0.2988618314266205, 0.13826245069503784, -0.5400002002716064, 0.6558113694190979, 0.0033039450645446777]",4.866666793823242,227,1,60,0
"[0.38527822494506836, -0.013901819474995136, 0.5402193665504456, 3.1341779232025146, -0.04831526428461075, 0.05755532160401344, 0.0, 0.0]","[-0.8194318413734436, -0.568122923374176, -0.07594623416662216, 0.063449427485466, -0.3547583520412445, -0.7074371576309204, 1.0]",13.399999618530273,114,0,127,0
"[0.5009718537330627, -0.011313317343592644, 0.3124648332595825, 2.8656442165374756, 0.3077755868434906, 0.3922305703163147, 0.0, 0.0]","[0.2621493637561798, -0.3717552423477173, -0.03956989943981171, -0.020973771810531616, -0.04752824455499649, -0.9986496567726135, 1.0]",12.0,99,2,267,0
"[0.6540222764015198, 0.41498664021492004, 0.39968985319137573, 2.7738516330718994, -0.677405059337616, 0.8245100975036621, 0.0, 0.9867841601371765]","[0.2219746857881546, -0.22157816588878632, -0.17210660874843597, 0.10227901488542557, 0.1174141988158226, -0.25433677434921265, 1.0]",3.4000000953674316,50,1,371,0
"[0.47874847054481506, -0.20397038757801056, 0.3617371618747711, -2.895794153213501, 0.11476567387580872, -0.9789411425590515, 0.0, 0.10132158547639847]","[-0.1611214429140091, -0.41009098291397095, 0.22233477234840393, -0.9108808040618896, -0.36326780915260315, -0.19578731060028076, 1.0]",12.666666984558105,32,0,16,0
"[0.45629727840423584, -0.21467304229736328, 0.4032813310623169, -2.947648286819458, 0.09174013882875443, -0.9796765446662903, 0.0, 0.0]","[0.0914522334933281, -0.02122434414923191, -0.06988617032766342, -0.09273725748062134, -0.05988074466586113, 0.1353694647550583, 0.015418529510498047]",5.0,206,1,180,0
"[0.3840526342391968, -0.2152029275894165, 0.51971435546875, -3.0976579189300537, -0.2472539097070694, -0.5027598142623901, 0.0, 0.0]","[0.0, 0.0, 0.0, 0.0, 0.0, 0.0, 1.0]",3.4666666984558105,4,0,152,0
"[0.54641193151474, -0.013087105937302113, 0.32807019352912903, 2.926652669906616, -0.3044663369655609, -0.8512240648269653, 0.0, 0.0]","[0.0, 0.0, 0.0, 0.0, 0.0, 0.0, 1.0]",6.866666793823242,2,1,100,0
"[0.48943498730659485, -0.02735406905412674, 0.220376655459404, 2.894469738006592, 0.12876883149147034, 0.5819563269615173, 0.0, 0.0]","[-0.03430869057774544, 0.02416015788912773, 0.015054097399115562, 0.07990182191133499, 0.028534429147839546, 0.18752451241016388, 0.0]",2.6666667461395264,27,1,298,0
"[0.4417016804218292, 0.01961340196430683, 0.21879476308822632, 2.9261343479156494, -0.018214864656329155, 1.0889685153961182, 0.0, 0.9867841601371765]","[0.0009825085289776325, -0.02520795911550522, 0.05343213677406311, 0.045576076954603195, -0.17408140003681183, 0.0497625395655632, 0.04820507764816284]",10.199999809265137,87,0,436,0
"[0.4881829619407654, -0.05768658220767975, 0.18978603184223175, 2.896574020385742, 0.09498468041419983, 0.7774534821510315, 0.0, 0.8414096832275391]","[0.2811180353164673, 0.7042794823646545, 0.2362247258424759, 0.3014284074306488, -0.39466607570648193, 0.1472405046224594, 0.0033039450645446777]",1.7333333492279053,83,0,36,0
"[0.6561993956565857, 0.2042171061038971, 0.42576494812965393, 3.0340306758880615, -0.2938782274723053, 0.5008813142776489, 0.0, 0.0]","[0.10764069855213165, -0.018881050869822502, -0.10115492343902588, -0.13688668608665466, -0.13228347897529602, 0.2974661886692047, 0.16767215728759766]",13.199999809265137,224,2,423,0
"[0.6050078868865967, -0.046788234263658524, 0.2385464906692505, 2.879669427871704, -0.15006600320339203, -0.9222255349159241, 0.0, 0.0]","[0.062386542558670044, -0.3746885657310486, -0.0852058157324791, -0.19665727019309998, -0.05540521442890167, -0.9789056181907654, 1.0]",8.133333206176758,61,1,420,0
"[0.6643851399421692, 0.42365899682044983, 0.3877328932285309, 2.8032901287078857, -0.6620754599571228, 0.8245248198509216, 0.0, 0.8370044231414795]","[0.0, 0.0, 0.0, 0.0, 0.0, 0.0, 1.0]",15.0,130,2,98,0
"[0.3931804299354553, -0.2991791069507599, 0.3449382781982422, 3.0124669075012207, -0.03677313029766083, -1.5484238862991333, 0.0, 0.28634360432624817]","[0.15587708353996277, 0.3622269630432129, 0.20004145801067352, 0.28403934836387634, -0.23769372701644897, 0.23090820014476776, 0.0033039450645446777]",15.666666984558105,24,0,287,0
"[0.3679061233997345, -0.1788547784090042, 0.4017242193222046, 3.1050057411193848, -0.0966232493519783, -1.201877474784851, 0.0, 0.0]","[0.4238605797290802, 0.6123276352882385, 0.40262359380722046, 0.5819765329360962, -0.7355214357376099, -0.13409031927585602, 0.0033039450645446777]",4.333333492279053,0,0,489,0
"[0.6571126580238342, 0.3668539822101593, 0.37194883823394775, -2.8504583835601807, -0.49716639518737793, 0.5686895251274109, 0.0, 0.0]","[-0.5846818089485168, -0.7629563808441162, 0.27576202154159546, -0.38481462001800537, -0.555690348148346, -0.7369707822799683, 1.0]",4.933333396911621,104,0,71,0
"[0.6545689105987549, 0.3587537109851837, 0.37043726444244385, -2.802130699157715, -0.4161420166492462, 0.5445051193237305, 0.0, 0.0]","[0.1458313912153244, 0.0874374508857727, -0.03393232077360153, -0.09303951263427734, -0.06756699830293655, 0.3591378331184387, 0.045093655586242676]",4.733333110809326,58,1,41,0
"[0.4872141182422638, -0.20880991220474243, 0.3665711581707001, -3.0406205654144287, -0.035607293248176575, -0.9948298335075378, 0.0, 0.9383260011672974]","[0.21444125473499298, 0.6424471735954285, 0.3021717667579651, 0.30524173378944397, -0.4338979721069336, 0.22844494879245758, 0.0033039450645446777]",1.1333333253860474,92,2,191,0
"[0.6551486849784851, 0.3893437385559082, 0.37559792399406433, -2.945706367492676, -0.6020088195800781, 0.6246898174285889, 0.0, 0.008810617960989475]","[-0.4183781147003174, 0.31750375032424927, 0.4302607476711273, 0.0848296508193016, -0.43016815185546875, 0.36331677436828613, 0.0033039450645446777]",15.800000190734863,190,0,141,0
"[0.4159121811389923, -0.2887808382511139, 0.3649755120277405, 3.1257717609405518, -0.017633523792028427, -1.510927438735962, 0.0, 0.9251101613044739]","[0.18572834134101868, -0.35853832960128784, -0.04147809371352196, -0.0829819068312645, -0.06598207354545593, -0.994364321231842, 1.0]",14.466666221618652,53,1,48,0
"[0.3665204644203186, -0.2320854365825653, 0.38619208335876465, 3.082765817642212, -0.06422547250986099, -1.4096553325653076, 0.0, 0.0]","[-0.7965534329414368, -0.43691733479499817, -0.1375425010919571, 0.11092399060726166, -0.22828301787376404, -0.464767724275589, 1.0]",12.399999618530273,11,0,263,0
"[0.6582643389701843, 0.4226802587509155, 0.40163111686706543, 2.7607953548431396, -0.6838711500167847, 0.8330604434013367, 0.0, 0.9867841601371765]","[0.050739653408527374, -0.09854704886674881, -0.07993068546056747, 0.056098755449056625, 0.00970255583524704, -0.1699138730764389, 0.732722282409668]",11.600000381469727,162,0,335,0
"[0.46978795528411865, 0.18962661921977997, 0.3558058738708496, 2.570340156555176, -0.3549256920814514, 1.3853447437286377, 0.0, 0.9867841601371765]","[-0.4022974669933319, 0.28049877285957336, 0.47521427273750305, 0.15229380130767822, -0.3474230170249939, 0.32606175541877747, 0.0033039450645446777]",1.2666666507720947,47,1,357,0
"[0.5032949447631836, -0.010174925439059734, 0.2642157971858978, 2.843013286590576, 0.19587674736976624, 0.5391176342964172, 0.0, 0.0]","[0.054676853120326996, -0.0680961012840271, -0.09433489292860031, -0.12349127978086472, -0.01186364982277155, 0.12175701558589935, 0.015418529510498047]",11.0,184,0,155,0
"[0.3669567406177521, -0.17823384702205658, 0.4007251262664795, 3.1022965908050537, -0.09515650570392609, -1.1930688619613647, 0.0, 0.0]","[0.04704376310110092, -0.08023414760828018, -0.08832500874996185, 0.0542277991771698, 0.00577804259955883, -0.17415155470371246, 0.7676968574523926]",2.2666666507720947,176,2,220,0
"[0.5817833542823792, 0.03741001710295677, 0.4457123577594757, 3.0121724605560303, -0.4469960629940033, 0.12426377832889557, 0.0, 0.0]","[-0.1480903923511505, -0.19257184863090515, -0.4549107849597931, 0.3321473300457001, -0.1639847606420517, 0.3302357494831085, 1.0]",6.0,65,0,69,0
"[0.6509020924568176, 0.33363306522369385, 0.3765023946762085, -2.9600625038146973, -0.2722986936569214, 0.6102609038352966, 0.0, 0.0]","[-0.19767971336841583, -0.21224132180213928, 0.11220556497573853, 0.6921020746231079, 0.5079410076141357, 0.512826144695282, 0.8226872086524963]",2.066666603088379,119,1,343,0
"[0.6587730050086975, 0.29165253043174744, 0.3928026854991913, -3.1064951419830322, -0.26105672121047974, 0.6086127161979675, 0.0, 0.0]","[-0.004493393003940582, -0.018673114478588104, -0.0475747212767601, 0.23895622789859772, 0.1460254043340683, 0.02019929140806198, 1.0]",6.4666666984558105,14,0,305,0
"[0.41366323828697205, 0.12162534147500992, 0.26637014746665955, 2.7536137104034424, -0.13709409534931183, 1.401153802871704, 0.0, 0.9867841601371765]","[-0.08010462671518326, 0.04469630867242813, 0.0699797123670578, 0.13494578003883362, 0.1663447618484497, 0.1747586727142334, 0.0]",0.4000000059604645,26,1,243,0
"[0.5343304872512817, 0.2318861037492752, 0.3869535028934479, 2.4499852657318115, -0.41809549927711487, 1.462756633758545, 0.0, 0.9867841601371765]","[-0.12662746012210846, -0.13948751986026764, 0.11693903803825378, 0.003055430017411709, 0.40577074885368347, 0.03348780795931816, 1.0]",14.533333778381348,65,0,161,0
"[0.44548749923706055, -0.005393959581851959, 0.40761899948120117, 3.0898056030273438, -0.14676827192306519, -0.18115383386611938, 0.0, 0.0]","[0.05887707695364952, -0.10932739824056625, -0.05217435583472252, 0.010454302653670311, 0.08997447788715363, -0.241133451461792, 1.0]",11.866666793823242,43,0,475,0
"[0.4489375054836273, -0.24529464542865753, 0.3788389265537262, -3.134495735168457, -0.0401347279548645, -1.3563530445098877, 0.0, 0.933920681476593]","[0.39808419346809387, 0.15731866657733917, -0.12348763644695282, -0.25744637846946716, 0.022281784564256668, -0.9660356640815735, 1.0]",8.866666793823242,18,2,491,0
"[0.482300728559494, -0.19727279245853424, 0.35484015941619873, -2.946883201599121, 0.09328306466341019, -0.9441654086112976, 0.0, 0.9383260011672974]","[0.07392372936010361, -0.14772532880306244, -0.07832494378089905, 0.03943503648042679, 0.06459507346153259, -0.21623677015304565, 0.7541256546974182]",2.0,203,0,391,0
"[0.42410019040107727, -0.2219408005475998, 0.4553476870059967, -3.0385076999664307, -0.07430794835090637, -0.8213303685188293, 0.0, 0.0]","[0.0, 0.0, 0.0, 0.0, 0.0, 0.0, 1.0]",0.20000000298023224,168,1,383,0
"[0.46428239345550537, -0.243240088224411, 0.3606627583503723, 3.139143705368042, -0.09102907031774521, -1.2896246910095215, 0.0, 0.9383260011672974]","[0.0, 0.0, 0.0, 0.0, 0.0, 0.0, 1.0]",3.066666603088379,67,1,145,0
"[0.3445097506046295, 0.10723692178726196, 0.43101513385772705, -3.0889530181884766, 0.010794936679303646, 0.21552884578704834, 0.0, 0.0]","[0.14112134277820587, 0.30823633074760437, 0.16636238992214203, 0.28602102398872375, -0.1718759983778, 0.2789175510406494, 0.0033039450645446777]",1.0666667222976685,39,0,442,0
"[0.44548654556274414, -0.005371281411498785, 0.40762609243392944, 3.090017557144165, -0.14674419164657593, -0.18110063672065735, 0.0, 0.0]","[-0.12257158756256104, -0.09597979485988617, 0.11136249452829361, 0.0005673517007380724, 0.38627007603645325, 0.021488327533006668, 1.0]",12.133333206176758,60,0,327,0
"[0.48302310705184937, -0.0404227077960968, 0.16427940130233765, 2.992063045501709, 0.08451634645462036, 0.9593161940574646, 0.0, 0.9867841601371765]","[-0.04760880768299103, 0.035017699003219604, -0.05501363426446915, 0.25612205266952515, -0.05580737069249153, -0.0557536855340004, 0.015418529510498047]",2.5999999046325684,31,1,110,0
"[0.45471474528312683, 0.0002663917257450521, 0.4028457999229431, 3.074697971343994, -0.15831534564495087, -0.331034392118454, 0.0, 0.0]","[0.00632898835465312, -0.023428266867995262, -0.06072432920336723, 0.1293291300535202, 0.17753498256206512, -0.028904912993311882, 1.0]",5.866666793823242,111,0,324,0
"[0.6562449336051941, 0.3738541603088379, 0.3738676905632019, -2.882483959197998, -0.5336467027664185, 0.5896215438842773, 0.0, 0.0]","[-0.15196217596530914, -0.15773233771324158, -0.06023190915584564, 0.6453371644020081, 0.10378031432628632, 0.0931709036231041, 1.0]",6.5333333015441895,44,2,268,0
"[0.48646923899650574, -0.03338770195841789, 0.21324461698532104, 2.9023942947387695, 0.11629261076450348, 0.5881457328796387, 0.0, 0.0]","[0.04596918076276779, -0.07437945902347565, -0.10220344364643097, -0.11496704071760178, 5.310510823619552e-05, 0.13051171600818634, 0.015418529510498047]",9.600000381469727,152,1,372,0
"[0.6493216753005981, 0.39985448122024536, 0.3966800570487976, 2.8016626834869385, -0.6794837713241577, 0.8080581426620483, 0.0, 0.9867841601371765]","[0.12551851570606232, 0.10690860450267792, 0.004058436490595341, 0.1769128292798996, -0.09596411138772964, -0.06004449725151062, 0.0033039450645446777]",0.8666666746139526,76,1,86,0
"[0.38830408453941345, -0.014398864470422268, 0.5372267961502075, 3.13307523727417, -0.04343248903751373, 0.055943563580513, 0.0, 0.0]","[0.3995960056781769, 0.4495278596878052, 0.2881889045238495, 0.5287117958068848, -0.5964207053184509, -0.15694592893123627, 0.0033039450645446777]",11.733333587646484,19,1,458,0
"[0.6635199189186096, 0.4240685701370239, 0.3928901255130768, 2.7788515090942383, -0.6687620282173157, 0.82651686668396, 0.0, 0.9691630005836487]","[-0.0035024681128561497, -0.0634365826845169, -0.066533163189888, 0.03467874228954315, -0.17774969339370728, -0.14655406773090363, 0.2018871307373047]",14.933333396911621,54,1,477,0
"[0.3964455723762512, -0.3087863326072693, 0.34167182445526123, 3.0808610916137695, -7.219445251394063e-05, -1.626962423324585, 0.0, 0.8810572624206543]","[0.3665369749069214, 0.039187733083963394, -0.4900399148464203, -0.5404592156410217, 0.2629537582397461, 0.7452587485313416, 1.0]",9.333333015441895,57,1,64,0
"[0.48415595293045044, -0.057067979127168655, 0.19051410257816315, 2.9089248180389404, 0.09516501426696777, 0.7559347748756409, 0.0, 0.7312775254249573]","[-0.19844560325145721, -0.048753950744867325, 0.17839442193508148, 0.02230214886367321, 0.048774588853120804, -0.01849021017551422, 1.0]",1.4666666984558105,111,1,198,0
"[0.49630075693130493, -0.017052270472049713, 0.24022282660007477, 2.8713948726654053, 0.15886764228343964, 0.5658724904060364, 0.0, 0.0]","[0.10550504177808762, -0.021454976871609688, -0.07859978079795837, -0.1560332328081131, -0.07627834379673004, 0.26224207878112793, 0.02659308910369873]",1.2666666507720947,103,1,190,0
"[0.4454881548881531, -0.005393217783421278, 0.4076218903064728, 3.089797019958496, -0.14677825570106506, -0.18116027116775513, 0.0, 0.0]","[0.24531252682209015, 0.5874555110931396, -0.02731485106050968, 0.13392607867717743, -0.4638913571834564, 0.06742506474256516, 0.0033039450645446777]",5.666666507720947,211,1,261,0
"[0.47869378328323364, -0.056690774857997894, 0.19666096568107605, 2.919027328491211, 0.08149822056293488, 0.6261155009269714, 0.0, 0.08810574561357498]","[0.20847509801387787, 0.2168606072664261, 0.02445370890200138, 0.3061833381652832, -0.10349117964506149, -0.13788136839866638, 0.0033039450645446777]",0.5333333611488342,68,0,366,0
"[0.6069656610488892, -0.037925995886325836, 0.23607240617275238, 2.8596818447113037, -0.2792976498603821, -1.0145432949066162, 0.0, 0.0]","[-0.3829018473625183, 0.07958486676216125, 0.20874467492103577, -0.36632049083709717, -0.18510247766971588, 0.7210919260978699, 1.0]",12.066666603088379,79,0,497,0
"[0.48064056038856506, -0.20041720569133759, 0.35736143589019775, -2.9022393226623535, 0.11986112594604492, -0.9736120104789734, 0.0, 0.3392070531845093]","[0.0, 0.0, 0.0, 0.0, 0.0, 0.0, 0.013215839862823486]",4.066666603088379,167,0,380,0
"[0.5909713506698608, -0.0737190768122673, 0.22727234661579132, 2.9366366863250732, 0.03593046963214874, -0.8241208791732788, 0.0, 0.0]","[-0.4317595660686493, 0.4467206597328186, 0.2547658085823059, 0.1547512412071228, -0.4698088467121124, 0.7872776985168457, 0.0033039450645446777]",12.800000190734863,19,0,294,0
"[0.478914737701416, -0.062041860073804855, 0.19380062818527222, 2.9176554679870605, 0.07955759763717651, 0.6706914901733398, 0.0, 0.30837005376815796]","[-0.15653933584690094, 0.006389782298356295, 0.21029487252235413, 0.31266945600509644, 0.28890398144721985, 0.11803620308637619, 0.0033039450645446777]",11.533333778381348,92,1,289,0
"[0.5703549981117249, 0.02430642582476139, 0.44194498658180237, 3.0196001529693604, -0.4651651084423065, 0.09806693345308304, 0.0, 0.0]","[-0.11552273482084274, -0.08079502731561661, 0.10971534997224808, -0.0830337181687355, 0.3685905337333679, 0.025682691484689713, 1.0]",0.5333333611488342,156,2,87,0
"[0.3445797264575958, 0.10724911838769913, 0.43075352907180786, -3.0889298915863037, 0.011523052118718624, 0.21554520726203918, 0.0, 0.0]","[0.3843882977962494, 0.08674699068069458, -0.27338069677352905, 0.04123840108513832, -0.04098119959235191, -0.34593233466148376, 1.0]",9.800000190734863,175,2,24,0
"[0.39613431692123413, -0.30651262402534485, 0.339507132768631, 3.0690059661865234, -0.0056247953325510025, -1.6155058145523071, 0.0, 0.8061674237251282]","[0.03106945939362049, 0.022771283984184265, -0.06293768435716629, -0.09470830857753754, -0.06909660995006561, 0.44653794169425964, 0.44162994623184204]",2.3333332538604736,133,0,13,0
"[0.3852784037590027, -0.01389802061021328, 0.5402199029922485, 3.1341748237609863, -0.04831547290086746, 0.057565461844205856, 0.0, 0.0]","[0.06759539991617203, 0.018089087679982185, -0.07972876727581024, -0.0912463515996933, -0.05612224340438843, 0.45174193382263184, 0.30066078901290894]",4.400000095367432,0,1,296,0
"[0.5626073479652405, -0.012080726213753223, 0.2971857190132141, 2.898681402206421, -0.29728856682777405, -0.91422039270401, 0.0, 0.0]","[0.0, 0.0, 0.0, 0.0, 0.0, 0.0, 1.0]",5.599999904632568,18,0,269,0
"[0.6554343700408936, 0.417896032333374, 0.40039294958114624, 2.768901824951172, -0.6790671348571777, 0.8272618055343628, 0.0, 0.9867841601371765]","[0.16184990108013153, 0.4390302300453186, 0.2468520700931549, 0.2784199118614197, -0.3124982416629791, 0.267164021730423, 0.0033039450645446777]",10.866666793823242,131,2,11,0
"[0.399023175239563, 0.11442537605762482, 0.25296148657798767, 2.7984001636505127, -0.09347796440124512, 1.4061263799667358, 0.0, 0.9867841601371765]","[0.49651893973350525, 0.53160160779953, 0.19338461756706238, 0.7680483460426331, 0.1555568426847458, -0.621211588382721, 0.0033039450645446777]",0.06666667014360428,44,1,432,0
"[0.4948842227458954, -0.05583024397492409, 0.17343568801879883, 2.9012019634246826, 0.09510209411382675, 0.8526274561882019, 0.0, 0.634361207485199]","[-0.13128282129764557, 0.005388524383306503, 0.16681919991970062, 0.294099360704422, 0.30808714032173157, 0.15844134986400604, 0.0033039450645446777]",5.266666889190674,98,1,422,0
"[0.45946258306503296, -0.24454665184020996, 0.36524248123168945, 3.135728120803833, -0.0786249190568924, -1.3008195161819458, 0.0, 0.9383260011672974]","[-0.08899766951799393, -0.023420721292495728, 0.0068117473274469376, 0.4848960340023041, 0.2682528793811798, 0.2553432881832123, 1.0]",0.4000000059604645,164,0,362,0
"[0.4454873502254486, -0.00538780028000474, 0.40762192010879517, 3.089796781539917, -0.1467742770910263, -0.18114353716373444, 0.0, 0.0]","[-0.14877037703990936, -0.10308163613080978, -0.14797809720039368, -0.1314331442117691, -0.07938788086175919, -0.46982720494270325, 1.0]",3.066666603088379,225,0,316,0
"[0.45826923847198486, -0.24011801183223724, 0.37642595171928406, -3.125685214996338, -0.06519939005374908, -1.3164358139038086, 0.0, 0.933920681476593]","[-0.8049430251121521, -0.5925851464271545, -0.030159171670675278, 0.05259929224848747, -0.3829018175601959, -0.7932003736495972, 1.0]",10.600000381469727,45,2,160,0
"[0.6585519909858704, 0.2263752967119217, 0.41650015115737915, 3.05611252784729, -0.26988205313682556, 0.5415261387825012, 0.0, 0.0]","[0.041221313178539276, 0.01942411996424198, -0.030710654333233833, 0.1172114834189415, -0.10115299373865128, 0.23503948748111725, 0.015418529510498047]",13.066666603088379,126,1,188,0
"[0.39453914761543274, -0.2990912199020386, 0.33731362223625183, 3.01627779006958, -0.013676159083843231, -1.5704493522644043, 0.0, 0.3788546025753021]","[0.03673630580306053, -0.0046439748257398605, -0.08328741788864136, 0.037654463201761246, -0.04100567847490311, 0.31922686100006104, 0.39528942108154297]",3.133333444595337,25,0,494,0
"[0.4454893171787262, -0.005401620641350746, 0.4076218903064728, 3.089797019958496, -0.14678014814853668, -0.18117950856685638, 0.0, 0.0]","[0.0, 0.0, 0.0, 0.0, 0.0, 0.0, 0.013215839862823486]",8.666666984558105,145,0,38,0
"[0.3852771818637848, -0.013898739591240883, 0.5402167439460754, 3.1341803073883057, -0.04830172657966614, 0.05757705122232437, 0.0, 0.0]","[0.0, 0.0, 0.0, 0.0, 0.0, 0.0, 1.0]",7.866666793823242,33,2,17,0
"[0.5635231137275696, 0.016812069341540337, 0.43867626786231995, 3.019885301589966, -0.466535747051239, 0.09014535695314407, 0.0, 0.0]","[0.0, 0.0, 0.0, 0.0, 0.0, 0.0, 1.0]",0.46666666865348816,31,1,209,0
"[0.6464998722076416, 0.3819081485271454, 0.39644482731819153, 2.829554557800293, -0.6782863736152649, 0.7847903370857239, 0.0, 0.9867841601371765]","[-0.0762500986456871, -0.011867839843034744, -0.08208978921175003, 0.3942619562149048, 0.06715963780879974, 0.0871235728263855, 0.015418529510498047]",3.4000000953674316,124,0,245,0
"[0.39640164375305176, -0.30210524797439575, 0.3392505943775177, 3.0431923866271973, -0.009200936183333397, -1.5914759635925293, 0.0, 0.691629946231842]","[0.022945700213313103, 0.14356428384780884, 0.13669776916503906, 0.04524428769946098, -0.16137218475341797, 0.35913756489753723, 0.052785634994506836]",6.333333492279053,48,1,307,0
"[0.43095847964286804, 0.03924521431326866, 0.23374123871326447, 2.8777575492858887, -0.053890660405159, 1.1442177295684814, 0.0, 0.9867841601371765]","[0.11381203681230545, -0.38731616735458374, -0.14978979527950287, 0.025029612705111504, 0.294660359621048, -0.6591009497642517, 1.0]",2.2666666507720947,28,0,374,0
"[0.47846561670303345, -0.06012554094195366, 0.19524456560611725, 2.9183712005615234, 0.07862923294305801, 0.6378108263015747, 0.0, 0.16299556195735931]","[0.0, 0.0, 0.0, 0.0, 0.0, 0.0, 1.0]",2.799999952316284,139,1,393,0
"[0.6640775799751282, 0.4237879514694214, 0.3898073136806488, 2.791978120803833, -0.6637095808982849, 0.8256162405014038, 0.0, 0.91629958152771]","[-0.36794936656951904, 0.046694934368133545, 0.16660460829734802, -0.3056581914424896, -0.09931177645921707, 0.6491614580154419, 1.0]",9.399999618530273,176,1,61,0
"[0.6051074862480164, -0.040950436145067215, 0.2367435246706009, 2.8692400455474854, -0.19480395317077637, -0.967426061630249, 0.0, 0.0]","[0.20112664997577667, 0.59825199842453, 0.3132922947406769, 0.29608598351478577, -0.3991686999797821, 0.2384537011384964, 0.0033039450645446777]",1.600000023841858,188,1,405,0
"[0.648623526096344, 0.3942984938621521, 0.39653635025024414, 2.810317039489746, -0.6802084445953369, 0.8009214997291565, 0.0, 0.9867841601371765]","[0.09015342593193054, 0.192175954580307, 0.1353568434715271, 0.3775632977485657, 0.019809557124972343, 0.3482177257537842, 0.2808369994163513]",7.666666507720947,3,0,43,0
"[0.48451295495033264, -0.008519493974745274, 0.36822643876075745, 2.8495633602142334, 0.258942574262619, 0.2777251899242401, 0.0, 0.0]","[0.0, 0.0, 0.0, 0.0, 0.0, 0.0, 1.0]",0.9333333373069763,62,0,314,0
"[0.4642040431499481, -0.010416688397526741, 0.42149481177330017, 2.9244625568389893, 0.17673470079898834, 0.1874760389328003, 0.0, 0.0]","[0.03374279662966728, 0.020678620785474777, -0.03825313597917557, 0.12932121753692627, -0.09579390287399292, 0.2401597648859024, 0.015418529510498047]",8.933333396911621,142,0,35,0
"[0.4864429533481598, -0.2106446772813797, 0.36661988496780396, -3.0576047897338867, -0.046030208468437195, -0.9946258664131165, 0.0, 0.9383260011672974]","[0.27670690417289734, 0.6030315160751343, 0.3628648519515991, 0.5503835082054138, -0.812011182308197, -0.1942056119441986, 0.0033039450645446777]",2.933333396911621,148,0,386,0
"[0.48283687233924866, -0.19786421954631805, 0.3556950092315674, -2.9522321224212646, 0.08175283670425415, -0.9414108991622925, 0.0, 0.9383260011672974]","[0.15945027768611908, 0.1662229299545288, 0.09018619358539581, 0.057455144822597504, -0.20663608610630035, 0.09239272773265839, 0.0033039450645446777]",3.7333333492279053,187,1,18,0
"[0.48167338967323303, -0.19677938520908356, 0.35377267003059387, -2.939772129058838, 0.10759138315916061, -0.9514163136482239, 0.0, 0.9207048416137695]","[0.1747661679983139, -0.08011391758918762, -0.3120911121368408, 0.15658316016197205, 0.1443270593881607, 0.5062684416770935, 1.0]",3.7333333492279053,55,0,367,0
"[0.49268320202827454, -0.007948591373860836, 0.3394765257835388, 2.8317580223083496, 0.2870940566062927, 0.3301331698894501, 0.0, 0.0]","[0.5508148074150085, 0.035190749913454056, -0.5545988082885742, -0.6694828867912292, 0.4581717550754547, 0.43891698122024536, 1.0]",7.4666666984558105,90,0,431,0
"[0.3937683403491974, -0.29878953099250793, 0.33717212080955505, 3.0099825859069824, -0.015154619701206684, -1.5661107301712036, 0.0, 0.29955947399139404]","[0.20033931732177734, -0.1792008876800537, -0.12191084772348404, 0.027493784204125404, 0.12244401127099991, -0.27056774497032166, 1.0]",6.066666603088379,70,1,347,0
"[0.5734187960624695, -0.009234694764018059, 0.2809830904006958, 2.8936352729797363, -0.2950006127357483, -0.9326833486557007, 0.0, 0.0]","[0.0681350976228714, 0.005757236387580633, -0.008087900467216969, 0.04349368065595627, -0.13924182951450348, 0.19175931811332703, 0.015418529510498047]",10.866666793823242,210,0,239,0
"[0.3929687440395355, -0.2996335029602051, 0.34297975897789, 3.010498285293579, -0.033003490418195724, -1.5519782304763794, 0.0, 0.23348015546798706]","[0.0, 0.0, 0.0, 0.0, 0.0, 0.0, 0.013215839862823486]",5.333333492279053,110,0,237,0
"[0.4799322187900543, -0.059745125472545624, 0.19282317161560059, 2.91502046585083, 0.08566929399967194, 0.7045659422874451, 0.0, 0.44933921098709106]","[-0.40885722637176514, 0.387198269367218, 0.36815759539604187, 0.04703439027070999, -0.6435922980308533, 0.39175596833229065, 0.0033039450645446777]",8.733333587646484,129,1,154,0
"[0.494621604681015, -0.053695157170295715, 0.17025639116764069, 2.9083478450775146, 0.09985233843326569, 0.8961310982704163, 0.0, 0.6211453676223755]","[0.07780574262142181, -0.04124732315540314, -0.0888141319155693, -0.12183248996734619, -0.02175969071686268, 0.13723115622997284, 0.015418529510498047]",9.933333396911621,46,0,151,0
"[0.6477078199386597, 0.3480018973350525, 0.37029048800468445, -2.869807720184326, -0.297512024641037, 0.5901912450790405, 0.0, 0.0]","[0.5364284515380859, 0.19554772973060608, -0.21330110728740692, -0.2604760527610779, -0.06655091792345047, -0.9631838798522949, 1.0]",4.133333206176758,7,1,121,0
"[0.5933778285980225, -0.012255662120878696, 0.2633076012134552, 2.8936259746551514, -0.30840951204299927, -0.9567697644233704, 0.0, 0.0]","[-0.0033763141836971045, 0.06499002873897552, 0.1723712831735611, 0.4893314838409424, -0.035405684262514114, 0.30351021885871887, 0.47466957569122314]",14.0,175,2,330,0
"[0.6597506403923035, 0.42415887117385864, 0.4009420871734619, 2.7570881843566895, -0.6811562180519104, 0.8356228470802307, 0.0, 0.9867841601371765]","[0.0, 0.0, 0.0, 0.0, 0.0, 0.0, 1.0]",5.800000190734863,153,0,107,0
"[0.4946511685848236, -0.05358489602804184, 0.1702742874622345, 2.9092721939086914, 0.10187359899282455, 0.9063760042190552, 0.0, 0.784140944480896]","[-0.28053751587867737, 0.00754491938278079, 0.2508654296398163, -0.08103078603744507, 0.22691792249679565, -0.0746724009513855, 1.0]",2.6666667461395264,97,2,210,0
"[0.34576183557510376, 0.10550503432750702, 0.43099188804626465, -3.088184118270874, 0.011963911354541779, 0.19865405559539795, 0.0, 0.0]","[-0.03631897270679474, 0.03428557515144348, -0.04337877780199051, 0.21343006193637848, -0.15618817508220673, 0.20424270629882812, 0.015418529510498047]",10.800000190734863,3,2,479,0
"[0.6514386534690857, 0.4084816873073578, 0.39773643016815186, 2.786381721496582, -0.6759468913078308, 0.8173616528511047, 0.0, 0.9867841601371765]","[0.09359914809465408, -0.03964107111096382, -0.13656984269618988, -0.009204486384987831, 0.14927765727043152, -0.15359258651733398, 1.0]",9.0,70,0,493,0
"[0.6000537872314453, -0.06218990683555603, 0.23525406420230865, 2.9113645553588867, -0.04137035831809044, -0.8568006753921509, 0.0, 0.0]","[-0.19738547503948212, -0.11555225402116776, -0.12979060411453247, 0.4564518332481384, 0.4165562093257904, 0.2315182238817215, 1.0]",11.066666603088379,234,0,352,0
"[0.39052969217300415, -0.13867127895355225, 0.4141906201839447, 3.137298107147217, -0.07890546321868896, -0.9891861081123352, 0.0, 0.0]","[-0.326948344707489, -0.65751051902771, 0.26016879081726074, -0.793743371963501, -0.4666048586368561, -0.39019399881362915, 1.0]",4.800000190734863,51,0,481,0
"[0.40200433135032654, -0.30790114402770996, 0.35028326511383057, 3.098421335220337, -0.007424755021929741, -1.605080485343933, 0.0, 0.9118942618370056]","[0.10462997853755951, -0.017583491280674934, -0.12698855996131897, -0.09141286462545395, -0.13331305980682373, 0.3104168176651001, 0.1688786745071411]",3.0,89,1,483,0
"[0.4689163565635681, 0.007348981685936451, 0.3950847089290619, 3.059046983718872, -0.17213760316371918, -0.4304784834384918, 0.0, 0.0]","[-0.1754632592201233, -0.2916836440563202, -0.057814858853816986, -0.3027763366699219, 0.06735031306743622, -0.9506789445877075, 1.0]",3.200000047683716,50,1,381,0
"[0.6068416237831116, -0.021949123591184616, 0.25139349699020386, 2.891113758087158, -0.3073909878730774, -0.9906911849975586, 0.0, 0.0]","[-0.008825041353702545, -0.059978336095809937, -0.05623999983072281, 0.04991797357797623, -0.17360374331474304, -0.13314977288246155, 0.16933459043502808]",1.600000023841858,42,1,364,0
"[0.594444215297699, 0.26168912649154663, 0.3895726501941681, 2.672058343887329, -0.6068689227104187, 1.0578497648239136, 0.0, 0.9867841601371765]","[-0.058302368968725204, 0.03539174422621727, 0.03782070800662041, 0.09126023203134537, 0.053550269454717636, 0.19251671433448792, 0.0]",13.800000190734863,26,0,14,0
"[0.38528093695640564, -0.013903758488595486, 0.5401939749717712, 3.134183406829834, -0.04822050407528877, 0.05757344514131546, 0.0, 0.0]","[0.0, 0.0, 0.0, 0.0, 0.0, 0.0, 1.0]",14.266666412353516,104,2,275,0
"[0.38731497526168823, 0.03217953070998192, 0.4257875382900238, -3.0599818229675293, 0.010400144383311272, -0.17842423915863037, 0.0, 0.0]","[0.027495333924889565, -0.3929973542690277, -0.11375557631254196, -0.22456011176109314, -0.023809298872947693, -0.9741693139076233, 1.0]",4.4666666984558105,28,0,468,0
"[0.6651601791381836, 0.4212073087692261, 0.3874759078025818, 2.8556127548217773, -0.6753857731819153, 0.8002506494522095, 0.0, 0.6299559473991394]","[0.16496436297893524, -0.11816933751106262, -0.03896375373005867, 0.08761303126811981, 0.05309472605586052, -0.48366281390190125, 1.0]",7.599999904632568,170,1,466,0
"[0.45809173583984375, -0.24391065537929535, 0.36991605162620544, 3.14146089553833, -0.0731499120593071, -1.3081247806549072, 0.0, 0.9383260011672974]","[0.07575690746307373, -0.37061238288879395, -0.11231262236833572, 0.05503422021865845, 0.30071157217025757, -0.6416049599647522, 1.0]",7.400000095367432,81,0,356,0
"[0.5056498646736145, -0.009991195984184742, 0.31119009852409363, 2.831599473953247, 0.28465455770492554, 0.4304213225841522, 0.0, 0.0]","[0.0, 0.0, 0.0, 0.0, 0.0, 0.0, 1.0]",0.7333333492279053,190,0,112,0
"[0.6550908088684082, 0.38401955366134644, 0.37489211559295654, -2.9153695106506348, -0.5767073631286621, 0.611005425453186, 0.0, 0.0]","[0.30187323689460754, 0.030371548607945442, -0.4607236385345459, -0.4528238773345947, 0.21183109283447266, 0.7478106021881104, 1.0]",6.733333110809326,93,0,218,0
"[0.5209254622459412, -0.0005295274895615876, 0.3629492223262787, 2.9881584644317627, -0.271941214799881, -0.706159234046936, 0.0, 0.0]","[0.001737003680318594, 0.002578580752015114, -0.01616886630654335, 0.029083626344799995, -0.014734338968992233, 0.16257219016551971, 0.0]",8.0,14,1,392,0
"[0.44554439187049866, -0.005317321512848139, 0.40743333101272583, 3.0914180278778076, -0.14680996537208557, -0.19095079600811005, 0.0, 0.0]","[0.08869121223688126, -0.004422274883836508, -0.03595428913831711, -0.024519283324480057, -0.11905315518379211, 0.15531116724014282, 0.015418529510498047]",0.0,158,1,114,0
"[0.6009555459022522, 0.26843497157096863, 0.3937417268753052, 2.70257568359375, -0.6308770179748535, 1.006898283958435, 0.0, 0.9867841601371765]","[0.13674089312553406, 0.19927579164505005, 0.0724572241306305, -0.050091903656721115, -0.13922682404518127, 0.48303744196891785, 0.042712390422821045]",4.199999809265137,220,0,1,0
"[0.47675621509552, -0.23150445520877838, 0.36641138792037964, -3.1147043704986572, -0.08932279795408249, -1.2158442735671997, 0.0, 0.9383260011672974]","[0.0, 0.0, 0.0, 0.0, 0.0, 0.0, 1.0]",9.933333396911621,166,0,378,0
"[0.3859727382659912, -0.014017152599990368, 0.5397019982337952, 3.1342527866363525, -0.04852847754955292, 0.056201037019491196, 0.0, 0.0]","[0.3621731400489807, 0.43158435821533203, 0.09584888815879822, 0.6387097835540771, -0.014467919245362282, -0.34812647104263306, 0.0033039450645446777]",15.533333778381348,169,0,128,0
"[0.49459585547447205, -0.053973741829395294, 0.17031121253967285, 2.906956672668457, 0.09706910699605942, 0.8829727172851562, 0.0, 0.5991189479827881]","[0.38460347056388855, 0.6396937370300293, 0.46126508712768555, 0.6758165955543518, -0.7048071026802063, -0.21568229794502258, 0.0033039450645446777]",1.1333333253860474,218,0,39,0
"[0.48752981424331665, -0.2073221355676651, 0.36610114574432373, -3.0276756286621094, -0.02544720470905304, -1.0063117742538452, 0.0, 0.9383260011672974]","[-0.08238699287176132, -0.04513268917798996, -0.01023176684975624, 0.2679038643836975, -0.026717858389019966, -0.009193538688123226, 0.38656389713287354]",8.399999618530273,5,1,438,0
"[0.5339025259017944, 0.23218783736228943, 0.38648003339767456, 2.451275110244751, -0.41798028349876404, 1.4627585411071777, 0.0, 0.9867841601371765]","[-0.1919252723455429, -0.2370528131723404, 0.10372485220432281, 0.6448877453804016, 0.6460312008857727, 0.4083667993545532, 0.9636564254760742]",8.533333778381348,60,1,419,0
"[0.465892493724823, -0.24228818714618683, 0.3605266809463501, 3.140859603881836, -0.09320725500583649, -1.2859642505645752, 0.0, 0.9383260011672974]","[-0.07946577668190002, -0.09156180918216705, -0.453210711479187, 0.1274486929178238, -0.22788375616073608, 0.4723025858402252, 1.0]",1.9333332777023315,112,0,173,0
"[0.49482715129852295, -0.05707363411784172, 0.17897741496562958, 2.8944361209869385, 0.094532310962677, 0.8232779502868652, 0.0, 0.700440526008606]","[0.0, 0.0, 0.0, 0.0, 0.0, 0.0, 0.013215839862823486]",6.133333206176758,13,1,361,0
"[0.48066237568855286, -0.05855587124824524, 0.19235797226428986, 2.913623094558716, 0.08830475807189941, 0.720412015914917, 0.0, 0.5286343693733215]","[-0.09983201324939728, -0.05348431318998337, 0.02741553820669651, 0.26011958718299866, -0.06794422119855881, -0.007506386376917362, 0.5407488942146301]",6.400000095367432,185,2,321,0
"[0.3821917474269867, -0.21429455280303955, 0.5198808312416077, -3.0972349643707275, -0.2485998421907425, -0.4984181821346283, 0.0, 0.0]","[0.0, 0.0, 0.0, 0.0, 0.0, 0.0, 0.013215839862823486]",4.066666603088379,174,0,241,0
"[0.604640781879425, -0.05488593876361847, 0.2394849807024002, 2.899617910385132, -0.10350500792264938, -0.8945031762123108, 0.0, 0.0]","[-0.1339755803346634, -0.13742686808109283, -0.024254612624645233, 0.6725651025772095, 0.05394120514392853, 0.031709298491477966, 1.0]",12.533333778381348,30,2,242,0
"[0.39895743131637573, 0.11462675034999847, 0.2529591917991638, 2.7988929748535156, -0.09526079148054123, 1.4016810655593872, 0.0, 0.9867841601371765]","[0.009681539610028267, -0.07122506201267242, -0.06643246114253998, 0.04587786644697189, -0.20319686830043793, -0.17959877848625183, 0.21823346614837646]",6.0,25,0,192,0
"[0.478588730096817, -0.06184367462992668, 0.1944616436958313, 2.9180080890655518, 0.07803687453269958, 0.654337465763092, 0.0, 0.2466960847377777]","[0.047050055116415024, -0.058773577213287354, -0.11400973051786423, 0.08013439923524857, -0.00013266260793898255, -0.18817138671875, 0.8683215379714966]",15.600000381469727,165,1,480,0
"[0.5069037079811096, -0.007906462997198105, 0.2879209816455841, 2.823005199432373, 0.24290838837623596, 0.5011446475982666, 0.0, 0.0]","[-0.4004327356815338, 0.397693008184433, 0.34916552901268005, 0.04629778116941452, -0.6670668721199036, 0.4442286789417267, 0.0033039450645446777]",15.866666793823242,7,0,84,0
"[0.48666343092918396, -0.20249778032302856, 0.3620477318763733, -2.981644868850708, 0.01602143980562687, -0.9893775582313538, 0.0, 0.9383260011672974]","[0.0, 0.0, 0.0, 0.0, 0.0, 0.0, 0.013215839862823486]",0.8666666746139526,107,1,162,0
"[0.34446245431900024, 0.10723208636045456, 0.43118715286254883, -3.088970422744751, 0.010313630104064941, 0.21553844213485718, 0.0, 0.0]","[0.14382033050060272, 0.04547470435500145, -0.0599064826965332, -0.14036765694618225, -0.07412192970514297, 0.3201477825641632, 0.03958958387374878]",10.666666984558105,100,0,219,0
"[0.49272698163986206, -0.05753352493047714, 0.1855451464653015, 2.8893039226531982, 0.09019296616315842, 0.8007627129554749, 0.0, 0.7885462641716003]","[-0.21659159660339355, -0.2814333736896515, -0.08163102716207504, -0.28409528732299805, 0.12012748420238495, -0.9512408971786499, 1.0]",1.2000000476837158,144,2,333,0
"[0.4296486973762512, -0.22116443514823914, 0.4475611448287964, -3.022597074508667, -0.04721818491816521, -0.8625659346580505, 0.0, 0.0]","[0.22355316579341888, 0.5037984251976013, -0.4816115200519562, -0.0070119271986186504, -0.21314279735088348, 0.40937522053718567, 0.0033039450645446777]",14.666666984558105,48,1,331,0
"[0.5292798280715942, 0.22899527847766876, 0.39068031311035156, 2.448538303375244, -0.41869086027145386, 1.4569435119628906, 0.0, 0.9867841601371765]","[0.0, 0.0, 0.0, 0.0, 0.0, 0.0, 0.013215839862823486]",2.066666603088379,127,1,377,0
"[0.395908921957016, -0.30010828375816345, 0.33880555629730225, 3.028517484664917, -0.010152100585401058, -1.5802620649337769, 0.0, 0.5330396294593811]","[0.0, 0.0, 0.0, 0.0, 0.0, 0.0, 1.0]",10.0,11,0,355,0
"[0.4861316382884979, -0.04226835444569588, 0.16421785950660706, 2.975923538208008, 0.09381771087646484, 0.9564352631568909, 0.0, 0.9867841601371765]","[-0.3529892861843109, 0.03745342046022415, 0.14661884307861328, -0.22614656388759613, -0.09740675985813141, 0.5926021933555603, 1.0]",3.799999952316284,161,0,387,0
"[0.4602862298488617, -0.24468261003494263, 0.36378687620162964, 3.1349470615386963, -0.0821782797574997, -1.29782235622406, 0.0, 0.9383260011672974]","[0.0, 0.0, 0.0, 0.0, 0.0, 0.0, 1.0]",0.9333333373069763,9,2,194,0
"[0.4926412105560303, -0.049714840948581696, 0.16859355568885803, 2.9211626052856445, 0.10394501686096191, 0.9272095561027527, 0.0, 0.9867841601371765]","[0.4950049817562103, 0.1847926676273346, -0.17918148636817932, -0.2496153712272644, -0.03928554058074951, -0.9675478339195251, 1.0]",11.466666221618652,34,1,197,0
"[0.3852774202823639, -0.01389912236481905, 0.5402184128761292, 3.1341774463653564, -0.048299722373485565, 0.057575348764657974, 0.0, 0.0]","[0.24505886435508728, 0.5292794108390808, -0.2552589476108551, 0.2602885067462921, -0.3404732048511505, 0.10104554891586304, 0.0033039450645446777]",3.133333444595337,80,1,95,0
"[0.3990064859390259, 0.11445832997560501, 0.2529478669166565, 2.7985339164733887, -0.09385702013969421, 1.405135989189148, 0.0, 0.9867841601371765]","[0.2255764901638031, -0.36309099197387695, -0.03939342126250267, -0.060579705983400345, -0.0698252022266388, -0.9957181215286255, 1.0]",10.933333396911621,17,0,135,0
"[0.40846630930900574, -0.0405915342271328, 0.42322391271591187, -3.0522572994232178, -0.022828221321105957, -0.5132755041122437, 0.0, 0.0]","[0.41019368171691895, 0.07829570770263672, -0.34566864371299744, -0.1508515626192093, 0.11245976388454437, -0.5165544152259827, 1.0]",2.4000000953674316,41,1,108,0
"[0.4088311791419983, -0.2990719974040985, 0.35880982875823975, 3.114546775817871, -0.013058250769972801, -1.5572876930236816, 0.0, 0.9207048416137695]","[0.3388223946094513, 0.69275963306427, 0.2987324297428131, 0.5385904312133789, -0.2641684412956238, -0.24594025313854218, 0.0033039450645446777]",11.266666412353516,48,0,212,0
"[0.5573096871376038, -0.013328993692994118, 0.30703219771385193, 2.904486656188965, -0.2994471490383148, -0.8995347023010254, 0.0, 0.0]","[0.5962521433830261, 0.10974044352769852, -0.2623404264450073, -0.4086948335170746, -0.18668198585510254, -0.8933746814727783, 1.0]",6.599999904632568,179,1,66,0
"[0.39639556407928467, -0.3045358657836914, 0.3392893373966217, 3.0576066970825195, -0.008005739189684391, -1.6040955781936646, 0.0, 0.7929515242576599]","[0.29618290066719055, -0.33642640709877014, -0.06177755072712898, 0.017872529104351997, -0.012385783717036247, -0.999763548374176, 1.0]",8.466666221618652,54,1,78,0
"[0.5345813632011414, 0.23178312182426453, 0.387271523475647, 2.4489879608154297, -0.4180096983909607, 1.4631831645965576, 0.0, 0.9867841601371765]","[-0.13209892809391022, -0.19538187980651855, 0.12161237001419067, 0.0471181645989418, 0.48606598377227783, 0.0458090715110302, 1.0]",5.733333110809326,148,0,280,0
"[0.5275150537490845, -0.004877282306551933, 0.3558640480041504, 2.970463991165161, -0.2844190299510956, -0.7456069588661194, 0.0, 0.0]","[0.10961920022964478, 0.2192404866218567, 0.11137343943119049, -0.0004825473588425666, -0.15118955075740814, 0.4957025647163391, 0.046368420124053955]",1.3333333730697632,58,0,89,0
"[0.4401491582393646, -0.21823735535144806, 0.43102481961250305, -2.989333152770996, 0.01265291590243578, -0.9318841695785522, 0.0, 0.0]","[0.009554382413625717, 0.0811072364449501, 0.12261229753494263, 0.032032713294029236, -0.16750282049179077, 0.24587948620319366, 0.05223923921585083]",1.2000000476837158,12,0,284,0
"[0.4758789837360382, -0.23328813910484314, 0.3664056062698364, -3.1188905239105225, -0.09444782882928848, -1.2299928665161133, 0.0, 0.9383260011672974]","[-0.033884670585393906, 0.03894022852182388, -0.04502806067466736, 0.1878959685564041, -0.17905716598033905, 0.28824031352996826, 0.015418529510498047]",13.933333396911621,84,1,325,0
"[0.6597378849983215, 0.24910838901996613, 0.4072365462779999, 3.088395357131958, -0.256611704826355, 0.5749372243881226, 0.0, 0.0]","[-0.16659307479858398, -0.0642443597316742, 0.038761962205171585, 0.44466516375541687, 0.2331458032131195, 0.3056478202342987, 1.0]",1.6666666269302368,139,1,231,0
"[0.4345256984233856, -0.014045331627130508, 0.4788537621498108, 3.010653257369995, 0.0730639100074768, 0.11872266232967377, 0.0, 0.0]","[0.49951526522636414, 0.5427781343460083, 0.22238075733184814, 0.8030304908752441, 0.09837786853313446, -0.5877617001533508, 0.0033039450645446777]",12.733333587646484,9,0,122,0
"[0.6047441363334656, -0.052482254803180695, 0.23939867317676544, 2.89325213432312, -0.11682411283254623, -0.9022000432014465, 0.0, 0.0]","[0.04761708155274391, -0.007924292236566544, -0.10790890455245972, -0.004179802723228931, -0.043908774852752686, 0.30994874238967896, 0.3520393967628479]",10.066666603088379,13,0,424,0
"[0.4718201160430908, -0.010077020153403282, 0.4024916887283325, 2.8956797122955322, 0.21127480268478394, 0.2134239822626114, 0.0, 0.0]","[0.3160824179649353, -0.04075232148170471, -0.10618175566196442, -0.18650449812412262, 0.15015681087970734, -0.029157690703868866, 1.0]",1.0,11,1,106,0
"[0.634389340877533, 0.3363165259361267, 0.4052678942680359, 2.8365561962127686, -0.688080370426178, 0.7719637155532837, 0.0, 0.9867841601371765]","[-0.12268487364053726, -0.05897987261414528, 0.06093849986791611, 0.2460104376077652, -0.07029983401298523, 0.02515420876443386, 0.8447136878967285]",3.5999999046325684,60,0,175,0
"[0.6090604662895203, -0.023442411795258522, 0.24693098664283752, 2.888176679611206, -0.30275747179985046, -1.0004349946975708, 0.0, 0.0]","[0.004484240896999836, 0.00014992766955401748, 0.08642122149467468, 0.017499232664704323, -0.17639389634132385, 0.10758300870656967, 0.056282877922058105]",11.733333587646484,56,1,246,0
"[0.6497153639793396, 0.3547322750091553, 0.3692808151245117, -2.821927547454834, -0.34693092107772827, 0.5670973062515259, 0.0, 0.0]","[0.0, 0.0, 0.0, 0.0, 0.0, 0.0, 0.013215839862823486]",3.866666555404663,39,0,181,0
"[0.39901283383369446, 0.11443514376878738, 0.252938836812973, 2.7986879348754883, -0.09434007853269577, 1.4037113189697266, 0.0, 0.9867841601371765]","[0.12527361512184143, -0.15906453132629395, -0.08823654800653458, -0.012152992188930511, 0.12070319056510925, -0.2796582579612732, 0.8558319211006165]",8.333333015441895,47,0,50,0
"[0.4956129789352417, -0.008209223859012127, 0.32742154598236084, 2.8447890281677246, 0.29496365785598755, 0.3566722571849823, 0.0, 0.0]","[-0.11955839395523071, -0.33154332637786865, 0.20727381110191345, -0.9340906143188477, -0.3254786431789398, -0.1467597633600235, 1.0]",7.933333396911621,18,0,492,0
"[0.5840777158737183, -0.008612725883722305, 0.27024558186531067, 2.8968214988708496, -0.3002842664718628, -0.9444262385368347, 0.0, 0.0]","[0.0284236092120409, -0.0036414170172065496, -0.05489703267812729, 0.05366240814328194, -0.039485856890678406, 0.302458792924881, 0.41252994537353516]",3.066666603088379,138,0,83,0
"[0.36870864033699036, -0.2484036386013031, 0.3777342736721039, 3.0692009925842285, -0.05167020857334137, -1.4463486671447754, 0.0, 0.0]","[0.3306800127029419, -0.013954329304397106, -0.1439528912305832, -0.005247758701443672, -0.1260755956172943, -0.2930153012275696, 1.0]",2.4666666984558105,117,1,415,0
"[0.40539178252220154, -0.016598407179117203, 0.4246024787425995, -3.0477280616760254, -0.008505148813128471, -0.40454092621803284, 0.0, 0.0]","[-0.22081483900547028, 0.051237910985946655, 0.30169400572776794, 0.29761672019958496, 0.1547510176897049, 0.07126254588365555, 0.0033039450645446777]",7.800000190734863,194,0,10,0
"[0.3852744996547699, -0.013900269754230976, 0.5402030348777771, 3.1341850757598877, -0.04823005944490433, 0.05758044123649597, 0.0, 0.0]","[0.06563796103000641, 0.19756504893302917, 0.13830094039440155, 0.047201357781887054, -0.1548987329006195, 0.44591015577316284, 0.0504000186920166]",6.866666793823242,143,0,428,0
"[0.3665221631526947, -0.2228839248418808, 0.39006340503692627, 3.0882625579833984, -0.07061619311571121, -1.3806153535842896, 0.0, 0.0]","[0.0, 0.0, 0.0, 0.0, 0.0, 0.0, 0.013215839862823486]",10.666666984558105,22,0,410,0
"[0.4554479718208313, -0.24056066572666168, 0.3784712851047516, -3.1277732849121094, -0.052872784435749054, -1.3307889699935913, 0.0, 0.933920681476593]","[0.0948801040649414, -0.002959790173918009, -0.09519527107477188, -0.09075437486171722, -0.08250805735588074, 0.38622888922691345, 0.18382340669631958]",8.399999618530273,189,1,456,0
"[0.4082409739494324, -0.06499689072370529, 0.4204612076282501, -3.0662004947662354, -0.03412166237831116, -0.6206591725349426, 0.0, 0.0]","[0.0, 0.0, 0.0, 0.0, 0.0, 0.0, 1.0]",2.5333333015441895,123,1,290,0
"[0.5340903401374817, -0.008616096340119839, 0.34759190678596497, 2.9542102813720703, -0.29275792837142944, -0.784855842590332, 0.0, 0.0]","[-0.08110729604959488, 0.00028401182498782873, -0.10112190991640091, 0.30067044496536255, 0.008212234824895859, 0.30096134543418884, 0.015418529510498047]",0.3333333432674408,152,2,488,0
"[0.6232427954673767, 0.3049563467502594, 0.4101594090461731, 2.7917468547821045, -0.6825137734413147, 0.8333741426467896, 0.0, 0.9867841601371765]","[-0.07777813076972961, -0.34190624952316284, -0.11819256842136383, -0.25334492325782776, 0.03903769329190254, -0.966588020324707, 1.0]",4.666666507720947,231,1,217,0
"[0.422879695892334, -0.01515244785696268, 0.4964519739151001, 3.0450220108032227, 0.040937650948762894, 0.09644647687673569, 0.0, 0.0]","[0.04545466601848602, -0.09442508965730667, -0.08469092100858688, -0.14211323857307434, -0.018403181806206703, 0.1796409636735916, 0.01651984453201294]",0.7333333492279053,78,0,77,0
"[0.5680012106895447, -0.010579212568700314, 0.2882816791534424, 2.8952486515045166, -0.29452571272850037, -0.9253484606742859, 0.0, 0.0]","[-0.050771236419677734, -0.37466365098953247, -0.127250537276268, -0.24742566049098969, 0.020117593929171562, -0.9686980247497559, 1.0]",2.5999999046325684,86,1,473,0
"[0.3990125358104706, 0.11442657560110092, 0.25295573472976685, 2.7984607219696045, -0.09363057464361191, 1.4056793451309204, 0.0, 0.9867841601371765]","[0.509916365146637, -0.020411916077136993, -0.2865835726261139, -0.39271730184555054, 0.08796650916337967, -0.8488448858261108, 1.0]",6.5333333015441895,62,2,359,0
"[0.42331963777542114, 0.1308189481496811, 0.2774929404258728, 2.7221338748931885, -0.16983821988105774, 1.4007158279418945, 0.0, 0.9867841601371765]","[-0.12222204357385635, -0.06198287010192871, 0.10731205344200134, -0.1676296591758728, 0.3606697618961334, 0.04497383162379265, 1.0]",0.20000000298023224,230,1,49,0
"[0.5870112776756287, 0.2555004954338074, 0.38687440752983093, 2.6390743255615234, -0.5847750306129456, 1.1124087572097778, 0.0, 0.9867841601371765]","[0.022485028952360153, -0.011348034255206585, -0.029986513778567314, 0.04066302254796028, -0.0444083996117115, 0.25427529215812683, 0.37605172395706177]",11.399999618530273,197,1,349,0
"[0.40302446484565735, -0.09991155564785004, 0.41604140400886536, -3.0990207195281982, -0.04816842079162598, -0.780756950378418, 0.0, 0.0]","[-0.01276862807571888, 0.027742788195610046, -0.02339782565832138, 0.12441283464431763, -0.14283959567546844, 0.3622411787509918, 0.015418529510498047]",3.3333332538604736,37,1,54,0
"[0.5021203756332397, -0.01128139067441225, 0.31415003538131714, 2.8648836612701416, 0.30473461747169495, 0.39453479647636414, 0.0, 0.0]","[0.0, 0.0, 0.0, 0.0, 0.0, 0.0, 1.0]",6.266666889190674,85,0,346,0
"[0.6292189359664917, 0.3200124502182007, 0.4086121618747711, 2.8214592933654785, -0.6887423396110535, 0.7895391583442688, 0.0, 0.9867841601371765]","[0.03411506116390228, -0.08058177679777145, -0.11049632728099823, -0.10176331549882889, 0.015395360067486763, 0.13556456565856934, 0.015418529510498047]",10.466666221618652,150,0,299,0
"[0.5623393058776855, 0.23996640741825104, 0.3851742446422577, 2.5286107063293457, -0.5209348201751709, 1.2965583801269531, 0.0, 0.9867841601371765]","[-0.08082907646894455, -0.19423101842403412, -0.10481137037277222, 0.15753088891506195, -0.13702258467674255, 0.27894896268844604, 0.8952385187149048]",13.133333206176758,51,1,148,0
"[0.487423837184906, -0.20808404684066772, 0.3664189577102661, -3.033560037612915, -0.030463075265288353, -1.0008862018585205, 0.0, 0.9383260011672974]","[0.4617203176021576, 0.5105393528938293, 0.1638423204421997, 0.8106205463409424, 0.16483964025974274, -0.5618916749954224, 0.0033039450645446777]",11.933333396911621,66,0,274,0
"[0.5679061412811279, 0.022716380655765533, 0.43939629197120667, 3.019066333770752, -0.4691411256790161, 0.10130421817302704, 0.0, 0.0]","[0.04130898043513298, -0.006068115122616291, -0.09465980529785156, 0.04037284106016159, -0.04398813471198082, 0.33189430832862854, 0.35863780975341797]",4.0,20,0,411,0
"[0.38654825091362, -0.2159116566181183, 0.5177189707756042, -3.097747802734375, -0.24194371700286865, -0.5112881064414978, 0.0, 0.0]","[-0.2460412085056305, -0.538814127445221, 0.24130098521709442, -0.8728899955749512, -0.40648314356803894, -0.26987868547439575, 1.0]",2.3333332538604736,46,2,79,0
"[0.5519533753395081, -0.013587444089353085, 0.31728002429008484, 2.9136850833892822, -0.3023805618286133, -0.8784075379371643, 0.0, 0.0]","[-0.1264565885066986, -0.2862262725830078, -0.07698904722929001, -0.2500734031200409, 0.0401008278131485, -0.967396080493927, 1.0]",1.7333333492279053,88,2,358,0
"[0.38524457812309265, -0.013894885778427124, 0.5397204160690308, 3.1342673301696777, -0.047091417014598846, 0.057596027851104736, 0.0, 0.0]","[0.020137354731559753, -0.05959238111972809, -0.062454912811517715, 0.0471855066716671, -0.1694088876247406, -0.1861630380153656, 0.30066078901290894]",8.466666221618652,76,0,72,0
"[0.4024336338043213, -0.005042265634983778, 0.4247695803642273, -3.04931640625, -0.003899008734151721, -0.3503263294696808, 0.0, 0.0]","[0.0, 0.0, 0.0, 0.0, 0.0, 0.0, 1.0]",15.333333015441895,106,2,196,0
"[0.48590803146362305, -0.2118615061044693, 0.3666188418865204, -3.065012216567993, -0.050207335501909256, -1.0035878419876099, 0.0, 0.9383260011672974]","[0.4761992394924164, 0.023349184542894363, -0.3597329258918762, -0.3493203818798065, 0.0617319792509079, -0.7557092905044556, 1.0]",3.2666666507720947,128,1,396,0
"[0.6050044298171997, -0.04450247436761856, 0.23789529502391815, 2.8748250007629395, -0.1641564965248108, -0.9353300929069519, 0.0, 0.0]","[0.0, 0.0, 0.0, 0.0, 0.0, 0.0, 1.0]",4.266666889190674,30,2,205,0
"[0.3852761387825012, -0.01389364991337061, 0.5402205586433411, 3.1341745853424072, -0.048311278223991394, 0.05758143588900566, 0.0, 0.0]","[0.0, 0.0, 0.0, 0.0, 0.0, 0.0, 1.0]",3.866666555404663,49,0,447,0
"[0.6332916021347046, 0.12275540828704834, 0.4513210952281952, 2.9892539978027344, -0.3883325457572937, 0.3172436058521271, 0.0, 0.0]","[0.10643302649259567, -0.020604662597179413, -0.10758376866579056, -0.1373734027147293, -0.15862619876861572, 0.32015901803970337, 0.1421414613723755]",6.800000190734863,228,1,22,0
"[0.45264190435409546, -0.24224892258644104, 0.3789117634296417, -3.1313998699188232, -0.04587099328637123, -1.3424479961395264, 0.0, 0.933920681476593]","[0.03433538228273392, -0.003177178790792823, -0.070375457406044, 0.04854056239128113, -0.04530089348554611, 0.3163352906703949, 0.3923547863960266]",5.066666603088379,66,2,413,0
"[0.4585159718990326, -0.2410423904657364, 0.3748893737792969, -3.1290435791015625, -0.0685083344578743, -1.3136342763900757, 0.0, 0.9383260011672974]","[0.24453610181808472, 0.6743060350418091, 0.2664682865142822, 0.3233594298362732, -0.40695908665657043, 0.19497205317020416, 0.0033039450645446777]",12.600000381469727,2,1,59,0
"[0.445487380027771, -0.005386576987802982, 0.4076206386089325, 3.089803457260132, -0.14677312970161438, -0.18114006519317627, 0.0, 0.0]","[0.03251264989376068, -0.051500529050827026, -0.07364494353532791, 0.06894523650407791, -0.13997696340084076, -0.19486486911773682, 0.45044052600860596]",8.266666412353516,1,0,158,0
"[0.4189814329147339, -0.22214478254318237, 0.4630194306373596, -3.051527738571167, -0.09873925894498825, -0.7808557152748108, 0.0, 0.0]","[0.02263450436294079, 0.10141964256763458, 0.15444956719875336, 0.43728703260421753, -0.03011494316160679, 0.30750951170921326, 0.4129955768585205]",15.066666603088379,167,2,140,0
"[0.38496309518814087, -0.2783970832824707, 0.35633501410484314, 3.0311450958251953, -0.03575202077627182, -1.4989758729934692, 0.0, 0.0]","[-0.003487787675112486, -0.050926972180604935, -0.008719772100448608, 0.04394548386335373, -0.15775644779205322, -0.041309017688035965, 0.09363794326782227]",3.6666667461395264,126,2,308,0
"[0.48157235980033875, -0.1975160837173462, 0.3540715277194977, -2.927203893661499, 0.11488571763038635, -0.9629042148590088, 0.0, 0.7092511057853699]","[0.0, 0.0, 0.0, 0.0, 0.0, 0.0, 0.013215839862823486]",5.133333206176758,80,1,397,0
"[0.4005790054798126, -0.015246745198965073, 0.5232507586479187, 3.104830503463745, -0.007408441510051489, 0.06692980974912643, 0.0, 0.0]","[-0.13473114371299744, -0.24515028297901154, -0.2392641305923462, 0.25156837701797485, -0.13520926237106323, 0.20627816021442413, 1.0]",2.933333396911621,122,0,138,0
"[0.3445424735546112, 0.1072477176785469, 0.43088167905807495, -3.088944435119629, 0.011165516451001167, 0.21554693579673767, 0.0, 0.0]","[-0.11874468624591827, -0.058246493339538574, 0.05537700653076172, 0.25949737429618835, -0.0772753357887268, 0.018901647999882698, 0.7610132098197937]",1.399999976158142,22,1,315,0
"[0.5020887851715088, 0.21292836964130402, 0.4191051721572876, 2.44334077835083, -0.4441784918308258, 1.4133871793746948, 0.0, 0.9867841601371765]","[-0.15986788272857666, -0.06313947588205338, 0.11259593814611435, 0.10766561329364777, 0.02301626093685627, -0.0040580653585493565, 0.9500144720077515]",10.133333206176758,56,1,182,0
"[0.4585990011692047, -0.006967088673263788, 0.19656367599964142, 2.977156400680542, 0.025306960567831993, 1.0266166925430298, 0.0, 0.9867841601371765]","[-0.08365444093942642, -0.0070968810468912125, -0.10242180526256561, 0.29105839133262634, 0.03566719964146614, 0.29049739241600037, 0.015418529510498047]",2.4000000953674316,233,1,281,0
"[0.4673187732696533, -0.2133396416902542, 0.38618984818458557, -2.9079153537750244, 0.09401065111160278, -0.980588972568512, 0.0, 0.0]","[-0.08326877653598785, -0.007321165408939123, -0.09832612425088882, 0.32152846455574036, 0.05673564597964287, 0.2676081359386444, 0.015418529510498047]",9.800000190734863,72,0,469,0
"[0.615770161151886, 0.2903832197189331, 0.40639403462409973, 2.762298345565796, -0.6733434200286865, 0.8912734985351562, 0.0, 0.9867841601371765]","[0.0, 0.0, 0.0, 0.0, 0.0, 0.0, 1.0]",4.4666666984558105,61,2,273,0
"[0.6650732159614563, 0.41734063625335693, 0.38595646619796753, 2.93652606010437, -0.6800707578659058, 0.7673611640930176, 0.0, 0.4889867603778839]","[-0.028709067031741142, -0.03320375084877014, -0.06085739657282829, -0.02790111117064953, -0.07218381762504578, 0.45802032947540283, 0.5870044231414795]",4.400000095367432,146,1,165,0
"[0.487474650144577, -0.20453059673309326, 0.3643951714038849, -3.005035638809204, -0.0029059061780571938, -1.021583080291748, 0.0, 0.9383260011672974]","[-0.36812692880630493, 0.23600280284881592, 0.470309853553772, 0.17435425519943237, -0.24393397569656372, 0.28342199325561523, 0.0033039450645446777]",4.599999904632568,66,0,250,0
"[0.3930220901966095, -0.2996392250061035, 0.3410350978374481, 3.0087594985961914, -0.028914323076605797, -1.5549099445343018, 0.0, 0.1850220263004303]","[0.02409297414124012, -0.006820099428296089, -0.039460912346839905, 0.056469570845365524, -0.03719544783234596, 0.28978830575942993, 0.40040838718414307]",1.6666666269302368,129,2,139,0
"[0.3989225924015045, 0.11481700837612152, 0.252949059009552, 2.799337387084961, -0.09649216383695602, 1.3989614248275757, 0.0, 0.9867841601371765]","[0.0, 0.0, 0.0, 0.0, 0.0, 0.0, 1.0]",0.13333334028720856,3,1,417,0
"[0.4495965242385864, -0.0027930582873523235, 0.40536609292030334, 3.0840210914611816, -0.15306423604488373, -0.28060585260391235, 0.0, 0.0]","[0.005110010039061308, -0.06815867871046066, -0.06471312791109085, 0.04265925660729408, -0.19850753247737885, -0.17209208011627197, 0.1976432204246521]",0.5333333611488342,209,1,448,0
"[0.3941938281059265, -0.12895917892456055, 0.414837509393692, -3.133695602416992, -0.06939234584569931, -0.9365095496177673, 0.0, 0.0]","[0.40007954835891724, 0.08137481659650803, -0.30450499057769775, -0.04585171863436699, 0.00789407268166542, -0.41177377104759216, 1.0]",4.666666507720947,49,1,207,0
"[0.4841384291648865, -0.1995404064655304, 0.3577769100666046, -2.9644088745117188, 0.05557682737708092, -0.9455958008766174, 0.0, 0.9383260011672974]","[-0.31593242287635803, 0.05810989812016487, 0.23795092105865479, -0.11608695238828659, 0.24156557023525238, -0.038229670375585556, 1.0]",5.4666666984558105,116,1,440,0
"[0.6096847653388977, -0.024384673684835434, 0.2446354776620865, 2.8866074085235596, -0.29932448267936707, -1.005869746208191, 0.0, 0.0]","[0.29388347268104553, 0.7277538180351257, 0.2239985316991806, 0.3245672285556793, -0.3884854316711426, 0.13634823262691498, 0.0033039450645446777]",7.733333110809326,217,1,238,0
"[0.6574580073356628, 0.363921582698822, 0.37101906538009644, -2.829655170440674, -0.4804191291332245, 0.557094931602478, 0.0, 0.0]","[0.003374007297679782, 0.02922079898416996, -0.03256964311003685, 0.13492681086063385, -0.13124899566173553, 0.3031536936759949, 0.015418529510498047]",6.4666666984558105,135,0,233,0
"[0.4886319637298584, -0.04403853788971901, 0.16527077555656433, 2.9563398361206055, 0.10087050497531891, 0.9504809975624084, 0.0, 0.9867841601371765]","[-0.2993515133857727, 0.03538409620523453, 0.2425653338432312, -0.08874920755624771, 0.2679714560508728, -0.07551266998052597, 1.0]",10.933333396911621,6,0,312,0
"[0.6555609703063965, 0.37870484590530396, 0.3743188679218292, -2.897129774093628, -0.5540030002593994, 0.5997368097305298, 0.0, 0.0]","[0.1867716908454895, -0.31870919466018677, -0.201338991522789, 0.11981837451457977, 0.18322736024856567, -0.3456658124923706, 1.0]",13.666666984558105,88,1,484,0
"[0.6048629283905029, -0.049687791615724564, 0.23910510540008545, 2.8861467838287354, -0.13236276805400848, -0.9107710719108582, 0.0, 0.0]","[0.19917398691177368, -0.05750739201903343, -0.39731842279434204, -0.11162646114826202, 0.12767620384693146, 0.5637104511260986, 1.0]",4.400000095367432,113,2,68,0
"[0.6565380692481995, 0.30949267745018005, 0.3865460157394409, -3.0578536987304688, -0.2649034857749939, 0.615490198135376, 0.0, 0.0]","[0.17375709116458893, -0.16622810065746307, -0.09945204108953476, -0.021094907075166702, 0.1561865210533142, -0.2923491299152374, 1.0]",9.533333778381348,44,0,449,0
"[0.6075341105461121, -0.0341702364385128, 0.23612216114997864, 2.862398147583008, -0.29181185364723206, -1.0162729024887085, 0.0, 0.0]","[-0.6880404353141785, -0.7004014849662781, 0.1898370385169983, -0.1359444558620453, -0.5271754264831543, -0.8388117551803589, 1.0]",3.3333332538604736,77,2,208,0
"[0.3959765136241913, -0.3082267940044403, 0.34063926339149475, 3.077958106994629, -8.24567541712895e-05, -1.6263295412063599, 0.0, 0.8634361028671265]","[0.02257922664284706, 0.04721210524439812, -0.05625404790043831, 0.1693447232246399, -0.07955600321292877, 0.33538419008255005, 0.015418529510498047]",11.866666793823242,75,1,311,0
"[0.37253817915916443, -0.17058420181274414, 0.40511396527290344, 3.1008081436157227, -0.09365177899599075, -1.145734190940857, 0.0, 0.0]","[-0.6277688145637512, -0.7374899387359619, 0.24902787804603577, -0.19194498658180237, -0.5768740177154541, -0.7939606308937073, 1.0]",1.7999999523162842,15,1,470,0
"[0.5131948590278625, 0.0038441214710474014, 0.36917391419410706, 3.0027270317077637, -0.2534371614456177, -0.6619649529457092, 0.0, 0.0]","[-0.010324103757739067, -0.052435748279094696, -0.047768328338861465, 0.054155223071575165, -0.16688641905784607, -0.11364588141441345, 0.13672220706939697]",11.800000190734863,191,1,345,0
"[0.40864893794059753, -0.052585527300834656, 0.42193737626075745, -3.0583958625793457, -0.028751447796821594, -0.5654506683349609, 0.0, 0.0]","[0.6750954389572144, -0.00039880210533738136, -0.41850244998931885, -0.6775896549224854, 0.410494863986969, 0.17836441099643707, 1.0]",5.666666507720947,63,1,282,0
"[0.40716952085494995, -0.07715609669685364, 0.4189600944519043, -3.076181650161743, -0.03966011479496956, -0.6742247343063354, 0.0, 0.0]","[0.004727836232632399, -0.01283181831240654, -0.326658695936203, -0.1410437524318695, -0.26673877239227295, 0.46364930272102356, 1.0]",0.6000000238418579,166,1,365,0
"[0.4528235197067261, -0.2149643898010254, 0.4095318615436554, -2.9589338302612305, 0.08067326247692108, -0.974532961845398, 0.0, 0.0]","[0.08062000572681427, -0.3148263394832611, -0.1117565855383873, 0.037048012018203735, 0.2391524314880371, -0.552061915397644, 1.0]",14.133333206176758,95,2,351,0
"[0.43542617559432983, -0.26098018884658813, 0.37585949897766113, -3.139456033706665, -0.029845545068383217, -1.4089622497558594, 0.0, 0.9295154213905334]","[-0.07943712919950485, -0.05806954577565193, 0.17537833750247955, 0.6149455904960632, 0.18899600207805634, 0.36358028650283813, 0.6200440526008606]",4.0,98,2,34,0
"[0.4798623025417328, -0.05199046432971954, 0.1991264522075653, 2.91728138923645, 0.08763027936220169, 0.6150568723678589, 0.0, 0.026431767269968987]","[0.2449057400226593, 0.5981648564338684, 0.3023495376110077, 0.4693395793437958, -0.7735934853553772, -0.11082688719034195, 0.0033039450645446777]",3.3333332538604736,85,0,204,0
"[0.5549790859222412, 0.2362373173236847, 0.3852635324001312, 2.4982399940490723, -0.49292290210723877, 1.3517615795135498, 0.0, 0.9867841601371765]","[0.0, 0.0, 0.0, 0.0, 0.0, 0.0, 1.0]",1.399999976158142,89,0,82,0
"[0.41109520196914673, -0.015563144348561764, 0.5115902423858643, 3.074902296066284, 0.014166227541863918, 0.08005375415086746, 0.0, 0.0]","[0.24026688933372498, 0.5147774815559387, -0.3596021234989166, 0.18729959428310394, -0.32905638217926025, 0.16966760158538818, 0.0033039450645446777]",5.4666666984558105,36,0,264,0
"[0.46133527159690857, -0.24450694024562836, 0.36251702904701233, 3.135552406311035, -0.08559247851371765, -1.295000433921814, 0.0, 0.9383260011672974]","[0.15349531173706055, -0.15416471660137177, -0.09281931072473526, -0.03062884323298931, 0.1479583978652954, -0.2846064269542694, 0.9749087691307068]",11.666666984558105,57,0,360,0
"[0.4750666320323944, -0.234650656580925, 0.36620157957077026, -3.1221628189086914, -0.0979544073343277, -1.2405993938446045, 0.0, 0.9383260011672974]","[0.2516239285469055, -0.023735083639621735, -0.11284301429986954, 0.049596622586250305, -0.05299719050526619, -0.25909343361854553, 1.0]",1.2000000476837158,202,0,416,0
"[0.47934335470199585, -0.06109949201345444, 0.1932794451713562, 2.9167470932006836, 0.08237224072217941, 0.6874103546142578, 0.0, 0.38766518235206604]","[0.19000104069709778, 0.545850932598114, 0.3243754804134369, 0.31782764196395874, -0.38743066787719727, 0.23071512579917908, 0.0033039450645446777]",0.3333333432674408,77,1,19,0
"[0.4949772357940674, -0.05682147294282913, 0.17695945501327515, 2.8966877460479736, 0.09513244777917862, 0.8314540386199951, 0.0, 0.6784141063690186]","[0.5186334848403931, 0.19527281820774078, -0.1980321854352951, -0.26106026768684387, -0.06030779704451561, -0.9634368419647217, 1.0]",0.13333334028720856,154,0,427,0
"[0.36831021308898926, -0.18188969790935516, 0.4014064073562622, 3.105710029602051, -0.09474846720695496, -1.221276044845581, 0.0, 0.0]","[-0.4234814941883087, 0.015317294746637344, 0.2533513009548187, -0.5227888822555542, -0.13815206289291382, 0.4566093385219574, 1.0]",0.06666667014360428,100,1,437,0
"[0.49043381214141846, -0.045826371759176254, 0.1665731519460678, 2.9398369789123535, 0.10395219177007675, 0.9424711465835571, 0.0, 0.9867841601371765]","[0.4898761212825775, 0.0037763831205666065, -0.32082465291023254, -0.3311631977558136, 0.07976438850164413, -0.7963516712188721, 1.0]",0.6666666865348816,52,0,363,0
"[0.452891081571579, 0.0016413589473813772, 0.20423664152622223, 2.961455821990967, 0.011047545820474625, 1.0455315113067627, 0.0, 0.9867841601371765]","[-0.42408642172813416, 0.041823308914899826, 0.23678389191627502, -0.5220603942871094, -0.12299588322639465, 0.7550549507141113, 1.0]",2.133333444595337,73,0,375,0
"[0.3992401659488678, 0.11350224167108536, 0.2525009214878082, 2.7997376918792725, -0.0937197282910347, 1.4027645587921143, 0.0, 0.9867841601371765]","[0.29753509163856506, 0.723471999168396, 0.20623044669628143, 0.3846589922904968, -0.32522493600845337, 0.08760682493448257, 0.0033039450645446777]",10.066666603088379,182,0,103,0
"[0.5427641272544861, 0.2300570011138916, 0.3843318819999695, 2.4656505584716797, -0.43912410736083984, 1.423633337020874, 0.0, 0.9867841601371765]","[0.006925840862095356, 0.02728002890944481, 0.10489221662282944, 0.025846149772405624, -0.17506512999534607, 0.15839658677577972, 0.04801952838897705]",14.333333015441895,86,0,42,0
"[0.4973728060722351, 0.2096814513206482, 0.41166990995407104, 2.4608147144317627, -0.44064784049987793, 1.405275583267212, 0.0, 0.9867841601371765]","[-0.3297102749347687, 0.03150346502661705, 0.12062964588403702, -0.155521422624588, -0.07414296269416809, 0.5098037719726562, 1.0]",10.266666412353516,183,1,229,0
"[0.4009968936443329, 0.11387934535741806, 0.2533409595489502, 2.7967617511749268, -0.09551892429590225, 1.4031156301498413, 0.0, 0.9867841601371765]","[0.1594616025686264, -0.34630388021469116, -0.1884375661611557, 0.06459637731313705, 0.22566154599189758, -0.45407170057296753, 1.0]",7.5333333015441895,141,1,482,0
"[0.3490787148475647, 0.10040389746427536, 0.43122029304504395, -3.086394786834717, 0.01184069737792015, 0.15556132793426514, 0.0, 0.0]","[0.3500254452228546, 0.6998938918113708, 0.3404586613178253, 0.6614107489585876, -0.2521304190158844, -0.32147547602653503, 0.0033039450645446777]",6.933333396911621,183,1,232,0
"[0.6410454511642456, 0.36142829060554504, 0.3997141718864441, 2.841078281402588, -0.6805132031440735, 0.7731834650039673, 0.0, 0.9867841601371765]","[-0.18841977417469025, -0.13838784396648407, -0.097990982234478, 0.4313788115978241, 0.34893015027046204, 0.20522402226924896, 1.0]",8.933333396911621,237,0,137,0
"[0.5666360855102539, 0.020122501999139786, 0.44017481803894043, 3.0190038681030273, -0.4699458181858063, 0.09696722775697708, 0.0, 0.0]","[0.23797361552715302, 0.5065186023712158, -0.4181620478630066, 0.10774268954992294, -0.34693586826324463, 0.24514156579971313, 0.0033039450645446777]",12.333333015441895,163,1,76,0
"[0.3935495615005493, -0.2989905774593353, 0.3381408452987671, 3.0084760189056396, -0.01982227712869644, -1.5615906715393066, 0.0, 0.2070484757423401]","[-0.07961919158697128, 0.009035316295921803, -0.09894406050443649, 0.32588961720466614, -0.005420372821390629, 0.28267496824264526, 0.015418529510498047]",12.199999809265137,221,0,430,0
"[0.3915334641933441, -0.2878758907318115, 0.35101351141929626, 3.021991491317749, -0.03897736594080925, -1.5285688638687134, 0.0, 0.05286344513297081]","[0.02835056185722351, -0.08996795117855072, -0.1160421296954155, -0.11421860009431839, 0.031276021152734756, 0.135173499584198, 0.015418529510498047]",10.333333015441895,172,0,247,0
"[0.4845856726169586, -0.21471849083900452, 0.3665600121021271, -3.077565908432007, -0.05668215453624725, -1.038361668586731, 0.0, 0.9383260011672974]","[-0.346895694732666, 0.20132194459438324, 0.4643101394176483, 0.20100320875644684, -0.16108906269073486, 0.23183192312717438, 0.0033039450645446777]",0.3333333432674408,34,1,119,0
"[0.6078682541847229, -0.03233182057738304, 0.23618797957897186, 2.866088390350342, -0.292248010635376, -1.0169439315795898, 0.0, 0.0]","[0.02672996185719967, 0.0056885178200900555, -0.04246397316455841, -0.2236195057630539, -0.12010777741670609, 0.10806512832641602, 1.0]",10.199999809265137,207,0,313,0
"[0.48989883065223694, -0.05797650292515755, 0.18882286548614502, 2.8925089836120605, 0.0929872989654541, 0.7850980162620544, 0.0, 0.8458150029182434]","[0.1543111652135849, 0.12171235680580139, -0.012896818108856678, -0.08496598154306412, -0.08522210270166397, 0.4026370346546173, 0.045276641845703125]",14.800000190734863,105,1,462,0
"[0.5933203101158142, -0.0693407729268074, 0.22912782430648804, 2.9229679107666016, 0.011238950304687023, -0.8324931859970093, 0.0, 0.0]","[-0.13112430274486542, -0.09324771165847778, 0.035941123962402344, 0.7038784623146057, 0.03431650623679161, 0.060624055564403534, 1.0]",1.1333333253860474,172,0,28,0
"[0.4676686227321625, -0.2411004900932312, 0.3610224425792694, -3.139399766921997, -0.09604573249816895, -1.2815581560134888, 0.0, 0.9383260011672974]","[0.3756241500377655, 0.06958431750535965, -0.2348325401544571, 0.04589790850877762, -0.10397246479988098, -0.2811265289783478, 1.0]",4.133333206176758,69,0,92,0
"[0.4062195122241974, -0.3028120696544647, 0.3557961583137512, 3.1089110374450684, -0.011157856322824955, -1.5771476030349731, 0.0, 0.91629958152771]","[0.013237293809652328, 0.04062618687748909, -0.04618028178811073, 0.14830221235752106, -0.11305883526802063, 0.31625276803970337, 0.015418529510498047]",11.266666412353516,115,0,288,0
"[0.393280565738678, -0.29932090640068054, 0.33936744928359985, 3.0081546306610107, -0.024231156334280968, -1.5581721067428589, 0.0, 0.18061670660972595]","[0.0, 0.0, 0.0, 0.0, 0.0, 0.0, 0.0033039450645446777]",13.733333587646484,108,1,297,0
"[0.3444299101829529, 0.10723040997982025, 0.43131688237190247, -3.0889804363250732, 0.009953555651009083, 0.2155405879020691, 0.0, 0.0]","[0.0, 0.0, 0.0, 0.0, 0.0, 0.0, 1.0]",2.5333333015441895,35,0,429,0
"[0.6571307182312012, 0.36179235577583313, 0.3708111345767975, -2.8158867359161377, -0.46278104186058044, 0.549081563949585, 0.0, 0.0]","[0.323436439037323, 0.6818405389785767, 0.22108598053455353, 0.5817167162895203, -0.22652657330036163, -0.16599620878696442, 0.0033039450645446777]",8.066666603088379,35,2,40,0
"[0.4928545355796814, -0.021933244541287422, 0.2297603338956833, 2.8838021755218506, 0.14301738142967224, 0.5757784843444824, 0.0, 0.0]","[-0.0716034397482872, -0.02504270151257515, -0.07234864681959152, 0.3508342206478119, 0.055335111916065216, 0.00775321526452899, 0.015418529510498047]",0.8666666746139526,71,1,193,0
"[0.45551246404647827, -0.011402975767850876, 0.4410681128501892, 2.9502720832824707, 0.14043812453746796, 0.16444770991802216, 0.0, 0.0]","[-0.16394968330860138, -0.2236296385526657, 0.11115553230047226, 0.2606010138988495, 0.6748764514923096, 0.18487533926963806, 1.0]",7.599999904632568,53,1,167,0
"[0.4826239347457886, -0.057146795094013214, 0.1909724920988083, 2.9124650955200195, 0.09327665716409683, 0.7463322281837463, 0.0, 0.6519823670387268]","[-0.02104293741285801, 0.04481327533721924, -0.027586566284298897, 0.1303699016571045, -0.14471805095672607, 0.4150685667991638, 0.015418529510498047]",7.5333333015441895,16,0,5,0
"[0.39010220766067505, -0.28499817848205566, 0.35259193181991577, 3.0246520042419434, -0.03835507854819298, -1.520770788192749, 0.0, 0.017621148377656937]","[-0.057238075882196426, -0.1552591472864151, -0.08811125159263611, 0.10241241753101349, -0.12908905744552612, 0.3053995668888092, 0.7880370020866394]",0.46666666865348816,64,2,97,0
"[0.5786955952644348, 0.24952608346939087, 0.38538825511932373, 2.602692127227783, -0.5626707673072815, 1.171843409538269, 0.0, 0.9867841601371765]","[-0.19541491568088531, -0.16111257672309875, -0.0032349545508623123, 0.45228856801986694, 0.29815083742141724, 0.21762952208518982, 1.0]",3.2666666507720947,118,0,426,0
"[0.6114767789840698, 0.2831302881240845, 0.40231558680534363, 2.7472786903381348, -0.6647459864616394, 0.9231116771697998, 0.0, 0.9867841601371765]","[0.28525760769844055, 0.2881370484828949, 0.1732739359140396, 0.28144609928131104, -0.48939910531044006, 0.11215614527463913, 0.0033039450645446777]",9.066666603088379,137,0,126,0
"[0.36062920093536377, 0.08126868307590485, 0.4295797049999237, -3.0795068740844727, 0.011699563823640347, 0.04673325642943382, 0.0, 0.0]","[0.0, 0.0, 0.0, 0.0, 0.0, 0.0, 1.0]",4.133333206176758,120,0,23,0
"[0.6476017832756042, 0.38840383291244507, 0.39605456590652466, 2.8195865154266357, -0.6788969039916992, 0.7933045625686646, 0.0, 0.9867841601371765]","[-0.145372211933136, -0.0667964369058609, 0.09172767400741577, 0.14059369266033173, -0.010167057625949383, 0.002797356341034174, 0.933147668838501]",15.133333206176758,195,1,70,0
"[0.5325610637664795, 0.23245926201343536, 0.38578349351882935, 2.4538137912750244, -0.41761496663093567, 1.4622609615325928, 0.0, 0.9867841601371765]","[0.0, 0.0, 0.0, 0.0, 0.0, 0.0, 1.0]",12.466666221618652,57,0,96,0
"[0.47112202644348145, -0.23839682340621948, 0.3633474111557007, -3.131579875946045, -0.09979084879159927, -1.2676929235458374, 0.0, 0.9383260011672974]","[-0.22715801000595093, -0.03905421867966652, 0.21691083908081055, -0.019580883905291557, 0.06857772916555405, -0.003960250411182642, 0.9796506762504578]",1.9333332777023315,131,0,45,0
"[0.47781261801719666, -0.2056480050086975, 0.3640950620174408, -2.8948299884796143, 0.11028654873371124, -0.9801229238510132, 0.0, 0.03524229675531387]","[-0.10703694075345993, -0.05423309653997421, 0.03803364932537079, 0.27499404549598694, -0.07459007948637009, 0.00839961227029562, 0.6244493722915649]",4.0,61,1,478,0
"[0.401214599609375, -0.21850377321243286, 0.49360355734825134, -3.082578420639038, -0.1825225055217743, -0.6231046915054321, 0.0, 0.0]","[-0.11923743784427643, -0.1118876039981842, 0.11622937768697739, 0.04424401745200157, 0.39340224862098694, 0.05562826246023178, 1.0]",9.600000381469727,82,0,6,0
"[0.4944145977497101, -0.05287769064307213, 0.17004406452178955, 2.911149740219116, 0.10296536237001419, 0.913899302482605, 0.0, 0.9295154213905334]","[0.14359506964683533, 0.16236382722854614, 0.03521972894668579, -0.08762352168560028, -0.10724454373121262, 0.43575823307037354, 0.042896151542663574]",5.800000190734863,114,2,105,0
"[0.4121895730495453, -0.2942228615283966, 0.36201587319374084, 3.12043833732605, -0.015319797210395336, -1.5343098640441895, 0.0, 0.9251101613044739]","[-0.19725102186203003, -0.18693950772285461, -0.1764611452817917, -0.1279108077287674, 0.10802430659532547, -0.5901110172271729, 1.0]",13.466666221618652,6,1,44,0
"[0.6521708369255066, 0.35704007744789124, 0.37021195888519287, -2.8055171966552734, -0.38286322355270386, 0.5521796345710754, 0.0, 0.0]","[-0.13138940930366516, -0.05566852167248726, 0.10202161222696304, -0.5475964546203613, 0.3615872263908386, 0.09725184738636017, 1.0]",2.7333333492279053,193,0,20,0
"[0.6049663424491882, -0.04246729612350464, 0.23724672198295593, 2.8719043731689453, -0.1773930937051773, -0.9512606859207153, 0.0, 0.0]","[0.1824832707643509, 0.5238438844680786, 0.31779733300209045, 0.35751622915267944, -0.39830902218818665, 0.23341171443462372, 0.0033039450645446777]",3.6666667461395264,17,2,495,0
"[0.4815612733364105, -0.19802957773208618, 0.3544750213623047, -2.9221930503845215, 0.11665188521146774, -0.9665254950523376, 0.0, 0.6255506277084351]","[0.05736080929636955, 0.18885213136672974, 0.1388082206249237, 0.04937288165092468, -0.16840536892414093, 0.43998053669929504, 0.05168431997299194]",7.333333492279053,41,0,30,0
"[0.3683650493621826, -0.18734389543533325, 0.39986589550971985, 3.104900598526001, -0.09040907770395279, -1.2481197118759155, 0.0, 0.0]","[0.18701490759849548, 0.5341410636901855, 0.3223779797554016, 0.33763715624809265, -0.38856253027915955, 0.2281731516122818, 0.0033039450645446777]",14.399999618530273,192,0,301,0
"[0.6081076860427856, -0.022666869685053825, 0.2493044137954712, 2.88919997215271, -0.30555662512779236, -0.9951522350311279, 0.0, 0.0]","[-0.17001791298389435, -0.14472566545009613, -0.07691440731287003, 0.6072149276733398, 0.21055486798286438, 0.14265067875385284, 1.0]",14.733333587646484,96,0,227,0
"[0.5635544061660767, 0.01533373910933733, 0.4390553832054138, 3.019239664077759, -0.4669268727302551, 0.08887194842100143, 0.0, 0.0]","[0.02449488453567028, -0.12021149694919586, -0.08899255841970444, -0.13904103636741638, 0.011835708282887936, 0.13348031044006348, 0.01651984453201294]",11.933333396911621,36,1,147,0
"[0.3692939579486847, -0.17500366270542145, 0.40260422229766846, 3.099968433380127, -0.09455849230289459, -1.1695677042007446, 0.0, 0.0]","[0.11186874657869339, 0.23165613412857056, 0.14179423451423645, 0.38807767629623413, 0.059205561876297, 0.3533167243003845, 0.2632158398628235]",3.7333333492279053,182,1,93,0
"[0.5144008994102478, 0.21973446011543274, 0.4187925457954407, 2.4319796562194824, -0.4519246816635132, 1.4196093082427979, 0.0, 0.9867841601371765]","[0.23304544389247894, 0.6123046875, 0.21264345943927765, 0.3350181579589844, -0.6884260773658752, 0.0021323831751942635, 0.0033039450645446777]",9.266666412353516,213,1,216,0
"[0.3876294195652008, -0.2815844714641571, 0.3542075455188751, 3.02732253074646, -0.036689046770334244, -1.5091121196746826, 0.0, 0.013215839862823486]","[0.20710259675979614, 0.6206169128417969, 0.30967533588409424, 0.294437974691391, -0.4200266897678375, 0.2343955785036087, 0.0033039450645446777]",13.533333778381348,178,2,255,0
"[0.6250302195549011, 0.10426569730043411, 0.45332711935043335, 2.9910154342651367, -0.40726789832115173, 0.26961851119995117, 0.0, 0.0]","[0.050209738314151764, 0.010005606338381767, -0.017551859840750694, 0.08148457109928131, -0.11523810774087906, 0.20345570147037506, 0.015418529510498047]",11.133333206176758,201,1,398,0
"[0.39738205075263977, -0.11941085010766983, 0.41516149044036865, -3.1216399669647217, -0.06051874905824661, -0.8840348720550537, 0.0, 0.0]","[0.057742126286029816, -0.12277138978242874, -0.07008135318756104, 0.04916331544518471, 0.019255435094237328, -0.16765281558036804, 0.7016377449035645]",7.866666793823242,174,0,186,0
"[0.6095896363258362, -0.025814998894929886, 0.24193726480007172, 2.88253116607666, -0.2960667014122009, -1.0101081132888794, 0.0, 0.0]","[0.3153163492679596, 0.6889321208000183, 0.20542390644550323, 0.5194520354270935, -0.2608720660209656, -0.10767488926649094, 0.0033039450645446777]",9.666666984558105,106,1,384,0
"[0.38527557253837585, -0.01389783900231123, 0.5402156114578247, 3.1341733932495117, -0.04828006401658058, 0.057585690170526505, 0.0, 0.0]","[-0.38388070464134216, 0.07409613579511642, 0.2034395933151245, -0.33740073442459106, -0.17605678737163544, 0.7025460600852966, 1.0]",2.200000047683716,42,2,104,0
"[0.53452068567276, 0.23177529871463776, 0.38718217611312866, 2.4492878913879395, -0.41805300116539, 1.4629584550857544, 0.0, 0.9867841601371765]","[-0.07130856812000275, -0.01835237443447113, -0.07702883332967758, 0.38927996158599854, 0.058855172246694565, 0.04109931364655495, 0.015418529510498047]",4.599999904632568,140,1,402,0
"[0.5062400698661804, 0.215727299451828, 0.42270126938819885, 2.4341907501220703, -0.45038244128227234, 1.4159891605377197, 0.0, 0.9867841601371765]","[0.0, 0.0, 0.0, 0.0, 0.0, 0.0, 1.0]",10.800000190734863,29,2,75,0
"[0.6055335402488708, 0.06912796199321747, 0.4524240791797638, 3.001025676727295, -0.4353123903274536, 0.18675614893436432, 0.0, 0.0]","[0.40533989667892456, 0.6656209826469421, 0.3473893105983734, 0.8934265971183777, -0.09908405691385269, -0.438145250082016, 0.0033039450645446777]",8.800000190734863,39,1,292,0
"[0.4449695348739624, -0.21678036451339722, 0.4233669638633728, -2.9756765365600586, 0.03954954817891121, -0.9537081122398376, 0.0, 0.0]","[0.44879934191703796, 0.044461775571107864, -0.37118279933929443, -0.30521267652511597, 0.13201604783535004, -0.657097578048706, 1.0]",5.866666793823242,122,1,120,0
"[0.6429294347763062, 0.36890166997909546, 0.3981833755970001, 2.840912103652954, -0.677985668182373, 0.7758026123046875, 0.0, 0.9867841601371765]","[0.43483996391296387, 0.061593104153871536, -0.36495962738990784, -0.23922589421272278, 0.13089290261268616, -0.5829200148582458, 1.0]",1.4666666984558105,9,0,90,0
"[0.344569593667984, 0.10724882781505585, 0.43078774213790894, -3.0889296531677246, 0.011428489349782467, 0.21553750336170197, 0.0, 0.0]","[0.09406677633523941, -0.008400189690291882, -0.05076933279633522, -0.0556567907333374, -0.09257643669843674, 0.1532265692949295, 0.015418529510498047]",3.4666666984558105,192,0,435,0
"[0.48321181535720825, -0.21775856614112854, 0.36653658747673035, -3.086174726486206, -0.06202521547675133, -1.0814342498779297, 0.0, 0.9383260011672974]","[-0.844407320022583, -0.5266987085342407, -0.09779945015907288, 0.07264391332864761, -0.27408766746520996, -0.6396809816360474, 1.0]",4.333333492279053,19,1,62,0
"[0.3934240937232971, -0.2963849902153015, 0.34789884090423584, 3.0169663429260254, -0.039649296551942825, -1.542148232460022, 0.0, 0.28634360432624817]","[0.23139436542987823, -0.010672150179743767, -0.11683372408151627, 0.03418223187327385, -0.03549348935484886, -0.23971757292747498, 1.0]",3.5999999046325684,45,0,202,0
"[0.631968080997467, 0.32812386751174927, 0.40714231133461, 2.830556631088257, -0.6889748573303223, 0.7771656513214111, 0.0, 0.9867841601371765]","[-0.07864992320537567, -0.007631690241396427, -0.08859886974096298, 0.36709699034690857, 0.07910525798797607, 0.154823899269104, 0.015418529510498047]",8.666666984558105,23,1,471,0
"[0.3985559940338135, -0.3094339370727539, 0.34530356526374817, 3.088839292526245, -0.0027969004586338997, -1.6215684413909912, 0.0, 0.8986784219741821]","[-0.1126302033662796, -0.05631165951490402, 0.04833017662167549, 0.271022766828537, -0.0833342894911766, 0.00879048090428114, 0.6905286312103271]",6.933333396911621,63,1,317,0
"[0.644852340221405, 0.37549301981925964, 0.3968580365180969, 2.8384852409362793, -0.6771963834762573, 0.7781848907470703, 0.0, 0.9867841601371765]","[0.15967541933059692, -0.031490832567214966, -0.03194696083664894, 0.018447645008563995, 0.0188565906137228, -0.07194516062736511, 1.0]",15.933333396911621,157,1,206,0
"[0.44058844447135925, -0.2546006441116333, 0.37734007835388184, -3.1372780799865723, -0.03293620049953461, -1.3887128829956055, 0.0, 0.9295154213905334]","[0.0, 0.0, 0.0, 0.0, 0.0, 0.0, 1.0]",12.266666412353516,52,1,185,0
"[0.4428108334541321, 0.15499550104141235, 0.3061012625694275, 2.6566567420959473, -0.24162685871124268, 1.3992416858673096, 0.0, 0.9867841601371765]","[0.02051665633916855, -0.011599624529480934, -0.03276841342449188, 0.028547655791044235, -0.06159086897969246, 0.21393918991088867, 0.11563879251480103]",3.933333396911621,232,0,467,0
"[0.38527539372444153, -0.013901917263865471, 0.5402159690856934, 3.1341769695281982, -0.04829052463173866, 0.05756816640496254, 0.0, 0.0]","[0.0, 0.0, 0.0, 0.0, 0.0, 0.0, 1.0]",2.0,73,1,12,0
"[0.4852775037288666, -0.21326126158237457, 0.36660149693489075, -3.0722053050994873, -0.054135631769895554, -1.018463373184204, 0.0, 0.9383260011672974]","[0.24379931390285492, 0.5519594550132751, -0.1473543792963028, 0.2520350217819214, -0.37618014216423035, 0.0861571878194809, 0.0033039450645446777]",10.466666221618652,40,1,174,0
"[0.5681249499320984, 0.022906528785824776, 0.4392566680908203, 3.019068956375122, -0.46898382902145386, 0.10162004083395004, 0.0, 0.0]","[0.6662565469741821, 0.025729214772582054, -0.4685782492160797, -0.6412566900253296, 0.48924317955970764, 0.32225945591926575, 1.0]",4.266666889190674,97,0,496,0
"[0.39268064498901367, -0.2912004292011261, 0.3498900532722473, 3.020162582397461, -0.03963513672351837, -1.5339810848236084, 0.0, 0.127753347158432]","[-0.18930144608020782, -0.1695033311843872, -0.0375380776822567, 0.3892911970615387, 0.2894465923309326, 0.15518221259117126, 1.0]",1.0,45,1,337,0
"[0.6036165356636047, -0.0200105719268322, 0.25581321120262146, 2.8931868076324463, -0.31114527583122253, -0.9799904823303223, 0.0, 0.0]","[-0.14757537841796875, -0.2207050621509552, -0.3585609495639801, 0.3035547733306885, -0.14108821749687195, 0.25410592555999756, 1.0]",2.4666666984558105,59,1,142,0
"[0.4800151586532593, -0.03795044869184494, 0.16591620445251465, 3.0021750926971436, 0.07607865333557129, 0.960375964641571, 0.0, 0.9867841601371765]","[-0.19395491480827332, -0.1452317088842392, 0.01252735685557127, 0.41684219241142273, 0.2350926399230957, 0.24434539675712585, 1.0]",3.133333444595337,155,0,81,0
"[0.48049429059028625, -0.2235998958349228, 0.3663809597492218, -3.098327398300171, -0.07157698273658752, -1.1542609930038452, 0.0, 0.9383260011672974]","[0.022914353758096695, -0.016023697331547737, -0.026955951005220413, 0.03331722691655159, -0.056948475539684296, 0.22664187848567963, 0.327326238155365]",5.199999809265137,134,0,52,0
"[0.38528478145599365, -0.013900743797421455, 0.5400512218475342, 3.1342084407806396, -0.04785160347819328, 0.05758560448884964, 0.0, 0.0]","[-0.19440333545207977, -0.124740369617939, -0.12145871669054031, 0.5215000510215759, 0.39027902483940125, 0.2795024514198303, 1.0]",12.466666221618652,162,2,278,0
"[0.4947718381881714, -0.055147938430309296, 0.1719011664390564, 2.9034194946289062, 0.09518812596797943, 0.8633306622505188, 0.0, 0.607929527759552]","[0.04246635362505913, -0.02722286619246006, -0.10140813142061234, 0.1237586960196495, -0.05761505663394928, -0.19071516394615173, 0.6869645118713379]",6.666666507720947,32,0,318,0
"[0.397257536649704, -0.30923452973365784, 0.34313535690307617, 3.0844955444335938, -0.0006324153509922326, -1.6257100105285645, 0.0, 0.8854625821113586]","[0.10095919668674469, -0.15614962577819824, -0.0813128650188446, -0.004692408721894026, 0.09800837188959122, -0.26155179738998413, 0.8120709657669067]",1.0666667222976685,229,1,382,0
"[0.4854637384414673, 0.011050092987716198, 0.38561949133872986, 3.0391414165496826, -0.197011336684227, -0.5207646489143372, 0.0, 0.0]","[0.1563624143600464, -0.022670740261673927, -0.13241106271743774, 0.05040362849831581, 0.11878450214862823, -0.1797047257423401, 1.0]",5.199999809265137,33,0,452,0
"[0.640677273273468, 0.14233358204364777, 0.44739681482315063, 2.9949917793273926, -0.36624813079833984, 0.36472663283348083, 0.0, 0.0]","[0.5781469941139221, 0.15473705530166626, -0.23503832519054413, -0.3819502890110016, -0.10405042767524719, -0.918306827545166, 1.0]",5.266666889190674,179,1,254,0
"[0.4614253342151642, 0.003942869137972593, 0.3995331823825836, 3.066406488418579, -0.16541561484336853, -0.38017338514328003, 0.0, 0.0]","[0.02739933878183365, 0.003986700903624296, -0.24072887003421783, -0.18151062726974487, -0.3388776481151581, 0.4690921902656555, 1.0]",11.133333206176758,112,0,211,0
"[0.6652966141700745, 0.4194078743457794, 0.38709673285484314, 2.8907954692840576, -0.6795831918716431, 0.7849730849266052, 0.0, 0.5682819485664368]","[-0.7201471924781799, -0.6812447309494019, 0.1315053105354309, -0.11020959168672562, -0.5106106400489807, -0.8527195453643799, 1.0]",3.4000000953674316,93,0,454,0
"[0.5187787413597107, 0.221294105052948, 0.4130327105522156, 2.432009220123291, -0.4441220760345459, 1.4280117750167847, 0.0, 0.9867841601371765]","[-0.18047626316547394, -0.2380690723657608, 0.09580814093351364, 0.5542934536933899, 0.7424280643463135, 0.33993369340896606, 0.9900881052017212]",5.733333110809326,96,1,176,0
"[0.46265771985054016, -0.2440304309129715, 0.36148592829704285, 3.137481451034546, -0.0886637270450592, -1.2924954891204834, 0.0, 0.9383260011672974]","[-0.14075832068920135, -0.2334863543510437, -0.3016081154346466, 0.2524394094944, -0.15654979646205902, 0.20879748463630676, 1.0]",2.4666666984558105,29,1,240,0
"[0.4767579436302185, -0.20725984871387482, 0.36714377999305725, -2.8926377296447754, 0.10584347695112228, -0.9814775586128235, 0.0, 0.03524229675531387]","[-0.052463337779045105, 0.03996557742357254, -0.06340578943490982, 0.27374017238616943, -0.022768398746848106, -0.06085629016160965, 0.015418529510498047]",2.5999999046325684,31,2,163,0
"[0.6083410382270813, -0.030104124918580055, 0.2368420660495758, 2.870729446411133, -0.29280340671539307, -1.015875220298767, 0.0, 0.0]","[0.3327294588088989, -0.3484514057636261, -0.07782059907913208, 0.047696247696876526, 0.041220422834157944, -0.9980109930038452, 1.0]",10.333333015441895,78,1,51,0
"[0.49465224146842957, -0.053460076451301575, 0.17026187479496002, 2.9095780849456787, 0.10235504060983658, 0.9088836312294006, 0.0, 0.850220263004303]","[-0.003148370422422886, -0.37032216787338257, -0.12306597083806992, -0.22938527166843414, 0.013834252953529358, -0.9732373952865601, 1.0]",13.333333015441895,56,1,134,0
"[0.5313118100166321, 0.2313268929719925, 0.38698041439056396, 2.4529356956481934, -0.4178054928779602, 1.4604084491729736, 0.0, 0.9867841601371765]","[0.05242282152175903, -0.006871706806123257, -0.11803127825260162, -0.00989158358424902, -0.036607544869184494, 0.31421035528182983, 0.3723982572555542]",2.066666603088379,200,2,409,0
"[0.6043158173561096, -0.0569155216217041, 0.23927655816078186, 2.905808687210083, -0.08793023228645325, -0.8847402930259705, 0.0, 0.0]","[0.06308243423700333, -0.004688131157308817, -0.12873831391334534, -0.019596697762608528, -0.044614262878894806, 0.31145063042640686, 0.30251628160476685]",2.133333444595337,115,0,215,0
"[0.5481447577476501, 0.23273175954818726, 0.38488340377807617, 2.477813482284546, -0.46295034885406494, 1.3943700790405273, 0.0, 0.9867841601371765]","[-0.13322213292121887, -0.060895174741744995, 0.06963157653808594, 0.21051710844039917, -0.05297081917524338, 0.04457833990454674, 0.8865529298782349]",6.733333110809326,74,2,130,0
"[0.4945722818374634, -0.05720929428935051, 0.1812278926372528, 2.8917012214660645, 0.09243106096982956, 0.8148699998855591, 0.0, 0.7268722653388977]","[0.07702860981225967, -0.36737969517707825, -0.10950703918933868, 0.024754302576184273, 0.27293145656585693, -0.6505783796310425, 1.0]",9.733333587646484,125,1,189,0
"[0.6068334579467773, 0.2758803963661194, 0.39821216464042664, 2.727783441543579, -0.6508609056472778, 0.9610692262649536, 0.0, 0.9867841601371765]","[0.019881850108504295, 0.12825800478458405, 0.13630454242229462, 0.04447608441114426, -0.16919317841529846, 0.33400923013687134, 0.05700790882110596]",12.533333778381348,94,0,116,0
"[0.3932091295719147, -0.29399174451828003, 0.34887221455574036, 3.0185022354125977, -0.03977975249290466, -1.5381792783737183, 0.0, 0.22907494008541107]","[0.07380158454179764, -0.03558571636676788, -0.12117283791303635, -0.008633256889879704, 0.17827843129634857, -0.11773218214511871, 1.0]",6.199999809265137,27,1,464,0
"[0.48367029428482056, -0.03994618356227875, 0.2069060057401657, 2.9093968868255615, 0.10618031769990921, 0.5951896905899048, 0.0, 0.0]","[0.21495911478996277, -0.19915717840194702, -0.14644178748130798, 0.05189259350299835, 0.12406156212091446, -0.26847532391548157, 1.0]",1.9333332777023315,67,0,485,0
"[0.5386218428611755, 0.2284342348575592, 0.384031742811203, 2.4591550827026367, -0.4207204282283783, 1.4420912265777588, 0.0, 0.9867841601371765]","[-0.03589186072349548, -0.05788572505116463, -0.41686415672302246, -0.013881389982998371, -0.19516877830028534, 0.454372376203537, 1.0]",9.466666221618652,83,0,235,0
"[0.4452457129955292, -0.01258835382759571, 0.46044427156448364, 2.9801928997039795, 0.10543671250343323, 0.14100663363933563, 0.0, 0.0]","[0.583991289138794, 0.17911429703235626, -0.23759882152080536, -0.3203904628753662, -0.15845751762390137, -0.9339385032653809, 1.0]",0.6666666865348816,170,0,27,0
"[0.48385998606681824, -0.2163153439760208, 0.36654990911483765, -3.082645893096924, -0.05969179794192314, -1.0600546598434448, 0.0, 0.9383260011672974]","[0.07471511512994766, -0.0050259362906217575, -0.13445089757442474, -0.043964844197034836, -0.06813421100378036, 0.30393561720848083, 0.31299442052841187]",3.5999999046325684,12,0,55,0
"[0.37288931012153625, -0.2608700394630432, 0.36903470754623413, 3.0552146434783936, -0.04019059240818024, -1.4664448499679565, 0.0, 0.0]","[0.1438678652048111, -0.3784296214580536, -0.18458259105682373, 0.072106271982193, 0.26845091581344604, -0.5495385527610779, 1.0]",11.199999809265137,119,0,179,0
"[0.48476269841194153, -0.2003822922706604, 0.35886144638061523, -2.9690840244293213, 0.043898578733205795, -0.9516078233718872, 0.0, 0.9383260011672974]","[-0.40193507075309753, -0.7287830710411072, 0.26625773310661316, -0.7337014079093933, -0.4760298430919647, -0.4848482608795166, 1.0]",3.5333333015441895,199,1,253,0
"[0.48353463411331177, -0.19869475066661835, 0.3567222058773041, -2.95825457572937, 0.06820715963840485, -0.9423843026161194, 0.0, 0.9383260011672974]","[-0.08070732653141022, -0.006720921956002712, -0.09334220737218857, 0.33987072110176086, 0.08294659107923508, 0.18230175971984863, 0.015418529510498047]",11.666666984558105,52,0,195,0
"[0.6053587794303894, -0.02124738320708275, 0.2533684968948364, 2.892993211746216, -0.30874499678611755, -0.9866951704025269, 0.0, 0.0]","[-0.04087759554386139, 0.031419720500707626, -0.04708655923604965, 0.26200422644615173, -0.07172317802906036, 0.016143551096320152, 0.015418529510498047]",2.5333333015441895,99,0,143,0
"[0.6388642191886902, 0.3532637059688568, 0.40134117007255554, 2.8413033485412598, -0.6829057335853577, 0.7713102698326111, 0.0, 0.9867841601371765]","[0.0, 0.0, 0.0, 0.0, 0.0, 0.0, 0.0033039450645446777]",7.733333110809326,110,1,418,0
"[0.657568633556366, 0.3992033302783966, 0.3780282735824585, -3.042494297027588, -0.6490271091461182, 0.6646903157234192, 0.0, 0.14537450671195984]","[-0.3940521776676178, 0.07130096107721329, 0.21067146956920624, -0.4131394028663635, -0.17725788056850433, 0.7499005794525146, 1.0]",10.266666412353516,29,0,339,0
"[0.4686192572116852, -0.02225169911980629, 0.18171000480651855, 3.000819444656372, 0.049046870321035385, 0.992030143737793, 0.0, 0.9867841601371765]","[0.0, 0.0, 0.0, 0.0, 0.0, 0.0, 1.0]",7.4666666984558105,144,0,451,0
"[0.5962033867835999, -0.06543003767728806, 0.2314647138118744, 2.9120352268218994, -0.015713313594460487, -0.8434889912605286, 0.0, 0.0]","[0.19570477306842804, 0.5757916569709778, 0.3166109621524811, 0.3035312294960022, -0.3951263129711151, 0.22879371047019958, 0.0033039450645446777]",8.800000190734863,198,0,249,0
"[0.6198411583900452, 0.29759931564331055, 0.40895602107048035, 2.775735378265381, -0.6779252290725708, 0.8616664409637451, 0.0, 0.9867841601371765]","[0.3720238208770752, 0.03887154534459114, -0.19659079611301422, 0.04527097940444946, -0.18799200654029846, -0.24825924634933472, 1.0]",7.066666603088379,223,1,32,0
"[0.38103485107421875, 0.04413334280252457, 0.42638564109802246, -3.064788341522217, 0.013355403207242489, -0.12271452695131302, 0.0, 0.0]","[-0.39490848779678345, 0.3705756366252899, 0.17138858139514923, -0.24594946205615997, -0.07948912680149078, 0.8700472116470337, 0.0033039450645446777]",2.799999952316284,25,1,109,0
"[0.6626470685005188, 0.42441117763519287, 0.3961481750011444, 2.762963056564331, -0.6733422875404358, 0.8327078223228455, 0.0, 0.9867841601371765]","[0.5961940288543701, -0.005602980963885784, -0.3250304162502289, -0.499776154756546, 0.4276752471923828, 0.08247137069702148, 1.0]",0.06666667014360428,188,2,256,0
"[0.4728582799434662, -0.028770841658115387, 0.17519327998161316, 3.0057125091552734, 0.0590176023542881, 0.9782406091690063, 0.0, 0.9867841601371765]","[0.09615031629800797, -0.011956700123846531, -0.13319779932498932, -0.07112821191549301, -0.10863584280014038, 0.31038108468055725, 0.2139965295791626]",7.800000190734863,72,2,259,0
"[0.4073997437953949, -0.028360707685351372, 0.4241899847984314, -3.0488131046295166, -0.015079124830663204, -0.45841285586357117, 0.0, 0.0]","[0.0, 0.0, 0.0, 0.0, 0.0, 0.0, 1.0]",15.733333587646484,21,0,56,0
"[0.49463358521461487, -0.05370306223630905, 0.1702699512243271, 2.9086861610412598, 0.10067074745893478, 0.9002857804298401, 0.0, 0.634361207485199]","[0.13829948008060455, -0.3586764931678772, -0.041010782122612, -0.1256200075149536, -0.07156943529844284, -0.9894935488700867, 1.0]",1.5333333015441895,212,1,498,0
"[0.3958238363265991, -0.3076566159725189, 0.33999475836753845, 3.0753350257873535, -0.0011847844580188394, -1.6238460540771484, 0.0, 0.8458150029182434]","[0.3055204749107361, 0.6953983902931213, 0.1976705640554428, 0.4646580219268799, -0.29392263293266296, -0.056517116725444794, 0.0033039450645446777]",3.6666667461395264,226,1,425,0
"[0.49461743235588074, -0.05370384082198143, 0.17025017738342285, 2.907825469970703, 0.09861771762371063, 0.8906693458557129, 0.0, 0.5991189479827881]","[0.03927062824368477, -0.030402004718780518, -0.09047941863536835, 0.12450321763753891, -0.07142458111047745, -0.19415560364723206, 0.5737178325653076]",9.333333015441895,38,0,131,0
"[0.4874185621738434, -0.20370085537433624, 0.3637867569923401, -2.9964005947113037, 0.004258783534169197, -1.017303466796875, 0.0, 0.9383260011672974]","[-0.09157318621873856, -0.20380976796150208, 0.1678786277770996, -0.8912917971611023, -0.16836248338222504, -0.030997974798083305, 1.0]",9.133333206176758,64,0,164,0
"[0.6600410342216492, 0.27144375443458557, 0.4000363349914551, 3.131241798400879, -0.259169340133667, 0.5948351621627808, 0.0, 0.0]","[-0.03471021354198456, -0.01615443080663681, -0.01921422965824604, 0.4502440094947815, 0.17681191861629486, 0.15195457637310028, 1.0]",11.800000190734863,151,1,170,0
"[0.3673717975616455, 0.0691722184419632, 0.42828354239463806, -3.0747945308685303, 0.014215631410479546, -0.00974017009139061, 0.0, 0.0]","[0.0, 0.0, 0.0, 0.0, 0.0, 0.0, 1.0]",8.0,136,0,88,0
"[0.4530731737613678, 0.16964998841285706, 0.3237568140029907, 2.6245310306549072, -0.2843654751777649, 1.3944405317306519, 0.0, 0.9867841601371765]","[0.018660619854927063, 0.04441291466355324, -0.055909786373376846, 0.15864311158657074, -0.08325458317995071, 0.3270464837551117, 0.015418529510498047]",2.933333396911621,59,0,7,0
"[0.6482684016227722, 0.3516484200954437, 0.369427889585495, -2.843898057937622, -0.31894630193710327, 0.5799214243888855, 0.0, 0.0]","[-0.029302144423127174, 0.05162862688302994, -0.041287027299404144, 0.16368870437145233, -0.17531582713127136, 0.4091302752494812, 0.015418529510498047]",8.199999809265137,23,1,67,0
"[0.48147448897361755, -0.19851137697696686, 0.35495448112487793, -2.916693925857544, 0.11828403919935226, -0.9691564440727234, 0.0, 0.5594713687896729]","[-0.0961533710360527, -0.10252388566732407, 0.13976474106311798, -0.664419412612915, 0.036786045879125595, 0.015914058312773705, 1.0]",5.400000095367432,181,1,499,0
"[0.4946459233760834, -0.053691551089286804, 0.17027968168258667, 2.9089479446411133, 0.10129829496145248, 0.9034627079963684, 0.0, 0.6960352659225464]","[0.10258909314870834, 0.05106211453676224, -0.0424329973757267, -0.053022511303424835, -0.030046779662370682, -0.3011103570461273, 1.0]",3.933333396911621,10,1,183,0
"[0.5021296143531799, -0.01131772343069315, 0.31378668546676636, 2.8604235649108887, 0.30638229846954346, 0.3951833248138428, 0.0, 0.0]","[0.07212115079164505, -0.04956807568669319, -0.09294354170560837, -0.13504989445209503, -0.015223910100758076, 0.1379084289073944, 0.015418529510498047]",6.133333206176758,149,0,445,0
"[0.6537188291549683, 0.32316306233406067, 0.38092538714408875, -3.008404493331909, -0.26813647150993347, 0.6146124601364136, 0.0, 0.0]","[-0.18721328675746918, -0.15632998943328857, -0.0780172199010849, 0.3486228585243225, 0.3037818968296051, 0.1518622189760208, 1.0]",1.6666666269302368,15,1,414,0
"[0.4739713966846466, -0.2359483242034912, 0.3655662536621094, -3.1254918575286865, -0.10015235841274261, -1.2506682872772217, 0.0, 0.9383260011672974]","[0.02814909629523754, 0.03231164440512657, -0.04603632912039757, 0.1625867635011673, -0.09022179245948792, 0.2895411550998688, 0.015418529510498047]",0.2666666805744171,81,0,74,0
"[0.39797958731651306, 0.00770737836137414, 0.4248678982257843, -3.0527896881103516, 0.0024925905745476484, -0.2903531491756439, 0.0, 0.0]","[-0.000503477465827018, -0.04077921807765961, 0.0279953945428133, 0.04451921209692955, -0.1677686721086502, 0.002991729648783803, 0.07092535495758057]",10.0,171,0,262,0
"[0.40392059087753296, -0.30587178468704224, 0.35292109847068787, 3.103466272354126, -0.009348833002150059, -1.5937203168869019, 0.0, 0.9118942618370056]","[-0.07937850803136826, 0.02723854035139084, 0.08748117834329605, 0.13265609741210938, 0.1795741468667984, 0.1361287385225296, 0.0033039450645446777]",4.866666793823242,121,0,277,0
"[0.4326423704624176, 0.14205823838710785, 0.29038020968437195, 2.6903669834136963, -0.2037203460931778, 1.4009469747543335, 0.0, 0.9867841601371765]","[0.0, 0.0, 0.0, 0.0, 0.0, 0.0, 1.0]",3.5333333015441895,50,1,25,0
"[0.5000898838043213, -0.011143806390464306, 0.3117115795612335, 2.8653640747070312, 0.30874907970428467, 0.38929319381713867, 0.0, 0.0]","[0.12608520686626434, 0.013823460787534714, -0.07019270956516266, -0.1370203047990799, -0.07690905779600143, 0.2894780933856964, 0.0401463508605957]",1.7999999523162842,169,1,222,0
"[0.49200770258903503, 0.2056778520345688, 0.40078309178352356, 2.486633062362671, -0.4327235221862793, 1.3911079168319702, 0.0, 0.9867841601371765]","[0.04736557602882385, -0.02912224642932415, -0.09975847601890564, 0.011718735098838806, 0.18090219795703888, -0.07372760027647018, 1.0]",12.733333587646484,222,0,236,0
"[0.39645400643348694, -0.30329999327659607, 0.33926650881767273, 3.0507092475891113, -0.008520662784576416, -1.597917914390564, 0.0, 0.757709264755249]","[0.21536365151405334, -0.002640318823978305, -0.11704007536172867, 0.009845949709415436, 0.02990535832941532, -0.2276473194360733, 1.0]",0.6000000238418579,63,1,166,0
"[0.5704485774040222, 0.24450549483299255, 0.3847319781780243, 2.5660436153411865, -0.5421231389045715, 1.2336615324020386, 0.0, 0.9867841601371765]","[0.0, 0.0, 0.0, 0.0, 0.0, 0.0, 1.0]",1.8666666746139526,238,1,329,0
"[0.3742772340774536, 0.05674955993890762, 0.4274213910102844, -3.0695979595184326, 0.014972795732319355, -0.06560984998941422, 0.0, 0.0]","[0.078299880027771, 0.006629602517932653, -0.014580736868083477, 0.018068963661789894, -0.13922594487667084, 0.18431806564331055, 0.015418529510498047]",0.800000011920929,109,1,223,0
"[0.3852776288986206, -0.013903082348406315, 0.540217399597168, 3.134178876876831, -0.04830411076545715, 0.05756273865699768, 0.0, 0.0]","[0.08680994808673859, -0.005797345191240311, -0.13791292905807495, -0.05120955407619476, -0.09551148116588593, 0.3127393424510956, 0.25251418352127075]",11.399999618530273,147,0,272,0
"[0.6071059107780457, -0.03702474385499954, 0.2360895276069641, 2.8589365482330322, -0.28743642568588257, -1.0158029794692993, 0.0, 0.0]","[0.4474790394306183, 0.6403531432151794, 0.3240252435207367, 0.8691563606262207, -0.049226582050323486, -0.49208125472068787, 0.0033039450645446777]",7.199999809265137,133,1,4,0
"[0.43027204275131226, -0.26766347885131836, 0.37387147545814514, 3.140918016433716, -0.026494117453694344, -1.4313163757324219, 0.0, 0.9295154213905334]","[-0.43676623702049255, 0.015931587666273117, 0.25492388010025024, -0.5660685896873474, -0.1324278861284256, 0.6043969392776489, 1.0]",6.333333492279053,5,1,439,0
"[0.568070650100708, 0.023067308589816093, 0.4391538202762604, 3.0190842151641846, -0.46876761317253113, 0.10189905017614365, 0.0, 0.0]","[0.014312658458948135, -0.06690838932991028, -0.06762240827083588, 0.0372767299413681, -0.19273428618907928, -0.18070995807647705, 0.22780364751815796]",12.266666412353516,125,1,443,0
"[0.35432660579681396, 0.09206044673919678, 0.43077680468559265, -3.08383846282959, 0.011072930879890919, 0.10186387598514557, 0.0, 0.0]","[0.18408092856407166, -0.013454440049827099, -0.12660126388072968, 0.05040252208709717, 0.06018301844596863, -0.21437546610832214, 1.0]",10.600000381469727,143,0,394,0
"[0.5889101028442383, -0.01011454127728939, 0.266394704580307, 2.894843816757202, -0.30389314889907837, -0.9500186443328857, 0.0, 0.0]","[-0.7139124274253845, -0.36937782168388367, -0.16028523445129395, 0.15257157385349274, -0.4410385191440582, -0.4304461181163788, 1.0]",3.2666666507720947,59,1,344,0
"[0.47781842947006226, 0.19638536870479584, 0.3718135356903076, 2.542865037918091, -0.3866570293903351, 1.3824645280838013, 0.0, 0.9867841601371765]","[0.009786009788513184, 0.06360703706741333, 0.12062819302082062, 0.022496450692415237, -0.17244753241539001, 0.21831227838993073, 0.050219595432281494]",7.266666889190674,102,1,168,0
"[0.3852778375148773, -0.013898073695600033, 0.5402197241783142, 3.13417911529541, -0.048315174877643585, 0.05756303668022156, 0.0, 0.0]","[0.0, 0.0, 0.0, 0.0, 0.0, 0.0, 1.0]",3.799999952316284,134,0,230,0
"[0.4573111832141876, -0.23979145288467407, 0.37765684723854065, -3.125251531600952, -0.059745270758867264, -1.322062373161316, 0.0, 0.933920681476593]","[0.0, 0.0, 0.0, 0.0, 0.0, 0.0, 1.0]",13.866666793823242,103,0,286,0
"[0.4890572130680084, -0.008081859908998013, 0.3534456193447113, 2.8341195583343506, 0.2757192850112915, 0.30558115243911743, 0.0, 0.0]","[0.5496515035629272, 0.030589036643505096, -0.27483290433883667, -0.39733970165252686, -0.0959741398692131, -0.9126390814781189, 1.0]",7.933333396911621,38,0,350,0
"[0.6565641164779663, 0.37006205320358276, 0.3732045292854309, -2.8723108768463135, -0.5151651501655579, 0.5840912461280823, 0.0, 0.0]","[0.5685078501701355, 0.06968846917152405, -0.2617841064929962, -0.40462684631347656, -0.11013146489858627, -0.9078260660171509, 1.0]",1.7999999523162842,239,1,444,0
"[0.5886673927307129, -0.07867439091205597, 0.2254052609205246, 2.9530386924743652, 0.06039648503065109, -0.8204343318939209, 0.0, 0.0]","[0.2703377604484558, -0.03162185847759247, -0.11327993124723434, 0.039318643510341644, -0.10245877504348755, -0.2672834098339081, 1.0]",9.199999809265137,165,1,21,0
"[0.6073178052902222, -0.0357239805161953, 0.23612479865550995, 2.859966993331909, -0.29132068157196045, -1.0157668590545654, 0.0, 0.0]","[0.05613468959927559, 0.02516092173755169, -0.07297500222921371, -0.10441213101148605, -0.06810591369867325, 0.45666366815567017, 0.3623347878456116]",7.133333206176758,156,1,421,0
"[0.4471864402294159, 0.010517843998968601, 0.21159912645816803, 2.944359540939331, -0.0028340870048850775, 1.066996693611145, 0.0, 0.9867841601371765]","[0.25929373502731323, 0.11968514323234558, -0.0910145714879036, -0.16570036113262177, -0.049107182770967484, -0.7968247532844543, 1.0]",9.133333206176758,53,0,322,0
"[0.3818402886390686, -0.2746827304363251, 0.3583720326423645, 3.0351457595825195, -0.03431718051433563, -1.4885553121566772, 0.0, 0.0]","[0.5885828733444214, 0.05203334987163544, -0.5293248295783997, -0.6626157164573669, 0.4869597256183624, 0.44055673480033875, 1.0]",1.5333333015441895,118,1,102,0
"[0.47304996848106384, -0.2104640007019043, 0.3756445646286011, -2.894254207611084, 0.09812462329864502, -0.9803935289382935, 0.0, 0.017621148377656937]","[-0.13952811062335968, -0.0472131073474884, 0.10747460275888443, -0.3756900727748871, 0.4350290298461914, 0.12760871648788452, 1.0]",12.066666603088379,87,2,486,0
"[0.40562912821769714, -0.21957266330718994, 0.48604246973991394, -3.074967861175537, -0.162519633769989, -0.6615760326385498, 0.0, 0.0]","[-0.1311187744140625, -0.1376277655363083, 0.14454299211502075, 0.6670706272125244, 0.35866791009902954, 0.4792427122592926, 0.6817180514335632]",9.866666793823242,235,1,0,0
"[0.3992810547351837, 0.11377112567424774, 0.2528459429740906, 2.7999987602233887, -0.09774149954319, 1.3935564756393433, 0.0, 0.9867841601371765]","[-0.41300755739212036, 0.3557434380054474, 0.3829168677330017, 0.04151803255081177, -0.538026750087738, 0.36743760108947754, 0.0033039450645446777]",10.533333778381348,16,0,177,0
"[0.6264429092407227, 0.31245121359825134, 0.40965160727500916, 2.8084917068481445, -0.6865409016609192, 0.8081921339035034, 0.0, 0.9867841601371765]","[0.036885302513837814, -0.039885230362415314, -0.08043336123228073, 0.11279890686273575, -0.09633143991231918, -0.20070292055606842, 0.5429515242576599]",4.199999809265137,151,1,149,0
"[0.49502456188201904, -0.05634535476565361, 0.1751507818698883, 2.898925304412842, 0.09515620023012161, 0.8420806527137756, 0.0, 0.6519823670387268]","[0.0, 0.0, 0.0, 0.0, 0.0, 0.0, 0.013215839862823486]",8.199999809265137,17,0,65,0
"[0.4976860284805298, -0.009303031489253044, 0.3185352087020874, 2.856032371520996, 0.30127567052841187, 0.3749485909938812, 0.0, 0.0]","[0.08019137382507324, -0.048263151198625565, -0.0811934620141983, -0.14741212129592896, -0.05223779380321503, 0.2273532599210739, 0.01908409595489502]",15.466666221618652,24,2,404,0
"[0.4914951026439667, -0.057887859642505646, 0.187301367521286, 2.8899638652801514, 0.0911894291639328, 0.7927918434143066, 0.0, 0.8237885236740112]","[0.35799315571784973, 0.6342439651489258, 0.44945067167282104, 0.6151676774024963, -0.7481736540794373, -0.24860593676567078, 0.0033039450645446777]",8.600000381469727,177,0,251,0
"[0.4454878270626068, -0.005392331629991531, 0.4076204001903534, 3.089806318283081, -0.1467728167772293, -0.18115609884262085, 0.0, 0.0]","[-0.061437081545591354, -0.015919199213385582, -0.005291938316076994, 0.4977392256259918, 0.2046816200017929, 0.2339346557855606, 1.0]",2.866666555404663,8,0,336,0
"[0.38527920842170715, -0.013900518417358398, 0.5402177572250366, 3.1341753005981445, -0.048308733850717545, 0.057563818991184235, 0.0, 0.0]","[-0.4322884976863861, 0.024024909362196922, 0.2432919293642044, -0.5342774391174316, -0.09292289614677429, 0.7102237343788147, 1.0]",7.066666603088379,65,1,276,0
"[0.36675459146499634, -0.21311399340629578, 0.39290300011634827, 3.092576026916504, -0.07458668202161789, -1.3465837240219116, 0.0, 0.0]","[0.08861801773309708, -0.3914591670036316, -0.07113821059465408, -0.17124639451503754, -0.056790247559547424, -0.9835901260375977, 1.0]",14.066666603088379,58,0,271,0
"[0.44548770785331726, -0.005394452717155218, 0.4076206088066101, 3.089803695678711, -0.14677153527736664, -0.18115577101707458, 0.0, 0.0]","[0.05090853199362755, 0.14708134531974792, 0.1386028677225113, 0.41371771693229675, -0.017930861562490463, 0.3545049726963043, 0.33370041847229004]",8.600000381469727,102,0,144,0
"[0.40060192346572876, 0.10920126736164093, 0.25298044085502625, 2.799809455871582, -0.10010336339473724, 1.379533052444458, 0.0, 0.9867841601371765]","[0.02542271465063095, -0.02167239971458912, -0.07875225692987442, 0.014845635741949081, 0.16372273862361908, -0.04736624285578728, 1.0]",1.8666666746139526,123,0,323,0
"[0.40014857053756714, -0.3090589940547943, 0.3477293848991394, 3.0935323238372803, -0.005206828936934471, -1.6152839660644531, 0.0, 0.907489001750946]","[0.1667584925889969, 0.4853443205356598, 0.2818705439567566, 0.3242299556732178, -0.3625961244106293, 0.26104995608329773, 0.0033039450645446777]",12.600000381469727,20,1,248,0
"[0.4250768721103668, 0.049906499683856964, 0.24041704833507538, 2.854739189147949, -0.07243290543556213, 1.1785461902618408, 0.0, 0.9867841601371765]","[-0.21608830988407135, -0.22289997339248657, -0.16677871346473694, -0.1783326417207718, 0.17560012638568878, -0.6677207350730896, 1.0]",4.5333333015441895,215,2,265,0
"[0.47526493668556213, -0.20887631177902222, 0.3709041476249695, -2.89204478263855, 0.10128313302993774, -0.9811578392982483, 0.0, 0.017621148377656937]","[-0.25060737133026123, -0.02996189519762993, 0.24537771940231323, -0.04409514367580414, 0.10100924223661423, -0.03382101655006409, 1.0]",6.400000095367432,30,1,31,0
"[0.4815908372402191, -0.04621750861406326, 0.2024335265159607, 2.9141552448272705, 0.09618544578552246, 0.6043282151222229, 0.0, 0.0]","[0.3030341565608978, 0.3540947437286377, 0.06408704072237015, 0.4987642168998718, -0.06509372591972351, -0.21355895698070526, 0.0033039450645446777]",0.6000000238418579,216,2,80,0
"[0.6561864018440247, 0.3942602574825287, 0.3766048848628998, -2.987259864807129, -0.6268643140792847, 0.6420110464096069, 0.0, 0.08370043337345123]","[-0.11483577638864517, -0.32026049494743347, -0.09253044426441193, -0.24575062096118927, 0.055456455796957016, -0.9677454233169556, 1.0]",1.0666667222976685,120,0,257,0
"[0.3897789418697357, -0.216495081782341, 0.5134267807006836, -3.097193479537964, -0.23187918961048126, -0.527501106262207, 0.0, 0.0]","[-0.039134085178375244, 0.030989034101366997, -0.04262538626790047, 0.2619130611419678, -0.1102461889386177, 0.07693933695554733, 0.015418529510498047]",0.20000000298023224,168,1,57,0
"[0.4201681613922119, -0.28231748938560486, 0.36818721890449524, 3.131432294845581, -0.020336328074336052, -1.4842723608016968, 0.0, 0.9295154213905334]","[0.0, 0.0, 0.0, 0.0, 0.0, 0.0, 1.0]",12.933333396911621,55,0,199,0
"[0.593967616558075, 0.05255694314837456, 0.4496212303638458, 3.006760835647583, -0.4408867657184601, 0.15286938846111298, 0.0, 0.0]","[-0.0727391242980957, -0.033326156437397, -0.05018168315291405, 0.28954771161079407, 0.027284706011414528, -0.009065259248018265, 0.2308027744293213]",9.866666793823242,150,1,342,0
"[0.39337092638015747, -0.29808762669563293, 0.34669172763824463, 3.014883279800415, -0.039043549448251724, -1.5451440811157227, 0.0, 0.2951541841030121]","[0.09611111134290695, -0.3990706503391266, -0.1300634741783142, 0.0075758472084999084, 0.3120232820510864, -0.6864500641822815, 1.0]",7.266666889190674,82,1,395,0
"[0.4101491868495941, -0.2208060622215271, 0.4785052239894867, -3.0684525966644287, -0.14239080250263214, -0.7008989453315735, 0.0, 0.0]","[-0.12507861852645874, -0.24248893558979034, -0.17913228273391724, 0.23102594912052155, -0.13758273422718048, 0.20699529349803925, 1.0]",7.333333492279053,121,2,214,0
"[0.6648637056350708, 0.4222975969314575, 0.3871878981590271, 2.8288118839263916, -0.667367160320282, 0.8142237663269043, 0.0, 0.6960352659225464]","[-0.4211491048336029, 0.3480783998966217, 0.4064997136592865, 0.04679717868566513, -0.4980921745300293, 0.36244288086891174, 0.0033039450645446777]",3.0,15,0,244,0
"[0.3673934042453766, -0.24068953096866608, 0.38213998079299927, 3.0765888690948486, -0.057866912335157394, -1.4322267770767212, 0.0, 0.0]","[-0.44996553659439087, 0.4220026731491089, 0.21457593142986298, 0.07739217579364777, -0.3624497652053833, 0.8444778919219971, 0.0033039450645446777]",12.666666984558105,21,1,26,0
"[0.5071468949317932, -0.008917865343391895, 0.30623921751976013, 2.821378231048584, 0.2713712155818939, 0.45496854186058044, 0.0, 0.0]","[-0.1849234253168106, -0.2686401903629303, -0.054865848273038864, -0.3014623820781708, 0.09227307885885239, -0.9490026831626892, 1.0]",5.0,94,0,125,0
"[0.47265973687171936, -0.23707152903079987, 0.36451470851898193, -3.128437042236328, -0.10050542652606964, -1.2601028680801392, 0.0, 0.9383260011672974]","[0.016127465292811394, -0.12601257860660553, -0.09506067633628845, -0.12036768347024918, 0.02660476043820381, 0.11680803447961807, 0.012114524841308594]",1.0,1,0,260,0
"[0.3852784037590027, -0.013901101425290108, 0.5402199029922485, 3.1341774463653564, -0.048316340893507004, 0.05756393074989319, 0.0, 0.0]","[0.0, 0.0, 0.0, 0.0, 0.0, 0.0, 1.0]",1.399999976158142,136,0,434,0
"[0.37053847312927246, -0.25509822368621826, 0.3732817471027374, 3.0621089935302734, -0.04524674266576767, -1.4576220512390137, 0.0, 0.0]","[-0.4193353056907654, 0.4178345501422882, 0.333282470703125, 0.12528449296951294, -0.5705062747001648, 0.6299012303352356, 0.0033039450645446777]",12.800000190734863,173,1,370,0
"[0.4454873502254486, -0.005393371917307377, 0.407621830701828, 3.0898022651672363, -0.14677633345127106, -0.18115800619125366, 0.0, 0.0]","[0.253396213054657, -0.20733550190925598, -0.07122983038425446, 0.0632958859205246, 0.05766082927584648, -0.8980346918106079, 1.0]",11.333333015441895,132,2,91,0
"[0.4785609245300293, -0.22772309184074402, 0.3663891851902008, -3.107003927230835, -0.08039683848619461, -1.1861552000045776, 0.0, 0.9383260011672974]","[0.09130238741636276, -0.027741393074393272, -0.08055204153060913, -0.1120513454079628, -0.048962656408548355, 0.13551686704158783, 0.015418529510498047]",5.933333396911621,189,0,157,0
"[0.38266721367836, -0.2145843803882599, 0.5201840400695801, -3.0972588062286377, -0.24895891547203064, -0.49967214465141296, 0.0, 0.0]","[0.08478134870529175, -0.2508015036582947, -0.1004323959350586, 0.025912346318364143, 0.18154311180114746, -0.4666565954685211, 1.0]",0.9333333373069763,37,0,9,0
"[0.6608880758285522, 0.40747231245040894, 0.3810642659664154, 3.1145145893096924, -0.6687981486320496, 0.7129034399986267, 0.0, 0.28634360432624817]","[0.024290034547448158, -0.015746891498565674, -0.03102598525583744, 0.03213661536574364, -0.06755296885967255, 0.21172714233398438, 0.14724105596542358]",5.066666603088379,186,0,340,0
"[0.46386268734931946, -0.014810425229370594, 0.18903540074825287, 2.9903221130371094, 0.037529271095991135, 1.0095900297164917, 0.0, 0.9867841601371765]","[-0.17948345839977264, -0.1880679577589035, 0.12538662552833557, 0.6867586374282837, 0.48108139634132385, 0.5449066162109375, 0.7610132098197937]",2.2666666507720947,46,1,326,0
"[0.405742347240448, 0.11632825434207916, 0.25801584124565125, 2.7792763710021973, -0.10923466831445694, 1.407541275024414, 0.0, 0.9867841601371765]","[-0.7589044570922852, -0.6472926139831543, 0.0712481439113617, -0.07695632427930832, -0.47534364461898804, -0.8764280676841736, 1.0]",4.733333110809326,55,1,200,0
"[0.38660499453544617, -0.14761130511760712, 0.4130331873893738, 3.1276051998138428, -0.08585058897733688, -1.036841869354248, 0.0, 0.0]","[0.3079621195793152, 0.7214020490646362, 0.19968482851982117, 0.41080963611602783, -0.3311298191547394, 0.03316064924001694, 0.0033039450645446777]",8.133333206176758,54,2,150,0
"[0.4795168340206146, -0.2025464028120041, 0.360091894865036, -2.8978183269500732, 0.11663438379764557, -0.9763006567955017, 0.0, 0.1850220263004303]","[0.0, 0.0, 0.0, 0.0, 0.0, 0.0, 1.0]",2.799999952316284,184,1,270,0
"[0.6526615023612976, 0.4118829667568207, 0.3987143933773041, 2.779641628265381, -0.6761875152587891, 0.8213247656822205, 0.0, 0.9867841601371765]","[0.4154089689254761, 0.6357348561286926, 0.43473291397094727, 0.6305907964706421, -0.7532423138618469, -0.18703274428844452, 0.0033039450645446777]",3.799999952316284,1,1,172,0
"[0.600784420967102, -0.0176558718085289, 0.25818932056427, 2.8925676345825195, -0.3122353255748749, -0.9710714817047119, 0.0, 0.0]","[0.025323843583464622, 0.033356647938489914, -0.0487186573445797, 0.15277253091335297, -0.08368790149688721, 0.2895745635032654, 0.015418529510498047]",6.666666507720947,14,1,465,0
"[0.4861038327217102, -0.05722047761082649, 0.19034680724143982, 2.902660608291626, 0.0954655334353447, 0.7671384215354919, 0.0, 0.7973568439483643]","[-0.1840507835149765, -0.057741302996873856, 0.15407730638980865, 0.03266264870762825, 0.027085687965154648, -0.022637568414211273, 0.9696405529975891]",3.866666555404663,161,0,146,0
"[0.5262650847434998, 0.22609509527683258, 0.3969574570655823, 2.4412472248077393, -0.4218132793903351, 1.451414942741394, 0.0, 0.9867841601371765]","[0.0, 0.0, 0.0, 0.0, 0.0, 0.0, 1.0]",8.733333587646484,68,0,450,0
"[0.6562013626098633, 0.3601043224334717, 0.37078794836997986, -2.808401346206665, -0.4419959485530853, 0.5452380180358887, 0.0, 0.0]","[0.2460559457540512, 0.0016419475432485342, -0.4237094819545746, -0.36632972955703735, 0.15349465608596802, 0.6668334007263184, 1.0]",4.933333396911621,16,0,136,0
"[0.38218697905540466, -0.1560744047164917, 0.4110761284828186, 3.1182589530944824, -0.09047935903072357, -1.0777336359024048, 0.0, 0.0]","[0.0, 0.0, 0.0, 0.0, 0.0, 0.0, 0.013215839862823486]",6.199999809265137,36,0,184,0
"[0.6640385389328003, 0.41437026858329773, 0.38442254066467285, 2.9926867485046387, -0.6766320466995239, 0.7511626482009888, 0.0, 0.42731279134750366]","[-0.1019262969493866, 0.013791830278933048, 0.12220907211303711, 0.20528903603553772, 0.24301326274871826, 0.15052103996276855, 0.0033039450645446777]",13.266666412353516,90,1,328,0
"[0.4915234446525574, -0.04780111834406853, 0.16757898032665253, 2.928934335708618, 0.10454627126455307, 0.9352390766143799, 0.0, 0.9867841601371765]","[0.3361578583717346, 0.6707239747047424, 0.2521910071372986, 0.4703070819377899, -0.2813723385334015, -0.22584103047847748, 0.0033039450645446777]",6.266666889190674,180,0,169,0
"[0.4465797245502472, -0.004647469148039818, 0.40677735209465027, 3.091726541519165, -0.1487227976322174, -0.23069404065608978, 0.0, 0.0]","[-0.3562901020050049, 0.061528511345386505, 0.23936960101127625, -0.2525045871734619, 0.0941033661365509, 0.0266276802867651, 1.0]",0.0,128,1,234,0
"[0.6059472560882568, -0.039989762008190155, 0.23668059706687927, 2.8678770065307617, -0.21566498279571533, -0.9849922060966492, 0.0, 0.0]","[0.04453478008508682, -0.03079499863088131, -0.11067961156368256, 0.12139400094747543, -0.03498074784874916, -0.18192435801029205, 0.8146110773086548]",0.800000011920929,163,0,47,0
"[0.4818688631057739, -0.19690167903900146, 0.35417091846466064, -2.9431917667388916, 0.10217264294624329, -0.9476578235626221, 0.0, 0.9383260011672974]","[0.3322119414806366, -0.32039979100227356, -0.08839088678359985, 0.06395947188138962, 0.09283337742090225, -0.993625283241272, 1.0]",0.2666666805744171,28,0,304,0
