action,observation.state,timestamp,frame_index,episode_index,index,task_index
"[-1.318301796913147, -2.0263893604278564, 0.06795345991849899, 0.07976672798395157, 2.6752638816833496, 0.855961263179779, -1.4827452898025513, 0.2160000056028366, 0.5181781649589539, 1.9472330808639526, -0.6080693006515503, -0.6382892727851868, -1.685842514038086, -1.309251308441162, 1.4440885782241821, 1.0, 0.0]","[-1.3220120668411255, -2.025944948196411, 0.06634490191936493, 0.07068995386362076, 2.670600414276123, 0.8535143733024597, -1.4799869060516357, 0.37275001406669617, 0.5059278607368469, 1.951276421546936, -0.6435385942459106, -0.6580395102500916, -1.6770846843719482, -1.3221515417099, 1.4246877431869507, 0.8345833420753479, 55.099998474121094, 16.099000930786133, -1.3860000371932983, 3.309000015258789, 0.07599999755620956, 1.1490000486373901, -0.2919999957084656, 25.68600082397461, -5.771999835968018, 30.417999267578125, 0.2980000078678131, 1.6660000085830688, 0.2199999988079071, 0.0, 0.0, 0.0, 0.0, -0.012000000104308128, 0.0, 0.0, -0.024000000208616257, 0.0, 0.05400000140070915, 0.0, 0.0, 0.0, 0.0, -0.07044599950313568, 0.47790199518203735, -0.09422200173139572, 0.18821200728416443, -0.9550830125808716, -0.17909200489521027, -0.142535001039505, 0.28163599967956543, 0.39389100670814514, 0.08520899713039398, 0.33750399947166443, -0.8522589802742004, 0.2539219856262207, 0.3086549937725067]",13.933333333333334,386,0,15,0
"[-0.9196202754974365, -2.02638840675354, 0.11811476945877075, 0.029145123437047005, 2.2063231468200684, 0.8686929941177368, -0.7584004998207092, 0.2199999988079071, 0.036353982985019684, 2.0662708282470703, -0.1874515265226364, -0.046479322016239166, -1.4672523736953735, 0.056756392121315, 1.7215852737426758, 1.0, 0.0]","[-0.8520137071609497, -2.0259974002838135, 0.15530499815940857, -0.08817484974861145, 2.0607402324676514, 0.7614307403564453, -0.673447847366333, 0.8912500143051147, 0.03830274939537048, 2.0658183097839355, -0.18247464299201965, -0.05055265128612518, -1.461594581604004, 0.05666014924645424, 1.7254384756088257, 1.0, 55.099998474121094, 16.304000854492188, -3.1579999923706055, 1.2359999418258667, 0.2370000034570694, 0.9580000042915344, -0.23899999260902405, 13.071000099182129, -2.6730000972747803, 44.28300094604492, 0.1679999977350235, 1.3029999732971191, 0.17100000381469727, -0.3659999966621399, 0.0, 0.0, -0.09000000357627869, 0.0, -0.38999998569488525, -0.10199999809265137, 0.0, 0.0, 0.0, 0.0, 0.0, 0.0, 0.0, -0.24987900257110596, 0.4139319956302643, -0.09873999655246735, 0.3332349956035614, -0.9082300066947937, -0.20393000543117523, -0.14994199573993683, 0.5600810050964355, 0.01576700061559677, -0.040536001324653625, 0.535190999507904, 0.030905000865459442, 0.844078004360199, 0.012071000412106514]",11.966666666666667,437,0,95,0
"[-0.889093816280365, -2.02638840675354, 0.1263991743326187, -0.08943010121583939, 2.0625898838043213, 0.7444406747817993, -0.6373698115348816, 0.2199999988079071, 0.03681422770023346, 2.0662708282470703, -0.18254226446151733, -0.05061977729201317, -1.4618829488754272, 0.056756392121315, 1.7257270812988281, 1.0, 0.0]","[-1.2985765933990479, -2.02585768699646, 0.031008649617433548, 0.0642160028219223, 2.670600414276123, 0.8426430821418762, -1.453305721282959, 0.3101666569709778, 0.4926134943962097, 1.9420279264450073, -0.6356162428855896, -0.755305826663971, -1.6752872467041016, -1.3780090808868408, 1.4738967418670654, 0.42516666650772095, 55.099998474121094, 17.31599998474121, -9.565999984741211, 4.664000034332275, 1.687999963760376, 1.3270000219345093, 0.257999986410141, 23.510000228881836, -5.53000020980835, 37.35499954223633, 0.07100000232458115, 1.090000033378601, 0.30000001192092896, 0.08399999886751175, 0.0, -0.09600000083446503, 0.0, 0.017999999225139618, -0.04800000041723251, 0.017999999225139618, 0.0, 0.0, 0.012000000104308128, -0.6420000195503235, 0.017999999225139618, -0.23399999737739563, 0.40799999237060547, -0.07943099737167358, 0.4777899980545044, -0.09371999651193619, 0.19607500731945038, -0.9504209756851196, -0.18894100189208984, -0.15018099546432495, 0.270022988319397, 0.3918420076370239, 0.10746800154447556, 0.3374960124492645, -0.857338011264801, 0.22783799469470978, 0.3148910105228424]",9.366666666666667,149,0,255,0
"[-1.2150652408599854, -2.0263893604278564, 0.09403212368488312, 0.06319952011108398, 2.5235514640808105, 0.8602569699287415, -1.2339335680007935, 0.2199999988079071, 0.3190670311450958, 1.953062653541565, -0.47123852372169495, -0.6542418599128723, -1.6520969867706299, -1.4557472467422485, 1.1751819849014282, 1.0, 0.0]","[-1.209424614906311, -2.0246362686157227, 0.0906004011631012, 0.0594172477722168, 2.5192041397094727, 0.8566379547119141, -1.2327202558517456, 0.37308332324028015, 0.3003319501876831, 1.9507006406784058, -0.44645822048187256, -0.6562596559524536, -1.6542600393295288, -1.4716109037399292, 1.1843315362930298, 1.0, 55.099998474121094, 16.152999877929688, -2.4790000915527344, 2.1610000133514404, 0.1120000034570694, 1.1030000448226929, -0.2590000033378601, 23.597999572753906, -5.076000213623047, 31.006000518798828, 0.210999995470047, 1.5219999551773071, 0.22300000488758087, -0.28200000524520874, -0.012000000104308128, 0.15000000596046448, 0.13199999928474426, 0.09000000357627869, 0.05400000140070915, -0.024000000208616257, 0.8820000290870667, 0.05400000140070915, -1.3140000104904175, 0.0, 0.006000000052154064, 0.8159999847412109, -0.38999998569488525, -0.11045899987220764, 0.4719899892807007, -0.09007000178098679, 0.22022899985313416, -0.9511160254478455, -0.14715200662612915, -0.1588129997253418, 0.35036700963974, 0.3169899880886078, 0.11846300214529037, 0.427852988243103, -0.8207839727401733, 0.22689999639987946, 0.30293500423431396]",2.7666666666666666,44,0,395,0
"[-0.11213318258523941, -2.02638840675354, 0.015032462775707245, 0.07301650941371918, 1.1630631685256958, -0.06365948915481567, -0.9653342962265015, 1.0, 0.03834838792681694, 2.0662708282470703, -0.18407638370990753, -0.04279738664627075, -1.4632635116577148, 0.05675636604428291, 1.7229658365249634, 1.0, 0.0]","[-0.8901070356369019, -2.0260672569274902, 0.12199295312166214, -0.07897870242595673, 2.0674760341644287, 0.7572950720787048, -0.6376927495002747, 0.3752500116825104, 0.0371161513030529, 2.0658531188964844, -0.18245720863342285, -0.05055265128612518, -1.461594581604004, 0.05664269998669624, 1.7263284921646118, 1.0, 55.099998474121094, 17.336000442504883, -3.75600004196167, 0.9950000047683716, 0.2809999883174896, 1.0989999771118164, -0.2329999953508377, 13.404000282287598, -2.6589999198913574, 44.125, 0.11699999868869781, 1.3600000143051147, 0.1940000057220459, -0.1679999977350235, 0.0, -0.17399999499320984, 0.6959999799728394, 0.593999981880188, 1.1699999570846558, -0.2939999997615814, 0.0, 0.0, 0.0, 0.0, 0.0, 0.0, -0.017999999225139618, -0.23400500416755676, 0.4274660050868988, -0.09440399706363678, 0.34375301003456116, -0.9092640280723572, -0.17616599798202515, -0.1550379991531372, 0.5600929856300354, 0.015099000185728073, -0.040550000965595245, 0.5351809859275818, 0.03178900107741356, 0.8440529704093933, 0.012002999894320965]",10.066666666666666,196,0,471,0
"[0.14173926413059235, -2.02638840675354, 0.030218929052352905, -0.029451608657836914, 0.9958599805831909, 1.18852698802948, -0.8801982998847961, 1.0, 0.03911544382572174, 2.0662708282470703, -0.18407638370990753, -0.043564461171627045, -1.4618829488754272, 0.056756392121315, 1.7226591110229492, 1.0, 0.0]","[-1.1128562688827515, -2.024566411972046, 0.09745825082063675, 0.05393795296549797, 2.4499449729919434, 0.910244345664978, -1.1662707328796387, 0.3734166622161865, 0.06428579986095428, 1.9677666425704956, -0.0739007517695427, -0.6379196643829346, -1.6047369241714478, -1.5667307376861572, 1.3385894298553467, 1.0, 55.099998474121094, 16.145999908447266, -1.4170000553131104, 4.4730000495910645, 0.16699999570846558, 1.319000005722046, -0.28700000047683716, 26.493000030517578, -8.463000297546387, 30.315000534057617, 0.4169999957084656, 1.7359999418258667, 0.21400000154972076, -0.6179999709129333, 0.0, -0.49799999594688416, -0.75, 0.15000000596046448, -1.2899999618530273, -0.05999999865889549, 1.9199999570846558, -0.6840000152587891, -2.0220000743865967, -0.029999999329447746, -1.284000039100647, 0.31200000643730164, -0.5879999995231628, -0.14367200434207916, 0.45651599764823914, -0.08924099802970886, 0.21786800026893616, -0.9440400004386902, -0.17112399637699127, -0.17899000644683838, 0.425370991230011, 0.19734500348567963, 0.17500099539756775, 0.557453989982605, -0.6478970050811768, 0.3611159920692444, 0.3729180097579956]",0.36666666666666664,450,0,39,0
"[-1.2294844388961792, -2.0263893604278564, 0.08973652869462967, 0.07086868584156036, 2.543339729309082, 0.8605638742446899, -1.234853982925415, 0.2199999988079071, 0.3637060225009918, 1.9568976163864136, -0.49961647391319275, -0.6487200260162354, -1.6520969867706299, -1.4284418821334839, 1.162143588066101, 1.0, 0.0]","[-1.2955228090286255, -2.0255610942840576, 0.029804598540067673, 0.06435559689998627, 2.6707050800323486, 0.8384724855422974, -1.440322995185852, 0.28808334469795227, 0.4919329583644867, 1.9416964054107666, -0.634132981300354, -0.7959293723106384, -1.67071533203125, -1.3793874979019165, 1.5020086765289307, 0.42133334279060364, 55.099998474121094, 16.099000930786133, -2.124000072479248, 5.921000003814697, 0.40299999713897705, 1.2109999656677246, -0.19499999284744263, 25.93600082397461, -2.440999984741211, 31.68600082397461, -0.3959999978542328, 1.3569999933242798, 0.289000004529953, 0.0, 0.0, -0.012000000104308128, -0.012000000104308128, -0.029999999329447746, 0.0, 0.2879999876022339, -0.041999999433755875, 0.0, 0.017999999225139618, -0.5519999861717224, 0.23999999463558197, 0.16200000047683716, 0.3779999911785126, -0.08118399977684021, 0.4782629907131195, -0.09330900013446808, 0.1994740068912506, -0.9508039951324463, -0.1848360002040863, -0.14837700128555298, 0.26444101333618164, 0.3938179910182953, 0.11625699698925018, 0.3428950011730194, -0.8555790185928345, 0.22220399975776672, 0.31785300374031067]",7.366666666666666,226,0,71,0
"[-0.1089116632938385, -2.022860288619995, 0.42644578218460083, 0.17456620931625366, 1.143581509590149, 1.4924092292785645, -0.7016434669494629, 1.0, 0.03604716807603836, 2.0662708282470703, -0.18683789670467377, -0.0444849468767643, -1.466484785079956, 0.056756392121315, 1.7211251258850098, 1.0, 0.0]","[-1.3136882781982422, -2.0259275436401367, 0.07341214269399643, 0.08745940029621124, 2.6693613529205322, 0.840740978717804, -1.5141539573669434, 0.37308332324028015, 0.5021063089370728, 1.9385379552841187, -0.5930731296539307, -0.6439922451972961, -1.6668239831924438, -1.3304402828216553, 1.413607120513916, 1.0, 55.099998474121094, 16.716999053955078, -1.343000054359436, 3.811000108718872, 0.032999999821186066, 1.1950000524520874, -0.2919999957084656, 26.593000411987305, -5.6479997634887695, 30.336999893188477, 0.2750000059604645, 1.718999981880188, 0.19200000166893005, 0.0, 0.0, -0.06599999964237213, -0.14399999380111694, 0.23399999737739563, 0.23399999737739563, 0.2879999876022339, 0.1979999989271164, 0.0, 0.0, 0.07199999690055847, -0.20399999618530273, 0.06599999964237213, 0.15600000321865082, -0.07638400048017502, 0.482369989156723, -0.08960200101137161, 0.20008200407028198, -0.9494249820709229, -0.19664399325847626, -0.14102600514888763, 0.2884269952774048, 0.3932499885559082, 0.09842699766159058, 0.35613301396369934, -0.8390030264854431, 0.25724801421165466, 0.32103899121284485]",0.03333333333333333,50,0,72,0
"[-1.1607625484466553, -2.024855375289917, 0.12271714955568314, 0.229636088013649, 2.4302854537963867, 0.9860430359840393, -1.2219696044921875, 0.2199999988079071, 0.03666113317012787, 2.0541534423828125, -0.2862401306629181, -0.1814693808555603, -1.5191001892089844, 0.0398830883204937, 1.703025221824646, 1.0, 0.0]","[-1.3042829036712646, -2.026049852371216, 0.04446260258555412, 0.06419854611158371, 2.6633410453796387, 0.8462551832199097, -1.454893708229065, 0.32616665959358215, 0.493032306432724, 1.9423943758010864, -0.636227011680603, -0.731521487236023, -1.675950288772583, -1.3666316270828247, 1.4614723920822144, 0.42908334732055664, 55.099998474121094, 14.607999801635742, -12.767999649047852, 6.251999855041504, 2.2170000076293945, 0.9380000233650208, 0.4230000078678131, 23.87700080871582, -5.589000225067139, 40.07400131225586, -0.1550000011920929, 1.437999963760376, 0.40799999237060547, 0.11400000005960464, 0.0, -0.2460000067949295, 0.0, 0.07199999690055847, -0.05400000140070915, 0.017999999225139618, 0.0, -0.012000000104308128, 0.0, -0.4860000014305115, 0.0, -0.20399999618530273, 0.14399999380111694, -0.07673099637031555, 0.4774259924888611, -0.09425900131464005, 0.19331499934196472, -0.9519640207290649, -0.18479600548744202, -0.14914000034332275, 0.27414199709892273, 0.39168500900268555, 0.10309000313282013, 0.33826199173927307, -0.8558599948883057, 0.23459500074386597, 0.3131229877471924]",11.066666666666666,479,0,78,0
"[-1.3135464191436768, -2.0263893604278564, 0.05061936005949974, 0.06442701071500778, 2.672194242477417, 0.8467577695846558, -1.4664851427078247, 0.2160000056028366, 0.49394094944000244, 1.9456983804702759, -0.6392089128494263, -0.6602238416671753, -1.6766396760940552, -1.3308789730072021, 1.4247620105743408, 0.24300000071525574, 0.0]","[-1.0912357568740845, -2.024723529815674, 0.13019445538520813, 0.21744446456432343, 2.446542501449585, 1.0410844087600708, -1.2198247909545898, 0.3734166622161865, -0.28869280219078064, 2.061647653579712, -0.09721395373344421, -0.2872968018054962, -1.4582266807556152, -0.7033048272132874, 1.4875776767730713, 1.0, 55.099998474121094, 16.51300048828125, -2.992000102996826, 2.3299999237060547, 0.17499999701976776, 1.180999994277954, -0.2160000056028366, 18.347000122070312, -12.569999694824219, 44.930999755859375, 0.49399998784065247, 1.3799999952316284, 0.6309999823570251, 0.3840000033378601, 0.0, 0.035999998450279236, 0.05400000140070915, 0.2460000067949295, 0.05999999865889549, 0.1080000028014183, -2.063999891281128, -0.05400000140070915, 3.5460000038146973, 0.12600000202655792, 0.6000000238418579, -7.230000019073486, -1.9259999990463257, -0.14934200048446655, 0.46708500385284424, -0.05420399829745293, 0.23042899370193481, -0.9424629807472229, -0.15328000485897064, -0.1875379979610443, 0.558696985244751, -0.04768799990415573, 0.05445300042629242, 0.6338040232658386, -0.14316099882125854, 0.7411680221557617, 0.16871699690818787]",14.3,407,0,70,0
"[-0.8726806044578552, -2.02638840675354, 0.15646487474441528, -0.09403222054243088, 2.0609028339385986, 0.7410658001899719, -0.6775593161582947, 0.2199999988079071, 0.039422255009412766, 2.0662708282470703, -0.18254226446151733, -0.05061977729201317, -1.4618829488754272, 0.056756392121315, 1.7257270812988281, 1.0, 0.0]","[-0.8297126293182373, -2.0259974002838135, 0.15539224445819855, -0.08323650062084198, 2.0615081787109375, 0.7715343236923218, -0.672872006893158, 0.9869166612625122, 0.0341496504843235, 2.0658531188964844, -0.18245720863342285, -0.05055265128612518, -1.4615771770477295, 0.05669505149126053, 1.7254210710525513, 1.0, 55.099998474121094, 15.543999671936035, -3.7769999504089355, 1.5709999799728394, 0.2290000021457672, 0.953000009059906, -0.23899999260902405, 13.321000099182129, -3.009000062942505, 44.14500045776367, 0.1679999977350235, 1.3309999704360962, 0.19499999284744263, 0.0, 0.0, -0.14399999380111694, -0.13199999928474426, 0.0, 0.0, 0.3240000009536743, 0.024000000208616257, 0.0, 0.0, 0.0, 0.0, 0.0, 0.0, -0.25798898935317993, 0.40879300236701965, -0.09760800004005432, 0.3347109854221344, -0.906262993812561, -0.21063600480556488, -0.14928999543190002, 0.560135006904602, 0.013426999561488628, -0.04054899886250496, 0.5352050065994263, 0.032680999487638474, 0.8440179824829102, 0.010950000025331974]",15.033333333333333,136,0,463,0
"[-1.0647345781326294, -2.024855375289917, 0.1302345097064972, 0.1971157044172287, 2.4543697834014893, 1.042340636253357, -1.1843868494033813, 0.2199999988079071, -0.36708080768585205, 2.0556881427764893, 0.20816002786159515, -0.41616809368133545, -1.4474629163742065, -1.4709330797195435, 1.4218465089797974, 1.0, 0.0]","[-0.8396590948104858, -2.025944948196411, 0.32767608761787415, -0.039559148252010345, 1.9430574178695679, 0.7753209471702576, -0.7741692662239075, 1.0, 0.03835510089993477, 2.065800905227661, -0.1837659478187561, -0.050587549805641174, -1.4615421295166016, 0.05669505149126053, 1.7238157987594604, 1.0, 55.099998474121094, 15.555000305175781, -3.684999942779541, 2.3889999389648438, 0.23800000548362732, 0.9459999799728394, -0.29100000858306885, 13.67300033569336, -3.2239999771118164, 43.948001861572266, 0.19099999964237213, 1.3639999628067017, 0.20000000298023224, 0.041999999433755875, 0.0, -1.3739999532699585, 0.0, 1.5959999561309814, -0.041999999433755875, 0.017999999225139618, 0.0, 0.0, 0.024000000208616257, 0.0, 0.0, 0.0, 0.0, -0.2611579895019531, 0.4143179953098297, -0.09055600315332413, 0.33133700489997864, -0.9039340019226074, -0.2283809930086136, -0.14477500319480896, 0.5600939989089966, 0.015816999599337578, -0.0405069999396801, 0.5352519750595093, 0.0296580009162426, 0.8440939784049988, 0.011339000426232815]",11.3,307,0,313,0
"[-0.060284338891506195, -2.02638840675354, -0.014878817833960056, 0.07685185223817825, 1.1098337173461914, 0.058137260377407074, -0.9914121627807617, 1.0, 0.03727448359131813, 2.0662708282470703, -0.18407638370990753, -0.04218372702598572, -1.4632635116577148, 0.056296128779649734, 1.7226591110229492, 1.0, 0.0]","[-1.3136882781982422, -2.025944948196411, 0.07037585228681564, 0.09735354781150818, 2.6616833209991455, 0.835348904132843, -1.523262858390808, 0.37308332324028015, 0.48624423146247864, 1.9384855031967163, -0.5919039845466614, -0.6472728252410889, -1.661152720451355, -1.3343491554260254, 1.4060511589050293, 1.0, 55.099998474121094, 15.003000259399414, -1.7230000495910645, 3.0910000801086426, 0.07800000160932541, 1.0640000104904175, -0.25, 25.17799949645996, -5.624000072479248, 30.290000915527344, 0.2370000034570694, 1.6059999465942383, 0.23199999332427979, 0.0, 0.0, 0.017999999225139618, -0.15000000596046448, 0.0, 0.006000000052154064, 0.08399999886751175, 0.2759999930858612, 0.0, 0.0, 0.0, -0.041999999433755875, 0.05400000140070915, 0.23399999737739563, -0.07610400021076202, 0.4856249988079071, -0.08631099760532379, 0.20718100666999817, -0.9458860158920288, -0.2028850018978119, -0.1456419974565506, 0.29339200258255005, 0.38878700137138367, 0.09986100345849991, 0.3604069948196411, -0.837228000164032, 0.25844401121139526, 0.319938987493515]",2.6,366,0,436,0
"[-0.13836409151554108, -2.021632671356201, 0.45773887634277344, 0.199109748005867, 1.1721135377883911, 1.47706937789917, -0.7050182223320007, 1.0, 0.03482019528746605, 2.0662708282470703, -0.18622422218322754, -0.0444849468767643, -1.4663314819335938, 0.056756392121315, 1.7211251258850098, 1.0, 0.0]","[-1.3193073272705078, -2.025944948196411, 0.06725230067968369, 0.0794323980808258, 2.676481008529663, 0.8558177947998047, -1.4822379350662231, 0.37308332324028015, 0.5191200375556946, 1.9469139575958252, -0.6107674241065979, -0.6379894614219666, -1.6856350898742676, -1.3078426122665405, 1.44508695602417, 1.0, 55.099998474121094, 15.024999618530273, -1.628000020980835, 3.7070000171661377, 0.10199999809265137, 1.1100000143051147, -0.2840000092983246, 26.201000213623047, -6.210000038146973, 30.586999893188477, 0.2980000078678131, 1.6549999713897705, 0.21799999475479126, -0.07800000160932541, 0.0, 0.0, 0.0, 0.0, 0.0, 0.035999998450279236, 0.029999999329447746, 0.024000000208616257, -0.27000001072883606, 0.0, 0.0, 0.0, 0.041999999433755875, -0.07254000008106232, 0.4789929986000061, -0.09241899847984314, 0.19100700318813324, -0.9550210237503052, -0.1785449981689453, -0.13989900052547455, 0.28432199358940125, 0.3980270028114319, 0.08893600106239319, 0.34452399611473083, -0.8414250016212463, 0.2708919942378998, 0.31610599160194397]",4.766666666666667,406,0,480,0
"[-1.2883899211883545, -2.0263893604278564, 0.005521791055798531, 0.05813703313469887, 2.669280529022217, 0.8508992195129395, -1.4086543321609497, 0.2160000056028366, 0.48458462953567505, 1.9394093751907349, -0.6335334777832031, -0.837245523929596, -1.6494892835617065, -1.3672341108322144, 1.5275382995605469, 0.23999999463558197, 0.0]","[-1.1425038576126099, -2.024444341659546, 0.08894265443086624, 0.03226504847407341, 2.4524753093719482, 0.8688703775405884, -1.171401023864746, 0.3734166622161865, 0.13687780499458313, 1.950508713722229, -0.14509674906730652, -0.6441667675971985, -1.6462678909301758, -1.5578312873840332, 1.3043874502182007, 1.0, 55.099998474121094, 20.611000061035156, -0.7250000238418579, 0.05900000035762787, -0.1080000028014183, 1.4299999475479126, -0.3540000021457672, 25.132999420166016, -7.359000205993652, 29.90999984741211, 0.3580000102519989, 1.7380000352859497, 0.3009999990463257, -0.6899999976158142, 0.0, 0.0, -0.2639999985694885, 0.035999998450279236, -0.34200000762939453, -0.12600000202655792, 1.0859999656677246, -0.30000001192092896, -1.284000039100647, -0.05400000140070915, -0.515999972820282, 0.1080000028014183, -0.9419999718666077, -0.13306300342082977, 0.46116799116134644, -0.09301599860191345, 0.2224009931087494, -0.9437410235404968, -0.169854998588562, -0.17617599666118622, 0.40840500593185425, 0.2339709997177124, 0.16638100147247314, 0.5215229988098145, -0.7018259763717651, 0.3301810026168823, 0.35557401180267334]",6.766666666666667,214,0,45,0
"[-1.322290062904358, -2.0263893604278564, 0.06749321520328522, 0.07838598638772964, 2.672194242477417, 0.855961263179779, -1.4802908897399902, 0.2160000056028366, 0.5115812420845032, 1.9499928951263428, -0.6442707777023315, -0.658076286315918, -1.6775600910186768, -1.3222895860671997, 1.4308964014053345, 0.24300000071525574, 0.0]","[-0.10293754935264587, -2.0232229232788086, 0.4218362867832184, 0.16879385709762573, 1.138682246208191, 1.5050276517868042, -0.6984013319015503, 1.0, 0.03678460046648979, 2.0658531188964844, -0.18701164424419403, -0.04488139972090721, -1.4653288125991821, 0.056747402995824814, 1.7210760116577148, 1.0, 55.099998474121094, 14.854000091552734, -0.2800000011920929, -6.701000213623047, 0.026000000536441803, 0.6129999756813049, -0.3709999918937683, 13.522000312805176, -2.431999921798706, 45.029998779296875, 0.1469999998807907, 1.3669999837875366, 0.22499999403953552, -2.5920000076293945, 0.09000000357627869, 2.8559999465942383, 2.447999954223633, 2.5980000495910645, -1.2239999771118164, -0.08399999886751175, -0.08399999886751175, 0.0, 0.017999999225139618, 0.0, 0.0, 0.0, 0.0, -0.410304993391037, 0.21896399557590485, 0.06939300149679184, 0.6075369715690613, -0.6322799921035767, -0.30402499437332153, -0.372408002614975, 0.559237003326416, 0.014561999589204788, -0.04235899820923805, 0.5330970287322998, 0.02639799937605858, 0.8456060290336609, 0.007751000113785267]",10.666666666666666,8,0,239,0
"[-0.8943100571632385, -2.02638840675354, 0.14419353008270264, -0.11198028922080994, 2.0616698265075684, 0.7225038409233093, -0.6703506708145142, 0.2199999988079071, 0.038348376750946045, 2.0662708282470703, -0.18254226446151733, -0.05061977729201317, -1.4618829488754272, 0.056756392121315, 1.7272610664367676, 1.0, 0.0]","[-1.2725062370300293, -2.025456428527832, -0.025529351085424423, 0.05711384862661362, 2.668750524520874, 0.860651433467865, -1.375862717628479, 0.273499995470047, 0.476036012172699, 1.9341230392456055, -0.6331732273101807, -0.8767054677009583, -1.6308770179748535, -1.3420445919036865, 1.549786925315857, 0.4189166724681854, 55.099998474121094, 16.788999557495117, -0.8560000061988831, 2.6429998874664307, 0.061000000685453415, 1.1679999828338623, -0.27799999713897705, 27.125, -4.921999931335449, 28.97100067138672, 0.20600000023841858, 1.7879999876022339, 0.17900000512599945, 0.12600000202655792, 0.0, -0.08399999886751175, 0.09000000357627869, -0.041999999433755875, 0.4440000057220459, 0.3959999978542328, -0.041999999433755875, -0.1679999977350235, -0.006000000052154064, -0.1080000028014183, 0.4860000014305115, 0.2460000067949295, 0.017999999225139618, -0.0852539986371994, 0.47475600242614746, -0.09315600246191025, 0.1972309947013855, -0.9493740200996399, -0.17948299646377563, -0.16605499386787415, 0.2594139873981476, 0.3980740010738373, 0.14227400720119476, 0.3771600127220154, -0.8395500183105469, 0.2154099941253662, 0.3263489902019501]",3.433333333333333,243,0,206,0
"[0.030986079946160316, -2.0262348651885986, 0.25571370124816895, 0.03558773919939995, 1.0286866426467896, 1.5102037191390991, -0.7076258659362793, 1.0, 0.03834838792681694, 2.0662708282470703, -0.18699130415916443, -0.04540543630719185, -1.466178059577942, 0.056756392121315, 1.7211251258850098, 1.0, 0.0]","[-1.3137233257293701, -2.02597975730896, 0.07367390394210815, 0.09014669805765152, 2.6652605533599854, 0.8378966450691223, -1.517486810684204, 0.37308332324028015, 0.49980291724205017, 1.9384855031967163, -0.5926369428634644, -0.6450566649436951, -1.6644333600997925, -1.331068515777588, 1.4120365381240845, 1.0, 55.099998474121094, 15.496999740600586, -0.9449999928474426, 3.200000047683716, 0.010999999940395355, 1.1150000095367432, -0.29100000858306885, 24.83300018310547, -5.935999870300293, 29.17799949645996, 0.26499998569488525, 1.5440000295639038, 0.22200000286102295, 0.0, 0.0, -0.006000000052154064, -0.18000000715255737, 0.27000001072883606, 0.14399999380111694, 0.23399999737739563, 0.25200000405311584, 0.0, -0.017999999225139618, 0.09000000357627869, -0.17399999499320984, 0.017999999225139618, 0.12600000202655792, -0.07627099752426147, 0.48347198963165283, -0.0886249989271164, 0.20261399447917938, -0.9481539726257324, -0.19903600215911865, -0.14260399341583252, 0.2889690101146698, 0.3927220106124878, 0.09901399910449982, 0.3572790026664734, -0.8384519815444946, 0.25691500306129456, 0.3214699923992157]",4.166666666666667,27,0,496,0
"[-0.09111752361059189, -2.02638840675354, -0.18269656598567963, 0.0978672206401825, 1.0627410411834717, -0.0852886512875557, -1.0452544689178467, 1.0, 0.03988250344991684, 2.0662708282470703, -0.18407638370990753, -0.04218372702598572, -1.4629566669464111, 0.05675636604428291, 1.7226591110229492, 1.0, 0.0]","[-0.12098085135221481, -2.026014804840088, 0.02601795084774494, 0.07280139625072479, 1.1730239391326904, -0.07287120074033737, -0.9526478052139282, 1.0, 0.038599397987127304, 2.0658531188964844, -0.18402768671512604, -0.042857199907302856, -1.462885856628418, 0.05666014924645424, 1.7223323583602905, 1.0, 55.099998474121094, 7.165999889373779, -4.455999851226807, 10.857000350952148, 0.3449999988079071, 0.722000002861023, -0.13199999928474426, 13.255999565124512, -2.753999948501587, 44.10100173950195, 0.17100000381469727, 1.3339999914169312, 0.18799999356269836, 0.0, 0.0, 0.035999998450279236, -0.22200000286102295, -0.024000000208616257, 0.024000000208616257, -0.024000000208616257, -0.017999999225139618, 0.0, 0.0, 0.0, -0.012000000104308128, 0.0, 0.0, -0.5692949891090393, 0.058921001851558685, -0.01460300013422966, 0.5455610156059265, -0.1344829946756363, -0.824908971786499, 0.061650000512599945, 0.5588769912719727, 0.015390000306069851, -0.043056000024080276, 0.5321099758148193, 0.028547000139951706, 0.8461369872093201, 0.009747999720275402]",13.666666666666666,222,0,8,0
"[-1.1175036430358887, -2.024855375289917, 0.12639909982681274, 0.21460269391536713, 2.435961961746216, 1.025159478187561, -1.229178786277771, 0.2199999988079071, -0.13437607884407043, 2.061516284942627, -0.2946767807006836, -0.27366137504577637, -1.5307587385177612, -0.27626919746398926, 1.6433532238006592, 1.0, 0.0]","[-1.24310302734375, -2.0261194705963135, 0.08077605068683624, 0.09087960422039032, 2.5376315116882324, 0.8601977229118347, -1.2480764389038086, 0.37308332324028015, 0.4303693473339081, 1.9561972618103027, -0.5156300663948059, -0.6360874176025391, -1.6468088626861572, -1.364572525024414, 1.2537649869918823, 1.0, 55.099998474121094, 15.923999786376953, -2.8959999084472656, 2.0940001010894775, 0.17299999296665192, 1.159000039100647, -0.22499999403953552, 25.665000915527344, -4.284999847412109, 30.70800018310547, 0.10599999874830246, 1.6619999408721924, 0.25600001215934753, -0.11400000005960464, 0.0, -0.4860000014305115, 0.029999999329447746, 0.0, 0.0, -0.671999990940094, 0.15600000321865082, 0.0, -0.07199999690055847, -0.012000000104308128, 0.0, 0.0, 0.7559999823570251, -0.0963359996676445, 0.48055699467658997, -0.08340500295162201, 0.22786599397659302, -0.9514679908752441, -0.1317570060491562, -0.1594499945640564, 0.3148219883441925, 0.3682520091533661, 0.10461100190877914, 0.4040299952030182, -0.8279489874839783, 0.2280460000038147, 0.31504499912261963]",1.7666666666666666,180,0,94,0
"[-1.2455909252166748, -2.0263893604278564, 0.07424339652061462, 0.09050401300191879, 2.5375115871429443, 0.8597966432571411, -1.2586311101913452, 0.2199999988079071, 0.4307406544685364, 1.9550567865371704, -0.5149564146995544, -0.6379819512367249, -1.65056312084198, -1.366468906402588, 1.2655335664749146, 1.0, 0.0]","[-0.19282250106334686, -2.0183541774749756, 0.5175844430923462, 0.23711059987545013, 1.2293349504470825, 1.4465352296829224, -0.7140889167785645, 1.0, 0.03327715024352074, 2.0658531188964844, -0.1852666437625885, -0.044637102633714676, -1.465259075164795, 0.05714875087141991, 1.7208491563796997, 1.0, 55.099998474121094, 15.397000312805176, 0.2160000056028366, -4.033999919891357, -0.14499999582767487, 0.7329999804496765, -0.24899999797344208, 13.083999633789062, -4.364999771118164, 44.94300079345703, 0.052000001072883606, 1.409000039100647, 0.22599999606609344, -2.5920000076293945, 0.23399999737739563, 2.6519999504089355, 1.6080000400543213, 2.98799991607666, -2.303999900817871, -0.906000018119812, -0.07199999690055847, 0.0, 0.05400000140070915, 0.0, 0.05400000140070915, 0.006000000052154064, 0.0, -0.38534700870513916, 0.26219698786735535, 0.05409400165081024, 0.5419520139694214, -0.7134289741516113, -0.26632699370384216, -0.3554930090904236, 0.5592439770698547, 0.012492000125348568, -0.04244200140237808, 0.5329890251159668, 0.02868499979376793, 0.8456060290336609, 0.0070039997808635235]",14.333333333333334,181,0,101,0
"[-1.1642903089523315, -2.0245485305786133, 0.11995568126440048, 0.23715271055698395, 2.4272167682647705, 0.978679895401001, -1.1977325677871704, 0.2199999988079071, 0.051234111189842224, 2.0559945106506348, -0.2575547993183136, -0.1748732626438141, -1.4986987113952637, 0.07746507972478867, 1.713302731513977, 1.0, 0.0]","[-1.313339352607727, -2.0261893272399902, 0.05074460059404373, 0.06430324912071228, 2.670320987701416, 0.8492217063903809, -1.4660093784332275, 0.37275001406669617, 0.49367794394493103, 1.946948766708374, -0.6399264335632324, -0.6578475832939148, -1.673734188079834, -1.3272993564605713, 1.4231348037719727, 0.4427500069141388, 55.099998474121094, 20.083999633789062, -7.439000129699707, 1.1230000257492065, 1.534000039100647, 2.2339999675750732, 0.003000000026077032, 22.597999572753906, -9.52299976348877, 35.2859992980957, 1.2690000534057617, 0.6430000066757202, -0.08399999886751175, 0.017999999225139618, 0.0, -0.006000000052154064, 0.0, 0.0, -0.012000000104308128, 0.0, 0.0, -0.05999999865889549, 0.08399999886751175, -0.035999998450279236, -0.006000000052154064, -0.23999999463558197, 0.04800000041723251, -0.07337400317192078, 0.4770849943161011, -0.09503799676895142, 0.18962599337100983, -0.9536929726600647, -0.18205499649047852, -0.1461700052022934, 0.28641098737716675, 0.3904600143432617, 0.0879020020365715, 0.3406299948692322, -0.8502619862556458, 0.2569369971752167, 0.30823200941085815]",16.5,68,0,218,0
"[-1.3149269819259644, -2.0263893604278564, 0.06780003756284714, 0.08007355034351349, 2.6752638816833496, 0.8550409078598022, -1.486580491065979, 0.2160000056028366, 0.5161837339401245, 1.946160078048706, -0.604388415813446, -0.638136088848114, -1.6850765943527222, -1.3094052076339722, 1.4399470090866089, 1.0, 0.0]","[-1.169167399406433, -2.024374485015869, 0.11801435053348541, 0.24360200762748718, 2.4278008937835693, 0.9738146662712097, -1.1852214336395264, 0.3738333284854889, 0.05742794647812843, 2.059553623199463, -0.23702335357666016, -0.17572149634361267, -1.4848029613494873, 0.0954340472817421, 1.7193833589553833, 1.0, 55.099998474121094, 15.932999610900879, -4.505000114440918, 1.3480000495910645, 0.36500000953674316, 1.0980000495910645, -0.19699999690055847, 12.003999710083008, -2.875, 43.59000015258789, 0.1589999943971634, 1.2519999742507935, 0.22200000286102295, 0.20399999618530273, -0.012000000104308128, 0.029999999329447746, -0.31200000643730164, 0.0, 0.2160000056028366, -0.7739999890327454, -0.1679999977350235, -0.18000000715255737, -1.2000000476837158, -0.23999999463558197, -0.47999998927116394, -0.515999972820282, -0.11400000005960464, -0.11778300255537033, 0.4916220009326935, -0.042194999754428864, 0.2709279954433441, -0.9377310276031494, -0.1110680028796196, -0.18687200546264648, 0.5778939723968506, 0.03326600044965744, 0.006359000224620104, 0.591992974281311, -0.0069670001976192, 0.8059009909629822, -0.0042039998807013035]",8.8,300,0,199,0
"[-1.172266960144043, -2.0194854736328125, 0.12133646011352539, 0.2488103210926056, 2.428290605545044, 0.9723902344703674, -1.1750303506851196, 0.2199999988079071, 0.0579836405813694, 2.062896728515625, -0.20018385350704193, -0.14311958849430084, -1.4736948013305664, 0.09111792594194412, 1.719897985458374, 1.0, 0.0]","[-1.1523456573486328, -2.0250375270843506, 0.12652994692325592, 0.21166850626468658, 2.4357059001922607, 0.9953305721282959, -1.2322665452957153, 0.3738333284854889, -0.014657999388873577, 2.0574421882629395, -0.31877660751342773, -0.22657079994678497, -1.5471693277359009, -0.04228135198354721, 1.6876943111419678, 1.0, 55.099998474121094, 16.54599952697754, -4.796000003814697, 2.8289999961853027, 0.34700000286102295, 1.2910000085830688, -0.19099999964237213, 13.61400032043457, -2.8610000610351562, 42.86600112915039, 0.10700000077486038, 1.277999997138977, 0.20499999821186066, 0.38999998569488525, 0.0, 0.04800000041723251, -0.2759999930858612, 0.041999999433755875, 0.1979999989271164, 0.2160000056028366, -1.4459999799728394, 0.1080000028014183, -0.257999986410141, -0.9539999961853027, -0.2879999876022339, -1.9019999504089355, -0.38999998569488525, -0.12369199842214584, 0.48065200448036194, -0.05314800143241882, 0.2420250028371811, -0.9406269788742065, -0.14031100273132324, -0.19224099814891815, 0.5822640061378479, 0.02411700040102005, 0.019693000242114067, 0.6006979942321777, -0.09587199985980988, 0.7936210036277771, -0.011571000330150127]",2.7,219,0,483,0
"[-0.823133111000061, -2.02638840675354, 0.7593192458152771, 0.032826509326696396, 1.5177191495895386, 0.8637835383415222, -0.7788024544715881, 1.0, 0.03405293449759483, 2.0662708282470703, -0.18407638370990753, -0.05061977729201317, -1.4618829488754272, 0.056756392121315, 1.7225056886672974, 1.0, 0.0]","[-0.850024402141571, -2.026014804840088, 0.6891528367996216, 0.002931599970906973, 1.5803941488265991, 0.8352965712547302, -0.7780256867408752, 1.0, 0.03685440123081207, 2.0658183097839355, -0.18402768671512604, -0.05060500279068947, -1.46145498752594, 0.05662524700164795, 1.7220706939697266, 1.0, 55.099998474121094, 15.095999717712402, -2.438999891281128, 1.1449999809265137, 0.18400000035762787, 0.8759999871253967, -0.21799999475479126, 13.305000305175781, -2.8929998874664307, 44.02199935913086, 0.1120000034570694, 1.3450000286102295, 0.2160000056028366, 0.0, 0.006000000052154064, -2.058000087738037, -0.1979999989271164, 1.9980000257492065, -0.3240000009536743, -0.029999999329447746, 0.012000000104308128, 0.0, 0.0, 0.0, 0.0, 0.0, 0.0, -0.24886800348758698, 0.4229699969291687, -0.0805710032582283, 0.3327690064907074, -0.9054890275001526, -0.2032189965248108, -0.167494997382164, 0.5601130127906799, 0.014990000054240227, -0.04051399976015091, 0.5352699756622314, 0.029462000355124474, 0.8441010117530823, 0.010459999553859234]",8.833333333333334,347,0,171,0
"[-0.8443018794059753, -2.02638840675354, 0.15646487474441528, -0.08605499565601349, 2.060135841369629, 0.7699041366577148, -0.672497034072876, 0.2199999988079071, 0.03804154694080353, 2.0662708282470703, -0.18254226446151733, -0.05061977729201317, -1.4618829488754272, 0.056756392121315, 1.7257270812988281, 1.0, 0.0]","[-0.12108555436134338, -2.0259974002838135, 0.024150798097252846, 0.07885655015707016, 1.1730762720108032, -0.0746336504817009, -0.9530841112136841, 1.0, 0.03917524963617325, 2.0658183097839355, -0.18406260013580322, -0.042857199907302856, -1.4628509283065796, 0.056712500751018524, 1.7223323583602905, 1.0, 55.099998474121094, 5.758999824523926, -3.068000078201294, 10.567000389099121, 0.22499999403953552, 0.6100000143051147, -0.16599999368190765, 13.67300033569336, -3.2899999618530273, 44.19200134277344, 0.1860000044107437, 1.36899995803833, 0.20399999618530273, 0.0, 0.0, 0.10199999809265137, -0.25200000405311584, 0.0, 0.05999999865889549, 0.029999999329447746, -0.017999999225139618, 0.0, 0.0, 0.0, 0.0, 0.0, 0.0, -0.5701130032539368, 0.058820001780986786, -0.012618999928236008, 0.5477960109710693, -0.13279999792575836, -0.8236929774284363, 0.061744000762701035, 0.5588610172271729, 0.015713000670075417, -0.04306799918413162, 0.5321000218391418, 0.028322000056505203, 0.8461490273475647, 0.009882999584078789]",11.333333333333334,480,0,105,0
"[-1.2704416513442993, -2.0263893604278564, -0.026844462379813194, 0.0605916827917099, 2.6645264625549316, 0.8803519606590271, -1.3574196100234985, 0.2160000056028366, 0.47568655014038086, 1.9242225885391235, -0.6335334777832031, -0.8774362206459045, -1.6034693717956543, -1.3357876539230347, 1.5511616468429565, 0.23999999463558197, 0.0]","[-1.3226401805877686, -2.0259974002838135, 0.06742680072784424, 0.07962435483932495, 2.6760098934173584, 0.8558003306388855, -1.4799518585205078, 0.37275001406669617, 0.5185267329216003, 1.9508925676345825, -0.6454057097434998, -0.652752161026001, -1.6815168857574463, -1.317283034324646, 1.436780571937561, 0.9919999837875366, 55.099998474121094, 15.409000396728516, -2.0390000343322754, 3.9600000381469727, 0.08500000089406967, 1.1360000371932983, -0.2590000033378601, 26.31599998474121, -6.341000080108643, 29.770000457763672, 0.3140000104904175, 1.7139999866485596, 0.24699999392032623, 0.0, 0.0, 0.0, 0.0, 0.0, 0.0, 0.017999999225139618, -0.07800000160932541, 0.0, 0.0, -0.15600000321865082, 0.0, -0.035999998450279236, -0.05999999865889549, -0.07091300189495087, 0.4792740046977997, -0.09238000214099884, 0.19102700054645538, -0.955473005771637, -0.17591500282287598, -0.14011800289154053, 0.27817100286483765, 0.39726099371910095, 0.08365099877119064, 0.33324098587036133, -0.8526780009269714, 0.2566800117492676, 0.30984601378440857]",9.4,234,0,390,0
"[-1.3130862712860107, -2.0263893604278564, 0.07071487605571747, 0.09848082810640335, 2.6614580154418945, 0.8358660936355591, -1.5224758386611938, 0.2160000056028366, 0.48197606205940247, 1.9389503002166748, -0.5905809998512268, -0.647339403629303, -1.6611465215682983, -1.3359425067901611, 1.4029784202575684, 1.0, 0.0]","[-0.8946440815925598, -2.026014804840088, 0.14453834295272827, -0.11295384913682938, 2.0612986087799072, 0.7219762802124023, -0.6694517731666565, 0.38874998688697815, 0.03833765164017677, 2.065870523452759, -0.18247464299201965, -0.050587549805641174, -1.4616295099258423, 0.05664269998669624, 1.726694941520691, 1.0, 55.099998474121094, 16.242000579833984, -3.5799999237060547, 1.996000051498413, 0.19499999284744263, 1.0379999876022339, -0.23999999463558197, 13.180000305175781, -2.7739999294281006, 44.189998626708984, 0.1509999930858612, 1.343999981880188, 0.19200000166893005, 0.029999999329447746, 0.0, 0.0, 0.0, 0.0, 0.0, 0.024000000208616257, 0.0, 0.0, 0.0, 0.0, 0.0, 0.0, 0.0, -0.23518699407577515, 0.4217739999294281, -0.10401999950408936, 0.33049699664115906, -0.9110680222511292, -0.19780999422073364, -0.1469549983739853, 0.5600709915161133, 0.015785999596118927, -0.040553998202085495, 0.5351729989051819, 0.03140300139784813, 0.8440669775009155, 0.012415999546647072]",11.366666666666667,203,0,47,0
"[-0.8314169645309448, -2.02638840675354, 0.15646487474441528, -0.08452103286981583, 2.060135841369629, 0.7741990089416504, -0.669430136680603, 0.2199999988079071, 0.03574032336473465, 2.0662708282470703, -0.18254226446151733, -0.05061977729201317, -1.4618829488754272, 0.056756392121315, 1.7257270812988281, 1.0, 0.0]","[0.14382289350032806, -2.0259974002838135, 0.02828645147383213, -0.030171049758791924, 0.9947896003723145, 1.1857799291610718, -0.883510947227478, 1.0, 0.03872155025601387, 2.0658183097839355, -0.18401025235652924, -0.044235751032829285, -1.4627461433410645, 0.05688700079917908, 1.7224023342132568, 1.0, 55.099998474121094, 11.833000183105469, 10.411999702453613, -2.624000072479248, -0.6949999928474426, 0.5870000123977661, -0.5009999871253967, 12.805000305175781, -3.8429999351501465, 44.111000061035156, 0.2199999988079071, 1.3350000381469727, 0.2150000035762787, -0.035999998450279236, 0.0, 1.746000051498413, -0.2879999876022339, 0.029999999329447746, 5.705999851226807, 2.3940000534057617, 0.024000000208616257, 0.0, 0.0, 0.0, 0.006000000052154064, 0.0, 0.0, -0.5185480117797852, 0.05355200171470642, 0.07029800117015839, 0.7282779812812805, -0.24507799744606018, -0.5606889724731445, -0.30850300192832947, 0.5590969920158386, 0.0155239999294281, -0.04259299859404564, 0.5326880216598511, 0.028599999845027924, 0.845770001411438, 0.009903999976813793]",0.8333333333333334,67,0,163,0
"[-0.8372448682785034, -2.02638840675354, 0.26123562455177307, -0.045098237693309784, 2.0158028602600098, 0.7737388610839844, -0.7600879073143005, 1.0, 0.038194961845874786, 2.0662708282470703, -0.18254226446151733, -0.05061977729201317, -1.4618829488754272, 0.056756392121315, 1.7241930961608887, 1.0, 0.0]","[-1.187926173210144, -2.0244617462158203, 0.09054805338382721, 0.03299795091152191, 2.4743053913116455, 0.8552244901657104, -1.199094295501709, 0.37308332324028015, 0.21849144995212555, 1.9394452571868896, -0.2955157458782196, -0.6562246680259705, -1.6543647050857544, -1.5529453754425049, 1.2436439990997314, 1.0, 55.099998474121094, 15.489999771118164, -2.312999963760376, 1.8320000171661377, 0.15700000524520874, 1.1390000581741333, -0.26100000739097595, 25.89900016784668, -3.7720000743865967, 30.6560001373291, 0.04899999871850014, 1.7079999446868896, 0.2840000092983246, -0.2759999930858612, 0.0, -0.035999998450279236, 0.2639999985694885, 0.4620000123977661, -0.22200000286102295, -0.5220000147819519, 0.7680000066757202, 0.0, -1.812000036239624, 0.0, 0.0, 0.6840000152587891, -0.8700000047683716, -0.11545299738645554, 0.46696901321411133, -0.09390100091695786, 0.21873599290847778, -0.9476169943809509, -0.157027006149292, -0.1718049943447113, 0.37693899869918823, 0.27666300535202026, 0.14706900715827942, 0.46552300453186035, -0.7738479971885681, 0.2702989876270294, 0.33374300599098206]",13.5,294,0,9,0
"[-1.0960280895233154, -2.024855375289917, 0.12962082028388977, 0.21797743439674377, 2.4430177211761475, 1.0401923656463623, -1.2195146083831787, 0.2199999988079071, -0.2658381164073944, 2.0612096786499023, -0.1348360776901245, -0.2867002487182617, -1.4611154794692993, -0.6316922307014465, 1.508823275566101, 1.0, 0.0]","[0.09459645301103592, -2.026014804840088, 0.16800861060619354, -0.019735950976610184, 1.002746820449829, 1.4579824209213257, -0.7398974895477295, 1.0, 0.03964640200138092, 2.0658531188964844, -0.1852143108844757, -0.04355520009994507, -1.4631999731063843, 0.05685209855437279, 1.7221579551696777, 1.0, 55.099998474121094, 15.130999565124512, 5.436999797821045, -6.38700008392334, -0.3440000116825104, 0.7269999980926514, -0.4480000138282776, 12.97599983215332, -3.7170000076293945, 44.78900146484375, 0.2029999941587448, 1.3890000581741333, 0.19599999487400055, -1.746000051498413, 0.0, 3.0959999561309814, 1.2120000123977661, 0.4020000100135803, 3.2939999103546143, 1.649999976158142, -0.006000000052154064, 0.0, -0.05400000140070915, -0.035999998450279236, -0.05400000140070915, 0.0, -0.024000000208616257, -0.47348400950431824, 0.10251200199127197, 0.07874500006437302, 0.7251369953155518, -0.3989259898662567, -0.44186198711395264, -0.34610700607299805, 0.558974027633667, 0.016019999980926514, -0.042817000299692154, 0.5324389934539795, 0.02740900032222271, 0.845969021320343, 0.009610000066459179]",7.333333333333333,34,0,311,0
"[-1.322290062904358, -2.0263893604278564, 0.06749321520328522, 0.07976672798395157, 2.6752638816833496, 0.855961263179779, -1.4802908897399902, 0.2160000056028366, 0.5204793214797974, 1.951220154762268, -0.6442707777023315, -0.6487199664115906, -1.6792476177215576, -1.3159998655319214, 1.4382599592208862, 0.4099999964237213, 0.0]","[-1.315712571144104, -2.02597975730896, 0.06735699623823166, 0.07953710108995438, 2.6764984130859375, 0.8554338812828064, -1.4852566719055176, 0.37308332324028015, 0.5173750519752502, 1.9457273483276367, -0.6055673360824585, -0.6380591988563538, -1.6850593090057373, -1.3082090616226196, 1.4413001537322998, 1.0, 55.099998474121094, 15.340999603271484, -3.3320000171661377, 3.880000114440918, 0.20800000429153442, 1.1460000276565552, -0.2460000067949295, 26.274999618530273, -5.689000129699707, 29.847999572753906, 0.27399998903274536, 1.6699999570846558, 0.2160000056028366, -0.07800000160932541, 0.0, -0.024000000208616257, -0.024000000208616257, 0.0, 0.041999999433755875, 0.1379999965429306, 0.07800000160932541, 0.024000000208616257, -0.017999999225139618, 0.0, -0.017999999225139618, 0.012000000104308128, 0.07800000160932541, -0.07430200278759003, 0.47878798842430115, -0.09239400178194046, 0.19125400483608246, -0.9544000029563904, -0.1816910058259964, -0.13974499702453613, 0.28547099232673645, 0.3977069854736328, 0.09052299708127975, 0.3474879860877991, -0.8403379917144775, 0.2701979875564575, 0.3163459897041321]",8.3,144,0,63,0
"[-1.3176881074905396, -2.0263893604278564, 0.06442665308713913, 0.06749358028173447, 2.6675922870635986, 0.8482919335365295, -1.4796773195266724, 0.2160000056028366, 0.4971625804901123, 1.951220154762268, -0.6442707777023315, -0.658076286315918, -1.6766396760940552, -1.3222895860671997, 1.4235352277755737, 0.24300000071525574, 0.0]","[-1.1663404703140259, -2.0247061252593994, 0.1187821552157402, 0.23896031081676483, 2.4278883934020996, 0.9765892624855042, -1.1965813636779785, 0.3738333284854889, 0.05369364842772484, 2.056988477706909, -0.25370553135871887, -0.176000714302063, -1.4945228099822998, 0.08295730501413345, 1.715561866760254, 1.0, 55.099998474121094, 17.98200035095215, -4.379000186920166, 0.7089999914169312, 0.24699999392032623, 1.2259999513626099, -0.21799999475479126, 14.907999992370605, -3.0759999752044678, 44.21099853515625, 0.11999999731779099, 1.5130000114440918, 0.2029999941587448, 0.2160000056028366, -0.017999999225139618, 0.07199999690055847, -0.36000001430511475, 0.029999999329447746, 0.23399999737739563, -1.0199999809265137, -0.41999998688697815, -0.18000000715255737, -1.3259999752044678, -0.041999999433755875, -0.7799999713897705, -1.2960000038146973, -0.4620000123977661, -0.11874199658632278, 0.4900740087032318, -0.043806999921798706, 0.26660698652267456, -0.937732994556427, -0.11800400167703629, -0.18881599605083466, 0.5784969925880432, 0.03425699844956398, 0.007716000080108643, 0.5928509831428528, -0.022058000788092613, 0.8049709796905518, -0.007833000272512436]",5.766666666666667,172,0,419,0
"[-1.1429680585861206, -2.024855375289917, 0.12716615200042725, 0.20862096548080444, 2.4358086585998535, 1.0003092288970947, -1.2274917364120483, 0.2199999988079071, -0.04371756315231323, 2.059983253479004, -0.3189138174057007, -0.23883992433547974, -1.5493202209472656, -0.08528826385736465, 1.6784814596176147, 1.0, 0.0]","[-0.8926897048950195, -2.026049852371216, 0.14415444433689117, -0.11267464607954025, 2.0612637996673584, 0.7219762802124023, -0.6686665415763855, 0.3766666650772095, 0.03830274939537048, 2.065870523452759, -0.18247464299201965, -0.05055265128612518, -1.461594581604004, 0.05666014924645424, 1.7269742488861084, 1.0, 55.099998474121094, 15.375, -4.380000114440918, 1.5880000591278076, 0.3619999885559082, 0.8759999871253967, -0.30000001192092896, 13.404000282287598, -3.0820000171661377, 44.04399871826172, 0.18199999630451202, 1.3530000448226929, 0.1940000057220459, 0.029999999329447746, 0.0, 0.0, 0.035999998450279236, 0.0, 0.0, 0.006000000052154064, 0.0, 0.0, 0.0, 0.0, 0.0, 0.0, -0.012000000104308128, -0.23600800335407257, 0.42140400409698486, -0.10392999649047852, 0.3308959901332855, -0.9108570218086243, -0.1983889937400818, -0.14658500254154205, 0.5600680112838745, 0.015766000375151634, -0.04056200012564659, 0.5351619720458984, 0.03155200183391571, 0.8440669775009155, 0.012480000033974648]",12.866666666666667,116,0,464,0
"[-1.3181483745574951, -2.0263893604278564, 0.06457990407943726, 0.06749358028173447, 2.6683592796325684, 0.8482919335365295, -1.4802908897399902, 0.2160000056028366, 0.49869662523269653, 1.951220154762268, -0.6442707777023315, -0.658076286315918, -1.6766396760940552, -1.3222895860671997, 1.4235352277755737, 0.24300000071525574, 0.0]","[-0.10382749885320663, -2.026014804840088, -0.1381167471408844, 0.09677769988775253, 1.0949351787567139, -0.08266065269708633, -1.0131120681762695, 1.0, 0.039698753505945206, 2.0658183097839355, -0.18401025235652924, -0.043049149215221405, -1.4631999731063843, 0.05666014924645424, 1.7222800254821777, 1.0, 55.099998474121094, 6.685999870300293, 1.7020000219345093, 10.685999870300293, -0.027000000700354576, 0.6869999766349792, -0.164000004529953, 12.836999893188477, -2.7960000038146973, 44.17300033569336, 0.11400000005960464, 1.3559999465942383, 0.210999995470047, -0.46799999475479126, 0.0, 1.8539999723434448, -0.035999998450279236, 1.4160000085830688, -0.012000000104308128, 1.2960000038146973, 0.0, 0.0, 0.0, 0.0, 0.0, 0.0, 0.0, -0.5724939703941345, 0.04376399889588356, -0.009727000258862972, 0.5499160289764404, 0.0030449999030679464, -0.8351449966430664, -0.010684999637305737, 0.5588979721069336, 0.01602100022137165, -0.04297700151801109, 0.5322030186653137, 0.02793099917471409, 0.8460959792137146, 0.009975000284612179]",11.1,392,0,42,0
"[-1.0783876180648804, -2.024855375289917, 0.13038793206214905, 0.21813084185123444, 2.4526824951171875, 1.0431077480316162, -1.2101571559906006, 0.2199999988079071, -0.3610980212688446, 2.0586025714874268, 0.02883845940232277, -0.29467687010765076, -1.446542501449585, -0.9782183766365051, 1.4542137384414673, 1.0, 0.0]","[-1.3188186883926392, -2.025944948196411, 0.06594355404376984, 0.0671824961900711, 2.6677212715148926, 0.8488377928733826, -1.4800218343734741, 0.37275001406669617, 0.5001868009567261, 1.950613260269165, -0.6434513330459595, -0.6581093072891235, -1.6756362915039062, -1.3211743831634521, 1.4231172800064087, 0.47858333587646484, 55.099998474121094, 18.98900032043457, -2.6670000553131104, -0.36399999260902405, 0.34200000762939453, 1.6169999837875366, -0.24699999392032623, 25.591999053955078, -9.897000312805176, 30.367000579833984, 1.3869999647140503, 1.3459999561309814, 0.10599999874830246, 0.0, 0.0, 0.0, 0.0, 0.0, -0.041999999433755875, 0.0, -0.07800000160932541, 0.0, 0.0, 0.0, 0.012000000104308128, 0.012000000104308128, -0.012000000104308128, -0.07188200205564499, 0.4776889979839325, -0.09474699944257736, 0.1891160011291504, -0.9542369842529297, -0.18225200474262238, -0.14300400018692017, 0.2839660048484802, 0.3924950063228607, 0.08575499802827835, 0.33949699997901917, -0.851311981678009, 0.25564199686050415, 0.3076600134372711]",9.133333333333333,33,0,407,0
"[0.004141693469136953, -2.0257747173309326, 0.29068851470947266, 0.06258554011583328, 1.0457137823104858, 1.5161861181259155, -0.7031774520874023, 1.0, 0.03834838792681694, 2.0662708282470703, -0.18714474141597748, -0.04540543630719185, -1.466484785079956, 0.056756392121315, 1.7211251258850098, 1.0, 0.0]","[-0.7201091051101685, -2.026049852371216, 0.7767344117164612, 0.10517115145921707, 1.5123217105865479, 0.9640426635742188, -0.7811143398284912, 1.0, 0.03338184952735901, 2.0658183097839355, -0.18399278819561005, -0.049732498824596405, -1.4624321460723877, 0.05685209855437279, 1.7217042446136475, 1.0, 55.099998474121094, 18.790000915527344, -3.2860000133514404, 0.04699999839067459, 0.2199999988079071, 1.0199999809265137, -0.2849999964237213, 12.79800033569336, -3.2780001163482666, 44.20100021362305, 0.19599999487400055, 1.2910000085830688, 0.22300000488758087, -0.75, 0.0, 0.05400000140070915, -0.5339999794960022, 0.0, -0.5400000214576721, 0.07199999690055847, -0.041999999433755875, 0.0, 0.0, -0.024000000208616257, 0.0, 0.0, 0.0, -0.2731170058250427, 0.40181300044059753, -0.06193799898028374, 0.3379819989204407, -0.8998280167579651, -0.19426700472831726, -0.1957949995994568, 0.5600330233573914, 0.012941000051796436, -0.040786001831293106, 0.5349730253219604, 0.030480999499559402, 0.8442710041999817, 0.008990000002086163]",8.566666666666666,224,0,315,0
"[-1.2948321104049683, -2.0263893604278564, 0.028531165793538094, 0.06151215359568596, 2.66713285446167, 0.8446100354194641, -1.4319713115692139, 0.2160000056028366, 0.4901070296764374, 1.9414035081863403, -0.6335334777832031, -0.8105542659759521, -1.6594595909118652, -1.3721436262130737, 1.5111247301101685, 0.23999999463558197, 0.0]","[-1.3137233257293701, -2.025944948196411, 0.068316750228405, 0.08173579722642899, 2.6764984130859375, 0.853898286819458, -1.4931790828704834, 0.37308332324028015, 0.5151414275169373, 1.9428654909133911, -0.6053754091262817, -0.6384431719779968, -1.684326410293579, -1.3097621202468872, 1.4374960660934448, 1.0, 55.099998474121094, 15.454000473022461, -2.049999952316284, 3.0480000972747803, 0.10100000351667404, 1.1069999933242798, -0.25, 25.63800048828125, -6.232999801635742, 31.065000534057617, 0.29899999499320984, 1.6269999742507935, 0.23499999940395355, -0.006000000052154064, 0.0, -0.024000000208616257, -0.07199999690055847, 0.0, 0.04800000041723251, 0.31200000643730164, 0.024000000208616257, 0.10199999809265137, -0.041999999433755875, 0.017999999225139618, 0.0, 0.09000000357627869, 0.08399999886751175, -0.07552400231361389, 0.47928598523139954, -0.09179499745368958, 0.19257000088691711, -0.9533069729804993, -0.18601299822330475, -0.13971200585365295, 0.2864440083503723, 0.3972029983997345, 0.09192000329494476, 0.34900999069213867, -0.840753972530365, 0.2684299945831299, 0.31506699323654175]",9.733333333333333,111,0,294,0
"[-0.8943100571632385, -2.02638840675354, 0.14419353008270264, -0.11198028922080994, 2.0616698265075684, 0.7225038409233093, -0.6703506708145142, 0.2199999988079071, 0.038348376750946045, 2.0662708282470703, -0.18254226446151733, -0.05061977729201317, -1.4618829488754272, 0.056756392121315, 1.7272610664367676, 1.0, 0.0]","[-0.9569405913352966, -2.0257530212402344, 0.12037009745836258, 0.13900670409202576, 2.320535898208618, 0.9596801996231079, -0.8752047419548035, 0.374833345413208, 0.035022150725126266, 2.065870523452759, -0.18919290602207184, -0.04006519913673401, -1.4683477878570557, 0.05655544996261597, 1.7213377952575684, 1.0, 55.099998474121094, 14.746000289916992, -3.507999897003174, 1.2120000123977661, 0.11699999868869781, 1.128999948501587, -0.16599999368190765, 13.836000442504883, -2.562999963760376, 44.8489990234375, 0.20900000631809235, 1.4279999732971191, 0.16099999845027924, -0.7440000176429749, 0.035999998450279236, 0.11999999731779099, 1.409999966621399, 1.3200000524520874, 1.3680000305175781, -0.8040000200271606, -0.07800000160932541, 0.0, 0.07199999690055847, 0.04800000041723251, 0.05400000140070915, 0.0, 0.035999998450279236, -0.20520099997520447, 0.44799500703811646, -0.06183899939060211, 0.29588600993156433, -0.9346429705619812, -0.10867899656295776, -0.16456300020217896, 0.5585119724273682, 0.013291999697685242, -0.0439159981906414, 0.5312299728393555, 0.025158999487757683, 0.8468350172042847, 0.005582999903708696]",14.6,118,0,364,0
"[-1.1701191663742065, -2.02270770072937, 0.11826816201210022, 0.24681666493415833, 2.4259886741638184, 0.9731572866439819, -1.1764106750488281, 0.2199999988079071, 0.05951779708266258, 2.0616698265075684, -0.2173643857240677, -0.16551567614078522, -1.479984164237976, 0.09802071005105972, 1.7195911407470703, 1.0, 0.0]","[-1.3226401805877686, -2.025944948196411, 0.06744424998760223, 0.0798337459564209, 2.6759226322174072, 0.8557130694389343, -1.4799518585205078, 0.37275001406669617, 0.5163280367851257, 1.9508750438690186, -0.6453009843826294, -0.6567307114601135, -1.6807316541671753, -1.3190804719924927, 1.4350531101226807, 0.9888333082199097, 55.099998474121094, 15.911999702453613, -1.1959999799728394, 3.3289999961853027, 0.04800000041723251, 1.1349999904632568, -0.2770000100135803, 25.639999389648438, -6.171000003814697, 30.399999618530273, 0.30000001192092896, 1.656999945640564, 0.21699999272823334, 0.0, 0.0, 0.0, 0.0, 0.0, 0.0, 0.0, -0.024000000208616257, 0.0, 0.006000000052154064, -0.017999999225139618, 0.017999999225139618, -0.041999999433755875, -0.029999999329447746, -0.07092099636793137, 0.4793489873409271, -0.09229499846696854, 0.19119100272655487, -0.9554389715194702, -0.17590799927711487, -0.1401360034942627, 0.2782970070838928, 0.39681699872016907, 0.08450700342655182, 0.33423200249671936, -0.852940022945404, 0.25485101342201233, 0.3095659911632538]",8.2,114,0,33,0
"[-0.722810685634613, -2.02638840675354, 0.775732696056366, 0.10338929295539856, 1.5109695196151733, 0.9622651934623718, -0.780489981174469, 1.0, 0.03328655660152435, 2.0662708282470703, -0.18407638370990753, -0.04985358566045761, -1.4618829488754272, 0.056756392121315, 1.7226591110229492, 1.0, 0.0]","[-1.184401273727417, -2.0245139598846436, 0.09115879982709885, 0.02966500073671341, 2.4686338901519775, 0.857632577419281, -1.1940686702728271, 0.37308332324028015, 0.21037720143795013, 1.9393755197525024, -0.2765650451183319, -0.6562421321868896, -1.6542600393295288, -1.5580233335494995, 1.25359046459198, 1.0, 55.099998474121094, 18.006000518798828, -4.098999977111816, 2.431999921798706, 0.25699999928474426, 1.3730000257492065, -0.24199999868869781, 24.854000091552734, -4.834000110626221, 30.857999801635742, 0.1889999955892563, 1.7430000305175781, 0.38199999928474426, -0.27000001072883606, 0.0, -0.04800000041723251, 0.20999999344348907, 0.5099999904632568, -0.18000000715255737, -0.44999998807907104, 0.7739999890327454, 0.0, -1.7640000581741333, 0.0, 0.0, 0.3779999911785126, -0.7860000133514404, -0.11621200293302536, 0.46588701009750366, -0.09451200067996979, 0.21756699681282043, -0.9474080204963684, -0.15784800052642822, -0.17368100583553314, 0.37996700406074524, 0.27230098843574524, 0.15022000670433044, 0.47091299295425415, -0.7666119933128357, 0.2766430079936981, 0.33765900135040283]",1.0666666666666667,195,0,347,0
"[-1.322290062904358, -2.0263893604278564, 0.06703298538923264, 0.07685184478759766, 2.672194242477417, 0.855961263179779, -1.4802908897399902, 0.2160000056028366, 0.5094334483146667, 1.9509133100509644, -0.6442707777023315, -0.658076286315918, -1.6766396760940552, -1.3222895860671997, 1.4264476299285889, 0.24300000071525574, 0.0]","[-1.3029565811157227, -2.026049852371216, 0.041147101670503616, 0.06419854611158371, 2.6645801067352295, 0.845784068107605, -1.4546494483947754, 0.32366666197776794, 0.49292758107185364, 1.9423245191574097, -0.6361398100852966, -0.7370007634162903, -1.675950288772583, -1.3692840337753296, 1.4633744955062866, 0.4283333420753479, 55.099998474121094, 13.732999801635742, -13.267000198364258, 5.5970001220703125, 2.322999954223633, 1.00600004196167, 0.4560000002384186, 24.9689998626709, -5.521999835968018, 40.78300094604492, 0.14100000262260437, 1.5089999437332153, 0.2939999997615814, 0.1080000028014183, 0.0, -0.3479999899864197, 0.0, 0.1379999965429306, -0.035999998450279236, 0.029999999329447746, 0.0, 0.0, 0.0, -0.47999998927116394, 0.0, -0.2879999876022339, 0.17399999499320984, -0.07725899666547775, 0.4774790108203888, -0.09414199739694595, 0.19379399716854095, -0.9515510201454163, -0.18595600128173828, -0.1497109979391098, 0.27320200204849243, 0.3917219936847687, 0.10407199710607529, 0.3381919860839844, -0.8563560247421265, 0.23262399435043335, 0.31331199407577515]",5.7,378,0,391,0
"[-1.2962125539779663, -2.0263893604278564, 0.030525557696819305, 0.06289288401603699, 2.669433116912842, 0.8424621820449829, -1.4385671615600586, 0.2160000056028366, 0.49194711446762085, 1.9420171976089478, -0.6339936852455139, -0.795367956161499, -1.668969988822937, -1.3742908239364624, 1.5019208192825317, 0.24300000071525574, 0.0]","[-1.3133916854858398, -2.025944948196411, 0.0705503523349762, 0.10127979516983032, 2.6607587337493896, 0.8339529633522034, -1.526072382926941, 0.37308332324028015, 0.47758904099464417, 1.9385030269622803, -0.5919039845466614, -0.6471332311630249, -1.660385012626648, -1.33551824092865, 1.3986698389053345, 1.0, 55.099998474121094, 17.518999099731445, -2.2200000286102295, 3.693000078201294, 0.1080000028014183, 1.281000018119812, -0.24799999594688416, 27.135000228881836, -6.238999843597412, 29.295000076293945, 0.30000001192092896, 1.6950000524520874, 0.21400000154972076, -0.017999999225139618, 0.0, -0.017999999225139618, -0.15000000596046448, 0.12600000202655792, 0.1379999965429306, 0.18000000715255737, 0.36000001430511475, 0.0, 0.0, 0.0, -0.029999999329447746, 0.024000000208616257, 0.30000001192092896, -0.07640200108289719, 0.48663800954818726, -0.08518099784851074, 0.20955899357795715, -0.9450240135192871, -0.2041579931974411, -0.1460539996623993, 0.2962689995765686, 0.38638201355934143, 0.09984499961137772, 0.3623110055923462, -0.8370389938354492, 0.25891199707984924, 0.3178980052471161]",6.9,235,0,67,0
"[-1.219820499420166, -2.0263893604278564, 0.09341846406459808, 0.06519339978694916, 2.5307610034942627, 0.8605638742446899, -1.234393835067749, 0.2199999988079071, 0.3324127495288849, 1.953982949256897, -0.48473721742630005, -0.6525547504425049, -1.6520969867706299, -1.4480770826339722, 1.1675125360488892, 1.0, 0.0]","[-1.3216804265975952, -2.025944948196411, 0.06589119881391525, 0.06992214918136597, 2.6677560806274414, 0.8540902733802795, -1.4799869060516357, 0.37275001406669617, 0.5043050050735474, 1.9508925676345825, -0.6407639980316162, -0.6580395102500916, -1.6763865947723389, -1.3221341371536255, 1.4233964681625366, 0.7020833492279053, 55.099998474121094, 15.236000061035156, -1.5420000553131104, 3.4130001068115234, 0.08299999684095383, 1.093999981880188, -0.28299999237060547, 25.684999465942383, -5.849999904632568, 30.643999099731445, 0.2879999876022339, 1.6770000457763672, 0.2199999988079071, 0.024000000208616257, 0.0, 0.0, -0.024000000208616257, 0.0, -0.012000000104308128, 0.006000000052154064, -0.024000000208616257, 0.0, 0.0, 0.0, 0.0, 0.0, 0.0, -0.070203997194767, 0.4777809977531433, -0.09429199993610382, 0.18777799606323242, -0.9547619819641113, -0.1801310032606125, -0.1439480036497116, 0.28247401118278503, 0.393561989068985, 0.08599700033664703, 0.3391459882259369, -0.8513879776000977, 0.25425198674201965, 0.30898600816726685]",7.266666666666667,364,0,229,0
"[-1.3026556968688965, -2.0263893604278564, 0.03988245502114296, 0.06442701071500778, 2.6686668395996094, 0.8427690863609314, -1.4551348686218262, 0.2160000056028366, 0.492406964302063, 1.9420171976089478, -0.6350674629211426, -0.7389174699783325, -1.6741852760314941, -1.3683079481124878, 1.4635711908340454, 0.24300000071525574, 0.0]","[-1.313618540763855, -2.02597975730896, 0.07039330154657364, 0.09944754838943481, 2.66166615486145, 0.8352617025375366, -1.524187684059143, 0.37308332324028015, 0.48247504234313965, 1.9385030269622803, -0.5919039845466614, -0.6471157670021057, -1.660646677017212, -1.3350472450256348, 1.4027009010314941, 1.0, 55.099998474121094, 14.916999816894531, -1.7690000534057617, 2.9820001125335693, 0.125, 1.0540000200271606, -0.27900001406669617, 24.618000030517578, -5.698999881744385, 30.566999435424805, 0.28299999237060547, 1.590000033378601, 0.20900000631809235, -0.006000000052154064, 0.0, 0.0, -0.18000000715255737, 0.0, 0.017999999225139618, 0.09600000083446503, 0.2939999997615814, 0.0, 0.0, 0.0, -0.024000000208616257, 0.05400000140070915, 0.2639999985694885, -0.07620800286531448, 0.4860599935054779, -0.08577500283718109, 0.20814800262451172, -0.9456130266189575, -0.20311099290847778, -0.1457200050354004, 0.2947399914264679, 0.3876279890537262, 0.09984199702739716, 0.361301988363266, -0.8371610045433044, 0.2585360109806061, 0.31902799010276794]",11.0,152,0,75,0
"[-0.9441640973091125, -2.02638840675354, 0.11980230361223221, 0.10814466327428818, 2.290231943130493, 0.9306652545928955, -0.8493654131889343, 0.2199999988079071, 0.036200568079948425, 2.0662708282470703, -0.18959932029247284, -0.041876889765262604, -1.469553828239441, 0.056756392121315, 1.7211251258850098, 1.0, 0.0]","[-1.3136882781982422, -2.025944948196411, 0.0712832510471344, 0.09508504718542099, 2.661858081817627, 0.8352791666984558, -1.5223031044006348, 0.37308332324028015, 0.4888792037963867, 1.9385379552841187, -0.5919214487075806, -0.6472553610801697, -1.661815881729126, -1.3331974744796753, 1.4084069728851318, 1.0, 55.099998474121094, 16.915000915527344, -0.7360000014305115, 3.2239999771118164, 0.0, 1.2130000591278076, -0.3310000002384186, 27.70199966430664, -6.574999809265137, 29.753999710083008, 0.3400000035762787, 1.7970000505447388, 0.25699999928474426, 0.0, 0.0, 0.1080000028014183, -0.12600000202655792, 0.006000000052154064, 0.0, 0.09600000083446503, 0.28200000524520874, 0.0, 0.0, 0.0, -0.07199999690055847, 0.07199999690055847, 0.14399999380111694, -0.07611999660730362, 0.4851109981536865, -0.086947001516819, 0.20614099502563477, -0.9462940096855164, -0.20242199301719666, -0.14511099457740784, 0.2925589978694916, 0.38962799310684204, 0.09980600327253342, 0.35992899537086487, -0.8372349739074707, 0.25859200954437256, 0.32033899426460266]",0.4666666666666667,443,0,404,0
"[-0.8384723663330078, -2.02638840675354, 0.3150783181190491, -0.03865519538521767, 1.9602726697921753, 0.7761932015419006, -0.7735864520072937, 1.0, 0.038348376750946045, 2.0662708282470703, -0.18315590918064117, -0.05061977729201317, -1.4618829488754272, 0.056756392121315, 1.7241930961608887, 1.0, 0.0]","[-1.3219945430755615, -2.02597975730896, 0.06653685122728348, 0.07103895395994186, 2.671123743057251, 0.8539506793022156, -1.4799518585205078, 0.37275001406669617, 0.5065211653709412, 1.9512590169906616, -0.6440969109535217, -0.6580395102500916, -1.6771544218063354, -1.3221515417099, 1.4247575998306274, 0.8633333444595337, 55.099998474121094, 15.50100040435791, -2.1489999294281006, 3.437999963760376, 0.1080000028014183, 1.1130000352859497, -0.26499998569488525, 25.724000930786133, -5.965000152587891, 30.062000274658203, 0.3009999990463257, 1.6519999504089355, 0.22499999403953552, 0.0, 0.0, 0.0, -0.041999999433755875, -0.024000000208616257, -0.029999999329447746, 0.017999999225139618, -0.024000000208616257, 0.0, 0.0, 0.0, 0.006000000052154064, 0.0, -0.006000000052154064, -0.07050500065088272, 0.4778810143470764, -0.09419400244951248, 0.1881359964609146, -0.9551839828491211, -0.1788329929113388, -0.14228899776935577, 0.2813679873943329, 0.39404600858688354, 0.08510500192642212, 0.33720698952674866, -0.8524810075759888, 0.2536349892616272, 0.3086009919643402]",1.2,141,0,54,0
"[-1.1727272272109985, -2.024855375289917, 0.09280483424663544, 0.027764469385147095, 2.4545228481292725, 0.8630183339118958, -1.1834659576416016, 0.2199999988079071, 0.1750263273715973, 1.9414056539535522, -0.20355840027332306, -0.648106038570404, -1.6520969867706299, -1.55821692943573, 1.2762717008590698, 1.0, 0.0]","[-1.3166723251342773, -2.0259275436401367, 0.06723485141992569, 0.0794498473405838, 2.6764984130859375, 0.8556258678436279, -1.4839305877685547, 0.37308332324028015, 0.5183348059654236, 1.9461984634399414, -0.6061083078384399, -0.6381115913391113, -1.685163974761963, -1.3078949451446533, 1.4430451393127441, 1.0, 55.099998474121094, 16.118000030517578, -2.058000087738037, 3.5250000953674316, 0.09799999743700027, 1.1740000247955322, -0.24400000274181366, 24.628999710083008, -7.373000144958496, 29.832000732421875, 0.3930000066757202, 1.5379999876022339, 0.24300000071525574, -0.09600000083446503, 0.0, 0.0, 0.0, 0.0, 0.012000000104308128, 0.10199999809265137, 0.041999999433755875, 0.024000000208616257, -0.09600000083446503, 0.0, 0.0, 0.0, 0.1379999965429306, -0.07382100075483322, 0.4788390100002289, -0.09239199757575989, 0.19118599593639374, -0.9546110033988953, -0.1806270033121109, -0.13978199660778046, 0.28502601385116577, 0.3979640007019043, 0.09021999686956406, 0.3468419909477234, -0.8403270244598389, 0.27062100172042847, 0.3167229890823364]",11.566666666666666,354,0,445,0
"[-1.3173813819885254, -2.0263893604278564, 0.06442665308713913, 0.06718675047159195, 2.6665196418762207, 0.8484452962875366, -1.4744619131088257, 0.2160000056028366, 0.495321661233902, 1.951220154762268, -0.6438106298446655, -0.658076286315918, -1.6766396760940552, -1.3222895860671997, 1.4235352277755737, 0.24300000071525574, 0.0]","[-0.1210506483912468, -2.026014804840088, 0.02202189899981022, 0.08154384791851044, 1.1729540824890137, -0.075017549097538, -0.9534505605697632, 1.0, 0.03950680047273636, 2.0658531188964844, -0.18406260013580322, -0.04292700067162514, -1.462885856628418, 0.056747402995824814, 1.7223323583602905, 1.0, 55.099998474121094, 6.133999824523926, -3.384999990463257, 10.819999694824219, 0.28200000524520874, 0.6359999775886536, -0.19499999284744263, 13.222000122070312, -3.3959999084472656, 44.07899856567383, 0.1899999976158142, 1.3279999494552612, 0.2070000022649765, -0.017999999225139618, 0.0, 0.19200000166893005, -0.12600000202655792, 0.0, 0.0, 0.04800000041723251, -0.024000000208616257, 0.0, 0.0, 0.0, 0.0, 0.0, 0.0, -0.5704699754714966, 0.058761000633239746, -0.011752000078558922, 0.5488489866256714, -0.13144700229167938, -0.8232470154762268, 0.06123499944806099, 0.5588740110397339, 0.015893999487161636, -0.043032001703977585, 0.5321400165557861, 0.02816700004041195, 0.846127986907959, 0.009963000193238258]",16.333333333333332,484,0,439,0
"[-0.831263542175293, -2.02638840675354, 0.162600576877594, -0.07823244482278824, 2.060135841369629, 0.7734320759773254, -0.6815478801727295, 0.2460000067949295, 0.03420617803931236, 2.0662708282470703, -0.18254226446151733, -0.05061977729201317, -1.4618829488754272, 0.056756392121315, 1.7257270812988281, 1.0, 0.0]","[-1.317823886871338, -2.0259101390838623, 0.0653676986694336, 0.06714759767055511, 2.667773485183716, 0.8481048941612244, -1.4801089763641357, 0.37275001406669617, 0.49807533621788025, 1.950508713722229, -0.6426835060119629, -0.6579871773719788, -1.675025463104248, -1.3207206726074219, 1.4227333068847656, 0.4501666724681854, 55.099998474121094, 20.87700080871582, -1.8329999446868896, -1.9179999828338623, 0.5680000185966492, 2.183000087738037, -0.27000001072883606, 24.649999618530273, -11.708000183105469, 29.506000518798828, 1.6519999504089355, 1.090000033378601, -0.20499999821186066, 0.017999999225139618, 0.006000000052154064, -0.024000000208616257, 0.0, 0.0, 0.0, 0.0, -0.012000000104308128, 0.0, -0.006000000052154064, 0.0, 0.0, 0.0, 0.0, -0.07238099724054337, 0.477742999792099, -0.09467999637126923, 0.18956199288368225, -0.9540079832077026, -0.18297399580478668, -0.14302200078964233, 0.28486600518226624, 0.39198601245880127, 0.08599600195884705, 0.34040001034736633, -0.850721001625061, 0.2565310001373291, 0.3075590133666992]",13.233333333333333,131,0,43,0
"[-1.2340861558914185, -2.0263893604278564, 0.08896943926811218, 0.08145375549793243, 2.540271759033203, 0.8605638742446899, -1.2319393157958984, 0.2199999988079071, 0.40757784247398376, 1.9572043418884277, -0.5108141303062439, -0.6410496234893799, -1.645807147026062, -1.3716846704483032, 1.2015665769577026, 1.0, 0.0]","[-1.1590813398361206, -2.0249853134155273, 0.12417419999837875, 0.22058545053005219, 2.4334373474121094, 0.9902700781822205, -1.2347620725631714, 0.3738333284854889, 0.016577498987317085, 2.0545105934143066, -0.3088824450969696, -0.2005179524421692, -1.5365597009658813, 0.0013611000031232834, 1.6954420804977417, 1.0, 55.099998474121094, 16.18600082397461, -3.868000030517578, 0.09200000017881393, 0.32899999618530273, 1.1419999599456787, -0.27000001072883606, 17.5, 1.8300000429153442, 44.45100021362305, -0.11999999731779099, 1.8209999799728394, 0.054999999701976776, 0.2280000001192093, 0.0, 0.09600000083446503, -0.4860000014305115, 0.1080000028014183, 0.1979999989271164, -0.10199999809265137, -1.253999948501587, 0.09000000357627869, -0.7979999780654907, -1.1100000143051147, -0.7139999866485596, -1.7999999523162842, -0.3059999942779541, -0.12096299976110458, 0.48386698961257935, -0.050241000950336456, 0.24796900153160095, -0.9391499757766724, -0.13838699460029602, -0.1932770013809204, 0.5809100270271301, 0.03191399946808815, 0.01445700041949749, 0.5965759754180908, -0.08205299824476242, 0.7982230186462402, -0.014276999980211258]",5.566666666666666,30,0,454,0
"[-1.322290062904358, -2.0263893604278564, 0.06595910340547562, 0.07086866348981857, 2.6715807914733887, 0.8538135290145874, -1.4802908897399902, 0.2160000056028366, 0.5071330666542053, 1.951220154762268, -0.6442707777023315, -0.658076286315918, -1.6766396760940552, -1.3222895860671997, 1.4250670671463013, 0.24300000071525574, 0.0]","[0.14003624022006989, -2.02597975730896, -0.008602850139141083, -0.020067499950528145, 0.9930620789527893, 1.0390602350234985, -0.9379374980926514, 1.0, 0.03821549937129021, 2.0658183097839355, -0.18402768671512604, -0.04432300105690956, -1.4628161191940308, 0.056747402995824814, 1.72245454788208, 1.0, 55.099998474121094, 11.354000091552734, 5.107999801635742, -0.4410000145435333, -0.20000000298023224, 0.527999997138977, -0.3400000035762787, 12.970000267028809, -3.4260001182556152, 44.12799835205078, 0.17399999499320984, 1.312999963760376, 0.22200000286102295, 0.31200000643730164, 0.0, 0.9120000004768372, -0.49799999594688416, 0.2160000056028366, 5.585999965667725, 1.746000051498413, 0.0, 0.0, 0.0, 0.0, 0.0, 0.0, 0.0, -0.5354269742965698, 0.041467998176813126, 0.0626320019364357, 0.7163180112838745, -0.18718600273132324, -0.607475996017456, -0.2877880036830902, 0.5591199994087219, 0.01527199987322092, -0.042562998831272125, 0.5327249765396118, 0.02875100076198578, 0.8457419872283936, 0.009828000329434872]",6.166666666666667,319,0,131,0
"[-0.5910419225692749, -2.02638840675354, 0.7752729654312134, 0.21046140789985657, 1.5094355344772339, 1.0926538705825806, -0.7870856523513794, 1.0, 0.04095640406012535, 2.0662708282470703, -0.18407638370990753, -0.04387128725647926, -1.4646440744400024, 0.056756392121315, 1.7211251258850098, 1.0, 0.0]","[-0.25305989384651184, -2.013171434402466, 0.5811896920204163, 0.26934075355529785, 1.2945630550384521, 1.3896831274032593, -0.7409095168113708, 1.0, 0.03226504847407341, 2.0658183097839355, -0.18421965837478638, -0.044305551797151566, -1.4648751020431519, 0.05690445005893707, 1.7208142280578613, 1.0, 55.099998474121094, 18.937000274658203, 0.0989999994635582, -5.639999866485596, 0.12399999797344208, 0.9649999737739563, -0.453000009059906, 12.649999618530273, -2.821000099182129, 44.88800048828125, 0.10700000077486038, 1.3519999980926514, 0.2070000022649765, -2.5980000495910645, 0.20399999618530273, 2.447999954223633, 1.0080000162124634, 2.753999948501587, -2.5139999389648438, -1.2480000257492065, -0.024000000208616257, 0.0, 0.024000000208616257, 0.012000000104308128, 0.07199999690055847, 0.0, 0.0, -0.37074199318885803, 0.28730300068855286, 0.04083099961280823, 0.49658098816871643, -0.7602540254592896, -0.2510809898376465, -0.33522701263427734, 0.5592060089111328, 0.011926000006496906, -0.04255000129342079, 0.5328180193901062, 0.029662000015378, 0.845678985118866, 0.007147999946027994]",6.666666666666667,70,0,453,0
"[-1.0728651285171509, -2.024855375289917, 0.13038793206214905, 0.2152164876461029, 2.4539096355438232, 1.0431077480316162, -1.1998800039291382, 0.2199999988079071, -0.38824954628944397, 2.0575287342071533, 0.08774280548095703, -0.31277787685394287, -1.446542501449585, -1.119498372077942, 1.4506855010986328, 1.0, 0.0]","[-1.3220818042755127, -2.0259275436401367, 0.06744424998760223, 0.07768740504980087, 2.671804428100586, 0.8557130694389343, -1.4799518585205078, 0.37275001406669617, 0.5085802674293518, 1.9511018991470337, -0.6441667675971985, -0.6580395102500916, -1.677555799484253, -1.322099208831787, 1.4258220195770264, 0.9322500228881836, 55.099998474121094, 15.501999855041504, -1.7879999876022339, 3.507999897003174, 0.09200000017881393, 1.11899995803833, -0.27399998903274536, 25.683000564575195, -5.940000057220459, 30.283000946044922, 0.2919999957084656, 1.6510000228881836, 0.2160000056028366, 0.0, 0.0, -0.006000000052154064, -0.017999999225139618, 0.0, 0.0, 0.0, -0.041999999433755875, 0.024000000208616257, 0.0, 0.0, 0.0, 0.0, -0.06599999964237213, -0.07068700343370438, 0.4790329933166504, -0.0926470011472702, 0.19042399525642395, -0.9550600051879883, -0.17743900418281555, -0.1418209969997406, 0.2806119918823242, 0.3946189880371094, 0.08511000126600266, 0.3367080092430115, -0.8527100086212158, 0.25318899750709534, 0.3088800013065338]",7.1,73,0,400,0
"[-0.8542727828025818, -2.02638840675354, 0.15646487474441528, -0.08774257451295853, 2.060135841369629, 0.760547399520874, -0.675258219242096, 0.2199999988079071, 0.038348376750946045, 2.0662708282470703, -0.18254226446151733, -0.05061977729201317, -1.4618829488754272, 0.056756392121315, 1.7257270812988281, 1.0, 0.0]","[-1.3226401805877686, -2.025944948196411, 0.06723485141992569, 0.07957199960947037, 2.6762890815734863, 0.8556956052780151, -1.4799344539642334, 0.37308332324028015, 0.5222436189651489, 1.950927495956421, -0.6454929709434509, -0.6479010581970215, -1.6834713220596313, -1.3143863677978516, 1.4397995471954346, 0.9955000281333923, 55.099998474121094, 16.31100082397461, -0.8149999976158142, 2.9570000171661377, 0.004999999888241291, 1.184000015258789, -0.296999990940094, 26.018999099731445, -5.559999942779541, 30.533000946044922, 0.24699999392032623, 1.684000015258789, 0.2540000081062317, 0.0, 0.0, 0.0, 0.012000000104308128, 0.0, 0.0, 0.0, -0.11400000005960464, 0.0, 0.0, -0.12600000202655792, 0.1080000028014183, -0.07800000160932541, -0.12600000202655792, -0.07093500345945358, 0.4792880117893219, -0.09236700087785721, 0.19107100367546082, -0.9554740190505981, -0.17590099573135376, -0.14006899297237396, 0.2777850031852722, 0.3981049954891205, 0.08253999799489975, 0.33190399408340454, -0.8524540066719055, 0.25901898741722107, 0.3099519908428192]",12.6,45,0,132,0
"[-1.3199890851974487, -2.0263893604278564, 0.06595910340547562, 0.06749358028173447, 2.669126272201538, 0.8505921363830566, -1.4802908897399902, 0.2160000056028366, 0.5025320649147034, 1.951220154762268, -0.6441174149513245, -0.658076286315918, -1.6766396760940552, -1.3222895860671997, 1.4235352277755737, 0.24300000071525574, 0.0]","[0.016734549775719643, -2.0258753299713135, 0.2785019874572754, 0.05004660040140152, 1.037227988243103, 1.5214130878448486, -0.7018913626670837, 1.0, 0.038843702524900436, 2.0658531188964844, -0.18716870248317719, -0.04514314979314804, -1.4647356271743774, 0.056817200034856796, 1.7215123176574707, 1.0, 55.099998474121094, 15.482999801635742, 5.447999954223633, -4.0320000648498535, -0.35899999737739563, 0.8619999885559082, -0.5210000276565552, 11.770999908447266, -3.0490000247955322, 42.79899978637695, 0.1589999943971634, 1.1260000467300415, 0.1809999942779541, -2.3940000534057617, 0.006000000052154064, 3.2339999675750732, 2.549999952316284, 1.6080000400543213, 0.47999998927116394, 0.30000001192092896, 0.0, 0.0, -0.024000000208616257, -0.012000000104308128, -0.024000000208616257, 0.0, -0.017999999225139618, -0.44668999314308167, 0.15131500363349915, 0.07972899824380875, 0.6884809732437134, -0.5007370114326477, -0.3749920129776001, -0.36692801117897034, 0.5592460036277771, 0.015724999830126762, -0.04227599874138832, 0.5331860184669495, 0.025899000465869904, 0.8455579876899719, 0.008531000465154648]",0.5333333333333333,367,0,369,0
"[-1.3167678117752075, -2.0263893604278564, 0.06105153635144234, 0.06626661866903305, 2.666980266571045, 0.8489055037498474, -1.4698599576950073, 0.2160000056028366, 0.49440115690231323, 1.9507598876953125, -0.6431970000267029, -0.658076286315918, -1.6766396760940552, -1.3222895860671997, 1.4235352277755737, 0.24300000071525574, 0.0]","[-0.048057299107313156, -2.026014804840088, -0.01837484911084175, 0.07486049830913544, 1.0957902669906616, 0.0909319519996643, -0.9930271506309509, 1.0, 0.03737789765000343, 2.0658183097839355, -0.18406260013580322, -0.042089398950338364, -1.4629381895065308, 0.0560668520629406, 1.7223323583602905, 1.0, 55.099998474121094, 8.034000396728516, -1.531000018119812, 10.175999641418457, 0.2409999966621399, 0.7110000252723694, -0.18299999833106995, 13.36299991607666, -2.884999990463257, 44.50400161743164, 0.21400000154972076, 1.3569999933242798, 0.20100000500679016, 1.49399995803833, 0.0, -0.593999981880188, -0.16200000047683716, -2.058000087738037, 4.427999973297119, -0.23399999737739563, -0.024000000208616257, 0.0, 0.0, 0.0, 0.0, 0.0, 0.0, -0.5752130150794983, 0.0400799997150898, -0.003410999896004796, 0.5782830119132996, -0.07600700110197067, -0.8119869828224182, -0.02207699976861477, 0.5587790012359619, 0.014747999608516693, -0.04330199956893921, 0.5317829847335815, 0.028905000537633896, 0.8463320136070251, 0.009573999792337418]",4.633333333333334,475,0,487,0
"[-1.2057081460952759, -2.025775909423828, 0.0903501808643341, 0.058904096484184265, 2.5171093940734863, 0.859336256980896, -1.2325530052185059, 0.2199999988079071, 0.2894611656665802, 1.9513752460479736, -0.4293607473373413, -0.6550082564353943, -1.6520969867706299, -1.4792170524597168, 1.1906752586364746, 1.0, 0.0]","[-1.3113501071929932, -2.025944948196411, 0.07456384599208832, 0.10890544950962067, 2.6433956623077393, 0.8257165551185608, -1.53244149684906, 0.37308332324028015, 0.4591444134712219, 1.9387646913528442, -0.590298593044281, -0.6465923190116882, -1.659442663192749, -1.3367048501968384, 1.3806440830230713, 1.0, 55.099998474121094, 16.364999771118164, -0.9860000014305115, 3.617000102996826, -0.01899999938905239, 1.184000015258789, -0.25600001215934753, 24.988000869750977, -6.228000164031982, 30.64900016784668, 0.30799999833106995, 1.6440000534057617, 0.26899999380111694, -0.035999998450279236, 0.0, -0.017999999225139618, -0.18000000715255737, 0.33000001311302185, 0.024000000208616257, 0.006000000052154064, 0.2460000067949295, -0.006000000052154064, -0.13199999928474426, -0.006000000052154064, 0.0, 0.024000000208616257, 0.335999995470047, -0.07679100334644318, 0.4897159934043884, -0.08214099705219269, 0.21722300350666046, -0.9410049915313721, -0.21086199581623077, -0.15119199454784393, 0.3035520017147064, 0.380513995885849, 0.09998899698257446, 0.36837199330329895, -0.83651202917099, 0.2591480016708374, 0.3120740056037903]",2.433333333333333,62,0,134,0
"[-1.322290062904358, -2.0263893604278564, 0.06749321520328522, 0.07976672798395157, 2.6752638816833496, 0.855961263179779, -1.4802908897399902, 0.2160000056028366, 0.5157233476638794, 1.951220154762268, -0.6442707777023315, -0.657769501209259, -1.6781736612319946, -1.3209089040756226, 1.4342710971832275, 0.27000001072883606, 0.0]","[-0.4518502950668335, -2.024130344390869, 0.7214528322219849, 0.2966150939464569, 1.4753451347351074, 1.1879960298538208, -0.7804687023162842, 1.0, 0.036400698125362396, 2.0658183097839355, -0.18399278819561005, -0.04259544983506203, -1.4629207849502563, 0.056590352207422256, 1.7207270860671997, 1.0, 55.099998474121094, 12.876999855041504, -2.3320000171661377, -0.8199999928474426, 0.0560000017285347, 0.7350000143051147, -0.23899999260902405, 13.972999572753906, -2.9130001068115234, 43.7130012512207, 0.16899999976158142, 1.3669999837875366, 0.18000000715255737, -2.190000057220459, -0.09000000357627869, 1.0019999742507935, -0.6240000128746033, 1.194000005722046, -1.6019999980926514, -0.16200000047683716, 0.11999999731779099, 0.0, 0.0, 0.0, 0.0, 0.0, 0.0, -0.3256610035896301, 0.3503130078315735, -0.009058999828994274, 0.3943049907684326, -0.8609510064125061, -0.20063899457454681, -0.2510550022125244, 0.5588750243186951, 0.014150000177323818, -0.043129999190568924, 0.5320259928703308, 0.028801999986171722, 0.8461920022964478, 0.008741999976336956]",10.0,481,0,176,0
"[-1.3219833374023438, -2.0263893604278564, 0.06595910340547562, 0.07010160386562347, 2.6692798137664795, 0.8556543588638306, -1.4802908897399902, 0.2160000056028366, 0.5051398873329163, 1.951220154762268, -0.6412023305892944, -0.658076286315918, -1.6766396760940552, -1.3222895860671997, 1.4235352277755737, 0.24300000071525574, 0.0]","[-1.3135836124420166, -2.026171922683716, 0.05093654990196228, 0.06435559689998627, 2.670320987701416, 0.8489948511123657, -1.4660617113113403, 0.37275001406669617, 0.4936954081058502, 1.947611927986145, -0.640676736831665, -0.657777726650238, -1.6734899282455444, -1.325414776802063, 1.4229427576065063, 0.44308334589004517, 55.099998474121094, 21.726999282836914, -5.861999988555908, 3.555000066757202, 1.1779999732971191, 2.437000036239624, -0.0820000022649765, 21.468000411987305, -8.456999778747559, 33.933998107910156, 0.8510000109672546, 0.5429999828338623, 0.02500000037252903, 0.017999999225139618, 0.0, 0.0, 0.0, 0.0, -0.006000000052154064, 0.0, 0.0, -0.08399999886751175, 0.035999998450279236, 0.0, 0.0, -0.1080000028014183, 0.0, -0.07329700142145157, 0.4771440029144287, -0.09501300007104874, 0.18973900377750397, -0.9537090063095093, -0.18192200362682343, -0.14608700573444366, 0.2864669859409332, 0.3905920088291168, 0.08757299929857254, 0.3409639894962311, -0.8501129746437073, 0.2572749853134155, 0.30799299478530884]",1.2333333333333334,49,0,205,0
"[-1.3176881074905396, -2.0263893604278564, 0.06442665308713913, 0.06749358028173447, 2.6678991317749023, 0.8482919335365295, -1.4802908897399902, 0.2160000056028366, 0.49823635816574097, 1.951220154762268, -0.6442707777023315, -0.658076286315918, -1.6766396760940552, -1.3222895860671997, 1.4235352277755737, 0.24300000071525574, 0.0]","[0.13057833909988403, -2.025822877883911, -0.024150798097252846, -0.008812249638140202, 0.9867625832557678, 0.9090228080749512, -0.9657877087593079, 1.0, 0.03826785087585449, 2.0658183097839355, -0.18402768671512604, -0.04362500086426735, -1.4629381895065308, 0.056380949914455414, 1.7223674058914185, 1.0, 55.099998474121094, 9.654000282287598, 5.0329999923706055, 1.6979999542236328, -0.11699999868869781, 0.3959999978542328, -0.4880000054836273, 13.456999778747559, -2.180999994277954, 44.28099822998047, 0.028999999165534973, 1.3769999742507935, 0.20100000500679016, 0.5339999794960022, 0.0, 0.43799999356269836, -0.5339999794960022, 0.31200000643730164, 6.3420000076293945, 1.0800000429153442, 0.0, 0.0, 0.0, -0.035999998450279236, 0.041999999433755875, 0.0, 0.0, -0.5477629899978638, 0.03340800106525421, 0.05450399965047836, 0.7036330103874207, -0.14670699834823608, -0.6438050270080566, -0.262470006942749, 0.559008002281189, 0.015305999666452408, -0.04279499873518944, 0.5324239730834961, 0.028581999242305756, 0.8459370136260986, 0.009864999912679195]",12.4,374,0,77,0
"[-1.0664218664169312, -2.024855375289917, 0.13038793206214905, 0.2073935866355896, 2.4543697834014893, 1.0431077480316162, -1.1897560358047485, 0.2199999988079071, -0.3920845091342926, 2.0567617416381836, 0.18591737747192383, -0.3775116503238678, -1.446542501449585, -1.3727585077285767, 1.4313570261001587, 1.0, 0.0]","[-1.2351807355880737, -2.026171922683716, 0.08892520517110825, 0.08213714510202408, 2.542656898498535, 0.8602675199508667, -1.233017086982727, 0.37308332324028015, 0.41185489296913147, 1.9570001363754272, -0.5126984715461731, -0.6402754187583923, -1.6464074850082397, -1.368934988975525, 1.2051143646240234, 1.0, 55.099998474121094, 17.114999771118164, -5.408999919891357, 2.9639999866485596, 0.38100001215934753, 1.215000033378601, -0.1850000023841858, 26.6299991607666, -3.9630000591278076, 29.176000595092773, 0.22300000488758087, 1.7450000047683716, 0.1899999976158142, -0.15000000596046448, 0.0, 0.0, 0.1979999989271164, -0.09000000357627869, 0.0, -0.1860000044107437, 0.6000000238418579, 0.0, 0.0, 0.13199999928474426, 0.0, 0.31200000643730164, 1.0140000581741333, -0.10075400024652481, 0.47726601362228394, -0.08641800284385681, 0.2239830046892166, -0.9543150067329407, -0.12603700160980225, -0.15240900218486786, 0.32072898745536804, 0.36226001381874084, 0.10555700212717056, 0.4147459864616394, -0.8311780095100403, 0.21333999931812286, 0.3026759922504425]",5.2,423,0,87,0
"[-0.8303430080413818, -2.02638840675354, 0.1573851853609085, -0.08206711709499359, 2.060135841369629, 0.7741990089416504, -0.6731113791465759, 0.2199999988079071, 0.0348198376595974, 2.0662708282470703, -0.18254226446151733, -0.05061977729201317, -1.4618829488754272, 0.056756392121315, 1.7257270812988281, 1.0, 0.0]","[-0.8890600800514221, -2.026014804840088, 0.15603791177272797, -0.1039671003818512, 2.060688018798828, 0.724489152431488, -0.6767633557319641, 0.7795833349227905, 0.039890699088573456, 2.065870523452759, -0.18250954151153564, -0.05055265128612518, -1.461594581604004, 0.05664269998669624, 1.7254384756088257, 1.0, 55.099998474121094, 15.635000228881836, -3.872999906539917, 2.503999948501587, 0.2750000059604645, 0.9549999833106995, -0.2240000069141388, 13.593999862670898, -2.8910000324249268, 44.479000091552734, 0.1289999932050705, 1.371999979019165, 0.20100000500679016, -0.2460000067949295, 0.0, 0.012000000104308128, -0.18000000715255737, 0.0, -0.16200000047683716, 0.006000000052154064, 0.0, 0.0, 0.0, 0.0, 0.0, 0.0, -0.017999999225139618, -0.2386550009250641, 0.4211690127849579, -0.10257600247859955, 0.3311980068683624, -0.9112380146980286, -0.19833999872207642, -0.14357000589370728, 0.5600519776344299, 0.016672000288963318, -0.04054100066423416, 0.5351799726486206, 0.030209999531507492, 0.844103991985321, 0.012507000006735325]",2.6333333333333333,303,0,140,0
"[-1.2751970291137695, -2.0263893604278564, 0.07608438283205032, 0.11090582609176636, 2.5612878799438477, 0.8393941521644592, -1.4516056776046753, 0.2160000056028366, 0.4371839165687561, 1.9426318407058716, -0.5488578081130981, -0.6384423971176147, -1.6580785512924194, -1.3483678102493286, 1.3178420066833496, 1.0, 0.0]","[-1.3206509351730347, -2.02597975730896, 0.06589119881391525, 0.06782814860343933, 2.6676862239837646, 0.8519089818000793, -1.4799869060516357, 0.37275001406669617, 0.5028042793273926, 1.9507529735565186, -0.641810953617096, -0.6580220460891724, -1.6761771440505981, -1.3220818042755127, 1.4232568740844727, 0.597000002861023, 55.099998474121094, 15.954999923706055, -1.8029999732971191, 3.4260001182556152, 0.11400000005960464, 1.1369999647140503, -0.2800000011920929, 25.635000228881836, -6.000999927520752, 29.93899917602539, 0.29499998688697815, 1.6729999780654907, 0.21799999475479126, 0.0, 0.0, 0.0, -0.029999999329447746, 0.0, -0.035999998450279236, -0.006000000052154064, -0.024000000208616257, 0.0, -0.041999999433755875, 0.0, 0.0, 0.0, -0.012000000104308128, -0.07078500092029572, 0.47754400968551636, -0.0947280004620552, 0.18786099553108215, -0.9546189904212952, -0.18106499314308167, -0.14361299574375153, 0.2829959988594055, 0.39313700795173645, 0.08587999641895294, 0.3391270041465759, -0.8514379858970642, 0.2546980082988739, 0.3085019886493683]",12.633333333333333,436,0,401,0
"[-0.988802969455719, -2.019791603088379, 0.12517181038856506, 0.17318560183048248, 2.355426788330078, 1.0010755062103271, -0.9001402854919434, 0.2199999988079071, 0.03267323970794678, 2.0662708282470703, -0.1860707700252533, -0.039882510900497437, -1.4649507999420166, 0.056756392121315, 1.7244998216629028, 1.0, 0.0]","[-1.1629377603530884, -2.0185985565185547, 0.13077029585838318, 0.2545780539512634, 2.4252185821533203, 0.9955224990844727, -1.1723607778549194, 0.37416666746139526, 0.039297401905059814, 2.066114902496338, -0.1856680065393448, -0.05214059725403786, -1.4648053646087646, 0.051843948662281036, 1.7233097553253174, 1.0, 55.099998474121094, 15.706000328063965, -4.685999870300293, 0.5669999718666077, 0.2939999997615814, 1.1579999923706055, -0.24300000071525574, 16.378999710083008, -2.8459999561309814, 43.992000579833984, 0.15199999511241913, 1.4859999418258667, 0.16699999570846558, -0.31200000643730164, 0.0, 0.0, 0.0, 0.23399999737739563, -0.6119999885559082, -0.18000000715255737, -0.13199999928474426, 0.035999998450279236, 0.1379999965429306, -0.6959999799728394, 0.12600000202655792, -0.33000001311302185, 0.06599999964237213, -0.1195719987154007, 0.49111199378967285, -0.03809500113129616, 0.26949599385261536, -0.9400510191917419, -0.09900200366973877, -0.1840440034866333, 0.5602220296859741, 0.01726900041103363, -0.04020500183105469, 0.5356510281562805, 0.025496000424027443, 0.8439639806747437, 0.012322000227868557]",7.9,87,0,411,0
"[-0.8947702646255493, -2.02638840675354, 0.15646487474441528, -0.10783810913562775, 2.0616698265075684, 0.7225038409233093, -0.6769457459449768, 0.2199999988079071, 0.039882488548755646, 2.0662708282470703, -0.18254226446151733, -0.05061977729201317, -1.4618829488754272, 0.056756392121315, 1.7257270812988281, 1.0, 0.0]","[-1.120307445526123, -2.013625144958496, 0.13038639724254608, 0.2545780539512634, 2.4075417518615723, 1.022412896156311, -1.130149245262146, 0.37416666746139526, 0.041339050978422165, 2.065800905227661, -0.18399278819561005, -0.04674854874610901, -1.463810682296753, 0.0527164489030838, 1.724461317062378, 1.0, 55.099998474121094, 18.527999877929688, -5.446000099182129, 0.04600000008940697, 0.3700000047683716, 1.1399999856948853, -0.21899999678134918, 13.256999969482422, -2.9660000801086426, 44.362998962402344, 0.1679999977350235, 1.3769999742507935, 0.20100000500679016, -0.828000009059906, -0.1979999989271164, 0.024000000208616257, 0.0, 0.27000001072883606, -0.07199999690055847, -0.4020000100135803, 0.0, 0.0, 0.0, 0.017999999225139618, 0.0, 0.017999999225139618, 0.017999999225139618, -0.1364780068397522, 0.48477399349212646, -0.03541399911046028, 0.27129000425338745, -0.9393140077590942, -0.09800300002098083, -0.18570199608802795, 0.5594369769096375, 0.017842000350356102, -0.041804999113082886, 0.5335249900817871, 0.02672700025141239, 0.8452630043029785, 0.012906000018119812]",5.3,173,0,323,0
"[-1.1333037614822388, -2.017336845397949, 0.13038794696331024, 0.25310593843460083, 2.4115710258483887, 1.0162618160247803, -1.1369872093200684, 0.2199999988079071, 0.04141661897301674, 2.0662708282470703, -0.18484345078468323, -0.04601908102631569, -1.4643372297286987, 0.05368810519576073, 1.7243465185165405, 1.0, 0.0]","[-1.3226401805877686, -2.0259974002838135, 0.06725230067968369, 0.07941494882106781, 2.6763761043548584, 0.8560271859169006, -1.479917049407959, 0.37308332324028015, 0.5257684588432312, 1.9501945972442627, -0.6448647975921631, -0.64448082447052, -1.6857572793960571, -1.3092211484909058, 1.447023868560791, 1.0, 55.099998474121094, 15.711000442504883, -2.9110000133514404, 4.400000095367432, 0.17000000178813934, 1.1729999780654907, -0.23399999737739563, 25.31599998474121, -5.642000198364258, 30.489999771118164, 0.26499998569488525, 1.6540000438690186, 0.20499999821186066, 0.0, 0.0, 0.0, 0.0, 0.0, 0.0, 0.0, 0.0, 0.017999999225139618, -0.05400000140070915, -0.06599999964237213, 0.0, -0.05400000140070915, -0.07199999690055847, -0.07091200351715088, 0.4791859984397888, -0.09245400130748749, 0.19080600142478943, -0.9555349946022034, -0.17585699260234833, -0.140064999461174, 0.27775201201438904, 0.3992840051651001, 0.08225899934768677, 0.3316420018672943, -0.8513380289077759, 0.2629469931125641, 0.3099919855594635]",0.26666666666666666,339,0,106,0
"[-0.8412337303161621, -2.02638840675354, 0.4957813322544098, -0.0210146252065897, 1.7692921161651611, 0.8051854372024536, -0.7807968258857727, 1.0, 0.038348376750946045, 2.0662708282470703, -0.18407638370990753, -0.05061977729201317, -1.4618829488754272, 0.056756392121315, 1.7229658365249634, 1.0, 0.0]","[-0.8297126293182373, -2.026049852371216, 0.1544848382472992, -0.08444055169820786, 2.0615081787109375, 0.7715517282485962, -0.6706907749176025, 0.9854999780654907, 0.03460334986448288, 2.0658531188964844, -0.18247464299201965, -0.05055265128612518, -1.461594581604004, 0.05664269998669624, 1.725386142730713, 1.0, 55.099998474121094, 16.19499969482422, -3.808000087738037, 1.8799999952316284, 0.2329999953508377, 0.9710000157356262, -0.35499998927116394, 13.331000328063965, -2.749000072479248, 44.03300094604492, 0.1340000033378601, 1.3380000591278076, 0.19300000369548798, 0.0, 0.0, -0.017999999225139618, -0.09000000357627869, 0.0, 0.0, 0.17399999499320984, 0.05400000140070915, 0.0, 0.0, 0.0, 0.0, 0.0, 0.0, -0.2578069865703583, 0.40863698720932007, -0.0978579968214035, 0.3345800042152405, -0.9064000248908997, -0.2101610004901886, -0.14942100644111633, 0.5601289868354797, 0.013690000399947166, -0.040550000965595245, 0.5352010130882263, 0.0324460007250309, 0.8440279960632324, 0.011074000038206577]",11.166666666666666,200,0,318,0
"[-1.166284203529358, -2.0242419242858887, 0.11918862909078598, 0.24114097654819489, 2.426142454147339, 0.975918710231781, -1.1869949102401733, 0.2199999988079071, 0.055375948548316956, 2.0586025714874268, -0.2425217479467392, -0.1741061806678772, -1.4901082515716553, 0.08927677571773529, 1.7171375751495361, 1.0, 0.0]","[-0.8405839800834656, -2.025944948196411, 0.4199866056442261, -0.034027501940727234, 1.8421964645385742, 0.7853372693061829, -0.7792297005653381, 1.0, 0.03842489793896675, 2.0658531188964844, -0.18401025235652924, -0.05055265128612518, -1.4615247249603271, 0.05664269998669624, 1.723554015159607, 1.0, 55.099998474121094, 17.427000045776367, -2.4260001182556152, 2.6989998817443848, 0.25600001215934753, 1.1399999856948853, -0.296999990940094, 13.564000129699707, -2.61299991607666, 44.22600173950195, 0.1679999977350235, 1.406999945640564, 0.18799999356269836, 0.029999999329447746, 0.0, -1.5720000267028809, -0.1979999989271164, 1.6979999542236328, -0.3059999942779541, 0.1080000028014183, 0.0, 0.0, 0.0, 0.0, 0.0, 0.0, 0.024000000208616257, -0.26025500893592834, 0.4156849980354309, -0.08845199644565582, 0.3331089913845062, -0.9018779993057251, -0.2302580028772354, -0.15044499933719635, 0.5600749850273132, 0.015867000445723534, -0.04054199904203415, 0.5352259874343872, 0.02941099926829338, 0.844120979309082, 0.011251999996602535]",1.8,89,0,82,0
"[-1.321216344833374, -2.0263893604278564, 0.06764663010835648, 0.07976672798395157, 2.6752638816833496, 0.855961263179779, -1.480444312095642, 0.2160000056028366, 0.5223196744918823, 1.9483054876327515, -0.6283178925514221, -0.6387490034103394, -1.685842514038086, -1.3100172281265259, 1.4463895559310913, 1.0, 0.0]","[0.1362496018409729, -2.02597975730896, 0.07456384599208832, -0.033399298787117004, 0.9954527020454407, 1.303270697593689, -0.8261178731918335, 1.0, 0.039559148252010345, 2.065800905227661, -0.18402768671512604, -0.04339814931154251, -1.4627461433410645, 0.05664269998669624, 1.7223674058914185, 1.0, 55.099998474121094, 10.26099967956543, 7.576000213623047, -6.188000202178955, -0.6949999928474426, 0.15800000727176666, -0.42500001192092896, 13.696000099182129, -2.822999954223633, 44.80500030517578, 0.14900000393390656, 1.3819999694824219, 0.17800000309944153, -0.7319999933242798, 0.0, 2.441999912261963, -0.04800000041723251, 0.006000000052154064, 5.375999927520752, 2.874000072479248, 0.017999999225139618, 0.0, 0.0, 0.029999999329447746, 0.0, 0.0, -0.017999999225139618, -0.5021389722824097, 0.06817899644374847, 0.07496800273656845, 0.7334250211715698, -0.30206298828125, -0.5166490077972412, -0.3223629891872406, 0.5589579939842224, 0.01596900075674057, -0.042858000844717026, 0.53233802318573, 0.02819499932229519, 0.8460010290145874, 0.010122999548912048]",2.0,22,0,111,0
"[-0.11888253688812256, -2.02638840675354, 0.022548722103238106, 0.07132895290851593, 1.1696594953536987, -0.07270989567041397, -0.9575108289718628, 1.0, 0.03834838792681694, 2.0662708282470703, -0.18407638370990753, -0.04295080155134201, -1.4629566669464111, 0.05675636604428291, 1.722812533378601, 1.0, 0.0]","[-0.8947312831878662, -2.026014804840088, 0.1563519984483719, -0.10859134793281555, 2.060810089111328, 0.7220810055732727, -0.6764492392539978, 0.7148333191871643, 0.039890699088573456, 2.0658531188964844, -0.18247464299201965, -0.05060500279068947, -1.4615771770477295, 0.05678229779005051, 1.7254384756088257, 1.0, 55.099998474121094, 14.824999809265137, -3.880000114440918, 2.302000045776367, 0.2460000067949295, 0.9430000185966492, -0.2240000069141388, 13.491999626159668, -3.444999933242798, 44.141998291015625, 0.18400000035762787, 1.3530000448226929, 0.20499999821186066, -0.05400000140070915, 0.0, 0.0, -0.07199999690055847, 0.0, 0.0, 0.017999999225139618, 0.0, 0.0, 0.0, 0.0, 0.0, 0.0, 0.0, -0.23621100187301636, 0.421644002199173, -0.10374800115823746, 0.3292979896068573, -0.9121639728546143, -0.19690300524234772, -0.14403800666332245, 0.5600569844245911, 0.016637999564409256, -0.04053200036287308, 0.5351960062980652, 0.030276000499725342, 0.8440920114517212, 0.01245499961078167]",6.333333333333333,396,0,272,0
"[-0.848444402217865, -2.02638840675354, 0.6800126433372498, 0.0032204920426011086, 1.5876686573028564, 0.8352515697479248, -0.7794160842895508, 1.0, 0.03712105751037598, 2.0662708282470703, -0.18407638370990753, -0.05061977729201317, -1.4618829488754272, 0.056756392121315, 1.7211251258850098, 1.0, 0.0]","[-0.8930386304855347, -2.026014804840088, 0.14422425627708435, -0.11295384913682938, 2.0612986087799072, 0.7220286130905151, -0.6686665415763855, 0.3766666650772095, 0.03830274939537048, 2.065870523452759, -0.18250954151153564, -0.050587549805641174, -1.461594581604004, 0.056712500751018524, 1.726921796798706, 1.0, 55.099998474121094, 15.409000396728516, -4.451000213623047, 1.6979999542236328, 0.35199999809265137, 0.8949999809265137, -0.2809999883174896, 13.314000129699707, -3.368000030517578, 44.09400177001953, 0.19200000166893005, 1.3389999866485596, 0.2070000022649765, 0.024000000208616257, 0.0, -0.012000000104308128, 0.006000000052154064, 0.0, 0.0, 0.0, 0.0, 0.0, 0.0, 0.0, 0.0, 0.0, 0.0, -0.23583999276161194, 0.42142200469970703, -0.10399699956178665, 0.33073100447654724, -0.9109309911727905, -0.19825899600982666, -0.14667299389839172, 0.5600720047950745, 0.01576099917292595, -0.04055299982428551, 0.5351750254631042, 0.03153400123119354, 0.8440600037574768, 0.012443999759852886]",2.4,176,0,1,0
"[-1.3193755149841309, -2.0263893604278564, 0.06826028227806091, 0.07976672798395157, 2.6752638816833496, 0.855961263179779, -1.4824384450912476, 0.2160000056028366, 0.5186383724212646, 1.9475394487380981, -0.611290693283081, -0.6385958194732666, -1.685842514038086, -1.3095576763153076, 1.4447021484375, 1.0, 0.0]","[-1.3145782947540283, -2.02597975730896, 0.06775835156440735, 0.08000825345516205, 2.676516056060791, 0.8544915914535522, -1.4873332977294922, 0.37308332324028015, 0.5163978338241577, 1.9452213048934937, -0.6054452061653137, -0.6382163166999817, -1.684727668762207, -1.3085929155349731, 1.4400264024734497, 1.0, 55.099998474121094, 16.57900047302246, -1.7790000438690186, 3.6019999980926514, 0.09300000220537186, 1.1959999799728394, -0.3070000112056732, 26.374000549316406, -6.630000114440918, 29.46299934387207, 0.30300000309944153, 1.659999966621399, 0.24799999594688416, -0.05999999865889549, 0.0, -0.024000000208616257, -0.035999998450279236, 0.0, 0.035999998450279236, 0.18000000715255737, 0.05999999865889549, 0.08399999886751175, 0.0, 0.0, -0.012000000104308128, 0.017999999225139618, 0.1379999965429306, -0.07496300339698792, 0.4789139926433563, -0.09224899858236313, 0.19182799756526947, -0.9540420174598694, -0.183119997382164, -0.13953900337219238, 0.2858409881591797, 0.3974590003490448, 0.09082599729299545, 0.3479839861392975, -0.8403710126876831, 0.26982200145721436, 0.3160339891910553]",3.5,133,0,376,0
"[-1.1595356464385986, -2.024855375289917, 0.12379105389118195, 0.22457395493984222, 2.431973457336426, 0.9892644286155701, -1.230713129043579, 0.2199999988079071, 0.02577010728418827, 2.053999900817871, -0.298665314912796, -0.19005955755710602, -1.529531478881836, 0.019174756482243538, 1.6982696056365967, 1.0, 0.0]","[-1.0414857864379883, -2.004080057144165, 0.12680914998054504, 0.22117875516414642, 2.3745784759521484, 1.0359017848968506, -0.9715461730957031, 0.37450000643730164, 0.03357379883527756, 2.065870523452759, -0.18434180319309235, -0.040937699377536774, -1.4647530317306519, 0.05678229779005051, 1.7234318256378174, 1.0, 55.099998474121094, 17.209999084472656, -5.052999973297119, -0.35899999737739563, 0.30799999833106995, 1.1019999980926514, -0.23600000143051147, 13.729000091552734, -3.440999984741211, 44.31399917602539, 0.17800000309944153, 1.375, 0.21799999475479126, -0.7260000109672546, 0.1080000028014183, 0.05400000140070915, 0.6959999799728394, 0.15600000321865082, 0.0, -1.4819999933242798, 0.08399999886751175, 0.0, 0.017999999225139618, -0.07800000160932541, 0.006000000052154064, 0.0, -0.006000000052154064, -0.16950200498104095, 0.4706049859523773, -0.037126000970602036, 0.28402799367904663, -0.9402850270271301, -0.07041800022125244, -0.1738699972629547, 0.558646023273468, 0.012423999607563019, -0.04367800056934357, 0.5313940048217773, 0.03032200038433075, 0.8465440273284912, 0.007876000367105007]",12.966666666666667,397,0,266,0
"[0.14020512998104095, -2.02638840675354, -0.0036812974140048027, -0.02116827480494976, 0.994479238986969, 1.0615137815475464, -0.9289789199829102, 1.0, 0.0385017991065979, 2.0662708282470703, -0.18407638370990753, -0.04417811706662178, -1.4618829488754272, 0.056756392121315, 1.7229658365249634, 1.0, 0.0]","[-1.321366310119629, -2.02597975730896, 0.06589119881391525, 0.06955569982528687, 2.6677212715148926, 0.8539157509803772, -1.4799869060516357, 0.37275001406669617, 0.5037466287612915, 1.9508750438690186, -0.6407639980316162, -0.6580395102500916, -1.6762994527816772, -1.3221341371536255, 1.4233790636062622, 0.6732500195503235, 55.099998474121094, 15.704999923706055, -1.74399995803833, 3.23799991607666, 0.08699999749660492, 1.1339999437332153, -0.27399998903274536, 25.722000122070312, -5.876999855041504, 30.305999755859375, 0.30000001192092896, 1.6579999923706055, 0.22699999809265137, 0.024000000208616257, 0.0, 0.0, -0.041999999433755875, 0.0, -0.029999999329447746, 0.0, -0.024000000208616257, 0.0, -0.006000000052154064, 0.0, 0.0, 0.0, 0.0, -0.07034900039434433, 0.4776970148086548, -0.09438599646091461, 0.1876949965953827, -0.9547430276870728, -0.18034300208091736, -0.14391100406646729, 0.2826949954032898, 0.3934060037136078, 0.08601900190114975, 0.3392600119113922, -0.8513000011444092, 0.25447699427604675, 0.30891698598861694]",9.266666666666667,415,0,485,0
"[-1.0707173347473145, -2.024855375289917, 0.13038793206214905, 0.2135292887687683, 2.454216480255127, 1.0431077480316162, -1.1954314708709717, 0.2199999988079071, -0.3954593241214752, 2.0572221279144287, 0.11566126346588135, -0.32612335681915283, -1.446542501449585, -1.1885274648666382, 1.447310447692871, 1.0, 0.0]","[-0.0935320034623146, -2.026014804840088, -0.17270265519618988, 0.09843544661998749, 1.0667184591293335, -0.08444055169820786, -1.041049599647522, 1.0, 0.03954169899225235, 2.0658531188964844, -0.18402768671512604, -0.04257800057530403, -1.4634442329406738, 0.05666014924645424, 1.7223323583602905, 1.0, 55.099998474121094, 6.685999870300293, 1.7020000219345093, 10.685999870300293, -0.027000000700354576, 0.6869999766349792, -0.164000004529953, 12.869999885559082, -2.4670000076293945, 44.15700149536133, 0.14399999380111694, 1.309000015258789, 0.21400000154972076, -0.41999998688697815, 0.0, 0.9179999828338623, -0.13199999928474426, 0.7919999957084656, 0.1379999965429306, 0.8700000047683716, 0.0, 0.0, 0.0, -0.006000000052154064, 0.017999999225139618, 0.0, 0.0, -0.5727980136871338, 0.036795999854803085, -0.010107000358402729, 0.5473939776420593, 0.0457720011472702, -0.8350160121917725, -0.03182100132107735, 0.5588189959526062, 0.01589200086891651, -0.04314599931240082, 0.5320029854774475, 0.027928000316023827, 0.8462240099906921, 0.009820999577641487]",13.266666666666667,302,0,184,0
"[-1.3095585107803345, -2.0263893604278564, 0.05061936005949974, 0.06442701071500778, 2.667593240737915, 0.8436898589134216, -1.4594290256500244, 0.2160000056028366, 0.49256035685539246, 1.9420171976089478, -0.6350674629211426, -0.6987273097038269, -1.6751056909561157, -1.359104037284851, 1.4408683776855469, 0.24300000071525574, 0.0]","[-1.150478482246399, -2.024531602859497, 0.08901244401931763, 0.02969990111887455, 2.452632427215576, 0.8662354350090027, -1.172884225845337, 0.3734166622161865, 0.14958138763904572, 1.946826696395874, -0.1593359410762787, -0.6447251439094543, -1.651031732559204, -1.5569761991500854, 1.2942315340042114, 1.0, 55.099998474121094, 17.85700035095215, -3.882999897003174, 1.4149999618530273, 0.24899999797344208, 1.253000020980835, -0.20200000703334808, 24.67300033569336, -7.361000061035156, 30.158000946044922, 0.3059999942779541, 1.597000002861023, 0.3190000057220459, -0.7440000176429749, 0.0, 0.029999999329447746, -0.1679999977350235, 0.024000000208616257, -0.1979999989271164, -0.1679999977350235, 0.9300000071525574, -0.23399999737739563, -1.1699999570846558, -0.024000000208616257, -0.16200000047683716, -0.024000000208616257, -0.828000009059906, -0.12952099740505219, 0.4619320034980774, -0.0936330035328865, 0.22136999666690826, -0.9443089962005615, -0.16748499870300293, -0.17670099437236786, 0.4048919975757599, 0.24025499820709229, 0.1650799959897995, 0.5157840251922607, -0.7117099761962891, 0.32199299335479736, 0.3517870008945465]",15.6,107,0,421,0
"[-0.8329509496688843, -2.02638840675354, 0.15646487474441528, -0.08544135093688965, 2.060135841369629, 0.7735854387283325, -0.6688167452812195, 0.2199999988079071, 0.036200568079948425, 2.0662708282470703, -0.18254226446151733, -0.05061977729201317, -1.4618829488754272, 0.056756392121315, 1.7257270812988281, 1.0, 0.0]","[-0.8857271075248718, -2.0259974002838135, 0.15588083863258362, -0.1013670489192009, 2.060688018798828, 0.7272811532020569, -0.6767633557319641, 0.7909166812896729, 0.03987324982881546, 2.065870523452759, -0.18247464299201965, -0.050587549805641174, -1.461594581604004, 0.05664269998669624, 1.725473403930664, 1.0, 55.099998474121094, 14.545999526977539, -2.8919999599456787, 2.121000051498413, 0.21299999952316284, 0.9900000095367432, -0.2669999897480011, 13.130000114440918, -2.444000005722046, 43.98500061035156, 0.12700000405311584, 1.3240000009536743, 0.19499999284744263, -0.36000001430511475, 0.0, 0.0, -0.25200000405311584, 0.0, -0.38999998569488525, 0.0, 0.0, 0.0, 0.0, 0.0, 0.0, 0.0, 0.0, -0.239873006939888, 0.4208090007305145, -0.10191600024700165, 0.3319909870624542, -0.9107999801635742, -0.19885000586509705, -0.14381499588489532, 0.5600460171699524, 0.016644999384880066, -0.040553998202085495, 0.5351700186729431, 0.030249999836087227, 0.8441089987754822, 0.012505999766290188]",4.833333333333333,394,0,213,0
"[-0.8864858746528625, -2.02638840675354, 0.13422228395938873, -0.10446297377347946, 2.0616698265075684, 0.7292541861534119, -0.653322696685791, 0.2199999988079071, 0.038194961845874786, 2.0662708282470703, -0.18254226446151733, -0.05061977729201317, -1.4618829488754272, 0.056756392121315, 1.7269542217254639, 1.0, 0.0]","[-1.1342500448226929, -2.024496555328369, 0.08950105309486389, 0.036208752542734146, 2.4521262645721436, 0.8748906850814819, -1.1692372560501099, 0.3734166622161865, 0.12232450395822525, 1.953649640083313, -0.1318172961473465, -0.6429975628852844, -1.639933466911316, -1.5588608980178833, 1.313618540763855, 1.0, 55.099998474121094, 15.508999824523926, -1.7940000295639038, 0.9190000295639038, 0.2029999941587448, 0.9089999794960022, -0.328000009059906, 26.075000762939453, -7.229000091552734, 30.972000122070312, 0.4429999887943268, 1.593000054359436, 0.2709999978542328, -0.6660000085830688, 0.0, -0.07800000160932541, -0.34200000762939453, 0.0, -0.6060000061988831, -0.16200000047683716, 1.3980000019073486, -0.27000001072883606, -1.2599999904632568, -0.09600000083446503, -0.7379999756813049, 0.11999999731779099, -0.8999999761581421, -0.13642600178718567, 0.4601820111274719, -0.09224800020456314, 0.22266100347042084, -0.9434210062026978, -0.17129400372505188, -0.17617200314998627, 0.4121580123901367, 0.22693400084972382, 0.16785399615764618, 0.5277230143547058, -0.6915919780731201, 0.33816999197006226, 0.35895299911499023]",6.066666666666666,109,0,415,0
"[-1.3209095001220703, -2.0263893604278564, 0.0679534524679184, 0.07976672798395157, 2.6752638816833496, 0.855961263179779, -1.4807511568069458, 0.2160000056028366, 0.5210926532745361, 1.9481521844863892, -0.6247897148132324, -0.6389022469520569, -1.685842514038086, -1.3100172281265259, 1.4460827112197876, 1.0, 0.0]","[-1.083662509918213, -2.024409532546997, 0.11782239377498627, 0.10400199890136719, 2.44804310798645, 0.9806376099586487, -1.1654506921768188, 0.3734166622161865, -0.04470689967274666, 2.013747453689575, 0.03558054938912392, -0.6399787664413452, -1.5380953550338745, -1.5857512950897217, 1.3619375228881836, 1.0, 55.099998474121094, 17.219999313354492, -3.072000026702881, -1.2020000219345093, 0.47600001096725464, 0.9589999914169312, -0.27300000190734863, 26.535999298095703, -8.538000106811523, 25.53700065612793, 0.4300000071525574, 1.7239999771118164, 0.15399999916553497, -0.5040000081062317, 0.0, -0.2280000001192093, -1.1399999856948853, -0.07199999690055847, -1.128000020980835, 0.0, 2.5739998817443848, -1.031999945640564, -2.322000026702881, -0.2160000056028366, -1.440000057220459, 0.4259999990463257, -0.4320000112056732, -0.15317900478839874, 0.4530259966850281, -0.07992900162935257, 0.2120160013437271, -0.9463260173797607, -0.1622990071773529, -0.18213699758052826, 0.44274601340293884, 0.13677600026130676, 0.18148399889469147, 0.6159510016441345, -0.5649480223655701, 0.3877899944782257, 0.38865700364112854]",2.033333333333333,215,0,490,0
"[-1.1917483806610107, -2.024855375289917, 0.08988992869853973, 0.04003587365150452, 2.4833614826202393, 0.8536606431007385, -1.2095435857772827, 0.2199999988079071, 0.22948282957077026, 1.941712498664856, -0.3210616707801819, -0.6550082564353943, -1.6520969867706299, -1.5390424728393555, 1.2340872287750244, 1.0, 0.0]","[-1.3220120668411255, -2.02597975730896, 0.06594355404376984, 0.07044565677642822, 2.669187068939209, 0.8540902733802795, -1.4799869060516357, 0.37275001406669617, 0.5052647590637207, 1.9510669708251953, -0.6409035921096802, -0.658056914806366, -1.6766483783721924, -1.3221689462661743, 1.4236233234405518, 0.7547500133514404, 55.099998474121094, 15.614999771118164, -2.0460000038146973, 3.4519999027252197, 0.11999999731779099, 1.1139999628067017, -0.2750000059604645, 25.320999145507812, -5.9039998054504395, 30.14699935913086, 0.29600000381469727, 1.6469999551773071, 0.22200000286102295, 0.0, 0.0, 0.0, 0.0, -0.035999998450279236, 0.0, 0.0, -0.024000000208616257, 0.0, 0.029999999329447746, 0.0, 0.012000000104308128, 0.0, -0.024000000208616257, -0.0702119991183281, 0.4778450131416321, -0.09423799812793732, 0.18791599571704865, -0.9549340009689331, -0.1795399934053421, -0.14336100220680237, 0.28207799792289734, 0.3938010036945343, 0.0858680009841919, 0.338809996843338, -0.8515729904174805, 0.25394800305366516, 0.30909600853919983]",11.4,435,0,59,0
"[-1.1730343103408813, -2.016876459121704, 0.1302345246076584, 0.24865689873695374, 2.4341206550598145, 0.9716230034828186, -1.1750303506851196, 0.2199999988079071, 0.04141628369688988, 2.0658111572265625, -0.18469007313251495, -0.09571942687034607, -1.4654113054275513, 0.04371757060289383, 1.7225056886672974, 1.0, 0.0]","[-1.2620537281036377, -2.026014804840088, 0.06966040283441544, 0.095032699406147, 2.5414180755615234, 0.8482619524002075, -1.3802601099014282, 0.37308332324028015, 0.43743661046028137, 1.9501771926879883, -0.5369539260864258, -0.6368551850318909, -1.6519217491149902, -1.3583430051803589, 1.2921026945114136, 1.0, 55.099998474121094, 17.552000045776367, -1.406000018119812, 2.390000104904175, 0.10899999737739563, 1.3070000410079956, -0.3059999942779541, 28.040000915527344, -4.053999900817871, 30.576000213623047, 0.14000000059604645, 1.8480000495910645, 0.20200000703334808, -0.2280000001192093, 0.0, 0.20399999618530273, 0.25200000405311584, 0.04800000041723251, -0.16200000047683716, -1.968000054359436, 0.041999999433755875, -0.1379999965429306, -0.3779999911785126, 0.05400000140070915, -0.15600000321865082, 0.28200000524520874, 0.49799999594688416, -0.08815599977970123, 0.4849979877471924, -0.08136499673128128, 0.2231539934873581, -0.9399920105934143, -0.18822599947452545, -0.176596000790596, 0.31226998567581177, 0.37118101119995117, 0.10301099717617035, 0.39227399230003357, -0.8307830095291138, 0.23865999281406403, 0.3145799934864044]",14.466666666666667,95,0,207,0
"[-1.3130862712860107, -2.0263893604278564, 0.0705614686012268, 0.08498106151819229, 2.673729419708252, 0.8467581868171692, -1.5077486038208008, 0.2160000056028366, 0.5063661932945251, 1.9397172927856445, -0.5927287340164185, -0.6422765851020813, -1.6734182834625244, -1.327659249305725, 1.4195451736450195, 1.0, 0.0]","[-1.2733962535858154, -2.0259101390838623, 0.07470345497131348, 0.10907994955778122, 2.557663917541504, 0.840740978717804, -1.4458022117614746, 0.37308332324028015, 0.4380298852920532, 1.9437555074691772, -0.5489420890808105, -0.6367155909538269, -1.6559700965881348, -1.348745346069336, 1.314403772354126, 1.0, 55.099998474121094, 16.499000549316406, -1.9670000076293945, 2.736999988555908, 0.1289999932050705, 1.125, -0.2199999988079071, 27.14900016784668, -5.072999954223633, 29.652999877929688, 0.1550000011920929, 1.7699999809265137, 0.210999995470047, -0.44999998807907104, 0.0, 0.11400000005960464, 0.5040000081062317, 0.8700000047683716, -0.15000000596046448, -1.746000051498413, 0.0, -0.14399999380111694, -0.27000001072883606, -0.035999998450279236, -0.1080000028014183, 0.3059999942779541, 0.7020000219345093, -0.08571799844503403, 0.4887140095233917, -0.07848499715328217, 0.22491200268268585, -0.9358900189399719, -0.20709699392318726, -0.17502500116825104, 0.3134309947490692, 0.37232500314712524, 0.10346999764442444, 0.38896098732948303, -0.8312559723854065, 0.2471659928560257, 0.3108550012111664]",15.266666666666667,430,0,417,0
"[-0.3429972529411316, -2.0124287605285645, 0.6545485258102417, 0.2951372265815735, 1.3910125494003296, 1.289310097694397, -0.7781890034675598, 1.0, 0.03252001479268074, 2.0662708282470703, -0.18407638370990753, -0.04295080155134201, -1.4618829488754272, 0.056756392121315, 1.7211251258850098, 1.0, 0.0]","[-0.8915379643440247, -2.0260672569274902, 0.14375309646129608, -0.11082495003938675, 2.061246395111084, 0.7220984697341919, -0.6686316728591919, 0.3762499988079071, 0.03830274939537048, 2.0658531188964844, -0.18247464299201965, -0.05060500279068947, -1.461594581604004, 0.05669505149126053, 1.7269742488861084, 1.0, 55.099998474121094, 15.223999977111816, -5.460000038146973, 1.3630000352859497, 0.5289999842643738, 0.6660000085830688, -0.33899998664855957, 13.484000205993652, -3.236999988555908, 44.26900100708008, 0.17100000381469727, 1.3489999771118164, 0.20900000631809235, 0.05400000140070915, 0.0, -0.035999998450279236, 0.11999999731779099, 0.0, 0.017999999225139618, 0.017999999225139618, 0.0, 0.0, 0.0, 0.0, 0.0, 0.0, 0.0, -0.23663300275802612, 0.4215269982814789, -0.10345199704170227, 0.33180999755859375, -0.9105250239372253, -0.1986130028963089, -0.14628100395202637, 0.5600820183753967, 0.01576700061559677, -0.040532998740673065, 0.5351930260658264, 0.031557001173496246, 0.8440470099449158, 0.012476000003516674]",6.433333333333334,101,0,108,0
"[-0.09725358337163925, -2.02638840675354, -0.16536249220371246, 0.09618017822504044, 1.0756266117095947, -0.08252718299627304, -1.0309884548187256, 1.0, 0.03988250344991684, 2.0662708282470703, -0.18407638370990753, -0.042490556836128235, -1.4623430967330933, 0.05675636604428291, 1.7226591110229492, 1.0, 0.0]","[-1.2937778234481812, -2.025491237640381, 0.02647165022790432, 0.06306429952383041, 2.6668834686279297, 0.8400080800056458, -1.4298006296157837, 0.28025001287460327, 0.4893154501914978, 1.940788984298706, -0.6329289674758911, -0.8144612908363342, -1.6587969064712524, -1.372983455657959, 1.5135257244110107, 0.42133334279060364, 55.099998474121094, 16.05900001525879, -1.4709999561309814, 2.812999963760376, 0.15700000524520874, 1.0360000133514404, -0.25999999046325684, 25.54199981689453, -5.193999767303467, 29.06100082397461, 0.18799999356269836, 1.5529999732971191, 0.17499999701976776, 0.09000000357627869, 0.0, -0.2879999876022339, -0.05999999865889549, -0.09000000357627869, 0.15000000596046448, 0.3779999911785126, -0.1080000028014183, -0.029999999329447746, 0.006000000052154064, -0.46799999475479126, 0.31200000643730164, 0.1080000028014183, 0.3059999942779541, -0.08119399845600128, 0.47800499200820923, -0.09333200007677078, 0.19958099722862244, -0.9509249925613403, -0.18254800140857697, -0.15028199553489685, 0.2625359892845154, 0.39507201313972473, 0.12224599719047546, 0.3502039909362793, -0.8515869975090027, 0.2203119993209839, 0.3218970000743866]",10.966666666666667,122,0,365,0
"[-0.8923155665397644, -2.02638840675354, 0.12179671972990036, -0.0760844424366951, 2.071486473083496, 0.7634617686271667, -0.6410512328147888, 0.2199999988079071, 0.03681422770023346, 2.0662708282470703, -0.18254226446151733, -0.05061977729201317, -1.4618829488754272, 0.056756392121315, 1.7257270812988281, 1.0, 0.0]","[-1.3047364950180054, -2.0258753299713135, 0.07479069381952286, 0.12281310558319092, 2.626922845840454, 0.827304482460022, -1.5329127311706543, 0.37308332324028015, 0.44129303097724915, 1.9404923915863037, -0.5692363977432251, -0.6441842317581177, -1.6590063571929932, -1.3396539688110352, 1.3510138988494873, 1.0, 55.099998474121094, 13.348999977111816, -0.4099999964237213, 3.0989999771118164, 0.012000000104308128, 0.9229999780654907, -0.33500000834465027, 26.591999053955078, -5.068999767303467, 29.56999969482422, 0.24199999868869781, 1.7009999752044678, 0.17000000178813934, -0.2460000067949295, 0.0, -0.05400000140070915, -0.14399999380111694, 0.5759999752044678, -0.13199999928474426, -0.3240000009536743, 0.1860000044107437, -0.012000000104308128, -0.5099999904632568, -0.07800000160932541, -0.012000000104308128, 0.0, 0.515999972820282, -0.07868900150060654, 0.4925459921360016, -0.07773199677467346, 0.22423799335956573, -0.9371160268783569, -0.2161089926958084, -0.15756599605083466, 0.31161001324653625, 0.3746330142021179, 0.10267899930477142, 0.38108399510383606, -0.8325009942054749, 0.2570909857749939, 0.3092229962348938]",4.8,183,0,37,0
"[-1.3138532638549805, -2.0263893604278564, 0.05061936005949974, 0.06442701071500778, 2.672194242477417, 0.8473713994026184, -1.4664851427078247, 0.2160000056028366, 0.49394094944000244, 1.9469249248504639, -0.6404356360435486, -0.6583830714225769, -1.6766396760940552, -1.326583981513977, 1.4235352277755737, 0.24300000071525574, 0.0]","[-1.0336507558822632, -2.005319118499756, 0.12598899006843567, 0.21336115896701813, 2.373514175415039, 1.0353260040283203, -0.9553700685501099, 0.37450000643730164, 0.0326838493347168, 2.0658183097839355, -0.18497000634670258, -0.039995402097702026, -1.4650671482086182, 0.056747402995824814, 1.7234492301940918, 1.0, 55.099998474121094, 17.231000900268555, -6.271999835968018, 0.6859999895095825, 0.37599998712539673, 1.2660000324249268, -0.10899999737739563, 13.871000289916992, -3.2200000286102295, 44.040000915527344, 0.19099999964237213, 1.3669999837875366, 0.20800000429153442, -0.6899999976158142, 0.14399999380111694, 0.08399999886751175, 0.7979999780654907, 0.07199999690055847, 0.09000000357627869, -1.3680000305175781, 0.05400000140070915, 0.0, 0.029999999329447746, -0.035999998450279236, 0.024000000208616257, 0.0, 0.0, -0.17258800566196442, 0.4679200053215027, -0.03960900008678436, 0.2829129993915558, -0.940991997718811, -0.06870000064373016, -0.17254699766635895, 0.5585209727287292, 0.011876000091433525, -0.043960001319646835, 0.5310440063476562, 0.030330000445246696, 0.8467689752578735, 0.007329000160098076]",4.9,329,0,469,0
"[-1.3170745372772217, -2.0263893604278564, 0.06764663755893707, 0.07976672798395157, 2.6752638816833496, 0.8556544780731201, -1.4835125207901, 0.2160000056028366, 0.5177178978919983, 1.9469267129898071, -0.6057685017585754, -0.638136088848114, -1.6856892108917236, -1.3089450597763062, 1.4431679248809814, 1.0, 0.0]","[-1.3138803243637085, -2.0259275436401367, 0.06807245314121246, 0.08098544925451279, 2.6764984130859375, 0.854107677936554, -1.4902822971343994, 0.37308332324028015, 0.5156474709510803, 1.944087028503418, -0.6054452061653137, -0.638321042060852, -1.6845358610153198, -1.308907151222229, 1.4385955333709717, 1.0, 55.099998474121094, 16.56999969482422, -1.3380000591278076, 3.4590001106262207, 0.0560000017285347, 1.1859999895095825, -0.27799999713897705, 26.062999725341797, -7.191999912261963, 29.893999099731445, 0.37400001287460327, 1.6460000276565552, 0.24199999868869781, -0.017999999225139618, 0.0, -0.017999999225139618, -0.07199999690055847, 0.0, 0.017999999225139618, 0.33000001311302185, 0.035999998450279236, 0.09600000083446503, 0.0, 0.0, -0.017999999225139618, 0.029999999329447746, 0.15600000321865082, -0.07538499683141708, 0.47912800312042236, -0.0919710025191307, 0.19232900440692902, -0.9536330103874207, -0.18468600511550903, -0.13957999646663666, 0.28621798753738403, 0.39731699228286743, 0.09135399758815765, 0.3486210107803345, -0.8405359983444214, 0.2691679894924164, 0.3154509961605072]",2.466666666666667,405,0,61,0
"[-1.2913037538528442, -2.0263893604278564, 0.07623779773712158, 0.12210385501384735, 2.5984106063842773, 0.8324915766716003, -1.5048346519470215, 0.2160000056028366, 0.4377976655960083, 1.9406375885009766, -0.5560675859451294, -0.6422767639160156, -1.6597658395767212, -1.342384696006775, 1.336249828338623, 1.0, 0.0]","[-1.1113381385803223, -2.0111474990844727, 0.12977564334869385, 0.2545606195926666, 2.403022050857544, 1.0230934619903564, -1.1240941286087036, 0.37416666746139526, 0.041339050978422165, 2.0658183097839355, -0.18399278819561005, -0.04688815027475357, -1.4641597270965576, 0.05254194885492325, 1.7240949869155884, 1.0, 55.099998474121094, 15.928999900817871, -3.3010001182556152, -0.4169999957084656, 0.1889999955892563, 1.0640000104904175, -0.25699999928474426, 13.87600040435791, -2.305999994277954, 44.32600021362305, 0.15600000321865082, 1.4259999990463257, 0.16699999570846558, -0.7379999756813049, -0.1679999977350235, 0.024000000208616257, 0.024000000208616257, 0.3479999899864197, -0.012000000104308128, -0.5040000081062317, 0.017999999225139618, 0.0, 0.0, 0.012000000104308128, 0.07199999690055847, 0.006000000052154064, 0.017999999225139618, -0.14060600101947784, 0.4843670129776001, -0.033810000866651535, 0.2743529975414276, -0.9382669925689697, -0.09986600279808044, -0.18550099432468414, 0.559453010559082, 0.017878999933600426, -0.041770998388528824, 0.533577024936676, 0.02637300081551075, 0.8452420234680176, 0.012799999676644802]",9.333333333333334,21,0,268,0
"[-1.1477233171463013, -2.018563985824585, 0.13038794696331024, 0.25310593843460083, 2.4177064895629883, 1.0087454319000244, -1.1527867317199707, 0.2199999988079071, 0.04126320406794548, 2.0662708282470703, -0.1860707849264145, -0.04663274064660072, -1.4667918682098389, 0.05537566542625427, 1.7225056886672974, 1.0, 0.0]","[-0.9395952820777893, -2.025944948196411, 0.1177002489566803, 0.09848780184984207, 2.281709671020508, 0.9226687550544739, -0.8386818766593933, 0.374833345413208, 0.03624364733695984, 2.0658531188964844, -0.190047949552536, -0.04264780133962631, -1.4683825969696045, 0.05676484853029251, 1.7215123176574707, 1.0, 55.099998474121094, 16.915000915527344, -3.0160000324249268, -0.1469999998807907, -0.11800000071525574, 0.8980000019073486, -0.1459999978542328, 12.784000396728516, -3.256999969482422, 43.915000915527344, 0.17800000309944153, 1.3029999732971191, 0.20900000631809235, -0.6480000019073486, 0.0, 0.041999999433755875, 1.9800000190734863, 2.0280001163482666, 1.6859999895095825, -2.063999891281128, -0.017999999225139618, 0.0, 0.0, 0.13199999928474426, -0.024000000208616257, 0.0, -0.006000000052154064, -0.21230100095272064, 0.4438279867172241, -0.06808300316333771, 0.30486398935317993, -0.9298120141029358, -0.1233069971203804, -0.16523000597953796, 0.5589140057563782, 0.014148999936878681, -0.04304800182580948, 0.5323330163955688, 0.024281999096274376, 0.8461650013923645, 0.005925999954342842]",2.1,197,0,98,0
"[-0.8332580924034119, -2.02638840675354, 0.19910940527915955, -0.05967104062438011, 2.059828996658325, 0.7731252312660217, -0.7286410331726074, 0.9129999876022339, 0.0348198376595974, 2.0662708282470703, -0.18254226446151733, -0.05061977729201317, -1.4618829488754272, 0.056756392121315, 1.7248066663742065, 1.0, 0.0]","[-0.6138037443161011, -2.0259101390838623, 0.7817599773406982, 0.1934332549571991, 1.5123566389083862, 1.0738205909729004, -0.7857734560966492, 1.0, 0.04111219942569733, 2.0658531188964844, -0.18395788967609406, -0.044532399624586105, -1.4634268283843994, 0.056974250823259354, 1.7207444906234741, 1.0, 55.099998474121094, 18.583999633789062, -5.03000020980835, 1.2860000133514404, 0.45399999618530273, 1.2790000438690186, -0.17499999701976776, 12.312000274658203, -3.5789999961853027, 44.040000915527344, 0.15600000321865082, 1.2380000352859497, 0.19300000369548798, -1.2120000123977661, 0.0, 0.14399999380111694, -1.062000036239624, 0.0, -1.128000020980835, 0.09000000357627869, 0.017999999225139618, 0.0, 0.0, -0.035999998450279236, 0.0, 0.0, 0.0, -0.29016000032424927, 0.3818199932575226, -0.044477999210357666, 0.3439840078353882, -0.8939170241355896, -0.18477000296115875, -0.22010500729084015, 0.5591030120849609, 0.016870999708771706, -0.04249799996614456, 0.5328249931335449, 0.0266369991004467, 0.8457469940185547, 0.009929999709129333]",4.366666666666666,221,0,497,0
"[-0.11044547706842422, -2.02638840675354, -0.10492383688688278, 0.09464621543884277, 1.1213394403457642, -0.08544135093688965, -0.9900310039520264, 1.0, 0.03988250344991684, 2.0662708282470703, -0.18407638370990753, -0.04295080155134201, -1.4618829488754272, 0.05675636604428291, 1.7226591110229492, 1.0, 0.0]","[-1.2907590866088867, -2.0258753299713135, 0.0757678970694542, 0.12244665622711182, 2.595303535461426, 0.8333421945571899, -1.5032826662063599, 0.37308332324028015, 0.43822187185287476, 1.9409459829330444, -0.5564281344413757, -0.6405720710754395, -1.6585875749588013, -1.3410325050354004, 1.334453821182251, 1.0, 55.099998474121094, 15.177000045776367, 1.2389999628067017, 2.2730000019073486, -0.05999999865889549, 1.0140000581741333, -0.41999998688697815, 26.444000244140625, -6.577000141143799, 29.698999404907227, 0.4000000059604645, 1.7209999561309814, 0.1599999964237213, -0.46799999475479126, 0.0, -0.012000000104308128, 0.1979999989271164, 1.1519999504089355, -0.19200000166893005, -1.3860000371932983, 0.017999999225139618, -0.017999999225139618, -0.23999999463558197, -0.1080000028014183, -0.012000000104308128, 0.07199999690055847, 0.40799999237060547, -0.08199000358581543, 0.4919480085372925, -0.07662499696016312, 0.22611600160598755, -0.9353070259094238, -0.21547600626945496, -0.16625699400901794, 0.3139039874076843, 0.373322993516922, 0.10414399951696396, 0.38725098967552185, -0.8306260108947754, 0.2540520131587982, 0.309116005897522]",11.8,424,0,429,0
"[-1.315693974494934, -2.0263893604278564, 0.05552861839532852, 0.0650399923324585, 2.669280529022217, 0.8489055037498474, -1.4670987129211426, 0.2160000056028366, 0.49394094944000244, 1.949839472770691, -0.6421230435371399, -0.658076286315918, -1.6766396760940552, -1.3224430084228516, 1.4235352277755737, 0.24300000071525574, 0.0]","[-1.3187836408615112, -2.0259275436401367, 0.06594355404376984, 0.06714759767055511, 2.6677560806274414, 0.8483666777610779, -1.480074167251587, 0.37275001406669617, 0.499610960483551, 1.9505784511566162, -0.6433814764022827, -0.6580918431282043, -1.6754791736602783, -1.320947527885437, 1.4228556156158447, 0.4624166786670685, 55.099998474121094, 19.861000061035156, -2.8010001182556152, -1.378999948501587, 0.4320000112056732, 1.9450000524520874, -0.20600000023841858, 25.41200065612793, -10.23900032043457, 30.091999053955078, 1.6579999923706055, 1.2350000143051147, -0.0860000029206276, 0.006000000052154064, 0.0, 0.0, 0.0, 0.0, -0.017999999225139618, 0.012000000104308128, -0.041999999433755875, 0.0, 0.0, 0.0, 0.0, 0.0, 0.0, -0.07194399833679199, 0.47774600982666016, -0.09472700208425522, 0.18932799994945526, -0.9541900157928467, -0.18233299255371094, -0.14293000102043152, 0.28421300649642944, 0.39236199855804443, 0.0858049988746643, 0.3397639989852905, -0.8511880040168762, 0.2558189928531647, 0.3075610101222992]",7.833333333333333,456,0,196,0
"[-0.8341780304908752, -2.02638840675354, 0.21368220448493958, -0.05292097106575966, 2.052312135696411, 0.7731252312660217, -0.742139995098114, 1.0, 0.036353982985019684, 2.0662708282470703, -0.18254226446151733, -0.05061977729201317, -1.4618829488754272, 0.056756392121315, 1.7241930961608887, 1.0, 0.0]","[-1.3209823369979858, -2.025944948196411, 0.06733954697847366, 0.0794323980808258, 2.6764984130859375, 0.8559050559997559, -1.4810339212417603, 0.37308332324028015, 0.5203939080238342, 1.9475421905517578, -0.6203998923301697, -0.6379894614219666, -1.685652494430542, -1.3078250885009766, 1.4465701580047607, 1.0, 55.099998474121094, 15.33899974822998, -1.75, 3.444000005722046, 0.07000000029802322, 1.0889999866485596, -0.28600001335144043, 25.844999313354492, -7.26800012588501, 29.39299964904785, 0.3610000014305115, 1.5770000219345093, 0.26100000739097595, -0.024000000208616257, 0.0, 0.0, 0.0, 0.0, 0.0, 0.029999999329447746, 0.06599999964237213, 0.017999999225139618, -0.44999998807907104, 0.0, 0.0, 0.0, 0.017999999225139618, -0.07173699885606766, 0.47909700870513916, -0.09242700040340424, 0.19092300534248352, -0.9552969932556152, -0.17713700234889984, -0.1399179995059967, 0.2830069959163666, 0.39816001057624817, 0.08682499825954437, 0.3406589925289154, -0.8438779711723328, 0.2700980007648468, 0.31442898511886597]",3.3333333333333335,310,0,241,0
"[-1.297439694404602, -2.0263893604278564, 0.030678972601890564, 0.06442701071500778, 2.672194242477417, 0.8421553373336792, -1.4509928226470947, 0.2160000056028366, 0.492406964302063, 1.9420171976089478, -0.6350674629211426, -0.7711310982704163, -1.6735717058181763, -1.3785854578018188, 1.486580729484558, 0.24300000071525574, 0.0]","[-1.2533986568450928, -2.026171922683716, 0.06479185074567795, 0.09115879982709885, 2.540231466293335, 0.8567426800727844, -1.297878623008728, 0.37308332324028015, 0.43373721837997437, 1.955883264541626, -0.5198355317115784, -0.6399438381195068, -1.6476290225982666, -1.3644678592681885, 1.2797828912734985, 1.0, 55.099998474121094, 15.319000244140625, -2.763000011444092, 2.88700008392334, 0.14000000059604645, 1.184999942779541, -0.20800000429153442, 24.62700080871582, -5.933000087738037, 28.1299991607666, 0.2800000011920929, 1.5379999876022339, 0.2770000100135803, -0.2280000001192093, 0.0, -0.06599999964237213, 0.0, 0.07800000160932541, -0.18000000715255737, -1.3799999952316284, 0.07199999690055847, -0.041999999433755875, -0.2160000056028366, -0.029999999329447746, -0.006000000052154064, 0.04800000041723251, 0.34200000762939453, -0.090939000248909, 0.48265600204467773, -0.08245400339365005, 0.2259960025548935, -0.9465309977531433, -0.15472200512886047, -0.17048299312591553, 0.31295499205589294, 0.3695720136165619, 0.10467500239610672, 0.3986859917640686, -0.8269000053405762, 0.23537400364875793, 0.31918999552726746]",5.633333333333334,242,0,292,0
"[-0.8927759528160095, -2.02638840675354, 0.14419353008270264, -0.11198028922080994, 2.0616698265075684, 0.7225038409233093, -0.6689701080322266, 0.2199999988079071, 0.038348376750946045, 2.0662708282470703, -0.18254226446151733, -0.05061977729201317, -1.4618829488754272, 0.056756392121315, 1.7272610664367676, 1.0, 0.0]","[-0.8908923268318176, -2.026014804840088, 0.14322960376739502, -0.1091672033071518, 2.0612637996673584, 0.7223427295684814, -0.6680907011032104, 0.3762499988079071, 0.03830274939537048, 2.0658183097839355, -0.18247464299201965, -0.050587549805641174, -1.461594581604004, 0.056712500751018524, 1.7269916534423828, 1.0, 55.099998474121094, 14.902000427246094, -3.6730000972747803, 2.0139999389648438, 0.32600000500679016, 0.8550000190734863, -0.3050000071525574, 13.416000366210938, -3.325000047683716, 44.11000061035156, 0.17299999296665192, 1.3530000448226929, 0.20000000298023224, 0.05400000140070915, 0.0, -0.04800000041723251, 0.1080000028014183, 0.0, 0.024000000208616257, 0.05400000140070915, 0.0, 0.0, 0.0, 0.0, 0.0, 0.0, 0.0, -0.23701700568199158, 0.4217529892921448, -0.10298000276088715, 0.3326680064201355, -0.9102950096130371, -0.19839100539684296, -0.1460620015859604, 0.5600849986076355, 0.01576099917292595, -0.04052700102329254, 0.5351939797401428, 0.031575001776218414, 0.8440459966659546, 0.012470999732613564]",0.8666666666666667,218,0,116,0
"[-0.841541051864624, -2.02638840675354, 0.7453597784042358, 0.01779346540570259, 1.528610348701477, 0.8490574955940247, -0.7784956097602844, 1.0, 0.03574032336473465, 2.0662708282470703, -0.18407638370990753, -0.05061977729201317, -1.4618829488754272, 0.056756392121315, 1.7217386960983276, 1.0, 0.0]","[-1.3226401805877686, -2.02597975730896, 0.06747914850711823, 0.0798337459564209, 2.6754863262176514, 0.8558003306388855, -1.4799344539642334, 0.37275001406669617, 0.5156649351119995, 1.9508925676345825, -0.645004391670227, -0.6571495532989502, -1.6788818836212158, -1.3210347890853882, 1.4345993995666504, 0.9856666922569275, 55.099998474121094, 15.902000427246094, -2.2950000762939453, 3.2939999103546143, 0.13300000131130219, 1.1510000228881836, -0.26600000262260437, 25.92799949645996, -6.114999771118164, 30.20599937438965, 0.3149999976158142, 1.6679999828338623, 0.2280000001192093, 0.0, 0.0, 0.0, 0.0, -0.017999999225139618, 0.0, 0.0, 0.0, 0.0, 0.0, 0.0, 0.05400000140070915, -0.029999999329447746, -0.006000000052154064, -0.07086999714374542, 0.4793489873409271, -0.09229300171136856, 0.19116899371147156, -0.9554010033607483, -0.17599299550056458, -0.1403139978647232, 0.27812400460243225, 0.396573007106781, 0.08475899696350098, 0.33406901359558105, -0.8527759909629822, 0.254381000995636, 0.31057998538017273]",15.133333333333333,474,0,265,0
"[-1.2982066869735718, -2.0263893604278564, 0.030678972601890564, 0.06442701071500778, 2.672194242477417, 0.8421553373336792, -1.4525270462036133, 0.2160000056028366, 0.492406964302063, 1.9420171976089478, -0.6350674629211426, -0.7643815875053406, -1.6735717058181763, -1.3782784938812256, 1.4813653230667114, 0.24300000071525574, 0.0]","[-0.9130188822746277, -2.0260672569274902, 0.11710695177316666, 0.00581085029989481, 2.1785104274749756, 0.8517345190048218, -0.7274206876754761, 0.374833345413208, 0.03615640103816986, 2.0658183097839355, -0.18552839756011963, -0.048214349895715714, -1.4643690586090088, 0.05685209855437279, 1.7231874465942383, 1.0, 55.099998474121094, 17.1299991607666, -5.8979997634887695, 0.9169999957084656, 0.3409999907016754, 1.187999963760376, -0.06400000303983688, 12.720000267028809, -3.0360000133514404, 44.25600051879883, 0.15000000596046448, 1.2489999532699585, 0.22699999809265137, -0.47999998927116394, 0.0, 0.0, 1.812000036239624, 2.26200008392334, 1.350000023841858, -2.303999900817871, 0.0, 0.0, -0.1379999965429306, 0.035999998450279236, -0.11999999731779099, 0.0, -0.05999999865889549, -0.2210790067911148, 0.4351480007171631, -0.08207300305366516, 0.3228209912776947, -0.9208030104637146, -0.1413549929857254, -0.16711199283599854, 0.5597509741783142, 0.014421000145375729, -0.041301000863313675, 0.5343869924545288, 0.02810700051486492, 0.8447250127792358, 0.00888300035148859]",7.8,489,0,348,0
"[-1.3103251457214355, -2.0263893604278564, 0.05061936005949974, 0.06442701071500778, 2.6688201427459717, 0.8436898589134216, -1.4615763425827026, 0.2160000056028366, 0.4928671717643738, 1.9420171976089478, -0.6350674629211426, -0.6921312212944031, -1.6751056909561157, -1.3572633266448975, 1.4367265701293945, 0.24300000071525574, 0.0]","[-1.3132171630859375, -2.026014804840088, 0.07075974345207214, 0.10298989713191986, 2.658716917037964, 0.8319461941719055, -1.5279743671417236, 0.37308332324028015, 0.4745527505874634, 1.9384855031967163, -0.5919214487075806, -0.6471157670021057, -1.6599661111831665, -1.3356927633285522, 1.395930290222168, 1.0, 55.099998474121094, 16.513999938964844, -1.937000036239624, 3.7309999465942383, 0.1080000028014183, 1.1690000295639038, -0.2840000092983246, 26.621999740600586, -6.61299991607666, 28.926000595092773, 0.35199999809265137, 1.6180000305175781, 0.210999995470047, -0.006000000052154064, 0.0, -0.024000000208616257, -0.19200000166893005, 0.20999999344348907, 0.20399999618530273, 0.14399999380111694, 0.3059999942779541, 0.0, 0.0, 0.0, -0.029999999329447746, 0.017999999225139618, 0.3779999911785126, -0.07649499922990799, 0.48730000853538513, -0.08458500355482101, 0.2112240046262741, -0.9442480206489563, -0.20552599430084229, -0.1467590034008026, 0.29767000675201416, 0.3852519989013672, 0.09989800304174423, 0.3634890019893646, -0.8369719982147217, 0.25886499881744385, 0.3167650103569031]",4.266666666666667,448,0,182,0
"[-1.3130862712860107, -2.0263893604278564, 0.07485706359148026, 0.09111764281988144, 2.663451910018921, 0.8380137085914612, -1.5180277824401855, 0.2160000056028366, 0.49746933579444885, 1.9389503002166748, -0.5916547775268555, -0.6447311639785767, -1.6643682718276978, -1.3321075439453125, 1.410954475402832, 1.0, 0.0]","[-0.547179639339447, -2.025648355484009, 0.7636992335319519, 0.2469349503517151, 1.5097914934158325, 1.126990795135498, -0.7877628207206726, 1.0, 0.03980344906449318, 2.0658531188964844, -0.18399278819561005, -0.0427001491189003, -1.4629905223846436, 0.056520551443099976, 1.7207270860671997, 1.0, 55.099998474121094, 15.217000007629395, -3.5460000038146973, -0.43799999356269836, 0.21299999952316284, 0.765999972820282, -0.2930000126361847, 13.354000091552734, -2.3389999866485596, 43.465999603271484, 0.16099999845027924, 1.2979999780654907, 0.15399999916553497, -1.6380000114440918, 0.0, 0.6840000152587891, -1.2300000190734863, 0.23399999737739563, -1.062000036239624, -0.035999998450279236, 0.05400000140070915, 0.0, 0.0, -0.012000000104308128, -0.041999999433755875, 0.0, 0.0, -0.30313199758529663, 0.36986300349235535, -0.030587999150156975, 0.3587459921836853, -0.8848369717597961, -0.1854420006275177, -0.2323240041732788, 0.558830976486206, 0.016070999205112457, -0.04311300069093704, 0.5320379734039307, 0.02730800025165081, 0.8462240099906921, 0.009669000282883644]",0.3333333333333333,361,0,172,0
"[-0.8485977649688721, -2.02638840675354, 0.7021016478538513, 0.0055211856961250305, 1.5666532516479492, 0.8386263251304626, -0.7784956693649292, 1.0, 0.03681422770023346, 2.0662708282470703, -0.18407638370990753, -0.05061977729201317, -1.4618829488754272, 0.056756392121315, 1.7211251258850098, 1.0, 0.0]","[-0.838891327381134, -2.0258753299713135, 0.2995815873146057, -0.03994305059313774, 1.977765440940857, 0.7739598751068115, -0.7728605270385742, 1.0, 0.03833765164017677, 2.065870523452759, -0.18319010734558105, -0.05055265128612518, -1.4615421295166016, 0.05678229779005051, 1.7238332033157349, 1.0, 55.099998474121094, 15.751999855041504, -2.8610000610351562, 2.124000072479248, 0.15000000596046448, 1.0360000133514404, -0.1599999964237213, 13.461999893188477, -3.5820000171661377, 44.029998779296875, 0.21799999475479126, 1.3309999704360962, 0.2029999941587448, 0.029999999329447746, 0.0, -1.1160000562667847, -0.04800000041723251, 1.1519999504089355, -0.041999999433755875, 0.09600000083446503, 0.0, 0.0, 0.024000000208616257, 0.0, 0.0, 0.0, 0.0, -0.2615019977092743, 0.41370099782943726, -0.09114599972963333, 0.3300530016422272, -0.9052979946136475, -0.22627900540828705, -0.14246700704097748, 0.5600690245628357, 0.015775000676512718, -0.040557000786066055, 0.5352029800415039, 0.029955999925732613, 0.8441140055656433, 0.011433999985456467]",3.2,464,0,150,0
"[-0.09449244290590286, -2.02638840675354, 0.001380670233629644, 0.07623820751905441, 1.1460357904434204, -0.02868536114692688, -0.9789867401123047, 1.0, 0.03804155811667442, 2.0662708282470703, -0.18407638370990753, -0.04218372702598572, -1.4632635116577148, 0.056296128779649734, 1.7229658365249634, 1.0, 0.0]","[-1.2922248840332031, -2.025491237640381, 0.021149400621652603, 0.06213945150375366, 2.666569232940674, 0.8421021103858948, -1.4239025115966797, 0.2795833349227905, 0.4878671169281006, 1.9401084184646606, -0.6327893733978271, -0.8200627565383911, -1.6561620235443115, -1.3717271089553833, 1.516492247581482, 0.42133334279060364, 55.099998474121094, 15.178999900817871, -1.6299999952316284, 2.312999963760376, 0.21699999272823334, 0.984000027179718, -0.3019999861717224, 26.906999588012695, -6.953999996185303, 29.170000076293945, 0.3140000104904175, 1.7610000371932983, 0.23800000548362732, 0.13199999928474426, 0.0, -0.5400000214576721, -0.06599999964237213, 0.0, 0.19200000166893005, 0.4860000014305115, -0.1080000028014183, -0.05400000140070915, 0.0, -0.5519999861717224, 0.23399999737739563, 0.05400000140070915, 0.28200000524520874, -0.08126000314950943, 0.4776670038700104, -0.09339100122451782, 0.19913199543952942, -0.9508439898490906, -0.18194900453090668, -0.15210500359535217, 0.2622489929199219, 0.3951779901981354, 0.1240210011601448, 0.3522239923477173, -0.8507339954376221, 0.2196200042963028, 0.32242000102996826]",6.6,372,0,474,0
"[-1.2695213556289673, -2.0263893604278564, -0.03727542236447334, 0.0613587386906147, 2.6672866344451904, 0.8817328810691833, -1.3480626344680786, 0.2160000056028366, 0.4770672917366028, 1.9170122146606445, -0.6335334777832031, -0.8775895833969116, -1.5904302597045898, -1.3242826461791992, 1.5545358657836914, 0.23999999463558197, 0.0]","[-1.169725775718689, -2.018563747406006, 0.1307179480791092, 0.25408944487571716, 2.431727409362793, 0.982539713382721, -1.1763393878936768, 0.3738333284854889, 0.036295998841524124, 2.0667779445648193, -0.18278875946998596, -0.07318529486656189, -1.4631999731063843, 0.04406125098466873, 1.7238681316375732, 1.0, 55.099998474121094, 17.131000518798828, -3.934999942779541, 0.7149999737739563, 0.23199999332427979, 1.1640000343322754, -0.24400000274181366, 14.883999824523926, -6.611000061035156, 44.00600051879883, 0.4690000116825104, 1.350000023841858, 0.3019999861717224, -0.22200000286102295, 0.006000000052154064, 0.0, -0.11400000005960464, 0.2160000056028366, -0.46799999475479126, -0.041999999433755875, 0.0, 0.0, 0.0, -0.9900000095367432, 0.0, -0.25200000405311584, 0.0, -0.11815699934959412, 0.4930329918861389, -0.03810099884867668, 0.2727870047092438, -0.9399759769439697, -0.09836599975824356, -0.1798730045557022, 0.5632110238075256, 0.018309999257326126, -0.03374600037932396, 0.5434889793395996, 0.025956999510526657, 0.8388149738311768, 0.018300000578165054]",9.9,248,0,314,0
"[-0.8357113599777222, -2.02638840675354, 0.22902192175388336, -0.051387179642915726, 2.0409600734710693, 0.7731252312660217, -0.745975136756897, 1.0, 0.037274472415447235, 2.0662708282470703, -0.18254226446151733, -0.05061977729201317, -1.4618829488754272, 0.056756392121315, 1.7241930961608887, 1.0, 0.0]","[-1.2573597431182861, -2.026136875152588, 0.06562944501638412, 0.09112390130758286, 2.5407373905181885, 0.8532351851463318, -1.3320108652114868, 0.37308332324028015, 0.43565669655799866, 1.9544174671173096, -0.5257684588432312, -0.6396123170852661, -1.648955225944519, -1.3628449440002441, 1.284791111946106, 1.0, 55.099998474121094, 16.253999710083008, -3.2709999084472656, 1.934000015258789, 0.1720000058412552, 1.090000033378601, -0.1979999989271164, 25.81599998474121, -5.625, 28.913999557495117, 0.2840000092983246, 1.5880000591278076, 0.22599999606609344, -0.18000000715255737, 0.0, 0.09000000357627869, 0.012000000104308128, 0.0, -0.18000000715255737, -1.8359999656677246, 0.07800000160932541, -0.12600000202655792, -0.3840000033378601, 0.07199999690055847, -0.09000000357627869, 0.05400000140070915, 0.09000000357627869, -0.08946800231933594, 0.48337799310684204, -0.08237999677658081, 0.22412699460983276, -0.9439690113067627, -0.16901999711990356, -0.173552006483078, 0.31226301193237305, 0.3703230023384094, 0.10402800142765045, 0.39611300826072693, -0.8282889723777771, 0.23626300692558289, 0.318136990070343]",4.2,127,0,156,0
"[-0.9694747924804688, -2.024547576904297, 0.12348423898220062, 0.1556982696056366, 2.337785005569458, 0.9782188534736633, -0.8867945671081543, 0.2199999988079071, 0.03389986604452133, 2.0662708282470703, -0.18729810416698456, -0.039882510900497437, -1.4667919874191284, 0.056756392121315, 1.7229658365249634, 1.0, 0.0]","[-1.21821928024292, -2.0251598358154297, 0.09337494522333145, 0.06327369809150696, 2.5279293060302734, 0.8586272597312927, -1.2341338396072388, 0.37308332324028015, 0.3307821750640869, 1.9523409605026245, -0.4844468832015991, -0.6547763347625732, -1.654172658920288, -1.4502869844436646, 1.1679459810256958, 1.0, 55.099998474121094, 17.003000259399414, -3.6600000858306885, 2.677999973297119, 0.24699999392032623, 1.284000039100647, -0.24199999868869781, 24.566999435424805, -3.680000066757202, 30.29800033569336, 0.13600000739097595, 1.6660000085830688, 0.19599999487400055, -0.2879999876022339, 0.0, -0.006000000052154064, 0.09000000357627869, 0.4259999990463257, 0.035999998450279236, -0.017999999225139618, 0.7979999780654907, 0.05400000140070915, -0.7739999890327454, 0.1080000028014183, 0.012000000104308128, 0.4320000112056732, -0.4740000069141388, -0.10721299797296524, 0.4726870059967041, -0.0900769978761673, 0.2187509983778, -0.9530619978904724, -0.1399330049753189, -0.1556839942932129, 0.34014999866485596, 0.32961899042129517, 0.11131899803876877, 0.41755300760269165, -0.8329820036888123, 0.21007099747657776, 0.29607099294662476]",11.033333333333333,409,0,124,0
"[-1.322290062904358, -2.0263893604278564, 0.06595910340547562, 0.07056184113025665, 2.669893264770508, 0.8553475737571716, -1.4802908897399902, 0.2160000056028366, 0.5057534575462341, 1.951220154762268, -0.6412023305892944, -0.658076286315918, -1.6766396760940552, -1.3222895860671997, 1.4235352277755737, 0.24300000071525574, 0.0]","[-0.767224133014679, -2.0260672569274902, 0.7772579193115234, 0.06953825056552887, 1.5122519731521606, 0.9237855076789856, -0.7763505578041077, 1.0, 0.030834149569272995, 2.0659055709838867, -0.18401025235652924, -0.05074460059404373, -1.4617689847946167, 0.05685209855437279, 1.722105622291565, 1.0, 55.099998474121094, 14.777000427246094, -3.2360000610351562, 1.003000020980835, 0.210999995470047, 0.824999988079071, -0.257999986410141, 13.654999732971191, -3.559999942779541, 44.21200180053711, 0.17100000381469727, 1.3600000143051147, 0.22100000083446503, -0.7919999957084656, 0.0, -0.09600000083446503, -0.6179999709129333, 0.0, -0.8820000290870667, 0.035999998450279236, 0.0, 0.0, 0.0, 0.006000000052154064, 0.0, 0.0, -0.012000000104308128, -0.2635459899902344, 0.4094659984111786, -0.06920699775218964, 0.3334299921989441, -0.9039350152015686, -0.19269800186157227, -0.18599100410938263, 0.5601980090141296, 0.01159099955111742, -0.04050099849700928, 0.5353469848632812, 0.031957000494003296, 0.8439819812774658, 0.008697999641299248]",10.2,322,0,93,0
"[-0.8590279817581177, -2.02638840675354, 0.15646487474441528, -0.08881647884845734, 2.060135841369629, 0.7557920813560486, -0.6761787533760071, 0.2199999988079071, 0.03865519538521767, 2.0662708282470703, -0.18254226446151733, -0.05061977729201317, -1.4618829488754272, 0.056756392121315, 1.7257270812988281, 1.0, 0.0]","[-1.3107043504714966, -2.026136875152588, 0.04940095171332359, 0.06439050287008286, 2.6664822101593018, 0.8495182991027832, -1.4609489440917969, 0.34716665744781494, 0.49353837966918945, 1.942795753479004, -0.6363840699195862, -0.6896763443946838, -1.6762994527816772, -1.3552542924880981, 1.4356639385223389, 0.4360833466053009, 55.099998474121094, 10.267999649047852, -15.085000038146973, -3.5859999656677246, 2.434999942779541, -0.25600001215934753, 0.3100000023841858, 33.52199935913086, -11.03499984741211, 41.06999969482422, 1.7000000476837158, 3.1040000915527344, 0.08500000089406967, 0.05999999865889549, 0.0, 0.0, 0.0, -0.07199999690055847, -0.017999999225139618, 0.16200000047683716, -0.017999999225139618, -0.012000000104308128, 0.006000000052154064, -0.5519999861717224, 0.0, -0.1979999989271164, 0.23999999463558197, -0.07411500066518784, 0.4771200120449066, -0.09477200359106064, 0.190421000123024, -0.9532909989356995, -0.18219099938869476, -0.1475829929113388, 0.28041601181030273, 0.3902220129966736, 0.09511999785900116, 0.3370169997215271, -0.8547030091285706, 0.24335099756717682, 0.31093400716781616]",2.933333333333333,166,0,299,0
"[-1.2759648561477661, -2.0263893604278564, -0.0220887940376997, 0.05629606172442436, 2.6706602573394775, 0.857495129108429, -1.382423758506775, 0.2160000056028366, 0.4779878854751587, 1.9378753900527954, -0.6335334777832031, -0.871913492679596, -1.6395177841186523, -1.348366141319275, 1.5482470989227295, 0.23999999463558197, 0.0]","[-1.1469535827636719, -2.0250725746154785, 0.12682659924030304, 0.20929530262947083, 2.436037302017212, 0.9982097744941711, -1.2299457788467407, 0.3738333284854889, -0.03596445173025131, 2.0590476989746094, -0.32029473781585693, -0.23705825209617615, -1.550554633140564, -0.07248729467391968, 1.6813249588012695, 1.0, 55.099998474121094, 15.932999610900879, -4.308000087738037, 3.246000051498413, 0.25099998712539673, 1.1729999780654907, -0.1850000023841858, 18.41200065612793, -5.568999767303467, 43.393001556396484, 0.3019999861717224, 1.6660000085830688, 0.2329999953508377, 0.5040000081062317, 0.0, 0.024000000208616257, -0.18000000715255737, 0.017999999225139618, 0.23999999463558197, 0.1979999989271164, -1.656000018119812, 0.07800000160932541, -0.012000000104308128, -0.6000000238418579, -0.035999998450279236, -2.7839999198913574, -0.5220000147819519, -0.12594600021839142, 0.47918400168418884, -0.053936999291181564, 0.24038299918174744, -0.9409109950065613, -0.1416739970445633, -0.1919109970331192, 0.5824069976806641, 0.017642000690102577, 0.021102000027894974, 0.6009569764137268, -0.101671002805233, 0.7927420139312744, -0.008514000102877617]",4.566666666666666,357,0,461,0
"[-1.3120124340057373, -2.0263893604278564, 0.05061936005949974, 0.06442701071500778, 2.6711204051971436, 0.8444568514823914, -1.466178297996521, 0.2160000056028366, 0.493787556886673, 1.9429374933242798, -0.635988175868988, -0.6751039624214172, -1.6760261058807373, -1.3471393585205078, 1.4316641092300415, 0.24300000071525574, 0.0]","[-1.3226052522659302, -2.02597975730896, 0.06725230067968369, 0.07941494882106781, 2.676358938217163, 0.8560097813606262, -1.4798821210861206, 0.37308332324028015, 0.5257859826087952, 1.9498629570007324, -0.6436432003974915, -0.6433466076850891, -1.6857572793960571, -1.3084882497787476, 1.4472156763076782, 1.0, 55.099998474121094, 15.45199966430664, -2.3970000743865967, 3.4579999446868896, 0.15299999713897705, 1.0980000495910645, -0.2680000066757202, 27.33799934387207, -5.940000057220459, 30.368000030517578, 0.2680000066757202, 1.7719999551773071, 0.22699999809265137, -0.006000000052154064, 0.0, 0.0, 0.0, 0.0, 0.0, 0.0, 0.0, 0.024000000208616257, -0.15600000321865082, -0.14399999380111694, 0.0, -0.035999998450279236, -0.017999999225139618, -0.07092499732971191, 0.4791960120201111, -0.09244000166654587, 0.19083300232887268, -0.955528974533081, -0.17586299777030945, -0.140066996216774, 0.2780979871749878, 0.3993290066719055, 0.0824429988861084, 0.33215001225471497, -0.8508440256118774, 0.2636840045452118, 0.3101769983768463]",2.9,439,0,17,0
"[-1.0691829919815063, -2.024855375289917, 0.12179666012525558, 0.14910203218460083, 2.4509949684143066, 1.011813759803772, -1.1662851572036743, 0.2199999988079071, -0.16367486119270325, 2.042954921722412, 0.13192127645015717, -0.5924226641654968, -1.4853525161743164, -1.5948790311813354, 1.3816561698913574, 1.0, 0.0]","[-0.12707090377807617, -2.022193193435669, 0.44829049706459045, 0.18940229713916779, 1.1593255996704102, 1.4945751428604126, -0.6999020576477051, 1.0, 0.03572014719247818, 2.0658183097839355, -0.1867673546075821, -0.044724348932504654, -1.4655033349990845, 0.056450746953487396, 1.7209365367889404, 1.0, 55.099998474121094, 18.715999603271484, 0.5009999871253967, -6.35699987411499, -0.09099999815225601, 1.00600004196167, -0.41499999165534973, 14.79800033569336, -1.225000023841858, 45.36600112915039, -0.08699999749660492, 1.5679999589920044, 0.21199999749660492, -2.6760001182556152, 0.1080000028014183, 2.9040000438690186, 2.171999931335449, 2.5260000228881836, -1.350000023841858, -0.23399999737739563, -0.11999999731779099, 0.0, 0.041999999433755875, 0.012000000104308128, 0.0, 0.0, 0.0, -0.40313100814819336, 0.23123499751091003, 0.0663670003414154, 0.5909709930419922, -0.6547420024871826, -0.2914409935474396, -0.37030500173568726, 0.5592349767684937, 0.014004000462591648, -0.04239699989557266, 0.5330359935760498, 0.02674500085413456, 0.8456349968910217, 0.007552000228315592]",5.866666666666666,251,0,341,0
"[-0.8387792110443115, -2.02638840675354, 0.3291908800601959, -0.038348373025655746, 1.943705677986145, 0.7768068313598633, -0.7740467190742493, 1.0, 0.038348376750946045, 2.0662708282470703, -0.1834627389907837, -0.05061977729201317, -1.4618829488754272, 0.056756392121315, 1.7241930961608887, 1.0, 0.0]","[-1.2795910835266113, -2.0259101390838623, 0.07569810003042221, 0.11475120484828949, 2.569058895111084, 0.8386818766593933, -1.46721351146698, 0.37308332324028015, 0.4380124509334564, 1.9423245191574097, -0.5515421628952026, -0.6375357508659363, -1.6572788953781128, -1.3456567525863647, 1.321593165397644, 1.0, 55.099998474121094, 16.867000579833984, -1.7000000476837158, 2.430999994277954, 0.10999999940395355, 1.1829999685287476, -0.31700000166893005, 27.88599967956543, -6.984000205993652, 29.25200080871582, 0.4259999990463257, 1.8109999895095825, 0.2540000081062317, -0.492000013589859, 0.0, 0.035999998450279236, 0.414000004529953, 1.062000036239624, -0.1679999977350235, -1.565999984741211, 0.0, -0.12600000202655792, -0.2280000001192093, -0.09000000357627869, -0.11400000005960464, 0.25200000405311584, 0.8640000224113464, -0.08420900255441666, 0.4900360107421875, -0.07756199687719345, 0.22538599371910095, -0.9354289770126343, -0.2106190025806427, -0.17266300320625305, 0.3138259947299957, 0.3726469874382019, 0.10376299917697906, 0.38842299580574036, -0.8310310244560242, 0.2499070018529892, 0.3099350035190582]",9.633333333333333,360,0,467,0
"[-0.8381654620170593, -2.02638840675354, 0.3023463487625122, -0.039115436375141144, 1.9753056764602661, 0.7755796313285828, -0.7726660966873169, 1.0, 0.038348376750946045, 2.0662708282470703, -0.18284907937049866, -0.05061977729201317, -1.4618829488754272, 0.056756392121315, 1.7241930961608887, 1.0, 0.0]","[-0.9189170002937317, -2.0260672569274902, 0.11717675626277924, 0.03055495023727417, 2.2105486392974854, 0.8697603344917297, -0.7570682168006897, 0.374833345413208, 0.036208752542734146, 2.065800905227661, -0.18716870248317719, -0.04734184965491295, -1.465765118598938, 0.05664269998669624, 1.7224023342132568, 1.0, 55.099998474121094, 17.131000518798828, -7.5920000076293945, 1.1959999799728394, 0.6029999852180481, 1.0529999732971191, -0.0949999988079071, 13.003000259399414, -2.940000057220459, 44.1349983215332, 0.20200000703334808, 1.2869999408721924, 0.17499999701976776, -0.5519999861717224, 0.0, 0.0, 2.052000045776367, 2.3459999561309814, 1.5299999713897705, -2.502000093460083, 0.0, 0.0, -0.13199999928474426, 0.11999999731779099, -0.08399999886751175, 0.0, -0.035999998450279236, -0.21946099400520325, 0.43712300062179565, -0.07865899801254272, 0.31758299469947815, -0.9237930178642273, -0.13554400205612183, -0.1654530018568039, 0.5596470236778259, 0.014444000087678432, -0.04151900112628937, 0.5341399908065796, 0.02681799978017807, 0.8449310064315796, 0.008105999790132046]",5.0,296,0,50,0
"[-1.3130862712860107, -2.0263893604278564, 0.07439681887626648, 0.08912324905395508, 2.6660594940185547, 0.8397012948989868, -1.515573263168335, 0.2160000056028366, 0.5002304315567017, 1.9389503002166748, -0.5919615626335144, -0.6436572670936584, -1.66605544090271, -1.3316473960876465, 1.4123351573944092, 1.0, 0.0]","[-1.127776026725769, -2.0245139598846436, 0.09091450273990631, 0.04072830080986023, 2.4520914554595947, 0.8840868473052979, -1.1678062677383423, 0.3734166622161865, 0.1050489991903305, 1.957192063331604, -0.11543174833059311, -0.6412176489830017, -1.6310863494873047, -1.56078040599823, 1.3220120668411255, 1.0, 55.099998474121094, 16.208999633789062, -3.75600004196167, 1.0470000505447388, 0.4009999930858612, 1.0870000123977661, -0.3199999928474426, 24.604999542236328, -6.038000106811523, 29.683000564575195, 0.14300000667572021, 1.5049999952316284, 0.18299999833106995, -0.5759999752044678, 0.0, -0.12600000202655792, -0.44999998807907104, 0.0, -0.8399999737739563, -0.10199999809265137, 1.5779999494552612, -0.3659999966621399, -1.50600004196167, -0.15000000596046448, -0.9179999828338623, 0.16200000047683716, -0.9539999961853027, -0.13872799277305603, 0.4591130018234253, -0.09148500114679337, 0.22153200209140778, -0.9435489773750305, -0.17142300307750702, -0.17677900195121765, 0.41639599204063416, 0.21838299930095673, 0.1698639988899231, 0.5358710289001465, -0.6792770028114319, 0.3460969924926758, 0.3628219962120056]",5.1,403,0,338,0
"[-1.0852904319763184, -2.024855375289917, 0.13038793206214905, 0.21889789402484894, 2.449921131134033, 1.0423405170440674, -1.216599941253662, 0.2199999988079071, -0.3225953280925751, 2.0596764087677, -0.035894930362701416, -0.28624001145362854, -1.447616457939148, -0.8294222950935364, 1.4654115438461304, 1.0, 0.0]","[-1.299588680267334, -2.025944948196411, 0.03282345086336136, 0.06419854611158371, 2.6692917346954346, 0.8436028361320496, -1.4535325765609741, 0.3154999911785126, 0.4927356541156769, 1.9421499967575073, -0.6358430981636047, -0.7481687664985657, -1.6756188869476318, -1.3752518892288208, 1.4691154956817627, 0.4259166717529297, 55.099998474121094, 15.85200023651123, -11.307999610900879, 5.2779998779296875, 1.9850000143051147, 1.2710000276565552, 0.3269999921321869, 24.871999740600586, -5.951000213623047, 39.54399871826172, 0.20100000500679016, 1.2419999837875366, 0.2980000078678131, 0.11400000005960464, 0.0, -0.2939999997615814, 0.0, 0.17399999499320984, -0.09600000083446503, 0.041999999433755875, -0.006000000052154064, 0.0, 0.0, -0.5580000281333923, 0.035999998450279236, -0.2939999997615814, 0.4020000100135803, -0.07887300103902817, 0.4776880145072937, -0.09383600205183029, 0.1954450011253357, -0.9506589770317078, -0.1883230060338974, -0.15027600526809692, 0.2712000012397766, 0.39173299074172974, 0.10609400272369385, 0.33758801221847534, -0.8571479916572571, 0.229311004281044, 0.3142389953136444]",3.2666666666666666,260,0,233,0
"[-1.307411551475525, -2.0263893604278564, 0.04985316842794418, 0.06442701071500778, 2.6649863719940186, 0.8436898589134216, -1.4560548067092896, 0.2160000056028366, 0.492406964302063, 1.9420171976089478, -0.6350674629211426, -0.7123796343803406, -1.6751056909561157, -1.360637903213501, 1.4509927034378052, 0.24300000071525574, 0.0]","[-1.3225704431533813, -2.02597975730896, 0.06749659776687622, 0.0798337459564209, 2.674456834793091, 0.8558003306388855, -1.4799518585205078, 0.37275001406669617, 0.5154555439949036, 1.9508750438690186, -0.6447949409484863, -0.657341480255127, -1.6782537698745728, -1.3215060234069824, 1.4344947338104248, 0.9825000166893005, 55.099998474121094, 15.82800006866455, -2.0290000438690186, 3.5169999599456787, 0.10700000077486038, 1.1349999904632568, -0.27000001072883606, 26.19300079345703, -6.013999938964844, 30.08300018310547, 0.2980000078678131, 1.6749999523162842, 0.22599999606609344, 0.0, 0.0, 0.0, 0.0, -0.041999999433755875, 0.0, 0.0, -0.017999999225139618, 0.0, 0.0, -0.006000000052154064, 0.0, -0.012000000104308128, -0.006000000052154064, -0.07079900056123734, 0.4793879985809326, -0.09224800020456314, 0.19122500717639923, -0.9552749991416931, -0.1762849986553192, -0.14072799682617188, 0.27809301018714905, 0.3965170085430145, 0.08489900082349777, 0.3341369926929474, -0.852662980556488, 0.2542620003223419, 0.310914009809494]",14.966666666666667,254,0,363,0
"[-0.7510358095169067, -2.02638840675354, 0.7768064737319946, 0.08252736181020737, 1.5109695196151733, 0.939715564250946, -0.7774216532707214, 1.0, 0.031446442008018494, 2.0662708282470703, -0.18407638370990753, -0.05061977729201317, -1.4618829488754272, 0.056756392121315, 1.7226591110229492, 1.0, 0.0]","[-1.3226401805877686, -2.02597975730896, 0.06725230067968369, 0.0794498473405838, 2.6762542724609375, 0.8559050559997559, -1.4799344539642334, 0.37308332324028015, 0.5237966775894165, 1.9508925676345825, -0.6454929709434509, -0.6464701890945435, -1.684605598449707, -1.3130775690078735, 1.441666603088379, 0.996916651725769, 55.099998474121094, 16.121000289916992, -2.0230000019073486, 3.4179999828338623, 0.11400000005960464, 1.1640000343322754, -0.2750000059604645, 26.738000869750977, -6.160999774932861, 31.49799919128418, 0.2809999883174896, 1.7430000305175781, 0.24500000476837158, 0.0, 0.0, 0.0, 0.0, 0.0, 0.0, -0.006000000052154064, -0.11999999731779099, 0.0, 0.0, -0.07199999690055847, 0.09600000083446503, -0.1860000044107437, -0.1979999989271164, -0.07091200351715088, 0.4792259931564331, -0.09241899847984314, 0.1909009963274002, -0.955502986907959, -0.17589999735355377, -0.14010000228881836, 0.27759701013565063, 0.398501992225647, 0.08218800276517868, 0.33141300082206726, -0.8523600101470947, 0.2600249946117401, 0.3098919987678528]",12.833333333333334,110,0,456,0
"[-1.231631875038147, -2.0263893604278564, 0.08942969143390656, 0.07531769573688507, 2.543339729309082, 0.8605638742446899, -1.2334734201431274, 0.2199999988079071, 0.3821139931678772, 1.9573577642440796, -0.5089735984802246, -0.6464187502861023, -1.6511766910552979, -1.4028246402740479, 1.1713473796844482, 1.0, 0.0]","[-1.0965405702590942, -2.0244617462158203, 0.10977794975042343, 0.0790659487247467, 2.448200225830078, 0.9496639370918274, -1.165502905845642, 0.3734166622161865, 0.015513050369918346, 1.987869143486023, -0.02034669928252697, -0.6394727230072021, -1.5722624063491821, -1.5756651163101196, 1.3514152765274048, 1.0, 55.099998474121094, 18.774999618530273, -4.48799991607666, 0.02199999988079071, 0.5720000267028809, 1.2059999704360962, -0.17399999499320984, 24.954999923706055, -9.20199966430664, 29.961999893188477, 0.4350000023841858, 1.7589999437332153, 0.492000013589859, -0.6480000019073486, 0.0, -0.492000013589859, -1.1460000276565552, 0.029999999329447746, -1.5240000486373901, -0.006000000052154064, 2.2139999866485596, -1.0920000076293945, -2.2799999713897705, 0.1379999965429306, -1.5839999914169312, 0.4020000100135803, -0.4620000123977661, -0.14884799718856812, 0.45410099625587463, -0.08474099636077881, 0.21336300671100616, -0.9455029964447021, -0.1664929986000061, -0.18104900419712067, 0.4341680109500885, 0.17046299576759338, 0.17948900163173676, 0.5854380130767822, -0.6090250015258789, 0.3739280104637146, 0.3827889859676361]",11.7,442,0,23,0
"[-0.5654245615005493, -2.02638840675354, 0.7677563428878784, 0.23070982098579407, 1.5089751482009888, 1.112595558166504, -0.7884658575057983, 1.0, 0.04064958542585373, 2.0662708282470703, -0.18407638370990753, -0.043564461171627045, -1.4641838073730469, 0.056756392121315, 1.7211251258850098, 1.0, 0.0]","[-1.2881240844726562, -2.025456428527832, 0.006683349609375, 0.06009779870510101, 2.6666738986968994, 0.8460632562637329, -1.4107801914215088, 0.2774166762828827, 0.4849529564380646, 1.9388346672058105, -0.6328067779541016, -0.8353314995765686, -1.6511015892028809, -1.3695807456970215, 1.5249031782150269, 0.42100000381469727, 55.099998474121094, 16.461000442504883, -2.2060000896453857, 2.7769999504089355, 0.14100000262260437, 1.1410000324249268, -0.17000000178813934, 25.884000778198242, -4.638999938964844, 28.927000045776367, 0.17299999296665192, 1.5850000381469727, 0.16500000655651093, 0.15000000596046448, 0.0, -0.7440000176429749, -0.09600000083446503, 0.024000000208616257, 0.1379999965429306, 0.5580000281333923, -0.1679999977350235, -0.029999999329447746, 0.0, -0.7020000219345093, 0.13199999928474426, 0.2460000067949295, 0.5759999752044678, -0.08163899928331375, 0.4770810008049011, -0.0933540016412735, 0.1987610012292862, -0.9502649903297424, -0.18147200345993042, -0.15670600533485413, 0.26103800535202026, 0.39546099305152893, 0.12819600105285645, 0.3564260005950928, -0.8491610288619995, 0.21746599674224854, 0.32340800762176514]",3.8666666666666667,336,0,296,0
"[-0.8369380831718445, -2.02638840675354, 0.24988418817520142, -0.04755251482129097, 2.0250070095062256, 0.7734320759773254, -0.7544122338294983, 1.0, 0.03788813203573227, 2.0662708282470703, -0.18254226446151733, -0.05061977729201317, -1.4618829488754272, 0.056756392121315, 1.7241930961608887, 1.0, 0.0]","[-0.8956910371780396, -2.026014804840088, 0.14504440128803253, -0.11260484904050827, 2.0612289905548096, 0.7220286130905151, -0.67121422290802, 0.5178333520889282, 0.038599397987127304, 2.0658531188964844, -0.18250954151153564, -0.05055265128612518, -1.4615771770477295, 0.056712500751018524, 1.7255781888961792, 1.0, 55.099998474121094, 14.942000389099121, -3.7179999351501465, 2.0399999618530273, 0.22300000488758087, 0.949999988079071, -0.24699999392032623, 13.218999862670898, -2.9800000190734863, 43.88199996948242, 0.16099999845027924, 1.3339999914169312, 0.19300000369548798, 0.006000000052154064, 0.0, 0.0, -0.024000000208616257, 0.0, 0.0, 0.05999999865889549, 0.0, 0.0, 0.0, 0.0, 0.0, 0.0, 0.012000000104308128, -0.23479799926280975, 0.4220519959926605, -0.1039619967341423, 0.33033400774002075, -0.9110519886016846, -0.1979369968175888, -0.14725199341773987, 0.5600699782371521, 0.01592100039124489, -0.04054899886250496, 0.5351799726486206, 0.03085700049996376, 0.8440859913825989, 0.012165999971330166]",5.466666666666667,493,0,128,0
"[-1.2686009407043457, -2.0263893604278564, -0.041877150535583496, 0.06181897968053818, 2.6683599948883057, 0.8828064799308777, -1.344074010848999, 0.2160000056028366, 0.4776809811592102, 1.9148646593093872, -0.6335334777832031, -0.878510057926178, -1.5882829427719116, -1.3176865577697754, 1.5565297603607178, 0.23999999463558197, 0.0]","[-1.087693452835083, -2.0055809020996094, 0.12874609231948853, 0.2498665601015091, 2.3908944129943848, 1.025170087814331, -1.0857040882110596, 0.37416666746139526, 0.03964640200138092, 2.0658531188964844, -0.18394045531749725, -0.046870701014995575, -1.464595913887024, 0.0556829497218132, 1.7234492301940918, 1.0, 55.099998474121094, 16.492000579833984, -3.134000062942505, 0.8399999737739563, 0.12800000607967377, 1.1150000095367432, -0.15700000524520874, 13.100000381469727, -3.321000099182129, 44.441001892089844, 0.21699999272823334, 1.340999960899353, 0.1940000057220459, -0.5580000281333923, -0.11999999731779099, 0.0, 0.23399999737739563, 0.2879999876022339, -0.1379999965429306, -1.656000018119812, 0.09000000357627869, 0.0, 0.0, 0.0, 0.0, -0.1080000028014183, 0.0, -0.15118099749088287, 0.4821000099182129, -0.03134699910879135, 0.2818880081176758, -0.9371320009231567, -0.09513700008392334, -0.18240000307559967, 0.5594890117645264, 0.016433000564575195, -0.04174499958753586, 0.5337420105934143, 0.027479000389575958, 0.845130980014801, 0.010755999945104122]",3.9,368,0,243,0
"[-0.10645740479230881, -2.02638840675354, -0.1277799755334854, 0.09510646015405655, 1.1055394411087036, -0.08390755951404572, -1.0036834478378296, 1.0, 0.03988250344991684, 2.0662708282470703, -0.18407638370990753, -0.04295080155134201, -1.4618829488754272, 0.05675636604428291, 1.7226591110229492, 1.0, 0.0]","[-0.08918695151805878, -2.026049852371216, -0.18421965837478638, 0.10052945464849472, 1.0603666305541992, -0.08670904487371445, -1.0496175289154053, 1.0, 0.03943699970841408, 2.0658183097839355, -0.18402768671512604, -0.042525649070739746, -1.4634442329406738, 0.05666014924645424, 1.722350001335144, 1.0, 55.099998474121094, 6.685999870300293, 1.7020000219345093, 10.685999870300293, -0.027000000700354576, 0.6869999766349792, -0.164000004529953, 12.869999885559082, -2.4670000076293945, 44.15700149536133, 0.14399999380111694, 1.309000015258789, 0.21400000154972076, -0.27000001072883606, 0.0, 0.8040000200271606, -0.14399999380111694, 0.3479999899864197, 0.20399999618530273, 0.6000000238418579, 0.006000000052154064, 0.0, 0.0, 0.0, 0.0, 0.0, 0.0, -0.5728790163993835, 0.035686999559402466, -0.010053999722003937, 0.547120988368988, 0.05098399892449379, -0.8348069787025452, -0.033973999321460724, 0.558821976184845, 0.015893999487161636, -0.04314099997282028, 0.5320000052452087, 0.027953999117016792, 0.8462250232696533, 0.009847999550402164]",7.4,458,0,28,0
"[-1.3130862712860107, -2.0263893604278564, 0.0705614686012268, 0.100321464240551, 2.660844326019287, 0.8350993394851685, -1.523856282234192, 0.2160000056028366, 0.4782944917678833, 1.9389503002166748, -0.5905809998512268, -0.647339403629303, -1.6606862545013428, -1.3364028930664062, 1.3994501829147339, 1.0, 0.0]","[-1.3219945430755615, -2.0259275436401367, 0.06667645275592804, 0.0720335990190506, 2.6715078353881836, 0.8544217944145203, -1.4799518585205078, 0.37275001406669617, 0.5067654848098755, 1.9512590169906616, -0.6441143751144409, -0.6580220460891724, -1.6772067546844482, -1.3221341371536255, 1.4247575998306274, 0.8725000023841858, 55.099998474121094, 15.994000434875488, -2.1429998874664307, 3.617000102996826, 0.11400000005960464, 1.1419999599456787, -0.2759999930858612, 25.54800033569336, -6.197999954223633, 29.761999130249023, 0.31200000643730164, 1.6230000257492065, 0.23899999260902405, 0.0, 0.0, 0.0, -0.08399999886751175, -0.006000000052154064, -0.05999999865889549, 0.0, -0.017999999225139618, 0.0, 0.0, 0.0, 0.0, 0.0, 0.0, -0.07055599987506866, 0.4780229926109314, -0.0939679965376854, 0.18838000297546387, -0.9552149772644043, -0.17854000627994537, -0.1421249955892563, 0.2812820076942444, 0.3941110074520111, 0.08509200066328049, 0.33715900778770447, -0.8525220155715942, 0.25354599952697754, 0.30861398577690125]",15.933333333333334,57,0,74,0
"[-1.273050308227539, -2.0263893604278564, -0.02454325556755066, 0.05783021077513695, 2.6682066917419434, 0.8666992783546448, -1.3730659484863281, 0.2160000056028366, 0.47645363211631775, 1.933273434638977, -0.6335334777832031, -0.8765156865119934, -1.6267858743667603, -1.3406966924667358, 1.549627661705017, 0.23999999463558197, 0.0]","[-0.8869660496711731, -2.0259974002838135, 0.12687894701957703, -0.09194405376911163, 2.0614383220672607, 0.7390598654747009, -0.6376055479049683, 0.3752500116825104, 0.03730810061097145, 2.0658531188964844, -0.18247464299201965, -0.050587549805641174, -1.461594581604004, 0.05690445005893707, 1.7265727519989014, 1.0, 55.099998474121094, 18.5310001373291, -3.2730000019073486, 1.2929999828338623, 0.2329999953508377, 1.2690000534057617, -0.28999999165534973, 13.66100025177002, -3.9670000076293945, 44.097999572753906, 0.25099998712539673, 1.3609999418258667, 0.2150000035762787, -0.07800000160932541, 0.0, -0.16200000047683716, 0.4320000112056732, 0.006000000052154064, 0.3959999978542328, 0.1679999977350235, -0.024000000208616257, 0.0, 0.0, 0.0, 0.0, 0.0, -0.017999999225139618, -0.23698900640010834, 0.4250119924545288, -0.09750600159168243, 0.3425999879837036, -0.9090970158576965, -0.18411800265312195, -0.1492220014333725, 0.5600950121879578, 0.015166000463068485, -0.0405380018055439, 0.5352020263671875, 0.03186799958348274, 0.8440369963645935, 0.012004000134766102]",6.866666666666666,66,0,447,0
"[-1.0441794395446777, -2.0036849975585938, 0.1273195892572403, 0.2221195548772812, 2.3738343715667725, 1.0335955619812012, -0.9779131412506104, 0.2199999988079071, 0.034973420202732086, 2.0662708282470703, -0.18438319861888885, -0.04233713075518608, -1.4634168148040771, 0.056756392121315, 1.7241930961608887, 1.0, 0.0]","[-0.12037009745836258, -2.0259974002838135, 0.014343900606036186, 0.08545264601707458, 1.1716278791427612, -0.07489539682865143, -0.9546895027160645, 1.0, 0.03994305059313774, 2.0658531188964844, -0.18402768671512604, -0.043153852224349976, -1.4629905223846436, 0.05669505149126053, 1.7222975492477417, 1.0, 55.099998474121094, 6.47599983215332, -3.125, 10.470000267028809, 0.25699999928474426, 0.640999972820282, -0.20999999344348907, 12.994999885559082, -2.822999954223633, 44.40399932861328, 0.1589999943971634, 1.3339999914169312, 0.19200000166893005, -0.035999998450279236, 0.0, 0.33000001311302185, -0.07800000160932541, 0.024000000208616257, 0.0, 0.024000000208616257, 0.0, 0.0, 0.0, 0.0, 0.006000000052154064, 0.0, 0.012000000104308128, -0.5710369944572449, 0.058274999260902405, -0.010476999916136265, 0.5505269765853882, -0.126677006483078, -0.8230559825897217, 0.05874599888920784, 0.5589020252227783, 0.016157999634742737, -0.0429610013961792, 0.532226026058197, 0.027922000735998154, 0.846081018447876, 0.010095999576151371]",12.1,82,0,20,0
"[-1.3215230703353882, -2.0263893604278564, 0.06749321520328522, 0.07976672798395157, 2.6752638816833496, 0.855961263179779, -1.4802908897399902, 0.2160000056028366, 0.5238533020019531, 1.948765754699707, -0.6333797574043274, -0.6393627524375916, -1.685842514038086, -1.3100172281265259, 1.4465429782867432, 1.0, 0.0]","[-0.03219525143504143, -2.0259974002838135, -0.02331320010125637, 0.0731329470872879, 1.0745360851287842, 0.1415194869041443, -0.9950164556503296, 1.0, 0.036924198269844055, 2.065870523452759, -0.18406260013580322, -0.04207194969058037, -1.4628684520721436, 0.05639840289950371, 1.722350001335144, 1.0, 55.099998474121094, 7.372000217437744, 0.6179999709129333, 10.501999855041504, 0.0729999989271164, 0.6100000143051147, -0.2840000092983246, 13.432000160217285, -4.02400016784668, 44.5, 0.25600001215934753, 1.3600000143051147, 0.22300000488758087, 1.6799999475479126, 0.0, -0.4860000014305115, -0.2280000001192093, -2.0160000324249268, 5.093999862670898, -0.06599999964237213, -0.017999999225139618, 0.0, 0.0, -0.017999999225139618, 0.029999999329447746, 0.0, 0.0, -0.5760999917984009, 0.037689000368118286, 0.000387999985832721, 0.5880889892578125, -0.06957399845123291, -0.8046450018882751, -0.04308300092816353, 0.5587700009346008, 0.014437000267207623, -0.04333199933171272, 0.5317699909210205, 0.029227999970316887, 0.8463320136070251, 0.009332999587059021]",13.633333333333333,18,0,168,0
"[-0.8952304720878601, -2.02638840675354, 0.1483348309993744, -0.11013931781053543, 2.0616698265075684, 0.7225038409233093, -0.6749516725540161, 0.2199999988079071, 0.038348376750946045, 2.0662708282470703, -0.18254226446151733, -0.05061977729201317, -1.4618829488754272, 0.056756392121315, 1.7260338068008423, 1.0, 0.0]","[-0.6437130570411682, -2.0259101390838623, 0.7830338478088379, 0.16713610291481018, 1.5122519731521606, 1.0463544130325317, -0.7839936017990112, 1.0, 0.04109475016593933, 2.065870523452759, -0.18402768671512604, -0.045352548360824585, -1.463234782218933, 0.05655544996261597, 1.7207270860671997, 1.0, 55.099998474121094, 16.21500015258789, -2.7260000705718994, 0.3089999854564667, 0.13699999451637268, 1.0169999599456787, -0.2280000001192093, 13.335000038146973, -1.9639999866485596, 44.0890007019043, 0.12099999934434891, 1.3359999656677246, 0.18299999833106995, -1.121999979019165, 0.0, 0.0, -1.0499999523162842, 0.0, -1.0980000495910645, 0.07199999690055847, -0.029999999329447746, 0.0, 0.0, -0.035999998450279236, 0.05400000140070915, 0.0, 0.0, -0.2851099967956543, 0.3871619999408722, -0.050005000084638596, 0.3404200077056885, -0.8962519764900208, -0.18689200282096863, -0.21427899599075317, 0.5592219829559326, 0.0169879999011755, -0.04225099831819534, 0.5331249833106995, 0.026541000232100487, 0.8455569744110107, 0.010219999589025974]",16.133333333333333,233,0,329,0
"[-1.3086382150650024, -2.0263893604278564, 0.05031288415193558, 0.06442701071500778, 2.6663665771484375, 0.8436898589134216, -1.4575884342193604, 0.2160000056028366, 0.492406964302063, 1.9420171976089478, -0.6350674629211426, -0.705476701259613, -1.6751056909561157, -1.360177755355835, 1.445777177810669, 0.24300000071525574, 0.0]","[-0.9261587858200073, -2.0260672569274902, 0.11717675626277924, 0.057340700179338455, 2.2382938861846924, 0.8905956149101257, -0.7926487922668457, 0.374833345413208, 0.03634835034608841, 2.0658531188964844, -0.18882645666599274, -0.045788802206516266, -1.466916799545288, 0.056520551443099976, 1.7217042446136475, 1.0, 55.099998474121094, 16.812999725341797, -5.370999813079834, 1.3589999675750732, 0.47200000286102295, 0.8980000019073486, -0.3840000033378601, 13.097000122070312, -1.7480000257492065, 44.67499923706055, 0.14100000262260437, 1.3539999723434448, 0.1589999943971634, -0.6899999976158142, 0.0, 0.0, 2.130000114440918, 2.2320001125335693, 1.565999984741211, -2.6640000343322754, 0.006000000052154064, 0.0, -0.09600000083446503, 0.13199999928474426, -0.07800000160932541, 0.0, -0.029999999329447746, -0.21694500744342804, 0.4397459924221039, -0.07444100081920624, 0.3126470148563385, -0.9257460236549377, -0.13252800703048706, -0.16637499630451202, 0.5593950152397156, 0.01445700041949749, -0.042041998356580734, 0.5335450172424316, 0.025286000221967697, 0.8453630208969116, 0.0071299998089671135]",0.9,69,0,253,0
"[-0.8878665566444397, -2.02638840675354, 0.12824015319347382, -0.0941852480173111, 2.0616698265075684, 0.73861163854599, -0.6390569806098938, 0.2199999988079071, 0.03712105751037598, 2.0662708282470703, -0.18254226446151733, -0.05061977729201317, -1.4618829488754272, 0.056756392121315, 1.72588050365448, 1.0, 0.0]","[-1.0638043880462646, -2.0243918895721436, 0.1239996999502182, 0.16230244934558868, 2.454551935195923, 1.0205284357070923, -1.1693768501281738, 0.3734166622161865, -0.20615430176258087, 2.04704213142395, 0.16165679693222046, -0.5654149055480957, -1.4748915433883667, -1.597338080406189, 1.387623906135559, 1.0, 55.099998474121094, 19.128000259399414, -0.19099999964237213, 2.127000093460083, -0.1720000058412552, 1.4789999723434448, -0.3310000002384186, 22.03700065612793, -12.276000022888184, 27.589000701904297, 0.6579999923706055, 1.2690000534057617, 0.40400001406669617, -0.11999999731779099, 0.0, -0.14399999380111694, -0.7919999957084656, -0.035999998450279236, -0.49799999594688416, 0.2280000001192093, 2.9100000858306885, -0.22200000286102295, -1.8420000076293945, -2.111999988555908, -0.5640000104904175, -0.25200000405311584, -0.4740000069141388, -0.16205699741840363, 0.45539799332618713, -0.06746499985456467, 0.2213200032711029, -0.9459810256958008, -0.1552489995956421, -0.17897599935531616, 0.4610599875450134, 0.04503500089049339, 0.1781489998102188, 0.679548978805542, -0.44389501214027405, 0.431084007024765, 0.3941259980201721]",14.266666666666667,418,0,236,0
"[-1.31538724899292, -2.0263893604278564, 0.05276716127991676, 0.06473350524902344, 2.670814275741577, 0.8487520813941956, -1.4667918682098389, 0.2160000056028366, 0.49394094944000244, 1.949225902557373, -0.6418160796165466, -0.658076286315918, -1.6766396760940552, -1.3229031562805176, 1.4235352277755737, 0.24300000071525574, 0.0]","[-1.1081970930099487, -2.0248281955718994, 0.12680914998054504, 0.21550750732421875, 2.436683177947998, 1.0331097841262817, -1.2277820110321045, 0.3738333284854889, -0.186400905251503, 2.06225848197937, -0.25443845987319946, -0.28822165727615356, -1.5109431743621826, -0.39510291814804077, 1.601020097732544, 1.0, 55.099998474121094, 17.875, -2.0910000801086426, 1.7350000143051147, 0.07199999690055847, 1.4010000228881836, -0.23199999332427979, 17.24799919128418, -6.701000213623047, 45.9900016784668, 0.4519999921321869, 1.5959999561309814, 0.11900000274181366, 0.3720000088214874, 0.0, 0.012000000104308128, 0.035999998450279236, 0.017999999225139618, 0.25200000405311584, 0.1979999989271164, -2.381999969482422, 0.006000000052154064, 2.687999963760376, -0.3779999911785126, 1.3860000371932983, -5.868000030517578, -2.430000066757202, -0.14107100665569305, 0.4709700047969818, -0.05349799990653992, 0.23253600299358368, -0.9406520128250122, -0.1530340015888214, -0.19411200284957886, 0.5749769806861877, -0.020410999655723572, 0.03394399955868721, 0.6046580076217651, -0.13165999948978424, 0.7819269895553589, 0.07511699944734573]",6.833333333333333,363,0,343,0
"[-0.8387792706489563, -2.02638840675354, 0.15646487474441528, -0.08590157330036163, 2.060135841369629, 0.7726649641990662, -0.6698902249336243, 0.2199999988079071, 0.03712105751037598, 2.0662708282470703, -0.18254226446151733, -0.05061977729201317, -1.4618829488754272, 0.056756392121315, 1.7257270812988281, 1.0, 0.0]","[-0.1210157498717308, -2.026014804840088, 0.020189648494124413, 0.08271299302577972, 1.1728144884109497, -0.07505245506763458, -0.9539042711257935, 1.0, 0.03982090204954147, 2.0658531188964844, -0.18406260013580322, -0.04297935217618942, -1.4629381895065308, 0.05666014924645424, 1.7222975492477417, 1.0, 55.099998474121094, 6.610000133514404, -4.388000011444092, 10.529999732971191, 0.33500000834465027, 0.6499999761581421, -0.16300000250339508, 13.168999671936035, -3.052999973297119, 44.07400131225586, 0.18199999630451202, 1.3530000448226929, 0.20000000298023224, 0.0, 0.0, 0.22200000286102295, -0.12600000202655792, 0.017999999225139618, 0.0, 0.04800000041723251, -0.017999999225139618, 0.0, 0.0, 0.0, 0.0, 0.0, 0.006000000052154064, -0.5706310272216797, 0.05871099978685379, -0.011369000189006329, 0.5493469834327698, -0.13033799827098846, -0.8231350183486938, 0.06063700094819069, 0.5588769912719727, 0.016081999987363815, -0.04301600158214569, 0.5321559906005859, 0.027984000742435455, 0.8461229801177979, 0.010061999782919884]",15.066666666666666,86,0,100,0
"[-1.3121658563613892, -2.0263893604278564, 0.07224901020526886, 0.10492320358753204, 2.653326988220215, 0.8289638161659241, -1.5281511545181274, 0.2160000056028366, 0.46694284677505493, 1.9389503002166748, -0.5905809998512268, -0.647339403629303, -1.6597658395767212, -1.3373239040374756, 1.3876382112503052, 1.0, 0.0]","[-1.1609485149383545, -2.0249853134155273, 0.12307485193014145, 0.22561104595661163, 2.4320240020751953, 0.9877398014068604, -1.2309753894805908, 0.3738333284854889, 0.030432799831032753, 2.054248809814453, -0.29755741357803345, -0.18791905045509338, -1.52668297290802, 0.02420314960181713, 1.6999266147613525, 1.0, 55.099998474121094, 15.987000465393066, -4.3470001220703125, -0.42500001192092896, 0.22200000286102295, 1.0089999437332153, -0.1860000044107437, 18.22100067138672, 0.7080000042915344, 44.15399932861328, -0.009999999776482582, 1.5570000410079956, 0.013000000268220901, 0.1080000028014183, 0.0, 0.06599999964237213, -0.5040000081062317, 0.1080000028014183, 0.3059999942779541, -0.6840000152587891, -1.0980000495910645, 0.0, -1.1460000276565552, -0.828000009059906, -0.9359999895095825, -1.7999999523162842, -0.4320000112056732, -0.12030500173568726, 0.48538100719451904, -0.048618998378515244, 0.25184300541877747, -0.9385600090026855, -0.1357019990682602, -0.1930380016565323, 0.5799310207366943, 0.034226998686790466, 0.011342000216245651, 0.5942010283470154, -0.06937900185585022, 0.8011999726295471, -0.013749999925494194]",0.7333333333333333,75,0,340,0
"[-1.2528011798858643, -2.0263893604278564, 0.0650397539138794, 0.09019716829061508, 2.5414998531341553, 0.8555010557174683, -1.2977476119995117, 0.2199999988079071, 0.4330418109893799, 1.9549033641815186, -0.5192515254020691, -0.6410493850708008, -1.65056312084198, -1.3655484914779663, 1.28087317943573, 1.0, 0.0]","[-0.5238664746284485, -2.025491237640381, 0.7532989978790283, 0.26230838894844055, 1.5062665939331055, 1.1405843496322632, -0.7865063548088074, 1.0, 0.0393497534096241, 2.0658183097839355, -0.18399278819561005, -0.04263035207986832, -1.4629381895065308, 0.05650309845805168, 1.7207270860671997, 1.0, 55.099998474121094, 16.003999710083008, -3.759999990463257, 0.24500000476837158, 0.21400000154972076, 0.9620000123977661, -0.18299999833106995, 14.208000183105469, -2.372999906539917, 44.23699951171875, 0.16099999845027924, 1.4359999895095825, 0.18700000643730164, -1.878000020980835, -0.024000000208616257, 0.828000009059906, -1.2239999771118164, 0.36000001430511475, -1.0740000009536743, -0.12600000202655792, 0.029999999329447746, 0.0, 0.0, 0.0, -0.012000000104308128, 0.0, 0.0, -0.30872899293899536, 0.365556001663208, -0.025429999455809593, 0.3668150007724762, -0.8801199793815613, -0.18810799717903137, -0.23547600209712982, 0.5588340163230896, 0.015814999118447304, -0.043122999370098114, 0.5320180058479309, 0.027519000694155693, 0.8462309837341309, 0.009562999941408634]",2.3,14,0,166,0
"[-0.07961282134056091, -2.023780584335327, 0.39392542839050293, 0.14802847802639008, 1.115816354751587, 1.5042208433151245, -0.7004164457321167, 1.0, 0.03696765378117561, 2.0662708282470703, -0.18714474141597748, -0.044638361781835556, -1.466484785079956, 0.056756392121315, 1.7211251258850098, 1.0, 0.0]","[-1.3124668598175049, -2.0262067317962646, 0.04985465109348297, 0.06435559689998627, 2.6699025630950928, 0.8499022722244263, -1.46560800075531, 0.37058332562446594, 0.493712842464447, 1.9443312883377075, -0.637151837348938, -0.665979266166687, -1.6757409572601318, -1.3357101678848267, 1.4267120361328125, 0.4413333237171173, 55.099998474121094, 12.284000396728516, -12.07699966430664, -6.76200008392334, 2.51200008392334, 0.546999990940094, 0.2549999952316284, 31.871999740600586, -13.748000144958496, 38.95100021362305, 2.421999931335449, 2.677999973297119, -0.3160000145435333, 0.006000000052154064, 0.0, 0.0, 0.0, 0.0, -0.012000000104308128, -0.012000000104308128, 0.0, -0.09000000357627869, 0.05400000140070915, -0.3240000009536743, 0.0, -0.3240000009536743, 0.13199999928474426, -0.07361800223588943, 0.47699299454689026, -0.0950080007314682, 0.1894969940185547, -0.9535470008850098, -0.18255899846553802, -0.14666099846363068, 0.28516799211502075, 0.39041298627853394, 0.09058000147342682, 0.3400929868221283, -0.8514249920845032, 0.25326699018478394, 0.30865299701690674]",6.566666666666666,171,0,283,0
"[-1.2804126739501953, -2.0263893604278564, 0.07669804245233536, 0.11581456661224365, 2.5726397037506104, 0.8375535011291504, -1.4704734086990356, 0.2160000056028366, 0.4371839165687561, 1.9415580034255981, -0.551312267780304, -0.6396694183349609, -1.6589988470077515, -1.3456064462661743, 1.3253586292266846, 1.0, 0.0]","[-1.0867161750793457, -2.024601459503174, 0.13038639724254608, 0.21809010207653046, 2.449159860610962, 1.041398525238037, -1.2186555862426758, 0.3734166622161865, -0.31471073627471924, 2.060810089111328, -0.05168689787387848, -0.28686052560806274, -1.4531662464141846, -0.7857909202575684, 1.4702671766281128, 1.0, 55.099998474121094, 18.702999114990234, -1.1180000305175781, 3.3429999351501465, 0.009999999776482582, 1.3980000019073486, -0.257999986410141, 19.374000549316406, -15.236000061035156, 47.32600021362305, 1.4140000343322754, 1.8300000429153442, 0.8349999785423279, 0.36000001430511475, 0.0, 0.0, 0.024000000208616257, 0.2160000056028366, 0.017999999225139618, 0.09000000357627869, -2.0460000038146973, -0.07199999690055847, 3.257999897003174, -0.017999999225139618, 0.3779999911785126, -7.122000217437744, -1.1699999570846558, -0.15172900259494781, 0.4663209915161133, -0.05419699847698212, 0.23073600232601166, -0.9426029920578003, -0.1541849970817566, -0.1857060045003891, 0.5529559850692749, -0.05540800094604492, 0.06225400045514107, 0.6447319984436035, -0.1447789967060089, 0.7253040075302124, 0.1931149959564209]",16.533333333333335,454,0,420,0
"[-0.8390861749649048, -2.02638840675354, 0.3973000943660736, -0.036047499626874924, 1.867927074432373, 0.781869113445282, -0.7771148681640625, 1.0, 0.038348376750946045, 2.0662708282470703, -0.18407638370990753, -0.05061977729201317, -1.4618829488754272, 0.056756392121315, 1.7241930961608887, 1.0, 0.0]","[-0.8900895714759827, -2.0259974002838135, 0.14200809597969055, -0.10806784778833389, 2.0612637996673584, 0.7227964997291565, -0.6665900349617004, 0.37591665983200073, 0.03830274939537048, 2.0658531188964844, -0.18247464299201965, -0.050587549805641174, -1.461594581604004, 0.056747402995824814, 1.7269916534423828, 1.0, 55.099998474121094, 15.560999870300293, -3.9089999198913574, 1.2690000534057617, 0.3479999899864197, 0.9150000214576721, -0.296999990940094, 13.281999588012695, -3.368000030517578, 44.222999572753906, 0.19300000369548798, 1.343000054359436, 0.21699999272823334, 0.06599999964237213, 0.0, -0.17399999499320984, 0.07199999690055847, 0.0, 0.04800000041723251, 0.1860000044107437, 0.0, 0.0, 0.0, 0.0, 0.0, 0.0, 0.012000000104308128, -0.23734000325202942, 0.42187801003456116, -0.10260699689388275, 0.33348000049591064, -0.9100620150566101, -0.19810399413108826, -0.14605499804019928, 0.5600780248641968, 0.01575700007379055, -0.040539998561143875, 0.5351849794387817, 0.03158099949359894, 0.8440520167350769, 0.01245999988168478]",16.1,56,0,426,0
"[-1.262925624847412, -2.0263893604278564, 0.07194220274686813, 0.09664004296064377, 2.542726993560791, 0.8466041684150696, -1.3896331787109375, 0.2160000056028366, 0.4367237389087677, 1.9484606981277466, -0.5367391705513, -0.6370623111724854, -1.65424382686615, -1.3578786849975586, 1.2940653562545776, 1.0, 0.0]","[-0.6597670316696167, -2.025944948196411, 0.7831560373306274, 0.15240830183029175, 1.5123043060302734, 1.0310157537460327, -0.783330500125885, 1.0, 0.04058869928121567, 2.0658183097839355, -0.18401025235652924, -0.04596330225467682, -1.463112711906433, 0.056590352207422256, 1.7207270860671997, 1.0, 55.099998474121094, 19.583999633789062, -4.613999843597412, 0.23199999332427979, 0.2939999997615814, 1.1799999475479126, -0.25999999046325684, 13.220000267028809, -2.4820001125335693, 44.00600051879883, 0.10700000077486038, 1.3200000524520874, 0.19499999284744263, -1.0800000429153442, 0.0, -0.006000000052154064, -1.0019999742507935, 0.0, -1.0800000429153442, 0.041999999433755875, -0.07199999690055847, 0.0, 0.0, -0.07800000160932541, 0.024000000208616257, 0.0, 0.012000000104308128, -0.28250399231910706, 0.389847993850708, -0.05305600166320801, 0.3385559916496277, -0.8974050283432007, -0.18854700028896332, -0.21093200147151947, 0.5593370199203491, 0.016743000596761703, -0.042027998715639114, 0.5333930253982544, 0.026805000379681587, 0.8453810214996338, 0.010169999673962593]",8.933333333333334,99,0,187,0
"[-0.9607313275337219, -2.0256214141845703, 0.12225691974163055, 0.14296607673168182, 2.3244400024414062, 0.9637994766235352, -0.8783575892448425, 0.2199999988079071, 0.034820009022951126, 2.0662708282470703, -0.1882186084985733, -0.04018932953476906, -1.4677125215530396, 0.056756392121315, 1.7220455408096313, 1.0, 0.0]","[-1.270656704902649, -2.0255260467529297, -0.02614010125398636, 0.05906825140118599, 2.665853977203369, 0.8716972470283508, -1.3655496835708618, 0.2724166810512543, 0.4748319685459137, 1.9292371273040771, -0.6332604885101318, -0.878467857837677, -1.617266058921814, -1.3385196924209595, 1.5504847764968872, 0.41850000619888306, 55.099998474121094, 16.540000915527344, -0.9760000109672546, 1.9789999723434448, 0.13300000131130219, 1.0369999408721924, -0.3019999861717224, 26.6299991607666, -4.755000114440918, 28.12299919128418, 0.17599999904632568, 1.7599999904632568, 0.17800000309944153, 0.041999999433755875, 0.0, -0.041999999433755875, 0.041999999433755875, -0.06599999964237213, 0.3779999911785126, 0.3659999966621399, -0.017999999225139618, -0.23399999737739563, 0.0, 0.0, 0.515999972820282, 0.05999999865889549, 0.029999999329447746, -0.08492600172758102, 0.47376400232315063, -0.09292999655008316, 0.19449299573898315, -0.9503980278968811, -0.17504100501537323, -0.16815400123596191, 0.25892698764801025, 0.39864400029182434, 0.14642000198364258, 0.3814699947834015, -0.8365430235862732, 0.2136549949645996, 0.3301909863948822]",16.466666666666665,388,0,141,0
"[-1.1234861612319946, -2.024855375289917, 0.09203773736953735, 0.04571151360869408, 2.4526824951171875, 0.8924704790115356, -1.1684327125549316, 0.2199999988079071, 0.09188443422317505, 1.9605799913406372, -0.10308293998241425, -0.6381353139877319, -1.6224902868270874, -1.5583704710006714, 1.3296540975570679, 1.0, 0.0]","[-0.8424162268638611, -2.0259974002838135, 0.15504325926303864, -0.08693590015172958, 2.0609846115112305, 0.7704873085021973, -0.6702196002006531, 0.9214166402816772, 0.03774435073137283, 2.065870523452759, -0.18245720863342285, -0.05053519830107689, -1.461594581604004, 0.05664269998669624, 1.7254384756088257, 1.0, 55.099998474121094, 14.631999969482422, -4.244999885559082, 2.078000068664551, 0.28600001335144043, 0.9139999747276306, -0.24199999868869781, 13.274999618530273, -2.611999988555908, 44.055999755859375, 0.14300000667572021, 1.3480000495910645, 0.1850000023841858, -0.22200000286102295, 0.0, 0.0, 0.0, -0.006000000052154064, -0.1379999965429306, -0.09600000083446503, 0.029999999329447746, 0.0, 0.0, 0.0, 0.0, 0.0, 0.0, -0.2525320053100586, 0.4114449918270111, -0.09845399856567383, 0.3328790068626404, -0.9078930020332336, -0.20492999255657196, -0.15140500664710999, 0.5600730180740356, 0.015447000041604042, -0.04056999832391739, 0.5351639986038208, 0.03115200065076351, 0.8440889716148376, 0.011928999796509743]",6.366666666666666,267,0,114,0
"[-1.103851318359375, -2.024855375289917, 0.12777984142303467, 0.21705695986747742, 2.437802314758301, 1.0374311208724976, -1.2230432033538818, 0.2199999988079071, -0.21506333351135254, 2.062436103820801, -0.21583016216754913, -0.28884798288345337, -1.4876536130905151, -0.47522661089897156, 1.5684947967529297, 1.0, 0.0]","[-1.3195689916610718, -2.025944948196411, 0.06589119881391525, 0.0672174021601677, 2.667703628540039, 0.8500418663024902, -1.4800043106079102, 0.37275001406669617, 0.5017573237419128, 1.9507355690002441, -0.6435909271240234, -0.6580395102500916, -1.6761423349380493, -1.3217676877975464, 1.4232045412063599, 0.5112500190734863, 55.099998474121094, 17.03499984741211, -2.1659998893737793, 1.2549999952316284, 0.20600000023841858, 1.2879999876022339, -0.2619999945163727, 25.996000289916992, -8.234999656677246, 30.410999298095703, 0.7739999890327454, 1.6080000400543213, 0.2290000021457672, 0.029999999329447746, 0.0, 0.0, 0.0, 0.0, -0.04800000041723251, 0.0, -0.017999999225139618, 0.0, -0.017999999225139618, 0.0, 0.0, 0.006000000052154064, 0.0, -0.07142800092697144, 0.47758999466896057, -0.0947910025715828, 0.18852099776268005, -0.9544010162353516, -0.18180599808692932, -0.14326100051403046, 0.2833090126514435, 0.3928369879722595, 0.08557099848985672, 0.33882400393486023, -0.8517130017280579, 0.25497299432754517, 0.3078480064868927]",15.8,58,0,14,0
"[0.14204610884189606, -2.02638840675354, 0.011197982355952263, -0.02561677247285843, 0.995553195476532, 1.1241000890731812, -0.9064294099807739, 1.0, 0.03880862519145012, 2.0662708282470703, -0.18407638370990753, -0.04387128725647926, -1.4618829488754272, 0.056756392121315, 1.7226591110229492, 1.0, 0.0]","[-0.8447195887565613, -2.025944948196411, 0.5555905699729919, -0.01247674971818924, 1.7108677625656128, 0.8172184228897095, -0.7800149917602539, 1.0, 0.03816315159201622, 2.065870523452759, -0.18402768671512604, -0.05055265128612518, -1.46145498752594, 0.056712500751018524, 1.7222102880477905, 1.0, 55.099998474121094, 15.887999534606934, -2.552999973297119, 1.1339999437332153, 0.22699999809265137, 0.9179999828338623, -0.3409999907016754, 13.512999534606934, -2.997999906539917, 44.51499938964844, 0.15199999511241913, 1.371000051498413, 0.20200000703334808, 0.06599999964237213, 0.0, -2.124000072479248, -0.40799999237060547, 2.1540000438690186, -0.3720000088214874, -0.012000000104308128, 0.006000000052154064, 0.0, 0.0, 0.0, 0.0, 0.0, 0.012000000104308128, -0.25449100136756897, 0.41945499181747437, -0.08368799835443497, 0.33273300528526306, -0.9037969708442688, -0.21588200330734253, -0.16072599589824677, 0.5600730180740356, 0.01570799946784973, -0.04055500030517578, 0.5352270007133484, 0.0289939995855093, 0.8441399931907654, 0.010804000310599804]",15.233333333333333,492,0,285,0
"[-0.8306499123573303, -2.02638840675354, 0.15646487474441528, -0.08360090106725693, 2.060135841369629, 0.7741990089416504, -0.6708105206489563, 0.2199999988079071, 0.03528008237481117, 2.0662708282470703, -0.18254226446151733, -0.05061977729201317, -1.4618829488754272, 0.056756392121315, 1.7257270812988281, 1.0, 0.0]","[-0.8330979347229004, -2.0259275436401367, 0.19917428493499756, -0.057672251015901566, 2.0607402324676514, 0.7715866565704346, -0.7350637912750244, 1.0, 0.03559799864888191, 2.065870523452759, -0.18235249817371368, -0.05055265128612518, -1.4615771770477295, 0.056712500751018524, 1.7239378690719604, 1.0, 55.099998474121094, 15.888999938964844, -2.6419999599456787, 2.239000082015991, 0.20999999344348907, 0.9850000143051147, -0.30300000309944153, 13.222000122070312, -3.003999948501587, 44.124000549316406, 0.17499999701976776, 1.3259999752044678, 0.19699999690055847, 0.0, 0.0, -0.1979999989271164, -0.2160000056028366, 0.07800000160932541, 0.0, 0.3720000088214874, -0.041999999433755875, 0.0, 0.0, 0.0, 0.0, 0.0, 0.0, -0.2609800100326538, 0.41071999073028564, -0.09442500025033951, 0.33023500442504883, -0.9066349864006042, -0.2200009971857071, -0.14337599277496338, 0.5601080060005188, 0.014239000156521797, -0.04056200012564659, 0.5351939797401428, 0.03148600086569786, 0.8440700173377991, 0.010955999605357647]",16.3,150,0,273,0
"[-0.8861789703369141, -2.02638840675354, 0.1319214254617691, -0.1029290035367012, 2.0616698265075684, 0.7312485575675964, -0.6479536890983582, 0.2199999988079071, 0.03788813203573227, 2.0662708282470703, -0.18254226446151733, -0.05061977729201317, -1.4618829488754272, 0.056756392121315, 1.7266474962234497, 1.0, 0.0]","[-0.8405490517616272, -2.0259974002838135, 0.15493854880332947, -0.0868835523724556, 2.0610718727111816, 0.7714470624923706, -0.6691202521324158, 0.9339166879653931, 0.03720340132713318, 2.0658531188964844, -0.18247464299201965, -0.050587549805641174, -1.4615771770477295, 0.05676484853029251, 1.7254384756088257, 1.0, 55.099998474121094, 16.027999877929688, -3.7990000247955322, 1.996999979019165, 0.25, 1.0049999952316284, -0.24799999594688416, 13.3149995803833, -3.239000082015991, 44.20100021362305, 0.17399999499320984, 1.3550000190734863, 0.20900000631809235, -0.1979999989271164, 0.0, 0.006000000052154064, 0.0, 0.0, -0.041999999433755875, -0.05999999865889549, 0.024000000208616257, 0.0, 0.0, 0.0, 0.0, 0.0, 0.0, -0.2531520128250122, 0.4109489917755127, -0.09844399988651276, 0.3329299986362457, -0.9078530073165894, -0.20509499311447144, -0.15130800008773804, 0.5600950121879578, 0.015135999768972397, -0.040539998561143875, 0.5352010130882263, 0.03140399977564812, 0.8440579771995544, 0.011744000017642975]",3.8,323,0,482,0
"[-1.1764086484909058, -2.024855375289917, 0.09341850131750107, 0.027917884290218353, 2.455749750137329, 0.8622512817382812, -1.1857669353485107, 0.2199999988079071, 0.18315640091896057, 1.9407920837402344, -0.21843785047531128, -0.6505603194236755, -1.6520969867706299, -1.5597506761550903, 1.272743582725525, 1.0, 0.0]","[-1.1576155424118042, -2.018563747406006, 0.13080519437789917, 0.2545780539512634, 2.4220948219299316, 1.0024676322937012, -1.1673177480697632, 0.37416666746139526, 0.04067595303058624, 2.0659055709838867, -0.18610425293445587, -0.04784790053963661, -1.465101957321167, 0.05393795296549797, 1.7230478525161743, 1.0, 55.099998474121094, 15.687999725341797, -5.114999771118164, 1.5410000085830688, 0.31299999356269836, 1.1119999885559082, -0.26100000739097595, 16.391000747680664, -2.6659998893737793, 43.577999114990234, 0.1509999930858612, 1.440999984741211, 0.1469999998807907, -0.47999998927116394, 0.0, 0.0, 0.0, 0.2160000056028366, -0.527999997138977, -0.4259999990463257, -0.1080000028014183, 0.0, 0.006000000052154064, -0.36000001430511475, 0.035999998450279236, -0.08399999886751175, 0.05400000140070915, -0.12118499726057053, 0.48982200026512146, -0.038162000477313995, 0.2680259943008423, -0.9402080178260803, -0.0987280011177063, -0.18553400039672852, 0.559607982635498, 0.017403999343514442, -0.04145999997854233, 0.5340989828109741, 0.02521499991416931, 0.8449720144271851, 0.011105000041425228]",8.333333333333334,249,0,84,0
"[-0.7017953395843506, -2.02638840675354, 0.7746588587760925, 0.11796208471059799, 1.5109695196151733, 0.9815935492515564, -0.7818706035614014, 1.0, 0.034973420202732086, 2.0662708282470703, -0.18407638370990753, -0.04908721148967743, -1.4618829488754272, 0.056756392121315, 1.7221988439559937, 1.0, 0.0]","[-0.5686606168746948, -2.0258054733276367, 0.7718659043312073, 0.23046214878559113, 1.5122344493865967, 1.1123676300048828, -0.787919819355011, 1.0, 0.040187347680330276, 2.0658531188964844, -0.18395788967609406, -0.04303169995546341, -1.4629905223846436, 0.05685209855437279, 1.7207618951797485, 1.0, 55.099998474121094, 19.68600082397461, -5.6539998054504395, 0.4169999957084656, 0.2939999997615814, 1.2089999914169312, -0.1080000028014183, 12.899999618530273, -3.7019999027252197, 45.125, 0.2029999941587448, 1.3539999723434448, 0.23999999463558197, -1.656000018119812, -0.006000000052154064, 0.5040000081062317, -1.2480000257492065, 0.11400000005960464, -1.0980000495910645, 0.0, 0.017999999225139618, 0.0, 0.0, -0.017999999225139618, -0.05400000140070915, 0.0, 0.0, -0.2984969913959503, 0.3735400140285492, -0.035489000380039215, 0.3521389961242676, -0.8886659741401672, -0.18421000242233276, -0.22877199947834015, 0.558879017829895, 0.016255000606179237, -0.04299800097942352, 0.5321900248527527, 0.02725300006568432, 0.8461300134658813, 0.009684000164270401]",15.666666666666666,11,0,185,0
"[-1.2601643800735474, -2.0263893604278564, 0.06964115798473358, 0.09341869503259659, 2.5419600009918213, 0.848598301410675, -1.367390751838684, 0.2160000056028366, 0.43611010909080505, 1.950454831123352, -0.5325972437858582, -0.6376755237579346, -1.6528635025024414, -1.3604865074157715, 1.2890032529830933, 1.0, 0.0]","[-1.3220120668411255, -2.025944948196411, 0.06716504693031311, 0.07629140466451645, 2.671734571456909, 0.8555734753608704, -1.4799518585205078, 0.37275001406669617, 0.5076903104782104, 1.951276421546936, -0.6441493034362793, -0.6580395102500916, -1.6774684190750122, -1.3221341371536255, 1.4248796701431274, 0.9121666550636292, 55.099998474121094, 15.723999977111816, -1.1150000095367432, 3.0309998989105225, 0.041999999433755875, 1.1299999952316284, -0.2800000011920929, 25.832000732421875, -5.764999866485596, 30.35099983215332, 0.2879999876022339, 1.6660000085830688, 0.2240000069141388, 0.0, 0.0, -0.017999999225139618, -0.09600000083446503, 0.0, -0.012000000104308128, 0.0, -0.017999999225139618, 0.0, 0.0, 0.0, 0.0, 0.0, 0.0, -0.07065500319004059, 0.47875499725341797, -0.09298700094223022, 0.1898369938135147, -0.9550989866256714, -0.17774799466133118, -0.14195400476455688, 0.28092899918556213, 0.3943609893321991, 0.08505000174045563, 0.3369480073451996, -0.8526849746704102, 0.2531999945640564, 0.30867800116539]",3.6666666666666665,174,0,306,0
"[-0.9364940524101257, -2.02638840675354, 0.11918865889310837, 0.08666907995939255, 2.268756151199341, 0.912257730960846, -0.8280430436134338, 0.2199999988079071, 0.0366608127951622, 2.0662708282470703, -0.18990613520145416, -0.043257616460323334, -1.4692471027374268, 0.056756392121315, 1.7211251258850098, 1.0, 0.0]","[-0.600855827331543, -2.0258753299713135, 0.7798753976821899, 0.2046012580394745, 1.5122867822647095, 1.0857216119766235, -0.7867681980133057, 1.0, 0.0408330000936985, 2.065870523452759, -0.18399278819561005, -0.04374714940786362, -1.463391900062561, 0.05664269998669624, 1.7207444906234741, 1.0, 55.099998474121094, 16.604000091552734, -3.9489998817443848, 0.9760000109672546, 0.3050000071525574, 1.0399999618530273, -0.1860000044107437, 12.72599983215332, -2.742000102996826, 44.54899978637695, 0.08399999886751175, 1.3009999990463257, 0.20399999618530273, -1.3380000591278076, 0.0, 0.23999999463558197, -1.2239999771118164, 0.0, -1.218000054359436, 0.1080000028014183, 0.017999999225139618, 0.0, 0.0, -0.041999999433755875, 0.0, 0.0, 0.0, -0.29236000776290894, 0.3794949948787689, -0.04192399978637695, 0.34589898586273193, -0.8925949931144714, -0.1842540055513382, -0.22288499772548676, 0.5589759945869446, 0.016705000773072243, -0.042775001376867294, 0.5324749946594238, 0.026700999587774277, 0.8459659814834595, 0.00990699976682663]",15.3,1,0,498,0
"[-1.2963659763336182, -2.0263893604278564, 0.07623779773712158, 0.12287092953920364, 2.6094555854797363, 0.8303442001342773, -1.5175666809082031, 0.2160000056028366, 0.43841126561164856, 1.9404842853546143, -0.5592889785766602, -0.6435039043426514, -1.6597658395767212, -1.3416179418563843, 1.3410053253173828, 1.0, 0.0]","[-1.322657585144043, -2.025944948196411, 0.06723485141992569, 0.0794498473405838, 2.676358938217163, 0.8559573888778687, -1.4799344539642334, 0.37308332324028015, 0.5256812572479248, 1.950491189956665, -0.645196259021759, -0.6454405784606934, -1.6857397556304932, -1.309570074081421, 1.4464479684829712, 0.9986666440963745, 55.099998474121094, 15.711000442504883, -1.5219999551773071, 3.1019999980926514, 0.041999999433755875, 1.1230000257492065, -0.2720000147819519, 25.927000045776367, -7.142000198364258, 29.649999618530273, 0.3720000088214874, 1.6490000486373901, 0.23999999463558197, 0.0, 0.0, 0.0, 0.0, 0.0, 0.0, 0.0, -0.012000000104308128, 0.012000000104308128, -0.012000000104308128, -0.012000000104308128, 0.012000000104308128, -0.035999998450279236, -0.13199999928474426, -0.07090699672698975, 0.4792259931564331, -0.09241300076246262, 0.1908860057592392, -0.95551598072052, -0.17586499452590942, -0.14007699489593506, 0.27755698561668396, 0.39927399158477783, 0.08225300163030624, 0.33162400126457214, -0.8515840172767639, 0.2622869908809662, 0.30989399552345276]",7.6,399,0,455,0
"[-1.173801302909851, -2.016723394393921, 0.12624572217464447, 0.24758300185203552, 2.431819438934326, 0.9705491065979004, -1.1750303506851196, 0.2199999988079071, 0.050160203129053116, 2.0630500316619873, -0.18929249048233032, -0.11167295277118683, -1.4689399003982544, 0.06534674018621445, 1.7206648588180542, 1.0, 0.0]","[-1.2650901079177856, -2.02597975730896, 0.0716497004032135, 0.09888914972543716, 2.5430233478546143, 0.8461155891418457, -1.401147723197937, 0.37308332324028015, 0.4377855956554413, 1.948397159576416, -0.5403392314910889, -0.6366457939147949, -1.652898907661438, -1.3559348583221436, 1.2966570854187012, 1.0, 55.099998474121094, 15.218999862670898, -0.8889999985694885, 1.6799999475479126, 0.10400000214576721, 1.0429999828338623, -0.31700000166893005, 26.030000686645508, -5.335000038146973, 30.27400016784668, 0.28299999237060547, 1.6770000457763672, 0.210999995470047, -0.2759999930858612, 0.0, 0.1860000044107437, 0.3720000088214874, 0.2759999930858612, -0.2160000056028366, -1.9919999837875366, 0.017999999225139618, -0.22200000286102295, -0.36000001430511475, 0.012000000104308128, -0.11999999731779099, 0.2160000056028366, 0.5640000104904175, -0.0873119980096817, 0.4861440062522888, -0.08044599741697311, 0.2235500067472458, -0.9383040070533752, -0.19532600045204163, -0.17736199498176575, 0.312485009431839, 0.37153300642967224, 0.10309000313282013, 0.391431987285614, -0.8311600089073181, 0.24027100205421448, 0.31340500712394714]",13.066666666666666,432,0,331,0
"[-0.89400315284729, -2.02638840675354, 0.11995574086904526, -0.06764769554138184, 2.0805368423461914, 0.7771142721176147, -0.6465734243392944, 0.2199999988079071, 0.03681422770023346, 2.0662708282470703, -0.18254226446151733, -0.05046653747558594, -1.4618829488754272, 0.056756392121315, 1.7257270812988281, 1.0, 0.0]","[-1.3219945430755615, -2.02597975730896, 0.0660831481218338, 0.07042819261550903, 2.669710397720337, 0.8538459539413452, -1.4800043106079102, 0.37275001406669617, 0.5054916143417358, 1.9511369466781616, -0.6414096355438232, -0.658056914806366, -1.6769449710845947, -1.3221341371536255, 1.423919916152954, 0.7794166803359985, 55.099998474121094, 16.013999938964844, -1.9129999876022339, 3.4179999828338623, 0.09600000083446503, 1.1449999809265137, -0.2800000011920929, 25.465999603271484, -6.021999835968018, 30.17099952697754, 0.31200000643730164, 1.659999966621399, 0.22599999606609344, 0.0, 0.0, 0.0, 0.0, -0.017999999225139618, 0.017999999225139618, 0.0, 0.0, 0.0, 0.05400000140070915, 0.0, 0.012000000104308128, 0.0, -0.017999999225139618, -0.07030799984931946, 0.47784098982810974, -0.0942630022764206, 0.18797999620437622, -0.9549909830093384, -0.1794150024652481, -0.14305399358272552, 0.28197699785232544, 0.39383599162101746, 0.08570799976587296, 0.33851000666618347, -0.8517360091209412, 0.2539699971675873, 0.3089590072631836]",4.3,497,0,449,0
"[-0.8443021178245544, -2.02638840675354, 0.6045408844947815, -0.004294720944017172, 1.6612998247146606, 0.8263542652130127, -0.7807968258857727, 1.0, 0.03804154694080353, 2.0662708282470703, -0.18407638370990753, -0.05061977729201317, -1.4618829488754272, 0.056756392121315, 1.7217386960983276, 1.0, 0.0]","[-1.153479814529419, -2.018563747406006, 0.13090990483760834, 0.2545606195926666, 2.419983386993408, 1.0075805187225342, -1.1610182523727417, 0.37416666746139526, 0.041304152458906174, 2.0658531188964844, -0.1860169917345047, -0.046643853187561035, -1.4650671482086182, 0.05491515249013901, 1.7232049703598022, 1.0, 55.099998474121094, 16.490999221801758, -5.623000144958496, 1.8519999980926514, 0.32199999690055847, 1.1089999675750732, -0.17800000309944153, 13.51099967956543, -3.7090001106262207, 44.21799850463867, 0.27000001072883606, 1.3519999980926514, 0.18700000643730164, -0.5220000147819519, -0.017999999225139618, 0.0, 0.0, 0.2160000056028366, -0.44999998807907104, -0.6060000061988831, -0.012000000104308128, 0.0, 0.0, -0.012000000104308128, -0.041999999433755875, 0.006000000052154064, -0.024000000208616257, -0.12249600142240524, 0.48881998658180237, -0.038238998502492905, 0.2671700119972229, -0.9404680132865906, -0.09736300259828568, -0.18616899847984314, 0.5594289898872375, 0.017503999173641205, -0.041811998933553696, 0.5336710214614868, 0.02537200041115284, 0.8452420234680176, 0.01079699955880642]",4.466666666666667,3,0,88,0
"[-1.0641213655471802, -2.024855375289917, 0.12685932219028473, 0.17579318583011627, 2.4543697834014893, 1.0286877155303955, -1.1731888055801392, 0.2199999988079071, -0.2560204267501831, 2.0498571395874023, 0.18637782335281372, -0.522319495677948, -1.4641836881637573, -1.5801531076431274, 1.4002174139022827, 1.0, 0.0]","[-0.08285260200500488, -2.0259974002838135, -0.004013500176370144, 0.07547124475240707, 1.1367279291152954, -0.0029839500784873962, -0.9832028150558472, 1.0, 0.038040999323129654, 2.065870523452759, -0.18406260013580322, -0.042089398950338364, -1.4629207849502563, 0.05624135211110115, 1.722350001335144, 1.0, 55.099998474121094, 6.348999977111816, -0.2240000069141388, 10.569999694824219, 0.14300000667572021, 0.6320000290870667, -0.23499999940395355, 14.177000045776367, -3.0899999141693115, 43.77799987792969, 0.17299999296665192, 1.444000005722046, 0.19200000166893005, 1.1039999723434448, 0.0, -0.5580000281333923, 0.07199999690055847, -1.187999963760376, 2.7899999618530273, -0.527999997138977, -0.012000000104308128, 0.0, 0.0, 0.012000000104308128, 0.0, 0.0, -0.006000000052154064, -0.57259202003479, 0.0470150001347065, -0.01004599966108799, 0.5599200129508972, -0.09519600123167038, -0.8228179812431335, 0.019912000745534897, 0.5587570071220398, 0.0150950001552701, -0.0433260016143322, 0.5317680239677429, 0.028686000034213066, 0.846347987651825, 0.009692000225186348]",13.433333333333334,483,0,402,0
"[-0.11888253688812256, -2.02638840675354, 0.022548722103238106, 0.07132895290851593, 1.1696594953536987, -0.07270989567041397, -0.9575108289718628, 1.0, 0.03834838792681694, 2.0662708282470703, -0.18407638370990753, -0.04295080155134201, -1.4629566669464111, 0.05675636604428291, 1.722812533378601, 1.0, 0.0]","[-1.3225704431533813, -2.025944948196411, 0.0672174021601677, 0.0794498473405838, 2.6764461994171143, 0.8559399247169495, -1.479917049407959, 0.37308332324028015, 0.5257684588432312, 1.9491649866104126, -0.6411304473876953, -0.6417062878608704, -1.6857397556304932, -1.3082963228225708, 1.4472156763076782, 1.0, 55.099998474121094, 15.800000190734863, -0.7979999780654907, 2.8589999675750732, 0.009999999776482582, 1.1139999628067017, -0.3019999861717224, 24.67099952697754, -6.76200008392334, 29.920000076293945, 0.3109999895095825, 1.565999984741211, 0.25699999928474426, 0.0, 0.0, 0.0, 0.0, 0.0, 0.0, 0.012000000104308128, 0.0, 0.041999999433755875, -0.1979999989271164, -0.11999999731779099, 0.0, 0.0, 0.0, -0.07096300274133682, 0.479218989610672, -0.09241499751806259, 0.1909009963274002, -0.95551598072052, -0.17588399350643158, -0.14003199338912964, 0.27860701084136963, 0.39932799339294434, 0.08289799839258194, 0.33291101455688477, -0.8500940203666687, 0.2645530104637146, 0.3106760084629059]",4.7,177,0,418,0
"[-1.318761944770813, -2.0263893604278564, 0.06519287824630737, 0.06749358028173447, 2.668972969055176, 0.8482919335365295, -1.4802908897399902, 0.2160000056028366, 0.499463826417923, 1.951220154762268, -0.6442707777023315, -0.658076286315918, -1.6766396760940552, -1.3222895860671997, 1.4235352277755737, 0.24300000071525574, 0.0]","[-0.8863378167152405, -2.02597975730896, 0.13206160068511963, -0.10391474515199661, 2.061368465423584, 0.728345513343811, -0.6490352749824524, 0.37558332085609436, 0.03830274939537048, 2.0658531188964844, -0.18247464299201965, -0.05055265128612518, -1.461594581604004, 0.05669505149126053, 1.7269742488861084, 1.0, 55.099998474121094, 17.481000900268555, -4.238999843597412, 2.066999912261963, 0.31200000643730164, 1.2209999561309814, -0.2720000147819519, 13.732000350952148, -3.0950000286102295, 44.141998291015625, 0.1770000010728836, 1.3849999904632568, 0.19699999690055847, 0.024000000208616257, 0.0, -0.1979999989271164, 0.14399999380111694, 0.0, 0.1679999977350235, 0.46799999475479126, 0.0, 0.0, 0.0, 0.0, 0.0, 0.0, 0.0, -0.2379540055990219, 0.4224900007247925, -0.10085500031709671, 0.33783799409866333, -0.9094600081443787, -0.19265499711036682, -0.14707399904727936, 0.5600749850273132, 0.015737000852823257, -0.04054899886250496, 0.5351729989051819, 0.031578000634908676, 0.8440589904785156, 0.01245800033211708]",7.066666666666666,208,0,457,0
"[-1.2962125539779663, -2.0263893604278564, 0.030678972601890564, 0.06350654363632202, 2.670353412628174, 0.8421553373336792, -1.4416351318359375, 0.2160000056028366, 0.492406964302063, 1.9420171976089478, -0.6343004703521729, -0.7893854975700378, -1.671424388885498, -1.3758245706558228, 1.497779130935669, 0.24300000071525574, 0.0]","[-0.5016700625419617, -2.025177240371704, 0.7438585758209229, 0.2749771177768707, 1.4998973608016968, 1.1538987159729004, -0.7849358916282654, 1.0, 0.03865174949169159, 2.0658531188964844, -0.18395788967609406, -0.04266525059938431, -1.4629207849502563, 0.05666014924645424, 1.7207270860671997, 1.0, 55.099998474121094, 17.867000579833984, -5.198999881744385, -0.4819999933242798, 0.36500000953674316, 1.1080000400543213, -0.29499998688697815, 14.437999725341797, -3.4790000915527344, 42.9900016784668, 0.25600001215934753, 1.3990000486373901, 0.19699999690055847, -2.052000045776367, -0.041999999433755875, 0.9240000247955322, -1.055999994277954, 0.6600000262260437, -1.1640000343322754, -0.18000000715255737, 0.05400000140070915, 0.0, 0.0, 0.0, 0.0, 0.0, 0.0, -0.3140600025653839, 0.36117100715637207, -0.02050499990582466, 0.3748289942741394, -0.8750600218772888, -0.19131900370121002, -0.23909799754619598, 0.5588459968566895, 0.015402000397443771, -0.043118998408317566, 0.5320379734039307, 0.02787500061094761, 0.8462089896202087, 0.009324000217020512]",3.3,324,0,334,0
"[-1.196350336074829, -2.024855375289917, 0.08988992869853973, 0.0478593111038208, 2.4956328868865967, 0.8536605834960938, -1.222582459449768, 0.2199999988079071, 0.24881093204021454, 1.9447804689407349, -0.36002492904663086, -0.6550082564353943, -1.6520969867706299, -1.5206345319747925, 1.21721351146698, 1.0, 0.0]","[-1.2556322813034058, -2.026171922683716, 0.06479185074567795, 0.09110645204782486, 2.5406851768493652, 0.8551721572875977, -1.3129727840423584, 0.37308332324028015, 0.4347493052482605, 1.955255150794983, -0.5230288505554199, -0.6399438381195068, -1.6481175422668457, -1.363438367843628, 1.2833776473999023, 1.0, 55.099998474121094, 16.746999740600586, -3.4709999561309814, 2.6519999504089355, 0.2980000078678131, 1.2480000257492065, -0.27799999713897705, 26.493000030517578, -6.004000186920166, 29.209999084472656, 0.2980000078678131, 1.6160000562667847, 0.21899999678134918, -0.18000000715255737, 0.0, 0.035999998450279236, 0.0, 0.006000000052154064, -0.13199999928474426, -1.5, 0.07199999690055847, -0.07199999690055847, -0.2280000001192093, 0.012000000104308128, -0.05400000140070915, 0.09000000357627869, 0.1679999977350235, -0.0900539979338646, 0.48301801085472107, -0.08242800086736679, 0.22513499855995178, -0.9454450011253357, -0.16088199615478516, -0.17193999886512756, 0.31255701184272766, 0.36999499797821045, 0.10433000326156616, 0.397255003452301, -0.8274670243263245, 0.23621900379657745, 0.3188819885253906]",7.433333333333334,201,0,399,0
"[-0.8941566944122314, -2.02638840675354, 0.14419353008270264, -0.11198028922080994, 2.0616698265075684, 0.7225038409233093, -0.6700438857078552, 0.2199999988079071, 0.038348376750946045, 2.0662708282470703, -0.18254226446151733, -0.05061977729201317, -1.4618829488754272, 0.056756392121315, 1.7272610664367676, 1.0, 0.0]","[-1.322657585144043, -2.025944948196411, 0.06742680072784424, 0.07976394891738892, 2.6759226322174072, 0.8557654619216919, -1.4799344539642334, 0.37275001406669617, 0.516781747341156, 1.9508750438690186, -0.6453708410263062, -0.6560676693916321, -1.6811155080795288, -1.3183649778366089, 1.4355416297912598, 0.9888333082199097, 55.099998474121094, 16.01300048828125, -1.7350000143051147, 3.2269999980926514, 0.09799999743700027, 1.1440000534057617, -0.28700000047683716, 25.9950008392334, -6.328999996185303, 30.200000762939453, 0.3019999861717224, 1.6549999713897705, 0.21899999678134918, 0.0, 0.0, 0.0, 0.0, 0.0, 0.0, 0.017999999225139618, -0.05400000140070915, 0.0, 0.0, -0.08399999886751175, 0.017999999225139618, -0.041999999433755875, -0.029999999329447746, -0.07090199738740921, 0.47933000326156616, -0.09231500327587128, 0.19113600254058838, -0.9554489850997925, -0.17589600384235382, -0.1401520073413849, 0.2783080041408539, 0.3969449996948242, 0.08435100317001343, 0.3341430127620697, -0.8528850078582764, 0.255279004573822, 0.3094629943370819]",14.1,348,0,412,0
"[-0.8406201601028442, -2.02638840675354, 0.47415220737457275, -0.024542808532714844, 1.7910746335983276, 0.7996630668640137, -0.7811036109924316, 1.0, 0.038348376750946045, 2.0662708282470703, -0.18407638370990753, -0.05061977729201317, -1.4618829488754272, 0.056756392121315, 1.723272681236267, 1.0, 0.0]","[-1.312327265739441, -2.0261893272399902, 0.04955799877643585, 0.06439050287008286, 2.669116973876953, 0.8502511978149414, -1.4651716947555542, 0.3649166524410248, 0.49364304542541504, 1.9434937238693237, -0.6366457939147949, -0.6717202663421631, -1.676194667816162, -1.3394794464111328, 1.429032802581787, 0.43924999237060547, 55.099998474121094, 9.307999610900879, -15.416000366210938, -9.447999954223633, 2.9560000896453857, -0.2709999978542328, 0.31200000643730164, 36.314998626708984, -16.445999145507812, 39.93600082397461, 2.990999937057495, 3.4059998989105225, -0.4399999976158142, 0.017999999225139618, 0.0, 0.0, 0.0, -0.04800000041723251, -0.012000000104308128, 0.017999999225139618, 0.0, -0.05400000140070915, 0.035999998450279236, -0.4860000014305115, -0.012000000104308128, -0.2280000001192093, 0.18000000715255737, -0.07355400174856186, 0.4769980013370514, -0.09495499730110168, 0.18945999443531036, -0.9534649848937988, -0.182668998837471, -0.14710299670696259, 0.2842540144920349, 0.3904950022697449, 0.09196999669075012, 0.33994799852371216, -0.852063000202179, 0.2510499954223633, 0.30886200070381165]",14.933333333333334,352,0,459,0
"[-0.6336865425109863, -2.02638840675354, 0.7803352475166321, 0.17425945401191711, 1.5098956823349, 1.0539977550506592, -0.7838649153709412, 1.0, 0.04110981151461601, 2.0662708282470703, -0.18407638370990753, -0.04525202140212059, -1.4632635116577148, 0.056756392121315, 1.7211251258850098, 1.0, 0.0]","[-0.838367760181427, -2.0259275436401367, 0.2884659469127655, -0.040850453078746796, 1.990748405456543, 0.7732618451118469, -0.7710631489753723, 1.0, 0.03838999941945076, 2.0658183097839355, -0.18296323716640472, -0.05055265128612518, -1.4615771770477295, 0.05662524700164795, 1.7238332033157349, 1.0, 55.099998474121094, 18.117000579833984, -4.571000099182129, 2.5209999084472656, 0.35899999737739563, 1.225000023841858, -0.24400000274181366, 13.581000328063965, -2.9549999237060547, 43.939998626708984, 0.1550000011920929, 1.3450000286102295, 0.1889999955892563, 0.029999999329447746, 0.0, -1.1460000276565552, -0.08399999886751175, 1.1339999437332153, -0.041999999433755875, 0.23399999737739563, 0.0, 0.0, 0.017999999225139618, 0.0, 0.0, 0.0, 0.0, -0.2616730034351349, 0.4132950007915497, -0.09154599905014038, 0.3295249938964844, -0.9058489799499512, -0.22540999948978424, -0.14156299829483032, 0.5600810050964355, 0.015823999419808388, -0.04053400084376335, 0.5352090001106262, 0.02998499944806099, 0.8441069722175598, 0.01157000008970499]",16.0,160,0,248,0
"[-1.3064911365509033, -2.0263893604278564, 0.0492398627102375, 0.06442701071500778, 2.6645264625549316, 0.8436898589134216, -1.455748438835144, 0.2160000056028366, 0.492406964302063, 1.9420171976089478, -0.6350674629211426, -0.7191291451454163, -1.6751056909561157, -1.3609447479248047, 1.4555944204330444, 0.24300000071525574, 0.0]","[-1.2739896774291992, -2.025421380996704, -0.02409845031797886, 0.05664269998669624, 2.6691694259643555, 0.8559573888778687, -1.3800506591796875, 0.273499995470047, 0.4766292870044708, 1.9361299276351929, -0.6329987645149231, -0.8752920031547546, -1.6362515687942505, -1.3453426361083984, 1.549490213394165, 0.4192500114440918, 55.099998474121094, 17.097000122070312, -0.7250000238418579, 2.3519999980926514, 0.07599999755620956, 1.156000018119812, -0.28999999165534973, 27.180999755859375, -5.211999893188477, 28.50200080871582, 0.22599999606609344, 1.690000057220459, 0.18400000035762787, 0.1679999977350235, 0.0, -0.18000000715255737, 0.029999999329447746, -0.017999999225139618, 0.38999998569488525, 0.414000004529953, -0.05400000140070915, -0.14399999380111694, -0.012000000104308128, -0.1860000044107437, 0.4259999990463257, 0.34200000762939453, 0.05999999865889549, -0.08509700000286102, 0.47529199719429016, -0.09318000078201294, 0.1984959989786148, -0.9490309953689575, -0.18079200387001038, -0.1650799959897995, 0.25947698950767517, 0.3976520001888275, 0.14034999907016754, 0.3744960129261017, -0.8410170078277588, 0.21606700122356415, 0.325203001499176]",8.733333333333333,240,0,278,0
"[-0.8866392374038696, -2.02638840675354, 0.12977413833141327, -0.09817368537187576, 2.0616698265075684, 0.7344699501991272, -0.6419714093208313, 0.2199999988079071, 0.037427887320518494, 2.0662708282470703, -0.18254226446151733, -0.05061977729201317, -1.4618829488754272, 0.056756392121315, 1.7261872291564941, 1.0, 0.0]","[-1.2835696935653687, -2.025456428527832, -0.009021650068461895, 0.05779439955949783, 2.668419122695923, 0.8482270836830139, -1.3966805934906006, 0.27566665410995483, 0.4808521866798401, 1.938346028327942, -0.6328591108322144, -0.85396808385849, -1.6493041515350342, -1.36328125, 1.5373798608779907, 0.4202499985694885, 55.099998474121094, 14.395000457763672, -1.0160000324249268, 2.3889999389648438, 0.08799999952316284, 0.843999981880188, -0.27900001406669617, 27.56599998474121, -4.665999889373779, 29.534000396728516, 0.23600000143051147, 1.8450000286102295, 0.14499999582767487, 0.18000000715255737, 0.0, -0.4860000014305115, -0.05400000140070915, 0.041999999433755875, 0.08399999886751175, 0.5339999794960022, -0.12600000202655792, 0.0, 0.0, -0.6899999976158142, 0.05400000140070915, 0.30000001192092896, 0.47999998927116394, -0.08241499960422516, 0.4766109883785248, -0.09332899749279022, 0.19923099875450134, -0.9496139883995056, -0.1808519959449768, -0.16072200238704681, 0.26042699813842773, 0.39581099152565, 0.13260099291801453, 0.3620460033416748, -0.8470630049705505, 0.2171570062637329, 0.3228760063648224]",10.566666666666666,187,0,422,0
"[-1.3141599893569946, -2.0263893604278564, 0.05061936005949974, 0.06442701071500778, 2.672194242477417, 0.8476781845092773, -1.4664851427078247, 0.2160000056028366, 0.49394094944000244, 1.9478453397750854, -0.6410489082336426, -0.658076286315918, -1.6766396760940552, -1.324743390083313, 1.4235352277755737, 0.24300000071525574, 0.0]","[-1.3100587129592896, -2.026136875152588, 0.04940095171332359, 0.06435559689998627, 2.6655051708221436, 0.8493438363075256, -1.4593784809112549, 0.3414166569709778, 0.4933638572692871, 1.9427434206008911, -0.6364015340805054, -0.695522129535675, -1.6762644052505493, -1.35752272605896, 1.4396424293518066, 0.4346666634082794, 55.099998474121094, 10.293000221252441, -15.105999946594238, -2.1059999465942383, 2.4049999713897705, -0.24300000071525574, 0.32100000977516174, 32.612998962402344, -10.187000274658203, 42.097999572753906, 1.4279999732971191, 3.0220000743865967, 0.1379999965429306, 0.07800000160932541, 0.0, 0.0, 0.0, -0.08399999886751175, -0.017999999225139618, 0.1979999989271164, -0.017999999225139618, 0.0, 0.0, -0.6240000128746033, 0.0, -0.20399999618530273, 0.41999998688697815, -0.07433699816465378, 0.4771350026130676, -0.09472499787807465, 0.19070899486541748, -0.9532430171966553, -0.18200799822807312, -0.14775100350379944, 0.27950799465179443, 0.39034900069236755, 0.09619200229644775, 0.3368619978427887, -0.8549180030822754, 0.24220800399780273, 0.3114059865474701]",13.1,165,0,437,0
"[-1.2356204986572266, -2.0263893604278564, 0.08896943926811218, 0.08390804380178452, 2.538891077041626, 0.8602569699287415, -1.2343939542770386, 0.2199999988079071, 0.4137137234210968, 1.9568976163864136, -0.5111209750175476, -0.6393624544143677, -1.6465741395950317, -1.3681565523147583, 1.2136849164962769, 1.0, 0.0]","[-1.3226401805877686, -2.0259974002838135, 0.06747914850711823, 0.0798337459564209, 2.675102472305298, 0.8557654619216919, -1.4799518585205078, 0.37275001406669617, 0.5155951380729675, 1.9508925676345825, -0.6448822021484375, -0.6573066115379333, -1.6783758401870728, -1.3212616443634033, 1.4345121383666992, 0.9852499961853027, 55.099998474121094, 15.619999885559082, -2.3529999256134033, 3.5940001010894775, 0.12300000339746475, 1.1299999952316284, -0.24300000071525574, 25.451000213623047, -6.209000110626221, 29.826000213623047, 0.3149999976158142, 1.6180000305175781, 0.21799999475479126, 0.0, 0.0, 0.0, 0.0, -0.041999999433755875, 0.0, -0.006000000052154064, 0.0, 0.0, 0.006000000052154064, -0.006000000052154064, 0.017999999225139618, -0.012000000104308128, 0.0, -0.07083000242710114, 0.47936099767684937, -0.09228599816560745, 0.19118699431419373, -0.9553539752960205, -0.17610199749469757, -0.14047299325466156, 0.27807000279426575, 0.3965680003166199, 0.0848580002784729, 0.33414000272750854, -0.8526880145072937, 0.2542720139026642, 0.31083500385284424]",14.666666666666666,36,0,333,0
"[-0.8903213739395142, -2.02638840675354, 0.15646487474441528, -0.10400275141000748, 2.0616698265075684, 0.7240380048751831, -0.6775593161582947, 0.2199999988079071, 0.039882488548755646, 2.0662708282470703, -0.18254226446151733, -0.05061977729201317, -1.4618829488754272, 0.056756392121315, 1.7257270812988281, 1.0, 0.0]","[-1.0500013828277588, -2.0029983520507812, 0.1273326426744461, 0.22770504653453827, 2.376497983932495, 1.0359017848968506, -0.9894673228263855, 0.37450000643730164, 0.03455100208520889, 2.0658531188964844, -0.18399278819561005, -0.04201959818601608, -1.464683175086975, 0.05676484853029251, 1.7234492301940918, 1.0, 55.099998474121094, 16.343000411987305, -4.428999900817871, -0.4779999852180481, 0.19699999690055847, 1.0720000267028809, -0.1889999955892563, 13.222999572753906, -3.328000068664551, 44.41400146484375, 0.1899999976158142, 1.340000033378601, 0.2070000022649765, -0.7680000066757202, 0.024000000208616257, 0.041999999433755875, 0.5220000147819519, 0.2460000067949295, -0.029999999329447746, -1.6920000314712524, 0.09000000357627869, 0.0, 0.024000000208616257, -0.1080000028014183, 0.0, 0.0, 0.0, -0.1661120057106018, 0.473145991563797, -0.035082001239061356, 0.2844170033931732, -0.9396889805793762, -0.07292599976062775, -0.1754170060157776, 0.5588399767875671, 0.013124000281095505, -0.04324999824166298, 0.531919002532959, 0.03001900017261505, 0.8462200164794922, 0.008450999855995178]",15.733333333333333,137,0,228,0
"[-0.8331045508384705, -2.02638840675354, 0.1733383983373642, -0.07485751062631607, 2.060135841369629, 0.7731252312660217, -0.6912121176719666, 0.3499999940395355, 0.03374593332409859, 2.0662708282470703, -0.18254226446151733, -0.05061977729201317, -1.4618829488754272, 0.056756392121315, 1.7257270812988281, 1.0, 0.0]","[-0.5824635624885559, -2.0259101390838623, 0.7757571935653687, 0.22000959515571594, 1.5123043060302734, 1.1015836000442505, -0.7876232266426086, 1.0, 0.040483999997377396, 2.0658531188964844, -0.18401025235652924, -0.04329345002770424, -1.463234782218933, 0.05685209855437279, 1.7207444906234741, 1.0, 55.099998474121094, 14.906999588012695, -5.26200008392334, 1.690000057220459, 0.40400001406669617, 0.9470000267028809, -0.18799999356269836, 13.381999969482422, -3.3519999980926514, 43.76599884033203, 0.17499999701976776, 1.3339999914169312, 0.21699999272823334, -1.4759999513626099, 0.0, 0.40799999237060547, -1.2660000324249268, 0.0, -1.3020000457763672, 0.029999999329447746, 0.017999999225139618, 0.0, 0.0, -0.024000000208616257, -0.035999998450279236, 0.0, -0.017999999225139618, -0.29569798707962036, 0.37615901231765747, -0.03822200000286102, 0.3492540121078491, -0.8904600143432617, -0.18386399745941162, -0.2264849990606308, 0.5589169859886169, 0.016450000926852226, -0.04290999844670296, 0.5323050022125244, 0.026978999376296997, 0.8460659980773926, 0.009716000407934189]",9.7,193,0,443,0
"[-0.3876359760761261, -2.0190248489379883, 0.6841544508934021, 0.30081287026405334, 1.4305894374847412, 1.2416034936904907, -0.7804900407791138, 1.0, 0.033746637403964996, 2.0662708282470703, -0.18407638370990753, -0.04295080155134201, -1.4618829488754272, 0.056756392121315, 1.7211251258850098, 1.0, 0.0]","[-1.0646419525146484, -2.024374485015869, 0.13042129576206207, 0.20069245994091034, 2.4544472694396973, 1.043126106262207, -1.1861811876296997, 0.3734166622161865, -0.37337765097618103, 2.0560812950134277, 0.21076110005378723, -0.4162697494029999, -1.4483674764633179, -1.4706511497497559, 1.420430064201355, 1.0, 55.099998474121094, 15.32699966430664, -4.144000053405762, 2.3010001182556152, 0.22499999403953552, 1.031000018119812, -0.24199999868869781, 20.50200080871582, -12.817000389099121, 28.16699981689453, 0.8700000047683716, 1.1729999780654907, 0.35199999809265137, 0.041999999433755875, 0.0, 0.0, -0.3479999899864197, 0.0, 0.0, 0.20999999344348907, 1.559999942779541, -0.05400000140070915, 0.6899999976158142, -1.7640000581741333, 0.0, -3.8519999980926514, -0.33000001311302185, -0.1614850014448166, 0.4593690037727356, -0.05894999951124191, 0.2264849990606308, -0.9452660083770752, -0.15131700038909912, -0.1796640008687973, 0.48391199111938477, -0.04697699844837189, 0.15215599536895752, 0.7160570025444031, -0.29047200083732605, 0.5183709859848022, 0.3663029968738556]",14.233333333333333,244,0,89,0
"[-1.3130862712860107, -2.0263893604278564, 0.07301609218120575, 0.09403250366449356, 2.661611318588257, 0.8361726999282837, -1.5203289985656738, 0.2160000056028366, 0.49071982502937317, 1.9389503002166748, -0.5910412073135376, -0.6468790769577026, -1.662527084350586, -1.3339483737945557, 1.4086538553237915, 1.0, 0.0]","[-1.2324585914611816, -2.0259275436401367, 0.08882050216197968, 0.07754779607057571, 2.5433549880981445, 0.8599709272384644, -1.2323888540267944, 0.37308332324028015, 0.39405590295791626, 1.9568778276443481, -0.5129252672195435, -0.644690215587616, -1.650124430656433, -1.3862804174423218, 1.1762869358062744, 1.0, 55.099998474121094, 15.29800033569336, -3.4240000247955322, 3.0889999866485596, 0.2160000056028366, 1.0870000123977661, -0.24899999797344208, 25.545000076293945, -3.569999933242798, 30.363000869750977, 0.13500000536441803, 1.6430000066757202, 0.13199999928474426, 0.0, 0.0, 0.0, 0.09600000083446503, 0.0, 0.0, 0.09000000357627869, 0.5099999904632568, 0.0, 0.0, 0.10199999809265137, 0.16200000047683716, 0.5699999928474426, 0.5580000281333923, -0.10197699815034866, 0.47611701488494873, -0.08749599754810333, 0.22226500511169434, -0.9545750021934509, -0.1275620013475418, -0.1520249992609024, 0.3246679902076721, 0.3552660048007965, 0.10523699969053268, 0.4157879948616028, -0.8358579874038696, 0.2033109962940216, 0.2951680123806]",8.366666666666667,80,0,30,0
"[-1.1406669616699219, -2.0182571411132812, 0.13038794696331024, 0.25310593843460083, 2.4150989055633545, 1.013040542602539, -1.1443499326705933, 0.2199999988079071, 0.04141661897301674, 2.0662708282470703, -0.1856105476617813, -0.046325910836458206, -1.4658714532852173, 0.05476200580596924, 1.723426103591919, 1.0, 0.0]","[-1.2062486410140991, -2.024496555328369, 0.08916950225830078, 0.05788164958357811, 2.5179824829101562, 0.8560271859169006, -1.2323888540267944, 0.37308332324028015, 0.28907668590545654, 1.9499677419662476, -0.4295143187046051, -0.6562421321868896, -1.6543821096420288, -1.4820808172225952, 1.1898281574249268, 1.0, 55.099998474121094, 17.625999450683594, -2.243000030517578, 0.9380000233650208, 0.14499999582767487, 1.156000018119812, -0.2720000147819519, 26.73699951171875, -3.4760000705718994, 28.81599998474121, 0.12999999523162842, 1.7059999704360962, 0.25699999928474426, -0.25200000405311584, 0.0, 0.09000000357627869, 0.1379999965429306, 0.16200000047683716, 0.05999999865889549, -0.041999999433755875, 0.8820000290870667, 0.09000000357627869, -1.6019999980926514, 0.0, 0.0, 0.8640000224113464, -0.5099999904632568, -0.11175499856472015, 0.4715850055217743, -0.09021200239658356, 0.220441997051239, -0.9506030082702637, -0.1494929939508438, -0.159401997923851, 0.3539830148220062, 0.3118939995765686, 0.12144199758768082, 0.4319390058517456, -0.8157839775085449, 0.23252899944782257, 0.3063569962978363]",2.8,349,0,295,0
"[-0.11750198155641556, -2.02638840675354, 0.02040109410881996, 0.07163578271865845, 1.1678186655044556, -0.07102251052856445, -0.9596583843231201, 1.0, 0.03834838792681694, 2.0662708282470703, -0.18407638370990753, -0.04295080155134201, -1.4629566669464111, 0.05675636604428291, 1.7229658365249634, 1.0, 0.0]","[-1.1645257472991943, -2.0248806476593018, 0.11963719874620438, 0.23595890402793884, 2.4281673431396484, 0.9793114066123962, -1.207051396369934, 0.3738333284854889, 0.047655947506427765, 2.055121421813965, -0.27085891366004944, -0.17730945348739624, -1.5041899681091309, 0.06491400301456451, 1.710326910018921, 1.0, 55.099998474121094, 16.56399917602539, -3.11899995803833, 0.9459999799728394, 0.24300000071525574, 1.1399999856948853, -0.28999999165534973, 15.340999603271484, -3.3989999294281006, 43.685001373291016, 0.1899999976158142, 1.4789999723434448, 0.2809999883174896, 0.18000000715255737, -0.017999999225139618, 0.09600000083446503, -0.3779999911785126, 0.07199999690055847, 0.34200000762939453, -1.1820000410079956, -0.6539999842643738, -0.09600000083446503, -1.3380000591278076, -0.15600000321865082, -0.8579999804496765, -1.6920000314712524, -0.4259999990463257, -0.11929500102996826, 0.4889470040798187, -0.044899001717567444, 0.2630710005760193, -0.9376689791679382, -0.12368299812078476, -0.1904509961605072, 0.5789750218391418, 0.03490100055932999, 0.00873200036585331, 0.5931079983711243, -0.03865800052881241, 0.8041260242462158, -0.010402999818325043]",15.9,297,0,65,0
"[-0.8329513072967529, -2.02638840675354, 0.20110344886779785, -0.05736999586224556, 2.0592153072357178, 0.7731252312660217, -0.734009861946106, 1.0, 0.03528008237481117, 2.0662708282470703, -0.18254226446151733, -0.05061977729201317, -1.4618829488754272, 0.056756392121315, 1.7244998216629028, 1.0, 0.0]","[-1.1769152879714966, -2.0245840549468994, 0.09232794493436813, 0.026262249797582626, 2.454237699508667, 0.8615414500236511, -1.1846281290054321, 0.3734166622161865, 0.18439415097236633, 1.9400560855865479, -0.22027134895324707, -0.6521064639091492, -1.6542949676513672, -1.5605883598327637, 1.2708660364151, 1.0, 55.099998474121094, 13.673999786376953, -4.715000152587891, 3.256999969482422, 0.29899999499320984, 0.8730000257492065, -0.1860000044107437, 25.885000228881836, -6.111999988555908, 27.299999237060547, 0.25699999928474426, 1.6059999465942383, 0.2809999883174896, -0.31200000643730164, 0.0, 0.012000000104308128, 0.0, 0.1379999965429306, -0.05999999865889549, -0.22200000286102295, 0.7440000176429749, -0.024000000208616257, -1.3259999752044678, -0.1860000044107437, 0.0, -0.11999999731779099, -0.2879999876022339, -0.11796200275421143, 0.4646730124950409, -0.0946820005774498, 0.21759000420570374, -0.9461460113525391, -0.16039100289344788, -0.17814399302005768, 0.3911750018596649, 0.2585909962654114, 0.15866899490356445, 0.49202901124954224, -0.7432249784469604, 0.29542699456214905, 0.3438679873943329]",14.766666666666667,461,0,495,0
"[-0.9039739966392517, -2.02638840675354, 0.11811476945877075, -0.029452037066221237, 2.1308512687683105, 0.8212931752204895, -0.685229480266571, 0.2199999988079071, 0.036200568079948425, 2.0662708282470703, -0.1834627389907837, -0.04893343895673752, -1.463570237159729, 0.056756392121315, 1.7240396738052368, 1.0, 0.0]","[-0.7377161979675293, -2.02597975730896, 0.7780256867408752, 0.09271185100078583, 1.5123043060302734, 0.9518451690673828, -0.7790552377700806, 1.0, 0.03216034919023514, 2.0658531188964844, -0.18402768671512604, -0.050360698252916336, -1.4622400999069214, 0.05662524700164795, 1.7218438386917114, 1.0, 55.099998474121094, 15.175000190734863, -2.74399995803833, -0.013000000268220901, 0.11500000208616257, 0.8629999756813049, -0.289000004529953, 13.684000015258789, -2.2669999599456787, 44.428001403808594, 0.1340000033378601, 1.3990000486373901, 0.18799999356269836, -0.8999999761581421, 0.0, 0.035999998450279236, -0.5820000171661377, 0.0, -0.6119999885559082, 0.09000000357627869, -0.04800000041723251, 0.0, 0.0, -0.024000000208616257, 0.0, 0.0, 0.0, -0.2690719962120056, 0.4046970009803772, -0.06458000093698502, 0.3355720043182373, -0.9017230272293091, -0.19246099889278412, -0.19298799335956573, 0.5601369738578796, 0.012341000139713287, -0.0406000018119812, 0.5352069735527039, 0.031029000878334045, 0.8441029787063599, 0.00890900008380413]",2.1333333333333333,209,0,139,0
"[-1.0653483867645264, -2.024855375289917, 0.12501835823059082, 0.16827675700187683, 2.4539096355438232, 1.0228586196899414, -1.170734167098999, 0.2199999988079071, -0.22580109536647797, 2.0481698513031006, 0.17149801552295685, -0.54732346534729, -1.4703196287155151, -1.58905029296875, 1.3933144807815552, 1.0, 0.0]","[-1.3131474256515503, -2.02597975730896, 0.07107385247945786, 0.10487450659275055, 2.656029462814331, 0.8296777009963989, -1.52956223487854, 0.37308332324028015, 0.4706439673900604, 1.9384855031967163, -0.5919039845466614, -0.6471157670021057, -1.6597044467926025, -1.3361464738845825, 1.391096591949463, 1.0, 55.099998474121094, 14.152999877929688, -1.3339999914169312, 3.5959999561309814, 0.013000000268220901, 1.0379999876022339, -0.23800000548362732, 23.65399932861328, -5.885000228881836, 29.958999633789062, 0.3050000071525574, 1.4980000257492065, 0.19599999487400055, -0.017999999225139618, 0.0, -0.05400000140070915, -0.11999999731779099, 0.27000001072883606, 0.2160000056028366, 0.14399999380111694, 0.34200000762939453, 0.0, 0.0, -0.017999999225139618, 0.0, 0.012000000104308128, 0.3479999899864197, -0.07652000337839127, 0.488101989030838, -0.08383999764919281, 0.2131980061531067, -0.9433879852294922, -0.20680400729179382, -0.14763900637626648, 0.2990959882736206, 0.38405901193618774, 0.09991200268268585, 0.36474499106407166, -0.8371000289916992, 0.2583779990673065, 0.3153800070285797]",7.133333333333334,97,0,423,0
"[-1.0820688009262085, -2.0065999031066895, 0.1288537085056305, 0.2463565617799759, 2.387794256210327, 1.0225512981414795, -1.0705653429031372, 0.2199999988079071, 0.039422255009412766, 2.0662708282470703, -0.18407638370990753, -0.0470929853618145, -1.4644906520843506, 0.05583590641617775, 1.7241930961608887, 1.0, 0.0]","[-1.1191383600234985, -2.024967670440674, 0.1269313097000122, 0.21302960813045502, 2.4365785121917725, 1.022430419921875, -1.230399489402771, 0.3738333284854889, -0.12276075035333633, 2.0607926845550537, -0.3032809793949127, -0.2702656090259552, -1.5401544570922852, -0.25302499532699585, 1.6489027738571167, 1.0, 55.099998474121094, 17.65999984741211, -1.9620000123977661, 1.63100004196167, 0.003000000026077032, 1.2630000114440918, -0.2680000066757202, 16.106000900268555, -2.5940001010894775, 44.762001037597656, 0.1899999976158142, 1.4950000047683716, 0.09099999815225601, 0.49799999594688416, 0.0, -0.012000000104308128, 0.13199999928474426, 0.0, 0.5759999752044678, 0.05400000140070915, -2.25, 0.041999999433755875, 0.8640000224113464, -0.8999999761581421, 0.7680000066757202, -5.177999973297119, -1.1460000276565552, -0.13689999282360077, 0.4732869863510132, -0.05383799970149994, 0.23450399935245514, -0.9406160116195679, -0.15098600089550018, -0.19352300465106964, 0.5795310139656067, -0.0029490001033991575, 0.02659600041806698, 0.5987529754638672, -0.12548699975013733, 0.7902839779853821, 0.034595999866724014]",12.533333333333333,301,0,451,0
"[-1.1684317588806152, -2.0237815380096436, 0.11857498437166214, 0.2445157766342163, 2.4256820678710938, 0.9739243984222412, -1.1796319484710693, 0.2199999988079071, 0.05798364803195, 2.0607495307922363, -0.22902266681194305, -0.1719585508108139, -1.483972191810608, 0.09587308019399643, 1.7191314697265625, 1.0, 0.0]","[-1.1202375888824463, -2.024566411972046, 0.09302594512701035, 0.04622504860162735, 2.451934337615967, 0.8944520950317383, -1.1669338941574097, 0.3734166622161865, 0.08398685604333878, 1.961920976638794, -0.09482330083847046, -0.6391411423683167, -1.6181385517120361, -1.5632233619689941, 1.3321679830551147, 1.0, 55.099998474121094, 17.7450008392334, -2.505000114440918, 3.007999897003174, 0.210999995470047, 1.1920000314712524, -0.15800000727176666, 25.250999450683594, -9.470999717712402, 28.437000274658203, 0.46000000834465027, 1.6139999628067017, 0.31299999356269836, -0.671999990940094, 0.0, -0.27000001072883606, -0.5759999752044678, 0.041999999433755875, -1.062000036239624, -0.035999998450279236, 1.871999979019165, -0.5099999904632568, -1.7940000295639038, -0.13199999928474426, -1.1399999856948853, 0.335999995470047, -0.6660000085830688, -0.14147800207138062, 0.45789700746536255, -0.09056200087070465, 0.22032999992370605, -0.9436420202255249, -0.1718820035457611, -0.17734099924564362, 0.42126700282096863, 0.20771799981594086, 0.1725669950246811, 0.5465009808540344, -0.6632620096206665, 0.35486000776290894, 0.36809200048446655]",3.1333333333333333,337,0,259,0
"[-1.322290062904358, -2.0263893604278564, 0.06595910340547562, 0.07056184113025665, 2.670813798904419, 0.8539668917655945, -1.4802908897399902, 0.2160000056028366, 0.5063669085502625, 1.951220154762268, -0.6431969404220581, -0.658076286315918, -1.6766396760940552, -1.3222895860671997, 1.424607515335083, 0.24300000071525574, 0.0]","[-1.3219420909881592, -2.025944948196411, 0.0672174021601677, 0.0794323980808258, 2.6764285564422607, 0.855992317199707, -1.4799344539642334, 0.37308332324028015, 0.5252624750137329, 1.9483797550201416, -0.6358954906463623, -0.6382511854171753, -1.6857572793960571, -1.3081742525100708, 1.4471982717514038, 1.0, 55.099998474121094, 15.560999870300293, -1.8209999799728394, 3.4179999828338623, 0.07800000160932541, 1.1030000448226929, -0.2759999930858612, 26.37299919128418, -5.60699987411499, 31.187000274658203, 0.24400000274181366, 1.6770000457763672, 0.19900000095367432, -0.017999999225139618, 0.0, 0.0, 0.0, 0.0, 0.0, -0.012000000104308128, 0.041999999433755875, 0.029999999329447746, -0.2759999930858612, -0.05400000140070915, 0.0, 0.0, 0.0, -0.07125499844551086, 0.4791640043258667, -0.0924220010638237, 0.1909099966287613, -0.9554629921913147, -0.17619800567626953, -0.13999100029468536, 0.2797279953956604, 0.3991140127182007, 0.08352600038051605, 0.33421799540519714, -0.8484960198402405, 0.2666420042514801, 0.31185299158096313]",6.2,125,0,136,0
"[-1.3184551000595093, -2.0263893604278564, 0.06488639116287231, 0.06749358028173447, 2.668666124343872, 0.8482919335365295, -1.4802908897399902, 0.2160000056028366, 0.499003529548645, 1.951220154762268, -0.6442707777023315, -0.658076286315918, -1.6766396760940552, -1.3222895860671997, 1.4235352277755737, 0.24300000071525574, 0.0]","[-1.0660728216171265, -2.0243046283721924, 0.1303340494632721, 0.20908591151237488, 2.454517126083374, 1.042846918106079, -1.1904913187026978, 0.3734166622161865, -0.3972143530845642, 2.0570757389068604, 0.1856680065393448, -0.3756985068321228, -1.448873519897461, -1.3599656820297241, 1.4317550659179688, 1.0, 55.099998474121094, 18.134000778198242, 0.013000000268220901, 1.0199999809265137, -0.003000000026077032, 1.2920000553131104, -0.2919999957084656, 20.22800064086914, -16.225000381469727, 31.371999740600586, 1.0379999876022339, 1.2059999704360962, 0.44600000977516174, 0.08399999886751175, 0.0, 0.0, -0.2639999985694885, 0.0, 0.0, 0.10199999809265137, 0.6600000262260437, 0.0, 1.5, -1.6019999980926514, 0.0, -5.124000072479248, -0.5099999904632568, -0.1612830013036728, 0.46109798550605774, -0.056779999285936356, 0.22984899580478668, -0.9445620179176331, -0.15116199851036072, -0.17922300100326538, 0.49744200706481934, -0.06342999637126923, 0.1367180049419403, 0.7127879858016968, -0.2425529956817627, 0.5621200203895569, 0.3422279953956604]",0.43333333333333335,194,0,174,0
"[-1.3206027746200562, -2.0263893604278564, 0.06595910340547562, 0.06749358028173447, 2.669126272201538, 0.8515121340751648, -1.4802908897399902, 0.2160000056028366, 0.5031456351280212, 1.951220154762268, -0.6435037851333618, -0.658076286315918, -1.6766396760940552, -1.3222895860671997, 1.4235352277755737, 0.24300000071525574, 0.0]","[-1.1030843257904053, -2.0092978477478027, 0.12946155667304993, 0.2538451552391052, 2.3990607261657715, 1.0234249830245972, -1.1170791387557983, 0.37416666746139526, 0.04099005088210106, 2.0658183097839355, -0.18401025235652924, -0.046905599534511566, -1.464613437652588, 0.05287349969148636, 1.723676085472107, 1.0, 55.099998474121094, 16.951000213623047, -3.611999988555908, -0.5640000104904175, 0.35899999737739563, 0.9279999732971191, -0.36899998784065247, 13.92300033569336, -1.965999960899353, 43.643001556396484, 0.12399999797344208, 1.3700000047683716, 0.15600000321865082, -0.6840000152587891, -0.1860000044107437, 0.024000000208616257, 0.08399999886751175, 0.31200000643730164, -0.035999998450279236, -0.7739999890327454, 0.035999998450279236, 0.0, 0.0, 0.006000000052154064, 0.029999999329447746, -0.012000000104308128, 0.017999999225139618, -0.14439299702644348, 0.4837450087070465, -0.032763998955488205, 0.2768459916114807, -0.9375069737434387, -0.10104300081729889, -0.18500399589538574, 0.5594660043716431, 0.017640000209212303, -0.04175499826669693, 0.5336229801177979, 0.02621700055897236, 0.8452249765396118, 0.012331999838352203]",16.6,76,0,242,0
"[-1.1889872550964355, -2.024855375289917, 0.09050359576940536, 0.03681451827287674, 2.4775326251983643, 0.8551947474479675, -1.2032543420791626, 0.2199999988079071, 0.22043226659297943, 1.9409455060958862, -0.3008130192756653, -0.6550082564353943, -1.6520969867706299, -1.5467122793197632, 1.2420639991760254, 1.0, 0.0]","[-0.10611344873905182, -2.0259974002838135, 0.010731750167906284, 0.07198125123977661, 1.1582611799240112, -0.05146004632115364, -0.9684924483299255, 1.0, 0.03833765164017677, 2.0658531188964844, -0.18406260013580322, -0.04263035207986832, -1.4629207849502563, 0.05657290294766426, 1.7223323583602905, 1.0, 55.099998474121094, 8.67300033569336, -4.718999862670898, 10.970000267028809, 0.2409999966621399, 0.9110000133514404, -0.05000000074505806, 13.534000396728516, -2.98799991607666, 44.16899871826172, 0.1509999930858612, 1.3600000143051147, 0.20999999344348907, 0.828000009059906, 0.0, -0.5759999752044678, 0.09000000357627869, -0.7739999890327454, 1.3799999952316284, -0.6000000238418579, 0.0, 0.0, 0.0, 0.017999999225139618, 0.0, -0.017999999225139618, 0.0, -0.5702599883079529, 0.05336099863052368, -0.013992000371217728, 0.5493040084838867, -0.11453700065612793, -0.8264949917793274, 0.0452830009162426, 0.5588470101356506, 0.015235000289976597, -0.04312799870967865, 0.5320209860801697, 0.028653999790549278, 0.8461899757385254, 0.009676000103354454]",8.0,498,0,230,0
"[-0.8909347653388977, -2.02638840675354, 0.1440400928258896, -0.11029273271560669, 2.0616698265075684, 0.7225038409233093, -0.6688166856765747, 0.2199999988079071, 0.038348376750946045, 2.0662708282470703, -0.18254226446151733, -0.05061977729201317, -1.4618829488754272, 0.056756392121315, 1.7272610664367676, 1.0, 0.0]","[-0.8487505316734314, -2.0260672569274902, 0.7257454991340637, 0.008044449612498283, 1.5455639362335205, 0.8412994146347046, -0.7777116298675537, 1.0, 0.03624364733695984, 2.0658531188964844, -0.18402768671512604, -0.050657350569963455, -1.46145498752594, 0.05666014924645424, 1.7221754789352417, 1.0, 55.099998474121094, 15.479000091552734, -3.0, 2.180000066757202, 0.2549999952316284, 0.9160000085830688, -0.3449999988079071, 13.263999938964844, -3.131999969482422, 44.3390007019043, 0.20000000298023224, 1.347000002861023, 0.18299999833106995, -0.16200000047683716, 0.0, -1.4160000085830688, -0.30000001192092896, 1.2059999704360962, -0.28200000524520874, 0.0, 0.029999999329447746, 0.0, 0.0, 0.0, 0.0, 0.0, -0.017999999225139618, -0.24803000688552856, 0.4232969880104065, -0.07971599698066711, 0.3325920104980469, -0.9058799743652344, -0.20017999410629272, -0.16937999427318573, 0.5601230263710022, 0.014649000018835068, -0.04051100090146065, 0.5352839827537537, 0.029777999967336655, 0.8440830111503601, 0.010316000320017338]",10.5,273,0,209,0
"[-0.4109525680541992, -2.022092819213867, 0.6973464488983154, 0.3003526031970978, 1.4477699995040894, 1.2192074060440063, -0.7804900407791138, 1.0, 0.03482019528746605, 2.0662708282470703, -0.18407638370990753, -0.04295080155134201, -1.4618829488754272, 0.056756392121315, 1.7211251258850098, 1.0, 0.0]","[-0.9024965763092041, -2.0260672569274902, 0.11724654585123062, -0.0319335013628006, 2.1278181076049805, 0.819120466709137, -0.6797822117805481, 0.374833345413208, 0.03641814738512039, 2.0658531188964844, -0.18285855650901794, -0.04981974884867668, -1.4620482921600342, 0.05666014924645424, 1.7251768112182617, 1.0, 55.099998474121094, 16.17099952697754, -5.738999843597412, 1.4160000085830688, 0.6150000095367432, 1.215000033378601, -0.1469999998807907, 12.8100004196167, -2.7230000495910645, 44.14699935913086, 0.14900000393390656, 1.3179999589920044, 0.20200000703334808, -0.4320000112056732, 0.0, 0.0, 1.440000057220459, 1.8480000495910645, 1.3680000305175781, -1.6260000467300415, -0.017999999225139618, 0.0, -0.05400000140070915, 0.05400000140070915, -0.05400000140070915, 0.0, -0.10199999809265137, -0.22518299520015717, 0.4318690001964569, -0.08720900118350983, 0.33223599195480347, -0.9159020185470581, -0.15203699469566345, -0.16620799899101257, 0.5599910020828247, 0.014658999629318714, -0.040787000209093094, 0.5349119901657104, 0.03126300126314163, 0.8442540168762207, 0.01119800005108118]",6.733333333333333,451,0,225,0
"[-1.2675271034240723, -2.0263893604278564, -0.04632546752691269, 0.06273912638425827, 2.6688201427459717, 0.8840334415435791, -1.3406990766525269, 0.2160000056028366, 0.4782946705818176, 1.9127171039581299, -0.6335334777832031, -0.880350649356842, -1.5869024991989136, -1.309556484222412, 1.5583702325820923, 0.23999999463558197, 0.0]","[-0.9322139024734497, -2.025944948196411, 0.11726399511098862, 0.07623904943466187, 2.2590246200561523, 0.9047999978065491, -0.8152640461921692, 0.374833345413208, 0.036365803331136703, 2.065870523452759, -0.1897338479757309, -0.04413105174899101, -1.467998743057251, 0.05683464929461479, 1.7215297222137451, 1.0, 55.099998474121094, 15.652000427246094, -3.1619999408721924, 1.8049999475479126, 0.15600000321865082, 1.1829999685287476, -0.12600000202655792, 12.987000465393066, -3.63100004196167, 43.94200134277344, 0.2809999883174896, 1.2970000505447388, 0.18299999833106995, -0.6119999885559082, 0.0, 0.035999998450279236, 2.1600000858306885, 2.24399995803833, 1.5779999494552612, -2.322000026702881, 0.0, 0.0, -0.05400000140070915, 0.11999999731779099, -0.05400000140070915, 0.0, 0.0, -0.21495899558067322, 0.44165700674057007, -0.07152000069618225, 0.3090519905090332, -0.9275749921798706, -0.12882299721240997, -0.16581599414348602, 0.5591369867324829, 0.014312000013887882, -0.04257800057530403, 0.5329220294952393, 0.02449899911880493, 0.8457859754562378, 0.006273000035434961]",14.166666666666666,9,0,138,0
"[-0.837705135345459, -2.02638840675354, 0.2845521569252014, -0.040649570524692535, 1.9946339130401611, 0.7746592164039612, -0.7689846754074097, 1.0, 0.038348376750946045, 2.0662708282470703, -0.18254226446151733, -0.05061977729201317, -1.4618829488754272, 0.056756392121315, 1.7241930961608887, 1.0, 0.0]","[-1.1738964319229126, -2.0181448459625244, 0.13057833909988403, 0.2505122125148773, 2.4355316162109375, 0.9731690883636475, -1.1766011714935303, 0.3738333284854889, 0.0401001013815403, 2.066202163696289, -0.1841323971748352, -0.09515485167503357, -1.4635838270187378, 0.04263035207986832, 1.7235714197158813, 1.0, 55.099998474121094, 15.743000030517578, -6.468999862670898, 1.690999984741211, 0.3869999945163727, 1.0789999961853027, -0.21899999678134918, 12.840999603271484, -3.7330000400543213, 44.3129997253418, 0.25600001215934753, 1.2970000505447388, 0.23199999332427979, -0.09600000083446503, 0.024000000208616257, -0.017999999225139618, -0.1080000028014183, 0.07199999690055847, -0.2639999985694885, 0.0, 0.3059999942779541, -0.05400000140070915, -0.09600000083446503, -0.8700000047683716, -0.09000000357627869, 0.34200000762939453, -0.05999999865889549, -0.11736200004816055, 0.4939740002155304, -0.038679998368024826, 0.274385005235672, -0.940106987953186, -0.09772399812936783, -0.17709000408649445, 0.5664349794387817, 0.022345999255776405, -0.026089999824762344, 0.5525810122489929, 0.022160999476909637, 0.832876980304718, 0.021824000403285027]",14.0,370,0,27,0
"[-1.085597038269043, -2.024855375289917, 0.11780805885791779, 0.1041564866900444, 2.4459328651428223, 0.9780665636062622, -1.166131854057312, 0.2199999988079071, -0.041417185217142105, 2.0121219158172607, 0.032213244587183, -0.6375217437744141, -1.5395022630691528, -1.579539179801941, 1.3620213270187378, 1.0, 0.0]","[-1.2813186645507812, -2.0254738330841064, -0.013506299816071987, 0.057078950107097626, 2.6689774990081787, 0.8490297198295593, -1.3924576044082642, 0.27524998784065247, 0.4792991280555725, 1.938188910484314, -0.6328242421150208, -0.861175000667572, -1.6474369764328003, -1.359616756439209, 1.5426149368286133, 0.41991665959358215, 55.099998474121094, 15.800999641418457, -0.6909999847412109, 2.9839999675750732, 0.10199999809265137, 0.9819999933242798, -0.33399999141693115, 27.02899932861328, -4.97599983215332, 28.673999786376953, 0.2460000067949295, 1.7940000295639038, 0.1889999955892563, 0.23999999463558197, 0.0, -0.414000004529953, -0.06599999964237213, 0.0, 0.06599999964237213, 0.3959999978542328, -0.1080000028014183, -0.024000000208616257, 0.0, -0.6179999709129333, 0.1979999989271164, 0.36000001430511475, 0.36000001430511475, -0.08306899666786194, 0.4763520061969757, -0.09335500001907349, 0.19933900237083435, -0.9493839740753174, -0.18100500106811523, -0.1617709994316101, 0.2601569890975952, 0.39608699083328247, 0.13451699912548065, 0.36475199460983276, -0.8457459807395935, 0.2173130065202713, 0.3231770098209381]",3.1,298,0,326,0
"[-1.2863954305648804, -2.0263893604278564, -0.0019944696687161922, 0.05721655115485191, 2.670814037322998, 0.8516659140586853, -1.4020581245422363, 0.2160000056028366, 0.48274365067481995, 1.9391025304794312, -0.6335334777832031, -0.8456826210021973, -1.648568868637085, -1.364626407623291, 1.5330606698989868, 0.23999999463558197, 0.0]","[-1.2338546514511108, -2.0260672569274902, 0.08887284994125366, 0.08026999980211258, 2.543372392654419, 0.8599883913993835, -1.2318129539489746, 0.37308332324028015, 0.40600916743278503, 1.9569826126098633, -0.5127333402633667, -0.6417412161827087, -1.6464598178863525, -1.3722156286239624, 1.193946361541748, 1.0, 55.099998474121094, 18.01300048828125, -4.247000217437744, 2.7880001068115234, 0.2930000126361847, 1.2799999713897705, -0.23800000548362732, 25.513999938964844, -4.460000038146973, 29.0049991607666, 0.2770000100135803, 1.5980000495910645, 0.14300000667572021, -0.11999999731779099, 0.0, 0.0, 0.20999999344348907, -0.041999999433755875, 0.0, -0.1080000028014183, 0.5580000281333923, 0.0, 0.0, 0.1379999965429306, 0.05400000140070915, 0.4020000100135803, 0.8999999761581421, -0.10141800343990326, 0.4767720103263855, -0.08687499910593033, 0.22339299321174622, -0.9545069932937622, -0.126227006316185, -0.15191499888896942, 0.32227298617362976, 0.36021798849105835, 0.10572099685668945, 0.4164760112762451, -0.83228999376297, 0.20980100333690643, 0.299703985452652]",2.966666666666667,345,0,79,0
"[-0.8458362817764282, -2.02638840675354, 0.6304651498794556, -0.0013805448543280363, 1.636142611503601, 0.8294224143028259, -0.7806434035301208, 1.0, 0.03773471713066101, 2.0662708282470703, -0.18407638370990753, -0.05061977729201317, -1.4618829488754272, 0.056756392121315, 1.721431851387024, 1.0, 0.0]","[-1.0736985206604004, -2.024322271347046, 0.1303514987230301, 0.21700820326805115, 2.453313112258911, 1.0425153970718384, -1.2037882804870605, 0.3734166622161865, -0.38662219047546387, 2.058593988418579, 0.07829815149307251, -0.30874285101890564, -1.450810432434082, -1.083871841430664, 1.450461506843567, 1.0, 55.099998474121094, 15.954000473022461, -2.319999933242798, 1.7569999694824219, 0.09099999815225601, 1.1920000314712524, -0.257999986410141, 21.31999969482422, -13.194999694824219, 35.2239990234375, 0.8080000281333923, 1.5740000009536743, 0.4880000054836273, 0.20999999344348907, 0.0, 0.0, -0.13199999928474426, 0.041999999433755875, 0.0, 0.492000013589859, -1.1640000343322754, -0.05400000140070915, 2.6640000343322754, -0.8880000114440918, 0.017999999225139618, -6.03000020980835, -0.08399999886751175, -0.15805600583553314, 0.46378400921821594, -0.054673999547958374, 0.23181599378585815, -0.9434880018234253, -0.15262199938297272, -0.181100994348526, 0.5271109938621521, -0.07106900215148926, 0.09574700146913528, 0.6805490255355835, -0.17343899607658386, 0.6555309891700745, 0.2775779962539673]",16.033333333333335,417,0,307,0
"[-1.1451153755187988, -2.024855375289917, 0.0892762690782547, 0.03297986090183258, 2.4531426429748535, 0.8699211478233337, -1.1727283000946045, 0.2199999988079071, 0.13882437348365784, 1.9496889114379883, -0.14802847802639008, -0.6425835490226746, -1.6465742588043213, -1.5540759563446045, 1.3014286756515503, 1.0, 0.0]","[-1.3181207180023193, -2.0259275436401367, 0.0672174021601677, 0.0794498473405838, 2.676516056060791, 0.8556433320045471, -1.4827439785003662, 0.37308332324028015, 0.518805980682373, 1.9464776515960693, -0.6077660322189331, -0.6380243301391602, -1.685495376586914, -1.3077902793884277, 1.4443364143371582, 1.0, 55.099998474121094, 16.791000366210938, -1.2999999523162842, 2.9739999771118164, 0.07500000298023224, 1.2269999980926514, -0.27000001072883606, 25.701000213623047, -7.609000205993652, 29.683000564575195, 0.4090000092983246, 1.5920000076293945, 0.23999999463558197, -0.1080000028014183, 0.0, 0.0, 0.0, 0.0, 0.012000000104308128, 0.07199999690055847, 0.035999998450279236, 0.024000000208616257, -0.1979999989271164, 0.0, 0.0, 0.0, 0.07800000160932541, -0.07311899960041046, 0.47894299030303955, -0.09239300340414047, 0.19115599989891052, -0.9548519849777222, -0.17935499548912048, -0.1398099958896637, 0.28471899032592773, 0.3980390131473541, 0.08972799777984619, 0.3458879888057709, -0.8406869769096375, 0.2709130048751831, 0.3165630102157593]",16.433333333333334,225,0,413,0
"[-1.300661325454712, -2.0263893604278564, 0.07562413811683655, 0.12225726991891861, 2.6194264888763428, 0.8281968235969543, -1.5264637470245361, 0.2160000056028366, 0.4394850432872772, 1.9404842853546143, -0.5640440583229065, -0.6445778012275696, -1.6597658395767212, -1.3410048484802246, 1.3460674285888672, 1.0, 0.0]","[-1.2712498903274536, -2.0254738330841064, -0.025721300393342972, 0.0583004504442215, 2.6671977043151855, 0.8670555949211121, -1.369964599609375, 0.27283334732055664, 0.47539034485816956, 1.9316277503967285, -0.6331383585929871, -0.8778571486473083, -1.624455451965332, -1.3398109674453735, 1.5501532554626465, 0.4189166724681854, 55.099998474121094, 16.631000518798828, -1.2059999704360962, 1.6200000047683716, 0.13500000536441803, 1.1059999465942383, -0.2980000078678131, 26.475000381469727, -5.854000091552734, 28.856000900268555, 0.25099998712539673, 1.7929999828338623, 0.19499999284744263, 0.08399999886751175, 0.0, -0.012000000104308128, 0.09000000357627869, -0.1080000028014183, 0.46799999475479126, 0.5040000081062317, -0.04800000041723251, -0.1679999977350235, 0.0, -0.09000000357627869, 0.6240000128746033, 0.12600000202655792, 0.006000000052154064, -0.08517800271511078, 0.47416800260543823, -0.093019999563694, 0.19565899670124054, -0.9499830007553101, -0.1769540011882782, -0.16714200377464294, 0.2592470049858093, 0.3984000086784363, 0.14442500472068787, 0.3795889914035797, -0.8380270004272461, 0.21454599499702454, 0.3280099928379059]",10.633333333333333,88,0,167,0
"[-1.3207560777664185, -2.0263893604278564, 0.06826028227806091, 0.07976672798395157, 2.6752638816833496, 0.855961263179779, -1.4812113046646118, 0.2160000056028366, 0.5198657512664795, 1.9481521844863892, -0.6204944849014282, -0.6389022469520569, -1.685842514038086, -1.3100172281265259, 1.4457759857177734, 1.0, 0.0]","[-0.08887284994125366, -2.026014804840088, -0.18535389006137848, 0.10079120099544525, 1.060035228729248, -0.08740704506635666, -1.0502805709838867, 1.0, 0.0393671989440918, 2.065870523452759, -0.18402768671512604, -0.04250820353627205, -1.4634268283843994, 0.05666014924645424, 1.7222975492477417, 1.0, 55.099998474121094, 6.685999870300293, 1.7020000219345093, 10.685999870300293, -0.027000000700354576, 0.6869999766349792, -0.164000004529953, 12.869999885559082, -2.4670000076293945, 44.15700149536133, 0.14399999380111694, 1.309000015258789, 0.21400000154972076, -0.27000001072883606, 0.0, 0.8040000200271606, -0.14399999380111694, 0.3479999899864197, 0.20399999618530273, 0.6000000238418579, 0.006000000052154064, 0.0, 0.0, 0.0, 0.0, 0.0, 0.0, -0.5728790163993835, 0.035686999559402466, -0.010053999722003937, 0.547120988368988, 0.05098399892449379, -0.8348069787025452, -0.033973999321460724, 0.558821976184845, 0.015893999487161636, -0.04314099997282028, 0.5320000052452087, 0.027953999117016792, 0.8462250232696533, 0.009847999550402164]",9.5,164,0,409,0
"[-1.322290062904358, -2.0263893604278564, 0.06749321520328522, 0.07777232676744461, 2.672194242477417, 0.855961263179779, -1.4802908897399902, 0.2160000056028366, 0.5106607675552368, 1.9502997398376465, -0.6442707777023315, -0.658076286315918, -1.677253246307373, -1.3222895860671997, 1.429362177848816, 0.24300000071525574, 0.0]","[-0.8935097455978394, -2.026014804840088, 0.1443812996149063, -0.11295384913682938, 2.0612986087799072, 0.7219937443733215, -0.6687538027763367, 0.3773333430290222, 0.03830274939537048, 2.0658183097839355, -0.18247464299201965, -0.05055265128612518, -1.461594581604004, 0.05669505149126053, 1.7268868684768677, 1.0, 55.099998474121094, 16.246000289916992, -3.86899995803833, 2.1019999980926514, 0.29100000858306885, 1.0529999732971191, -0.2590000033378601, 13.291999816894531, -3.2179999351501465, 44.12799835205078, 0.18400000035762787, 1.343000054359436, 0.19900000095367432, 0.05400000140070915, 0.0, 0.0, 0.0, 0.0, 0.0, 0.024000000208616257, 0.0, 0.0, 0.0, 0.0, 0.0, 0.0, 0.017999999225139618, -0.2356490045785904, 0.42152300477027893, -0.10400799661874771, 0.3306629955768585, -0.9109950065612793, -0.19804899394512177, -0.1467140018939972, 0.5600810050964355, 0.015762999653816223, -0.04053499922156334, 0.5351830124855042, 0.03151800110936165, 0.8440549969673157, 0.01244600024074316]",0.5,305,0,103,0
"[-0.7100787162780762, -2.02638840675354, 0.7745054364204407, 0.11182602494955063, 1.5109695196151733, 0.9725430607795715, -0.7815638184547424, 1.0, 0.03389986604452133, 2.0662708282470703, -0.18407638370990753, -0.04954710602760315, -1.4618829488754272, 0.056756392121315, 1.7225056886672974, 1.0, 0.0]","[-1.3136882781982422, -2.0259275436401367, 0.06946844607591629, 0.08451034873723984, 2.676114320755005, 0.8478082418441772, -1.5073308944702148, 0.37308332324028015, 0.507864773273468, 1.9389044046401978, -0.5940503478050232, -0.6430324912071228, -1.6743099689483643, -1.3251705169677734, 1.4220877885818481, 1.0, 55.099998474121094, 15.722000122070312, -1.6039999723434448, 3.6029999256134033, 0.0949999988079071, 1.2100000381469727, -0.28700000047683716, 24.82699966430664, -5.765999794006348, 29.20199966430664, 0.23600000143051147, 1.5110000371932983, 0.22300000488758087, 0.0, 0.0, -0.05400000140070915, -0.05400000140070915, 0.05400000140070915, 0.16200000047683716, 0.041999999433755875, 0.15000000596046448, 0.017999999225139618, -0.09000000357627869, 0.0, -0.2879999876022339, 0.2280000001192093, 0.3659999966621399, -0.07614599913358688, 0.4806689918041229, -0.0908219963312149, 0.19573399424552917, -0.9512990117073059, -0.1926639974117279, -0.1399880051612854, 0.287432998418808, 0.3949410021305084, 0.09722500294446945, 0.35414600372314453, -0.8396049737930298, 0.2601099908351898, 0.319350004196167]",5.233333333333333,460,0,249,0
"[-1.1604552268981934, -2.024855375289917, 0.09096384793519974, 0.028991786763072014, 2.453756093978882, 0.8647057414054871, -1.1779438257217407, 0.2199999988079071, 0.15907298028469086, 1.9441665410995483, -0.17502644658088684, -0.6439642906188965, -1.6513299942016602, -1.5553028583526611, 1.2851684093475342, 1.0, 0.0]","[-0.8487156629562378, -2.0259974002838135, 0.1552003026008606, -0.08740704506635666, 2.0607926845550537, 0.7648335099220276, -0.672523021697998, 0.8990833163261414, 0.03809335082769394, 2.0658531188964844, -0.18250954151153564, -0.05053519830107689, -1.4615771770477295, 0.056712500751018524, 1.7254384756088257, 1.0, 55.099998474121094, 15.529000282287598, -3.0940001010894775, 1.5859999656677246, 0.17900000512599945, 0.9779999852180481, -0.25999999046325684, 13.70300006866455, -3.2360000610351562, 44.05799865722656, 0.2070000022649765, 1.3609999418258667, 0.1850000023841858, -0.2939999997615814, 0.0, 0.0, -0.04800000041723251, -0.006000000052154064, -0.30000001192092896, -0.07800000160932541, 0.0, 0.0, 0.0, 0.0, 0.0, 0.0, 0.0, -0.250777006149292, 0.41314101219177246, -0.09855599701404572, 0.33318498730659485, -0.908079981803894, -0.2042350023984909, -0.15055100619792938, 0.560073971748352, 0.015637999400496483, -0.04055599868297577, 0.5351750254631042, 0.031008999794721603, 0.8440859913825989, 0.011990999802947044]",15.0,311,0,335,0
"[-0.8906280398368835, -2.02638840675354, 0.12409793585538864, -0.08329422771930695, 2.065657615661621, 0.7524172067642212, -0.6378300786018372, 0.2199999988079071, 0.03681422770023346, 2.0662708282470703, -0.18254226446151733, -0.05061977729201317, -1.4618829488754272, 0.056756392121315, 1.7257270812988281, 1.0, 0.0]","[-0.8956910371780396, -2.0259974002838135, 0.15544460713863373, -0.10984775424003601, 2.0610718727111816, 0.7219762802124023, -0.676536500453949, 0.6422500014305115, 0.03964640200138092, 2.065870523452759, -0.18247464299201965, -0.050587549805641174, -1.4615421295166016, 0.05676484853029251, 1.7254384756088257, 1.0, 55.099998474121094, 16.128000259399414, -3.746000051498413, 1.840000033378601, 0.21899999678134918, 1.0269999504089355, -0.23100000619888306, 13.526000022888184, -3.4240000247955322, 44.159000396728516, 0.19900000095367432, 1.343000054359436, 0.20900000631809235, -0.017999999225139618, 0.0, -0.12600000202655792, 0.0, 0.0, 0.0, 0.012000000104308128, -0.012000000104308128, 0.0, 0.0, 0.0, 0.0, 0.0, 0.0, -0.23566100001335144, 0.4216899871826172, -0.1040010005235672, 0.3288719952106476, -0.9122220277786255, -0.1969590038061142, -0.14456599950790405, 0.5600500106811523, 0.01650400087237358, -0.04055299982428551, 0.5351769924163818, 0.030383000150322914, 0.8441020250320435, 0.012403000146150589]",8.066666666666666,321,0,144,0
"[-0.7318612337112427, -2.02638840675354, 0.7764996886253357, 0.09679333120584488, 1.5109695196151733, 0.9558224678039551, -0.7792626619338989, 1.0, 0.03236658498644829, 2.0662708282470703, -0.18407638370990753, -0.05031329765915871, -1.4618829488754272, 0.056756392121315, 1.7226591110229492, 1.0, 0.0]","[-1.2693129777908325, -2.025822877883911, -0.02943815104663372, 0.060568951070308685, 2.6638646125793457, 0.8795323371887207, -1.3548353910446167, 0.27141666412353516, 0.47469234466552734, 1.9222744703292847, -0.6333826780319214, -0.8784853219985962, -1.599798560142517, -1.3344887495040894, 1.551461935043335, 0.4181666672229767, 55.099998474121094, 16.826000213623047, -1.4880000352859497, 2.427000045776367, 0.10000000149011612, 1.0700000524520874, -0.2800000011920929, 26.336999893188477, -4.229000091552734, 27.47100067138672, 0.07900000363588333, 1.7489999532699585, 0.14499999582767487, 0.017999999225139618, 0.0, -0.2280000001192093, 0.035999998450279236, 0.0, 0.017999999225139618, 0.2160000056028366, 0.0, -0.1979999989271164, 0.0, 0.0, 0.5580000281333923, 0.2639999985694885, 0.041999999433755875, -0.08447299897670746, 0.473145991563797, -0.09269999712705612, 0.19305799901485443, -0.9510120153427124, -0.1710440069437027, -0.17043499648571014, 0.25808700919151306, 0.399603009223938, 0.1515740007162094, 0.38621801137924194, -0.8327940106391907, 0.211557999253273, 0.3354569971561432]",4.5,32,0,280,0
"[-1.015340805053711, -2.009974241256714, 0.1253252476453781, 0.19420109689235687, 2.3678526878356934, 1.025619387626648, -0.9251441359519958, 0.2199999988079071, 0.032519999891519547, 2.0662708282470703, -0.18545708060264587, -0.039882510900497437, -1.4641838073730469, 0.056756392121315, 1.7244998216629028, 1.0, 0.0]","[-0.8312307000160217, -2.0259974002838135, 0.16181384027004242, -0.07849010080099106, 2.0616302490234375, 0.7715866565704346, -0.6824869513511658, 0.9886666536331177, 0.033730849623680115, 2.0658531188964844, -0.18245720863342285, -0.050587549805641174, -1.4615771770477295, 0.056712500751018524, 1.725386142730713, 1.0, 55.099998474121094, 15.034000396728516, -2.2049999237060547, 1.9049999713897705, 0.16899999976158142, 0.9459999799728394, -0.29600000381469727, 13.192000389099121, -3.2009999752044678, 44.305999755859375, 0.16699999570846558, 1.347000002861023, 0.21199999749660492, 0.07800000160932541, 0.0, -0.3959999978542328, -0.16200000047683716, 0.0, 0.0, 0.3840000033378601, 0.0, 0.0, 0.0, 0.0, 0.0, 0.0, 0.0, -0.25814300775527954, 0.40948501229286194, -0.09692800045013428, 0.33424699306488037, -0.9063720107078552, -0.21149300038814545, -0.14845100045204163, 0.5601440072059631, 0.013195999898016453, -0.04054100066423416, 0.5352180004119873, 0.03284899890422821, 0.8440039753913879, 0.010827000252902508]",7.666666666666667,387,0,32,0
"[-1.2701349258422852, -2.0263893604278564, -0.02899191528558731, 0.06089850515127182, 2.6648330688476562, 0.8809657096862793, -1.3548117876052856, 0.2160000056028366, 0.4759933352470398, 1.9219210147857666, -0.6335334777832031, -0.8774362206459045, -1.5982534885406494, -1.3331798315048218, 1.5517752170562744, 0.23999999463558197, 0.0]","[-1.3137233257293701, -2.02597975730896, 0.06859595328569412, 0.08410900086164474, 2.6764984130859375, 0.8522056937217712, -1.503352403640747, 0.37308332324028015, 0.5134662389755249, 1.9398292303085327, -0.6005592346191406, -0.6409733891487122, -1.6823545694351196, -1.3154507875442505, 1.4342155456542969, 1.0, 55.099998474121094, 14.527999877929688, -1.940999984741211, 3.371000051498413, 0.11999999731779099, 1.0210000276565552, -0.26600000262260437, 25.85300064086914, -6.913000106811523, 30.493999481201172, 0.35100001096725464, 1.6710000038146973, 0.25699999928474426, 0.0, 0.0, 0.0, 0.0, 0.0, 0.07199999690055847, 0.1979999989271164, 0.06599999964237213, 0.017999999225139618, -0.17399999499320984, 0.06599999964237213, -0.13199999928474426, 0.1979999989271164, 0.17399999499320984, -0.07575400173664093, 0.4800019860267639, -0.09113600105047226, 0.1937669962644577, -0.9520609974861145, -0.19062499701976776, -0.14034099876880646, 0.2867169976234436, 0.39677101373672485, 0.09467300027608871, 0.351036012172699, -0.8404819965362549, 0.2653850018978119, 0.31612199544906616]",8.266666666666667,211,0,416,0
"[-0.050774045288562775, -2.024547576904297, 0.3597176969051361, 0.12010984867811203, 1.0897387266159058, 1.511737585067749, -0.700876772403717, 1.0, 0.03758131340146065, 2.0662708282470703, -0.18714474141597748, -0.04494519159197807, -1.466484785079956, 0.056756392121315, 1.7211251258850098, 1.0, 0.0]","[-1.1328539848327637, -2.0250375270843506, 0.12717559933662415, 0.20927785336971283, 2.43652606010437, 1.0082435607910156, -1.2294223308563232, 0.3738333284854889, -0.07309804856777191, 2.0594840049743652, -0.31793898344039917, -0.2502155601978302, -1.550694227218628, -0.1451839953660965, 1.6686038970947266, 1.0, 55.099998474121094, 15.897000312805176, -3.6659998893737793, 1.5640000104904175, 0.20900000631809235, 1.128000020980835, -0.2669999897480011, 16.238000869750977, -3.197000026702881, 43.744998931884766, 0.3370000123977661, 1.5640000104904175, 0.3019999861717224, 0.6119999885559082, 0.0, 0.0, 0.09000000357627869, 0.0, 0.5879999995231628, -0.041999999433755875, -1.878000020980835, 0.006000000052154064, 0.2759999930858612, -0.6240000128746033, 0.1979999989271164, -3.9059998989105225, -0.6119999885559082, -0.13170400261878967, 0.47613298892974854, -0.05435900017619133, 0.2374570071697235, -0.9408649802207947, -0.14656899869441986, -0.19210399687290192, 0.5816929936408997, 0.00843099970370531, 0.02276800014078617, 0.5990639925003052, -0.11373399943113327, 0.7925580143928528, 0.006163999903947115]",13.366666666666667,256,0,232,0
"[-1.3207560777664185, -2.0263893604278564, 0.06595910340547562, 0.06780039519071579, 2.669126272201538, 0.8518189191818237, -1.4802908897399902, 0.2160000056028366, 0.5032990574836731, 1.951220154762268, -0.6428901553153992, -0.658076286315918, -1.6766396760940552, -1.3222895860671997, 1.4235352277755737, 0.24300000071525574, 0.0]","[-1.2693828344345093, -2.025944948196411, 0.073516845703125, 0.10407180339097977, 2.549130916595459, 0.8428524136543274, -1.4251937866210938, 0.37308332324028015, 0.4380124509334564, 1.9457447528839111, -0.5452427268028259, -0.6366632580757141, -1.654451847076416, -1.3528287410736084, 1.3056962490081787, 1.0, 55.099998474121094, 16.149999618530273, -1.0080000162124634, 2.1670000553131104, 0.09399999678134918, 1.0579999685287476, -0.289000004529953, 24.56800079345703, -4.184999942779541, 28.716999053955078, 0.23899999260902405, 1.5440000295639038, 0.11900000274181366, -0.3840000033378601, 0.0, 0.08399999886751175, 0.44999998807907104, 0.671999990940094, -0.2160000056028366, -1.8539999723434448, 0.0, -0.1979999989271164, -0.3659999966621399, -0.041999999433755875, -0.09000000357627869, 0.30000001192092896, 0.6600000262260437, -0.08641400188207626, 0.48756900429725647, -0.07938200235366821, 0.22437800467014313, -0.9367830157279968, -0.2021999955177307, -0.1766519993543625, 0.31285300850868225, 0.37193700671195984, 0.10328199714422226, 0.38983801007270813, -0.8314729928970337, 0.24351300299167633, 0.3120569884777069]",8.133333333333333,320,0,96,0
"[-1.3115521669387817, -2.0263893604278564, 0.05061936005949974, 0.06442701071500778, 2.6706602573394775, 0.8441500067710876, -1.4652578830718994, 0.2160000056028366, 0.49348074197769165, 1.9426307678222656, -0.6356812119483948, -0.6806262135505676, -1.6757192611694336, -1.3511275053024292, 1.432737946510315, 0.24300000071525574, 0.0]","[-1.015328288078308, -2.0109031200408936, 0.12501180171966553, 0.19477689266204834, 2.3700764179229736, 1.0281364917755127, -0.9246929883956909, 0.37450000643730164, 0.03181134909391403, 2.0658531188964844, -0.18573780357837677, -0.03968130052089691, -1.4659045934677124, 0.05685209855437279, 1.7234841585159302, 1.0, 55.099998474121094, 16.243000030517578, -8.03499984741211, 0.7990000247955322, 0.5920000076293945, 1.190999984741211, -0.05900000035762787, 13.298999786376953, -3.5290000438690186, 44.09600067138672, 0.21799999475479126, 1.3309999704360962, 0.2070000022649765, -0.6779999732971191, 0.2759999930858612, 0.0, 0.6779999732971191, 0.12600000202655792, 0.5699999928474426, -0.8640000224113464, 0.006000000052154064, 0.0, 0.024000000208616257, 0.006000000052154064, 0.035999998450279236, 0.0, 0.0, -0.17984899878501892, 0.4614270031452179, -0.04657600075006485, 0.28053900599479675, -0.9422039985656738, -0.0693259984254837, -0.16953399777412415, 0.5584800243377686, 0.011365000158548355, -0.04406299814581871, 0.5309550166130066, 0.030060000717639923, 0.8468400239944458, 0.006612999830394983]",8.6,138,0,393,0
"[-1.222735047340393, -2.0263893604278564, 0.09219114482402802, 0.06657377630472183, 2.5356698036193848, 0.8605638742446899, -1.2347005605697632, 0.2199999988079071, 0.3408498466014862, 1.9547499418258667, -0.4897992014884949, -0.6513278484344482, -1.6520969867706299, -1.4439352750778198, 1.1633707284927368, 1.0, 0.0]","[-1.317143440246582, -2.026014804840088, 0.06503614783287048, 0.06706035137176514, 2.6677908897399902, 0.8481920957565308, -1.4794807434082031, 0.37275001406669617, 0.4963128864765167, 1.950630784034729, -0.642840564250946, -0.657917320728302, -1.6742054224014282, -1.3207557201385498, 1.4226984977722168, 0.44624999165534973, 55.099998474121094, 21.06999969482422, -2.5230000019073486, -0.16300000250339508, 0.7689999938011169, 2.3889999389648438, -0.23399999737739563, 21.985000610351562, -10.387999534606934, 30.232999801635742, 1.2740000486373901, 0.6240000128746033, -0.15199999511241913, 0.0, 0.0, 0.0, 0.0, 0.0, 0.0, 0.10199999809265137, -0.05400000140070915, 0.0, 0.0, 0.0, 0.0, 0.0, 0.0, -0.07265599817037582, 0.4776409864425659, -0.09474500268697739, 0.18953600525856018, -0.9539870023727417, -0.18309499323368073, -0.14303900301456451, 0.28547200560569763, 0.3914960026741028, 0.08601000159978867, 0.34068500995635986, -0.8503479957580566, 0.2572929859161377, 0.3076370060443878]",15.633333333333333,81,0,489,0
"[-0.8423077464103699, -2.02638840675354, 0.15646487474441528, -0.08590157330036163, 2.060135841369629, 0.7715914249420166, -0.6714234948158264, 0.2199999988079071, 0.03773471713066101, 2.0662708282470703, -0.18254226446151733, -0.05061977729201317, -1.4618829488754272, 0.056756392121315, 1.7257270812988281, 1.0, 0.0]","[-0.35817867517471313, -2.012176990509033, 0.6682302951812744, 0.2991977035999298, 1.406906247138977, 1.2779333591461182, -0.7780780792236328, 1.0, 0.03219525143504143, 2.0658531188964844, -0.18388810753822327, -0.042787399142980576, -1.4634442329406738, 0.05732325091958046, 1.7207270860671997, 1.0, 55.099998474121094, 16.75, -0.20200000703334808, -2.7160000801086426, -0.004999999888241291, 1.0839999914169312, -0.25999999046325684, 13.777000427246094, -4.51200008392334, 44.058998107910156, 0.33799999952316284, 1.3769999742507935, 0.19599999487400055, -1.9739999771118164, -0.2639999985694885, 1.3860000371932983, 0.335999995470047, 1.878000020980835, -2.2739999294281006, -0.16200000047683716, 0.006000000052154064, 0.0, 0.0, 0.0, 0.006000000052154064, 0.0, 0.0, -0.3479210138320923, 0.32382598519325256, 0.01481700036674738, 0.4320699870586395, -0.8239970207214355, -0.2273789942264557, -0.2874760031700134, 0.5589569807052612, 0.01170200016349554, -0.043067000806331635, 0.5321589708328247, 0.030577000230550766, 0.8460609912872314, 0.0072280000895261765]",12.333333333333334,90,0,442,0
"[-0.8335647583007812, -2.02638840675354, 0.20800639688968658, -0.05353463068604469, 2.0559935569763184, 0.7731252312660217, -0.7409128546714783, 1.0, 0.03604715317487717, 2.0662708282470703, -0.18254226446151733, -0.05061977729201317, -1.4618829488754272, 0.056756392121315, 1.7241930961608887, 1.0, 0.0]","[-0.89556884765625, -2.0259974002838135, 0.14497458934783936, -0.11293639987707138, 2.0612986087799072, 0.7219762802124023, -0.670359194278717, 0.47691667079925537, 0.03845980018377304, 2.0658531188964844, -0.18250954151153564, -0.050587549805641174, -1.461594581604004, 0.056712500751018524, 1.7262063026428223, 1.0, 55.099998474121094, 16.273000717163086, -3.315000057220459, 1.8459999561309814, 0.1860000044107437, 1.0540000200271606, -0.24300000071525574, 13.11400032043457, -3.174999952316284, 44.25199890136719, 0.19900000095367432, 1.3209999799728394, 0.19499999284744263, 0.0, 0.0, 0.0, 0.0, 0.0, 0.0, -0.017999999225139618, 0.0, 0.0, 0.0, 0.0, 0.0, 0.0, 0.0, -0.23482400178909302, 0.42196598649024963, -0.10403399914503098, 0.3302859961986542, -0.9111480116844177, -0.19767199456691742, -0.14712099730968475, 0.5600759983062744, 0.015842000022530556, -0.040539998561143875, 0.5351880192756653, 0.03116999939084053, 0.8440669775009155, 0.012291000224649906]",10.733333333333333,440,0,342,0
"[-0.895537257194519, -2.02638840675354, 0.15585121512413025, -0.1087585911154747, 2.0616698265075684, 0.7225038409233093, -0.6774058938026428, 0.2199999988079071, 0.039422255009412766, 2.0662708282470703, -0.18254226446151733, -0.05061977729201317, -1.4618829488754272, 0.056756392121315, 1.7257270812988281, 1.0, 0.0]","[-1.0818127393722534, -2.004359245300293, 0.12867629528045654, 0.24738864600658417, 2.3875439167022705, 1.027525782585144, -1.0668232440948486, 0.37450000643730164, 0.038477249443531036, 2.0659055709838867, -0.18383574485778809, -0.04674854874610901, -1.4645435810089111, 0.05685209855437279, 1.7234841585159302, 1.0, 55.099998474121094, 14.760000228881836, -3.742000102996826, 0.04600000008940697, 0.23100000619888306, 1.0110000371932983, -0.23000000417232513, 13.196000099182129, -3.9089999198913574, 44.09700012207031, 0.23100000619888306, 1.319000005722046, 0.21699999272823334, -0.5460000038146973, -0.09600000083446503, 0.0, 0.2759999930858612, 0.2759999930858612, -0.2759999930858612, -1.746000051498413, 0.06599999964237213, 0.0, 0.0, -0.017999999225139618, -0.017999999225139618, -0.05999999865889549, 0.0, -0.15350399911403656, 0.4810729920864105, -0.031220000237226486, 0.2833000123500824, -0.9375180006027222, -0.08959399908781052, -0.1810300052165985, 0.5594810247421265, 0.015576999634504318, -0.04179399833083153, 0.533735990524292, 0.028362000361084938, 0.8451160192489624, 0.009978000074625015]",0.0,246,0,244,0
"[-1.0964882373809814, -2.009514331817627, 0.1291605532169342, 0.2514185607433319, 2.3942370414733887, 1.020403504371643, -1.1043128967285156, 0.2199999988079071, 0.0408029742538929, 2.0662708282470703, -0.18407638370990753, -0.04693957045674324, -1.4641838073730469, 0.05338127538561821, 1.7248066663742065, 1.0, 0.0]","[-1.2323888540267944, -2.0258753299713135, 0.08916950225830078, 0.07620415091514587, 2.543372392654419, 0.859935998916626, -1.233296275138855, 0.37308332324028015, 0.38807055354118347, 1.9568430185317993, -0.5125414133071899, -0.6459641456604004, -1.6521310806274414, -1.3944469690322876, 1.1712089776992798, 1.0, 55.099998474121094, 15.677000045776367, -3.634000062942505, 2.9230000972747803, 0.26600000262260437, 1.1169999837875366, -0.2409999966621399, 27.9689998626709, -2.9649999141693115, 29.704999923706055, 0.13099999725818634, 1.7999999523162842, 0.13899999856948853, 0.0, 0.0, -0.035999998450279236, 0.10199999809265137, 0.0, 0.0, 0.08399999886751175, 0.492000013589859, 0.006000000052154064, -0.07199999690055847, 0.09600000083446503, 0.1080000028014183, 0.7440000176429749, 0.41999998688697815, -0.10198599845170975, 0.47582998871803284, -0.08783300220966339, 0.22156399488449097, -0.9546560049057007, -0.1281210035085678, -0.15206800401210785, 0.3257719874382019, 0.3526560068130493, 0.10496900230646133, 0.4145680069923401, -0.8372930288314819, 0.2015399932861328, 0.29403001070022583]",0.7666666666666667,314,0,339,0
"[0.13667693734169006, -2.02638840675354, -0.014725740998983383, -0.016259362921118736, 0.992331326007843, 0.9986202716827393, -0.9467730522155762, 1.0, 0.03834838792681694, 2.0662708282470703, -0.18407638370990753, -0.0444849468767643, -1.4618829488754272, 0.056756392121315, 1.723272681236267, 1.0, 0.0]","[-1.3171260356903076, -2.0260672569274902, 0.0649663507938385, 0.06704290211200714, 2.6677908897399902, 0.8481746912002563, -1.4781371355056763, 0.37275001406669617, 0.49582427740097046, 1.950648307800293, -0.6429452896118164, -0.657917320728302, -1.6740831136703491, -1.320807933807373, 1.4227333068847656, 0.4455833435058594, 55.099998474121094, 21.989999771118164, -2.6080000400543213, 0.5580000281333923, 0.7720000147819519, 2.503999948501587, -0.2290000021457672, 21.68600082397461, -9.640999794006348, 30.378999710083008, 1.1699999570846558, 0.5329999923706055, -0.13199999928474426, 0.0, 0.0, -0.006000000052154064, 0.0, 0.0, 0.0, 0.15600000321865082, -0.05400000140070915, 0.0, -0.006000000052154064, 0.0, 0.0, 0.0, 0.0, -0.07265900075435638, 0.4776250123977661, -0.09477099776268005, 0.18961399793624878, -0.9541019797325134, -0.18249599635601044, -0.14293600618839264, 0.28563201427459717, 0.3913570046424866, 0.08599299937486649, 0.3407129943370819, -0.850288987159729, 0.25748899579048157, 0.3076060116291046]",8.5,315,0,69,0
"[-0.8432281017303467, -2.02638840675354, 0.5795371532440186, -0.007668965961784124, 1.6864571571350098, 0.8226727247238159, -0.7807968258857727, 1.0, 0.038348376750946045, 2.0662708282470703, -0.18407638370990753, -0.05061977729201317, -1.4618829488754272, 0.056756392121315, 1.7220455408096313, 1.0, 0.0]","[-1.3220120668411255, -2.02597975730896, 0.06678114831447601, 0.07348194718360901, 2.6716649532318115, 0.8551721572875977, -1.4799869060516357, 0.37275001406669617, 0.5069748163223267, 1.9512938261032104, -0.6441493034362793, -0.6580220460891724, -1.6773637533187866, -1.3221341371536255, 1.4247925281524658, 0.9048333168029785, 55.099998474121094, 15.503999710083008, -2.24399995803833, 3.437000036239624, 0.13899999856948853, 1.0959999561309814, -0.2720000147819519, 26.190000534057617, -6.025000095367432, 30.08099937438965, 0.2939999997615814, 1.6699999570846558, 0.22599999606609344, 0.0, 0.0, 0.0, -0.11999999731779099, 0.0, -0.04800000041723251, 0.0, 0.0, 0.0, 0.0, 0.0, 0.0, 0.0, -0.006000000052154064, -0.07055500149726868, 0.4782150089740753, -0.09366700053215027, 0.18869400024414062, -0.9552080035209656, -0.1782509982585907, -0.1421159952878952, 0.2812039852142334, 0.3941589891910553, 0.08504600077867508, 0.33707401156425476, -0.8525840044021606, 0.2534779906272888, 0.30858999490737915]",12.933333333333334,359,0,91,0
"[-0.8424610495567322, -2.02638840675354, 0.5553000569343567, -0.011503804475069046, 1.7113077640533447, 0.8183774948120117, -0.7807968258857727, 1.0, 0.038348376750946045, 2.0662708282470703, -0.18407638370990753, -0.05061977729201317, -1.4618829488754272, 0.056756392121315, 1.7223522663116455, 1.0, 0.0]","[-0.8327837586402893, -2.0259974002838135, 0.17308653891086578, -0.0753665491938591, 2.061769962310791, 0.7715517282485962, -0.692119300365448, 0.9918333292007446, 0.03371340036392212, 2.0658531188964844, -0.18245720863342285, -0.050587549805641174, -1.461594581604004, 0.05676484853029251, 1.7253687381744385, 1.0, 55.099998474121094, 16.06999969482422, -4.142000198364258, 2.3429999351501465, 0.3190000057220459, 1.0479999780654907, -0.21400000154972076, 13.51099967956543, -3.4509999752044678, 44.21500015258789, 0.22300000488758087, 1.3370000123977661, 0.19099999964237213, 0.041999999433755875, 0.0, -0.5580000281333923, -0.15000000596046448, 0.0, 0.0, 0.3779999911785126, 0.0, 0.0, 0.0, 0.0, 0.0, 0.0, 0.0, -0.2583250105381012, 0.4094560146331787, -0.097011998295784, 0.3320060074329376, -0.9075390100479126, -0.21141499280929565, -0.1464489996433258, 0.5601450204849243, 0.013175999745726585, -0.040539998561143875, 0.5352219939231873, 0.03285200148820877, 0.8440030217170715, 0.01078800018876791]",15.433333333333334,358,0,368,0
"[-1.32167649269104, -2.0263893604278564, 0.06595910340547562, 0.06979478150606155, 2.669126272201538, 0.8550406694412231, -1.4802908897399902, 0.2160000056028366, 0.5048331022262573, 1.951220154762268, -0.6412023305892944, -0.658076286315918, -1.6766396760940552, -1.3222895860671997, 1.4235352277755737, 0.24300000071525574, 0.0]","[-1.00710928440094, -2.014253616333008, 0.12492454797029495, 0.18805865943431854, 2.3680522441864014, 1.0217498540878296, -0.9149383902549744, 0.37450000643730164, 0.031793899834156036, 2.065870523452759, -0.1860518902540207, -0.03968130052089691, -1.4665329456329346, 0.05676484853029251, 1.7234841585159302, 1.0, 55.099998474121094, 16.381999969482422, -7.9730000495910645, 2.5360000133514404, 0.5289999842643738, 1.1720000505447388, -0.09799999743700027, 13.107999801635742, -2.9619998931884766, 44.3120002746582, 0.16699999570846558, 1.3450000286102295, 0.20600000023841858, -0.7559999823570251, 0.2759999930858612, 0.0, 0.6000000238418579, 0.2759999930858612, 0.6959999799728394, -0.7919999957084656, 0.0, 0.0, 0.0, 0.0, 0.029999999329447746, 0.0, 0.0, -0.18333899974822998, 0.45883798599243164, -0.04957500100135803, 0.2805899977684021, -0.942326009273529, -0.07178100198507309, -0.16774100065231323, 0.558476984500885, 0.011371999979019165, -0.04407000169157982, 0.5309640169143677, 0.02964399941265583, 0.8468499779701233, 0.006405999884009361]",9.966666666666667,416,0,104,0
"[-1.1672050952911377, -2.024855375289917, 0.09188433736562729, 0.02822471410036087, 2.4540629386901855, 0.8636320233345032, -1.1811652183532715, 0.2199999988079071, 0.16735631227493286, 1.9424794912338257, -0.18883216381072998, -0.6456517577171326, -1.6519436836242676, -1.5566831827163696, 1.280106544494629, 1.0, 0.0]","[-1.3191152811050415, -2.025944948196411, 0.06590864807367325, 0.0671824961900711, 2.667703628540039, 0.8492914438247681, -1.4800218343734741, 0.37275001406669617, 0.5010069608688354, 1.950648307800293, -0.6435734629631042, -0.658056914806366, -1.6759328842163086, -1.3215234279632568, 1.4231172800064087, 0.4884166717529297, 55.099998474121094, 18.163999557495117, -2.615999937057495, 0.5009999871253967, 0.2150000035762787, 1.5089999437332153, -0.25200000405311584, 24.98900032043457, -8.246000289916992, 30.43400001525879, 1.0789999961853027, 1.434000015258789, 0.14300000667572021, 0.024000000208616257, 0.0, 0.0, 0.0, 0.0, -0.041999999433755875, -0.006000000052154064, -0.05400000140070915, 0.0, 0.0, 0.0, 0.012000000104308128, 0.0, 0.024000000208616257, -0.07170400023460388, 0.477649986743927, -0.09476599842309952, 0.18888500332832336, -0.9542970061302185, -0.18209099769592285, -0.14311200380325317, 0.2836189866065979, 0.3926669955253601, 0.08564899861812592, 0.33911699056625366, -0.8515509963035583, 0.25526100397109985, 0.30773401260375977]",11.733333333333333,113,0,122,0
"[-1.3084847927093506, -2.0263893604278564, 0.07501047849655151, 0.11382035911083221, 2.6359920501708984, 0.8255888223648071, -1.5306055545806885, 0.2160000056028366, 0.448535293340683, 1.9394104480743408, -0.5824516415596008, -0.6471859812736511, -1.6597658395767212, -1.3388581275939941, 1.3673897981643677, 1.0, 0.0]","[-1.309448003768921, -2.02597975730896, 0.0746162012219429, 0.11405319720506668, 2.637794256210327, 0.8266937732696533, -1.5332790613174438, 0.37308332324028015, 0.4520946145057678, 1.9391835927963257, -0.585988461971283, -0.6462956070899963, -1.6593204736709595, -1.3374727964401245, 1.3713431358337402, 1.0, 55.099998474121094, 16.709999084472656, -3.359999895095825, 3.1070001125335693, 0.23399999737739563, 1.1929999589920044, -0.24799999594688416, 26.795000076293945, -5.301000118255615, 29.98900032043457, 0.1679999977350235, 1.684000015258789, 0.2280000001192093, -0.09600000083446503, 0.0, 0.0, -0.2160000056028366, 0.14399999380111694, -0.012000000104308128, 0.035999998450279236, 0.31200000643730164, -0.017999999225139618, -0.3240000009536743, 0.0, -0.012000000104308128, 0.029999999329447746, 0.47999998927116394, -0.07722900062799454, 0.4907290041446686, -0.08058299869298935, 0.2195030003786087, -0.9396730065345764, -0.21273499727249146, -0.15354099869728088, 0.306441992521286, 0.37828901410102844, 0.10055699944496155, 0.37197399139404297, -0.8357049822807312, 0.2586880028247833, 0.3103399872779846]",16.233333333333334,139,0,175,0
"[-1.1164298057556152, -2.024855375289917, 0.09541252255439758, 0.05230763554573059, 2.451608657836914, 0.9048957824707031, -1.1678191423416138, 0.2199999988079071, 0.07163581997156143, 1.9657957553863525, -0.08283433318138123, -0.6361412405967712, -1.6097583770751953, -1.5612850189208984, 1.3373240232467651, 1.0, 0.0]","[0.06897985190153122, -2.02597975730896, 0.20463615655899048, -0.0014309000689536333, 1.0098838806152344, 1.492638111114502, -0.7200044989585876, 1.0, 0.0393671989440918, 2.065870523452759, -0.18592974543571472, -0.04411360248923302, -1.463775873184204, 0.056817200034856796, 1.7220183610916138, 1.0, 55.099998474121094, 11.538000106811523, 4.13700008392334, -6.505000114440918, -0.21699999272823334, 0.5239999890327454, -0.3880000114440918, 12.390999794006348, -3.2009999752044678, 44.41400146484375, 0.2150000035762787, 1.2769999504089355, 0.2150000035762787, -1.8899999856948853, 0.0, 3.00600004196167, 1.7400000095367432, 0.7860000133514404, 2.502000093460083, 1.3680000305175781, -0.029999999329447746, 0.0, -0.041999999433755875, -0.041999999433755875, -0.05400000140070915, 0.0, -0.017999999225139618, -0.46365201473236084, 0.11888100206851959, 0.07992199808359146, 0.7159730195999146, -0.434004008769989, -0.4158630073070526, -0.35507699847221375, 0.5590630173683167, 0.01592000015079975, -0.04264099895954132, 0.5326899886131287, 0.026877999305725098, 0.8458319902420044, 0.009248999878764153]",3.466666666666667,159,0,118,0
"[-0.892469048500061, -2.02638840675354, 0.15646487474441528, -0.10553689301013947, 2.0616698265075684, 0.7229641079902649, -0.6772525310516357, 0.2199999988079071, 0.039882488548755646, 2.0662708282470703, -0.18254226446151733, -0.05061977729201317, -1.4618829488754272, 0.056756392121315, 1.7257270812988281, 1.0, 0.0]","[-1.3181555271148682, -2.0259101390838623, 0.0657341480255127, 0.06714759767055511, 2.6677560806274414, 0.8482270836830139, -1.4801089763641357, 0.37275001406669617, 0.4983196258544922, 1.9505435228347778, -0.6427533030509949, -0.6580918431282043, -1.6751476526260376, -1.3207206726074219, 1.4227333068847656, 0.45258334279060364, 55.099998474121094, 20.2450008392334, -2.371999979019165, -1.718999981880188, 0.5839999914169312, 2.0280001163482666, -0.25699999928474426, 24.801000595092773, -11.329999923706055, 29.402999877929688, 1.5920000076293945, 1.1160000562667847, -0.17100000381469727, 0.029999999329447746, 0.0, -0.024000000208616257, 0.0, 0.0, 0.0, -0.006000000052154064, -0.017999999225139618, 0.0, 0.0, 0.0, 0.0, 0.0, 0.0, -0.07223699986934662, 0.4777370095252991, -0.09470000118017197, 0.18946099281311035, -0.9540899991989136, -0.18271100521087646, -0.14293800294399261, 0.28477299213409424, 0.39204999804496765, 0.08599799871444702, 0.3403579890727997, -0.8507779836654663, 0.2564069926738739, 0.30754899978637695]",9.866666666666667,316,0,361,0
"[-1.1576945781707764, -2.024855375289917, 0.12501837313175201, 0.21920515596866608, 2.433354139328003, 0.9914121031761169, -1.2339345216751099, 0.2199999988079071, 0.012884862720966339, 2.055227279663086, -0.30786916613578796, -0.20187106728553772, -1.537968397140503, -0.0012267469428479671, 1.6945880651474, 1.0, 0.0]","[-0.8700569868087769, -2.02597975730896, 0.1555667519569397, -0.09330515563488007, 2.060600757598877, 0.7441726922988892, -0.6760653257369995, 0.8453333377838135, 0.03886115178465843, 2.0658183097839355, -0.18247464299201965, -0.050587549805641174, -1.461594581604004, 0.05676484853029251, 1.725473403930664, 1.0, 55.099998474121094, 14.527000427246094, -3.4570000171661377, 1.9859999418258667, 0.17599999904632568, 0.9200000166893005, -0.257999986410141, 13.038000106811523, -3.3010001182556152, 44.00199890136719, 0.1679999977350235, 1.3259999752044678, 0.21799999475479126, -0.492000013589859, 0.0, 0.0, -0.2160000056028366, 0.0, -0.593999981880188, -0.05400000140070915, 0.017999999225139618, 0.0, 0.0, 0.0, 0.0, 0.0, 0.0, -0.24457800388336182, 0.41801801323890686, -0.09994799643754959, 0.33311501145362854, -0.9093989729881287, -0.20106199383735657, -0.14697299897670746, 0.5600770115852356, 0.016062000766396523, -0.040525998920202255, 0.5352020263671875, 0.030706999823451042, 0.8440769910812378, 0.01218700036406517]",11.266666666666667,286,0,85,0
"[-1.319222092628479, -2.0263893604278564, 0.06580585986375809, 0.06749358028173447, 2.669126272201538, 0.848751962184906, -1.4802908897399902, 0.2160000056028366, 0.5006912350654602, 1.951220154762268, -0.6442707777023315, -0.658076286315918, -1.6766396760940552, -1.3222895860671997, 1.4235352277755737, 0.24300000071525574, 0.0]","[0.12218489497900009, -2.0258753299713135, -0.02884485013782978, -0.0010469999397173524, 0.9826618432998657, 0.8324347734451294, -0.9750885963439941, 1.0, 0.038040999323129654, 2.065870523452759, -0.18402768671512604, -0.04331090301275253, -1.4629381895065308, 0.05646819993853569, 1.7224023342132568, 1.0, 55.099998474121094, 8.067999839782715, 6.1570000648498535, 0.42800000309944153, -0.125, 0.35899999737739563, -0.6309999823570251, 13.769000053405762, -3.078000068664551, 44.34199905395508, 0.11599999666213989, 1.3969999551773071, 0.22200000286102295, 0.8519999980926514, 0.0, 0.19200000166893005, -0.6660000085830688, 0.2460000067949295, 6.360000133514404, 0.6480000019073486, 0.0, 0.0, 0.0, 0.0, 0.024000000208616257, 0.0, 0.012000000104308128, -0.5539529919624329, 0.02996399998664856, 0.0493989996612072, 0.6953809857368469, -0.12718799710273743, -0.663424015045166, -0.24522699415683746, 0.5589500069618225, 0.015146000310778618, -0.0429220013320446, 0.5322819948196411, 0.028721999377012253, 0.8460230231285095, 0.009738000109791756]",1.3333333333333333,216,0,277,0
"[-1.270288348197937, -2.0263893604278564, 0.07501047849655151, 0.10553702712059021, 2.552544593811035, 0.8413885831832886, -1.4321240186691284, 0.2160000056028366, 0.4371839165687561, 1.9443188905715942, -0.5456364154815674, -0.6373688578605652, -1.6571581363677979, -1.3518961668014526, 1.3092517852783203, 1.0, 0.0]","[-0.11864254623651505, -2.026049852371216, 0.02249305136501789, 0.07063759863376617, 1.169167399406433, -0.07013154774904251, -0.9573244452476501, 1.0, 0.03830274939537048, 2.0658183097839355, -0.18401025235652924, -0.04283974692225456, -1.4628684520721436, 0.056817200034856796, 1.722350001335144, 1.0, 55.099998474121094, 7.434999942779541, -5.590000152587891, 10.888999938964844, 0.3019999861717224, 0.781000018119812, -0.01899999938905239, 13.151000022888184, -3.5390000343322754, 44.4010009765625, 0.19200000166893005, 1.3320000171661377, 0.2150000035762787, 0.22200000286102295, 0.0, -0.40799999237060547, 0.012000000104308128, -0.3240000009536743, 0.335999995470047, -0.3840000033378601, 0.0, 0.0, 0.0, 0.0, 0.0, 0.0, 0.012000000104308128, -0.5691379904747009, 0.05787799879908562, -0.015287999995052814, 0.5452380180358887, -0.1293250024318695, -0.826213002204895, 0.057978998869657516, 0.5588849782943726, 0.015204000286757946, -0.04304900020360947, 0.532118022441864, 0.028738999739289284, 0.8461269736289978, 0.00962899997830391]",15.1,102,0,492,0
"[-1.2719762325286865, -2.0263893604278564, -0.024850081652402878, 0.058750707656145096, 2.666672945022583, 0.8717616200447083, -1.368157148361206, 0.2160000056028366, 0.4758399426937103, 1.9312793016433716, -0.6335334777832031, -0.8772827386856079, -1.6211100816726685, -1.339162826538086, 1.5499345064163208, 0.23999999463558197, 0.0]","[-0.8031886219978333, -2.026014804840088, 0.7672765254974365, 0.044497497379779816, 1.5127580165863037, 0.8807364106178284, -0.7759142518043518, 1.0, 0.03200329840183258, 2.0658183097839355, -0.18401025235652924, -0.05074460059404373, -1.4615421295166016, 0.05666014924645424, 1.7222975492477417, 1.0, 55.099998474121094, 16.395999908447266, -2.0, 0.06700000166893005, 0.06700000166893005, 0.9020000100135803, -0.3100000023841858, 13.571999549865723, -2.941999912261963, 44.37099838256836, 0.17900000512599945, 1.3739999532699585, 0.20499999821186066, -0.906000018119812, 0.0, -0.30000001192092896, -0.4620000123977661, 0.11999999731779099, -0.7020000219345093, -0.017999999225139618, 0.04800000041723251, 0.0, 0.0, 0.0, 0.0, 0.0, 0.0, -0.25759199261665344, 0.41675901412963867, -0.07318100333213806, 0.3359209895133972, -0.9040979743003845, -0.19641099870204926, -0.17659500241279602, 0.5602020025253296, 0.012279000133275986, -0.04046500101685524, 0.5353559851646423, 0.0315839983522892, 0.8439850211143494, 0.009204000234603882]",12.9,229,0,360,0
"[-0.692438006401062, -2.02638840675354, 0.775732696056366, 0.12471161782741547, 1.5109695196151733, 0.9924846291542053, -0.7821773886680603, 1.0, 0.03604715317487717, 2.0662708282470703, -0.18407638370990753, -0.04862714558839798, -1.4618829488754272, 0.056756392121315, 1.7218921184539795, 1.0, 0.0]","[-1.3159394264221191, -2.0261194705963135, 0.0593998022377491, 0.0661006048321724, 2.667703628540039, 0.8481920957565308, -1.4684349298477173, 0.37275001406669617, 0.493887335062027, 1.950770378112793, -0.6426660418510437, -0.657917320728302, -1.6733677387237549, -1.3210697174072266, 1.4227508306503296, 0.4441666603088379, 55.099998474121094, 23.12299919128418, -2.7079999446868896, 3.3259999752044678, 0.7379999756813049, 2.924999952316284, -0.20800000429153442, 18.246000289916992, -8.192999839782715, 30.643999099731445, 0.7509999871253967, 0.03200000151991844, -0.0689999982714653, 0.05400000140070915, 0.0, -0.22200000286102295, -0.04800000041723251, 0.017999999225139618, 0.0, 0.14399999380111694, -0.024000000208616257, 0.0, 0.041999999433755875, 0.0, 0.0, 0.0, 0.0, -0.07271900027990341, 0.4775649905204773, -0.09477800130844116, 0.19025200605392456, -0.9542480111122131, -0.18009799718856812, -0.14414699375629425, 0.28630098700523376, 0.3908100128173828, 0.08606799691915512, 0.3410690128803253, -0.8498479723930359, 0.258309006690979, 0.30774199962615967]",4.066666666666666,306,0,35,0
"[-0.11888253688812256, -2.02638840675354, 0.022548722103238106, 0.07132895290851593, 1.1696594953536987, -0.07270989567041397, -0.9575108289718628, 1.0, 0.03834838792681694, 2.0662708282470703, -0.18407638370990753, -0.04295080155134201, -1.4629566669464111, 0.05675636604428291, 1.722812533378601, 1.0, 0.0]","[0.14312489330768585, -2.025944948196411, 0.006822950206696987, -0.02525014989078045, 0.9943533539772034, 1.112472414970398, -0.9130014181137085, 1.0, 0.03845980018377304, 2.0658531188964844, -0.18406260013580322, -0.044183399528265, -1.4627636671066284, 0.056712500751018524, 1.7223674058914185, 1.0, 55.099998474121094, 10.71500015258789, 8.88700008392334, 1.2059999704360962, -0.492000013589859, 0.7459999918937683, -0.652999997138977, 14.053000450134277, -2.822999954223633, 44.36600112915039, 0.1720000058412552, 1.3990000486373901, 0.1899999976158142, 0.07800000160932541, 0.0, 1.4459999799728394, -0.31200000643730164, 0.04800000041723251, 5.573999881744385, 2.309999942779541, 0.017999999225139618, 0.0, 0.0, 0.006000000052154064, 0.0, 0.0, 0.0, -0.5274549722671509, 0.046943001449108124, 0.06687799841165543, 0.723039984703064, -0.21456700563430786, -0.5847179889678955, -0.2987929880619049, 0.5590860247612, 0.015399999916553497, -0.04262499883770943, 0.5326529741287231, 0.028627999126911163, 0.8457909822463989, 0.009872999973595142]",2.566666666666667,239,0,321,0
"[-1.322290062904358, -2.0263893604278564, 0.0664193406701088, 0.07608476281166077, 2.672194242477417, 0.855961263179779, -1.4802908897399902, 0.2160000056028366, 0.5085130333900452, 1.951220154762268, -0.6442707777023315, -0.658076286315918, -1.6766396760940552, -1.3222895860671997, 1.4252204895019531, 0.24300000071525574, 0.0]","[-1.3224483728408813, -2.0259275436401367, 0.06749659776687622, 0.0798337459564209, 2.6736714839935303, 0.8557479977607727, -1.4799518585205078, 0.37275001406669617, 0.5151414275169373, 1.9507529735565186, -0.6447949409484863, -0.6574462056159973, -1.6782013177871704, -1.3216454982757568, 1.434285283088684, 0.9803333282470703, 55.099998474121094, 15.90999984741211, -1.878000020980835, 3.5250000953674316, 0.10599999874830246, 1.1390000581741333, -0.27300000190734863, 25.86199951171875, -6.006999969482422, 30.280000686645508, 0.2930000126361847, 1.6510000228881836, 0.2240000069141388, 0.0, 0.0, 0.0, 0.0, -0.05400000140070915, 0.0, 0.017999999225139618, -0.041999999433755875, -0.017999999225139618, 0.0, 0.0, 0.0, 0.0, -0.024000000208616257, -0.07078099995851517, 0.4794360101222992, -0.09218700230121613, 0.19132100045681, -0.9551640152931213, -0.17653599381446838, -0.14103800058364868, 0.2782000005245209, 0.39643600583076477, 0.08496999740600586, 0.3342300057411194, -0.8526740074157715, 0.25420698523521423, 0.31082800030708313]",4.033333333333333,93,0,186,0
"[-0.8364779949188232, -2.02638840675354, 0.2389928251504898, -0.049699969589710236, 2.0334434509277344, 0.7731252312660217, -0.7495033740997314, 1.0, 0.03758130222558975, 2.0662708282470703, -0.18254226446151733, -0.05061977729201317, -1.4618829488754272, 0.056756392121315, 1.7241930961608887, 1.0, 0.0]","[-1.1557484865188599, -2.0250375270843506, 0.12572725117206573, 0.21521085500717163, 2.4349207878112793, 0.992957353591919, -1.2343955039978027, 0.3738333284854889, 0.002896699821576476, 2.055609941482544, -0.31495505571365356, -0.21397189795970917, -1.5435571670532227, -0.018322499468922615, 1.6918996572494507, 1.0, 55.099998474121094, 16.908000946044922, -4.585000038146973, 1.6799999475479126, 0.37400001287460327, 1.190999984741211, -0.21899999678134918, 11.821999549865723, 1.031999945640564, 42.6870002746582, -0.06499999761581421, 1.0420000553131104, 0.06199999898672104, 0.3240000009536743, 0.0, 0.09000000357627869, -0.34200000762939453, 0.08399999886751175, 0.1979999989271164, 0.18000000715255737, -1.350000023841858, 0.15000000596046448, -0.4740000069141388, -1.2419999837875366, -0.4740000069141388, -1.7580000162124634, -0.257999986410141, -0.12231100350618362, 0.48204898834228516, -0.05200999975204468, 0.24431799352169037, -0.9400269985198975, -0.13973000645637512, -0.19269700348377228, 0.581758975982666, 0.02894500084221363, 0.01749899983406067, 0.5991510152816772, -0.09012000262737274, 0.7954279780387878, -0.013735000044107437]",5.366666666666666,410,0,125,0
"[-0.8390861749649048, -2.02638840675354, 0.3787388503551483, -0.037581298500299454, 1.8867950439453125, 0.7795683145523071, -0.7755808234214783, 1.0, 0.038348376750946045, 2.0662708282470703, -0.18407638370990753, -0.05061977729201317, -1.4618829488754272, 0.056756392121315, 1.7241930961608887, 1.0, 0.0]","[-0.8582782745361328, -2.0259974002838135, 0.15546205639839172, -0.08958829939365387, 2.0606703758239746, 0.7554279565811157, -0.6748961806297302, 0.8738333582878113, 0.038407448679208755, 2.0658531188964844, -0.18247464299201965, -0.050587549805641174, -1.4615771770477295, 0.05676484853029251, 1.725473403930664, 1.0, 55.099998474121094, 16.381999969482422, -3.562000036239624, 1.5449999570846558, 0.19499999284744263, 1.0130000114440918, -0.25200000405311584, 13.119000434875488, -3.239000082015991, 44.01300048828125, 0.18400000035762787, 1.3279999494552612, 0.1940000057220459, -0.4560000002384186, 0.0, 0.0, -0.11400000005960464, 0.006000000052154064, -0.4259999990463257, -0.05400000140070915, 0.012000000104308128, 0.0, 0.0, 0.0, 0.0, 0.0, 0.0, -0.24807900190353394, 0.4154280126094818, -0.09907799959182739, 0.333281010389328, -0.9085710048675537, -0.20308099687099457, -0.14892800152301788, 0.5600770115852356, 0.015807000920176506, -0.040539998561143875, 0.5351939797401428, 0.03090899996459484, 0.8440759778022766, 0.012070000171661377]",13.8,250,0,227,0
"[-0.889860987663269, -2.02638840675354, 0.1432729959487915, -0.10783810168504715, 2.0616698265075684, 0.7238845825195312, -0.6678961515426636, 0.2199999988079071, 0.038348376750946045, 2.0662708282470703, -0.18254226446151733, -0.05061977729201317, -1.4618829488754272, 0.056756392121315, 1.7272610664367676, 1.0, 0.0]","[-1.0686554908752441, -2.0244617462158203, 0.1210157498717308, 0.14092619717121124, 2.4523181915283203, 1.0084878206253052, -1.1654855012893677, 0.3734166622161865, -0.13857044279575348, 2.0398001670837402, 0.11595524847507477, -0.6085164546966553, -1.4937374591827393, -1.5992051362991333, 1.3762465715408325, 1.0, 55.099998474121094, 16.038000106811523, -3.7709999084472656, 0.12200000137090683, 0.25600001215934753, 1.0360000133514404, -0.23800000548362732, 22.13800048828125, -8.45199966430664, 29.534000396728516, 0.4869999885559082, 1.6230000257492065, 0.22200000286102295, -0.2939999997615814, 0.0, -0.1080000028014183, -0.9419999718666077, -0.12600000202655792, -0.4620000123977661, 0.017999999225139618, 2.759999990463257, -0.4560000002384186, -2.328000068664551, -1.6619999408721924, -0.9599999785423279, 0.12600000202655792, -0.41999998688697815, -0.15960299968719482, 0.4539709985256195, -0.07210499793291092, 0.21743600070476532, -0.9461770057678223, -0.1576640009880066, -0.18058499693870544, 0.4538100063800812, 0.08291199803352356, 0.1812559962272644, 0.6569650173187256, -0.49442601203918457, 0.41022101044654846, 0.39453399181365967]",1.9,376,0,109,0
"[-0.7777271270751953, -2.02638840675354, 0.77358478307724, 0.06197193264961243, 1.5109695196151733, 0.9091894626617432, -0.7755808234214783, 1.0, 0.031139614060521126, 2.0662708282470703, -0.18407638370990753, -0.05061977729201317, -1.4618829488754272, 0.056756392121315, 1.7226591110229492, 1.0, 0.0]","[-0.8366926312446594, -2.025944948196411, 0.22999100387096405, -0.051442600786685944, 2.0400795936584473, 0.7717262506484985, -0.7472614049911499, 1.0, 0.037692002952098846, 2.0658531188964844, -0.1823350489139557, -0.050587549805641174, -1.4615771770477295, 0.05678229779005051, 1.7238855361938477, 1.0, 55.099998474121094, 14.222999572753906, -2.059000015258789, 2.059000015258789, 0.07199999690055847, 0.8759999871253967, -0.20800000429153442, 13.532999992370605, -3.5460000038146973, 44.30699920654297, 0.2240000069141388, 1.36899995803833, 0.20600000023841858, 0.06599999964237213, 0.0, -0.9179999828338623, -0.11400000005960464, 0.6240000128746033, 0.0, 0.30000001192092896, -0.017999999225139618, 0.0, 0.0, 0.0, 0.0, 0.0, 0.0, -0.26077601313591003, 0.41183900833129883, -0.09360300004482269, 0.3293110132217407, -0.9072229862213135, -0.22004899382591248, -0.14169399440288544, 0.5600849986076355, 0.015382000245153904, -0.04054800048470497, 0.5351960062980652, 0.030616000294685364, 0.8440939784049988, 0.011464999988675117]",7.933333333333334,157,0,210,0
"[-0.48212936520576477, -2.0257747173309326, 0.7329350113868713, 0.2816379964351654, 1.489187240600586, 1.1636768579483032, -0.7844780683517456, 1.0, 0.03819496929645538, 2.0662708282470703, -0.18407638370990753, -0.04295080155134201, -1.4624965190887451, 0.056756392121315, 1.7211251258850098, 1.0, 0.0]","[-1.174856185913086, -2.0173420906066895, 0.1276990920305252, 0.24897658824920654, 2.435845375061035, 0.9707435369491577, -1.1766011714935303, 0.3738333284854889, 0.04952310025691986, 2.063741683959961, -0.18921035528182983, -0.1117672547698021, -1.4665154218673706, 0.06268040090799332, 1.7217042446136475, 1.0, 55.099998474121094, 16.10099983215332, -5.313000202178955, 1.0460000038146973, 0.3089999854564667, 1.065000057220459, -0.19099999964237213, 15.336000442504883, -1.6970000267028809, 44.047000885009766, 0.09700000286102295, 1.4930000305175781, 0.15000000596046448, 0.0, 0.0, -0.2160000056028366, 0.0, -0.017999999225139618, 0.0, 0.006000000052154064, 0.43799999356269836, -0.07199999690055847, -0.2160000056028366, -0.7379999756813049, -0.1080000028014183, 1.1160000562667847, -0.035999998450279236, -0.11715500056743622, 0.4944460093975067, -0.03839600086212158, 0.27539899945259094, -0.939631998538971, -0.09854000061750412, -0.1775829941034317, 0.5692620277404785, 0.025942999869585037, -0.018780000507831573, 0.5614809989929199, 0.018904000520706177, 0.8271260261535645, 0.015584999695420265]",2.2333333333333334,65,0,251,0
"[-1.322290062904358, -2.0263893604278564, 0.06595910340547562, 0.07270964235067368, 2.672194242477417, 0.854733943939209, -1.4802908897399902, 0.2160000056028366, 0.5077460408210754, 1.951220154762268, -0.6442707777023315, -0.658076286315918, -1.6766396760940552, -1.3222895860671997, 1.4250670671463013, 0.24300000071525574, 0.0]","[-1.215444803237915, -2.0250375270843506, 0.09334004670381546, 0.06210454925894737, 2.523531913757324, 0.8583829998970032, -1.2338197231292725, 0.37308332324028015, 0.3207659125328064, 1.9518698453903198, -0.47460511326789856, -0.6557360887527466, -1.6543123722076416, -1.455556869506836, 1.173425316810608, 1.0, 55.099998474121094, 17.461000442504883, -3.869999885559082, 2.3239998817443848, 0.2759999930858612, 1.2660000324249268, -0.24699999392032623, 27.937000274658203, -4.5289998054504395, 29.483999252319336, 0.3019999861717224, 1.8550000190734863, 0.18000000715255737, -0.2460000067949295, 0.0, 0.041999999433755875, 0.1379999965429306, 0.3840000033378601, 0.029999999329447746, -0.029999999329447746, 0.828000009059906, 0.024000000208616257, -0.984000027179718, 0.05400000140070915, 0.0, 0.593999981880188, -0.593999981880188, -0.10810700058937073, 0.47246500849723816, -0.09005600214004517, 0.2191299945116043, -0.9523730278015137, -0.14241699874401093, -0.15710799396038055, 0.343531996011734, 0.32572200894355774, 0.11330399662256241, 0.42052701115608215, -0.8295369744300842, 0.21572700142860413, 0.2974649965763092]",11.433333333333334,434,0,298,0
"[-0.899985671043396, -2.02638840675354, 0.11826818436384201, -0.04448455572128296, 2.110142469406128, 0.805953323841095, -0.6682021617889404, 0.2199999988079071, 0.036353982985019684, 2.0662708282470703, -0.1826956868171692, -0.049546752125024796, -1.4629566669464111, 0.056756392121315, 1.7249600887298584, 1.0, 0.0]","[-0.8954467177391052, -2.026014804840088, 0.1448001116514206, -0.11293639987707138, 2.0612637996673584, 0.7219762802124023, -0.6702893972396851, 0.43783333897590637, 0.03833765164017677, 2.0658531188964844, -0.18247464299201965, -0.050587549805641174, -1.461594581604004, 0.056712500751018524, 1.7264505624771118, 1.0, 55.099998474121094, 15.760000228881836, -3.871000051498413, 2.0980000495910645, 0.23000000417232513, 1.0089999437332153, -0.22499999403953552, 13.262999534606934, -3.2170000076293945, 44.137001037597656, 0.18199999630451202, 1.3339999914169312, 0.19699999690055847, 0.0, 0.0, 0.0, 0.0, 0.0, 0.0, 0.0, 0.0, 0.0, 0.0, 0.0, 0.0, 0.0, 0.0, -0.23486000299453735, 0.42194798588752747, -0.10403099656105042, 0.33033299446105957, -0.9111089706420898, -0.1977510005235672, -0.14715099334716797, 0.5600780248641968, 0.015775000676512718, -0.040539998561143875, 0.5351870059967041, 0.03133099898695946, 0.8440619707107544, 0.012329000048339367]",13.6,247,0,6,0
"[-1.322290062904358, -2.0263893604278564, 0.06749321520328522, 0.07976672798395157, 2.6737289428710938, 0.855961263179779, -1.4802908897399902, 0.2160000056028366, 0.5152630805969238, 1.9502997398376465, -0.6442707777023315, -0.658076286315918, -1.677253246307373, -1.3222895860671997, 1.4342710971832275, 0.24300000071525574, 0.0]","[-1.3136882781982422, -2.025944948196411, 0.07260944694280624, 0.08655200153589249, 2.67149019241333, 0.8426604866981506, -1.5120774507522583, 0.37308332324028015, 0.5046016573905945, 1.9386078119277954, -0.5931079983711243, -0.6432767510414124, -1.6691796779632568, -1.3292711973190308, 1.4161547422409058, 1.0, 55.099998474121094, 16.493999481201172, -1.628000020980835, 3.877000093460083, 0.07699999958276749, 1.2239999771118164, -0.24500000476837158, 25.457000732421875, -5.497000217437744, 30.152999877929688, 0.24199999868869781, 1.6239999532699585, 0.23100000619888306, 0.0, 0.0, -0.13199999928474426, -0.11999999731779099, 0.1979999989271164, 0.25200000405311584, 0.23399999737739563, 0.19200000166893005, 0.006000000052154064, -0.012000000104308128, 0.024000000208616257, -0.20999999344348907, 0.15000000596046448, 0.20999999344348907, -0.07636500149965286, 0.48185399174690247, -0.0899989977478981, 0.19882699847221375, -0.9500399827957153, -0.1953269988298416, -0.1404930055141449, 0.28786200284957886, 0.39391300082206726, 0.09801200032234192, 0.35523301362991333, -0.8392680287361145, 0.25792500376701355, 0.32079800963401794]",5.8,272,0,465,0
"[-1.1530920267105103, -2.024855375289917, 0.09004335105419159, 0.030678994953632355, 2.4534494876861572, 0.8670065999031067, -1.17472243309021, 0.2199999988079071, 0.15002240240573883, 1.9467743635177612, -0.16152754426002502, -0.6430438160896301, -1.6496423482894897, -1.554382562637329, 1.2923780679702759, 1.0, 0.0]","[-1.307999610900879, -2.026102066040039, 0.04926135018467903, 0.06430324912071228, 2.663149118423462, 0.8484888076782227, -1.4554870128631592, 0.3335833251476288, 0.4931544363498688, 1.9426910877227783, -0.6364712715148926, -0.7094122767448425, -1.676247000694275, -1.3614140748977661, 1.449641227722168, 0.43191665410995483, 55.099998474121094, 10.699999809265137, -14.92199993133545, 1.7640000581741333, 2.3299999237060547, -0.057999998331069946, 0.3700000047683716, 28.96299934387207, -6.72599983215332, 41.07099914550781, 0.5950000286102295, 2.5390000343322754, 0.24500000476837158, 0.05400000140070915, 0.0, -0.012000000104308128, 0.0, -0.05400000140070915, -0.035999998450279236, 0.07199999690055847, 0.0, 0.0, 0.0, -0.671999990940094, 0.0, -0.07800000160932541, 0.4320000112056732, -0.07514200359582901, 0.4772160053253174, -0.09456100314855576, 0.19169700145721436, -0.9530259966850281, -0.1818390041589737, -0.14807799458503723, 0.27743199467658997, 0.39082399010658264, 0.0987740010023117, 0.33695098757743835, -0.8551790118217468, 0.23992200195789337, 0.31235799193382263]",14.033333333333333,350,0,287,0
"[-0.895844042301178, -2.02638840675354, 0.1544705033302307, -0.10891200602054596, 2.0616698265075684, 0.7225038409233093, -0.6775593161582947, 0.2199999988079071, 0.039115432649850845, 2.0662708282470703, -0.18254226446151733, -0.05061977729201317, -1.4618829488754272, 0.056756392121315, 1.7257270812988281, 1.0, 0.0]","[-1.3211220502853394, -2.02597975730896, 0.06737445294857025, 0.0794323980808258, 2.6764461994171143, 0.8560271859169006, -1.4805976152420044, 0.37308332324028015, 0.5217549800872803, 1.9476642608642578, -0.6247623562812805, -0.6380069255828857, -1.6857572793960571, -1.3078949451446533, 1.4466922283172607, 1.0, 55.099998474121094, 14.491999626159668, -2.328000068664551, 4.150000095367432, 0.11100000143051147, 1.0299999713897705, -0.2680000066757202, 27.29800033569336, -6.445000171661377, 29.732999801635742, 0.30799999833106995, 1.7009999752044678, 0.23499999940395355, 0.0, 0.0, 0.0, 0.0, 0.0, 0.0, 0.029999999329447746, 0.11999999731779099, 0.0, -0.3779999911785126, 0.0, 0.0, 0.0, 0.024000000208616257, -0.07165499776601791, 0.47908300161361694, -0.09244400262832642, 0.19087499380111694, -0.9553599953651428, -0.1768539994955063, -0.13990899920463562, 0.28211501240730286, 0.3984389901161194, 0.08593100309371948, 0.33888500928878784, -0.8452029824256897, 0.2691099941730499, 0.3136340081691742]",5.333333333333333,16,0,188,0
"[-1.3040363788604736, -2.0263893604278564, 0.04356405511498451, 0.06442701071500778, 2.6671335697174072, 0.8430759906768799, -1.4555950164794922, 0.2160000056028366, 0.492406964302063, 1.9420171976089478, -0.6350674629211426, -0.733701765537262, -1.6744921207427979, -1.365086555480957, 1.4617301225662231, 0.24300000071525574, 0.0]","[-1.3185393810272217, -2.0259275436401367, 0.06590864807367325, 0.06714759767055511, 2.6677560806274414, 0.8482619524002075, -1.480074167251587, 0.37275001406669617, 0.4989652931690216, 1.9505435228347778, -0.6430324912071228, -0.6581441760063171, -1.6752872467041016, -1.3207557201385498, 1.422803282737732, 0.45750001072883606, 55.099998474121094, 19.617000579833984, -2.8540000915527344, -2.009999990463257, 0.5360000133514404, 1.8650000095367432, -0.2639999985694885, 24.89900016784668, -11.444999694824219, 29.767000198364258, 1.6629999876022339, 1.2400000095367432, -0.12099999934434891, 0.017999999225139618, 0.0, -0.017999999225139618, 0.0, 0.0, 0.0, -0.006000000052154064, -0.04800000041723251, 0.0, 0.0, 0.0, 0.006000000052154064, 0.0, 0.0, -0.07206399738788605, 0.477742999792099, -0.09472200274467468, 0.18939100205898285, -0.9541569948196411, -0.18246200680732727, -0.14290399849414825, 0.28449898958206177, 0.39221999049186707, 0.08593299984931946, 0.34011900424957275, -0.8509650230407715, 0.25610700249671936, 0.30754798650741577]",12.133333333333333,490,0,424,0
"[-1.2713624238967896, -2.0263893604278564, -0.025463735684752464, 0.05936436727643013, 2.665599822998047, 0.8759034276008606, -1.3640155792236328, 0.2160000056028366, 0.4755331575870514, 1.9288249015808105, -0.6335334777832031, -0.8774362206459045, -1.6149741411209106, -1.3382424116134644, 1.550241231918335, 0.23999999463558197, 0.0]","[-0.06725230067968369, -2.0259974002838135, -0.010923699475824833, 0.07583770155906677, 1.1177946329116821, 0.0412168987095356, -0.9893451929092407, 1.0, 0.037709448486566544, 2.0658183097839355, -0.18406260013580322, -0.042089398950338364, -1.4629381895065308, 0.05597959831357002, 1.7223323583602905, 1.0, 55.099998474121094, 7.890999794006348, -1.0520000457763672, 9.96500015258789, 0.19699999690055847, 0.6209999918937683, -0.38199999928474426, 14.16100025177002, -2.562000036239624, 44.040000915527344, 0.16899999976158142, 1.434000015258789, 0.1770000010728836, 1.3799999952316284, 0.0, -0.5339999794960022, -0.024000000208616257, -1.6440000534057617, 3.75, -0.3059999942779541, -0.012000000104308128, 0.0, 0.0, 0.0, 0.0, 0.0, -0.012000000104308128, -0.5739409923553467, 0.04432100057601929, -0.006924999877810478, 0.5686590075492859, -0.08598099648952484, -0.8180660009384155, -0.0006189999985508621, 0.558758020401001, 0.014986000023782253, -0.04333300143480301, 0.5317450165748596, 0.0287299994379282, 0.8463600277900696, 0.009727999567985535]",10.366666666666667,291,0,55,0
"[-0.8872534036636353, -2.02638840675354, 0.15646487474441528, -0.10200872272253036, 2.0616698265075684, 0.7263392210006714, -0.6778661012649536, 0.2199999988079071, 0.039882488548755646, 2.0662708282470703, -0.18254226446151733, -0.05061977729201317, -1.4618829488754272, 0.056756392121315, 1.7257270812988281, 1.0, 0.0]","[-0.8975407481193542, -2.026049852371216, 0.11783984303474426, -0.04797005280852318, 2.1050808429718018, 0.8021590709686279, -0.6621227860450745, 0.3752500116825104, 0.03667990118265152, 2.065800905227661, -0.18250954151153564, -0.05034324899315834, -1.4617341756820679, 0.05666014924645424, 1.7257353067398071, 1.0, 55.099998474121094, 18.80299949645996, -7.965000152587891, 1.5010000467300415, 0.5009999871253967, 1.375, 0.007000000216066837, 12.588000297546387, -2.9089999198913574, 44.55799865722656, 0.17599999904632568, 1.3309999704360962, 0.20000000298023224, -0.33000001311302185, 0.0, -0.024000000208616257, 1.1519999504089355, 1.7699999809265137, 1.2960000038146973, -1.3559999465942383, -0.017999999225139618, 0.0, -0.017999999225139618, 0.029999999329447746, -0.06599999964237213, 0.0, -0.035999998450279236, -0.22770999372005463, 0.43042099475860596, -0.08935999870300293, 0.3366529941558838, -0.9133849740028381, -0.1590680032968521, -0.16458700597286224, 0.5600799918174744, 0.014839000068604946, -0.04059100151062012, 0.5351259708404541, 0.031651999801397324, 0.8440979719161987, 0.01164500042796135]",8.966666666666667,351,0,221,0
"[-1.0641212463378906, -2.024855375289917, 0.12977424263954163, 0.19205336272716522, 2.4543697834014893, 1.0400396585464478, -1.1819324493408203, 0.2199999988079071, -0.34821292757987976, 2.0546140670776367, 0.21107454597949982, -0.4377971291542053, -1.449150562286377, -1.5077489614486694, 1.4183183908462524, 1.0, 0.0]","[-1.3226401805877686, -2.025944948196411, 0.06744424998760223, 0.0798337459564209, 2.6758527755737305, 0.8557479977607727, -1.4799518585205078, 0.37275001406669617, 0.5159441232681274, 1.950927495956421, -0.6452661156654358, -0.6569401621818542, -1.6803476810455322, -1.3200228214263916, 1.4347389936447144, 0.987416684627533, 55.099998474121094, 15.871000289916992, -1.7050000429153442, 3.2200000286102295, 0.08699999749660492, 1.1299999952316284, -0.27300000190734863, 26.066999435424805, -5.870999813079834, 30.82699966430664, 0.28600001335144043, 1.6990000009536743, 0.20600000023841858, 0.0, 0.0, 0.0, 0.0, 0.0, 0.0, 0.0, -0.017999999225139618, 0.0, 0.006000000052154064, -0.017999999225139618, 0.024000000208616257, -0.06599999964237213, 0.0, -0.07091200351715088, 0.47934800386428833, -0.09229300171136856, 0.19118399918079376, -0.9554319977760315, -0.17592300474643707, -0.14016899466514587, 0.2782739996910095, 0.3966499865055084, 0.08453299850225449, 0.33406001329421997, -0.8529930114746094, 0.25462600588798523, 0.3097909986972809]",6.3,74,0,427,0
"[-0.6593040823936462, -2.02638840675354, 0.7801817655563354, 0.1517099291086197, 1.5105092525482178, 1.0297605991363525, -0.7826376557350159, 1.0, 0.03972909599542618, 2.0662708282470703, -0.18407638370990753, -0.04663275554776192, -1.4618829488754272, 0.056756392121315, 1.7211251258850098, 1.0, 0.0]","[-1.2691733837127686, -2.0259101390838623, -0.03345165029168129, 0.061127349734306335, 2.6638646125793457, 0.879846453666687, -1.351851463317871, 0.2709999978542328, 0.47474467754364014, 1.9197094440460205, -0.6334350109100342, -0.8784853219985962, -1.5951569080352783, -1.331452488899231, 1.5522124767303467, 0.4178333282470703, 55.099998474121094, 16.69499969482422, -1.3480000495910645, 2.311000108718872, 0.10199999809265137, 1.1160000562667847, -0.28700000047683716, 26.895999908447266, -5.105999946594238, 28.867000579833984, 0.27900001406669617, 1.8209999799728394, 0.1860000044107437, 0.0, 0.0, -0.33000001311302185, 0.024000000208616257, 0.0, 0.024000000208616257, 0.2160000056028366, 0.017999999225139618, -0.20999999344348907, 0.0, 0.0, 0.3959999978542328, 0.3240000009536743, 0.08399999886751175, -0.08423600345849991, 0.4733929932117462, -0.09239500015974045, 0.19378100335597992, -0.9506999850273132, -0.1706860065460205, -0.17170800268650055, 0.25808000564575195, 0.4000929892063141, 0.15339499711990356, 0.3883860111236572, -0.831417977809906, 0.21132199466228485, 0.3365130126476288]",12.666666666666666,169,0,56,0
"[-0.8904745578765869, -2.02638840675354, 0.14373324811458588, -0.10906542092561722, 2.0616698265075684, 0.7231175303459167, -0.6686632037162781, 0.2199999988079071, 0.038348376750946045, 2.0662708282470703, -0.18254226446151733, -0.05061977729201317, -1.4618829488754272, 0.056756392121315, 1.7272610664367676, 1.0, 0.0]","[-1.3222213983535767, -2.025944948196411, 0.06723485141992569, 0.0794323980808258, 2.6764461994171143, 0.855992317199707, -1.4799344539642334, 0.37308332324028015, 0.5257859826087952, 1.9488160610198975, -0.6386874914169312, -0.6399787664413452, -1.6857397556304932, -1.3082963228225708, 1.4471808671951294, 1.0, 55.099998474121094, 15.79699993133545, -2.0250000953674316, 3.5850000381469727, 0.10899999737739563, 1.1349999904632568, -0.2720000147819519, 26.065000534057617, -5.71999979019165, 31.163000106811523, 0.2150000035762787, 1.6829999685287476, 0.2460000067949295, -0.017999999225139618, 0.0, 0.0, 0.0, 0.0, 0.0, 0.0, 0.012000000104308128, 0.024000000208616257, -0.2280000001192093, -0.15000000596046448, 0.0, 0.0, 0.0, -0.07112199813127518, 0.47918200492858887, -0.09242399781942368, 0.19088800251483917, -0.9554929733276367, -0.17604899406433105, -0.13999900221824646, 0.27903199195861816, 0.39928698539733887, 0.08316300064325333, 0.3334369957447052, -0.8493850231170654, 0.2654449939727783, 0.31129100918769836]",8.666666666666666,64,0,240,0
"[-1.3193755149841309, -2.0263893604278564, 0.06595910340547562, 0.06749358028173447, 2.669126272201538, 0.8493653535842896, -1.4802908897399902, 0.2160000056028366, 0.5014582276344299, 1.951220154762268, -0.6442707777023315, -0.658076286315918, -1.6766396760940552, -1.3222895860671997, 1.4235352277755737, 0.24300000071525574, 0.0]","[-1.0685158967971802, -2.0243396759033203, 0.13047365844249725, 0.21290744841098785, 2.4544296264648438, 1.0428119897842407, -1.1937719583511353, 0.3734166622161865, -0.4009486436843872, 2.057372570037842, 0.13691270351409912, -0.3385823369026184, -1.4497112035751343, -1.2301552295684814, 1.4433592557907104, 1.0, 55.099998474121094, 17.96299934387207, -4.025000095367432, 3.4570000171661377, 0.24799999594688416, 1.4019999504089355, -0.16300000250339508, 18.354999542236328, -11.427000045776367, 32.8380012512207, 0.6980000138282776, 1.5140000581741333, 0.3319999873638153, 0.1379999965429306, 0.0, 0.0, -0.14399999380111694, 0.012000000104308128, 0.0, 0.23999999463558197, -0.20399999618530273, -0.012000000104308128, 2.2139999866485596, -1.4579999446868896, 0.024000000208616257, -5.946000099182129, -0.47999998927116394, -0.1603340059518814, 0.46213799715042114, -0.05583000183105469, 0.2310280054807663, -0.9442909955978394, -0.15084099769592285, -0.17940400540828705, 0.5121930241584778, -0.0704289972782135, 0.11716199666261673, 0.698889970779419, -0.20379500091075897, 0.6094350218772888, 0.31401801109313965]",7.2,455,0,458,0
"[-1.322290062904358, -2.0263893604278564, 0.06595910340547562, 0.07056184113025665, 2.671273946762085, 0.8538135290145874, -1.4802908897399902, 0.2160000056028366, 0.506826639175415, 1.951220154762268, -0.6439639925956726, -0.658076286315918, -1.6766396760940552, -1.3222895860671997, 1.4250670671463013, 0.24300000071525574, 0.0]","[-0.9674105644226074, -2.024845600128174, 0.12220234423875809, 0.15467680990695953, 2.3365375995635986, 0.9769382476806641, -0.8858841061592102, 0.37450000643730164, 0.03421945124864578, 2.0658531188964844, -0.18835529685020447, -0.03982090204954147, -1.4682430028915405, 0.05657290294766426, 1.721582055091858, 1.0, 55.099998474121094, 17.291000366210938, -4.540999889373779, 0.953000009059906, 0.3019999861717224, 1.1959999799728394, -0.26600000262260437, 13.199000358581543, -2.5940001010894775, 44.14799880981445, 0.1550000011920929, 1.343000054359436, 0.1809999942779541, -0.8220000267028809, 0.09000000357627869, 0.12600000202655792, 1.0800000429153442, 1.1399999856948853, 1.1640000343322754, -0.6959999799728394, -0.07800000160932541, 0.0, 0.08399999886751175, 0.017999999225139618, 0.04800000041723251, 0.0, 0.04800000041723251, -0.20066599547863007, 0.4500359892845154, -0.05926699936389923, 0.2911970019340515, -0.9372680187225342, -0.09890200197696686, -0.16416700184345245, 0.5584890246391296, 0.012802000157535076, -0.04398699849843979, 0.531121015548706, 0.026038000360131264, 0.8468760251998901, 0.005632000043988228]",15.5,401,0,494,0
"[-0.8343318700790405, -2.02638840675354, 0.19036617875099182, -0.06933493167161942, 2.060135841369629, 0.7731252312660217, -0.7059381604194641, 0.5799999833106995, 0.03374593332409859, 2.0662708282470703, -0.18254226446151733, -0.05061977729201317, -1.4618829488754272, 0.056756392121315, 1.7257270812988281, 1.0, 0.0]","[-0.6820332407951355, -2.026014804840088, 0.7806954979896545, 0.13347505033016205, 1.5123740434646606, 1.0056610107421875, -0.7824405431747437, 1.0, 0.03797120228409767, 2.065800905227661, -0.18401025235652924, -0.04786534979939461, -1.4629555940628052, 0.05664269998669624, 1.720884084701538, 1.0, 55.099998474121094, 16.857999801635742, -2.930999994277954, 1.6990000009536743, 0.22499999403953552, 1.128000020980835, -0.2280000001192093, 13.00100040435791, -2.617000102996826, 44.19900131225586, 0.07699999958276749, 1.3170000314712524, 0.210999995470047, -0.9599999785423279, 0.0, -0.14399999380111694, -0.8220000267028809, 0.0, -1.1519999504089355, 0.006000000052154064, -0.11400000005960464, 0.0, 0.0, -0.07199999690055847, 0.012000000104308128, 0.0, 0.029999999329447746, -0.27933600544929504, 0.3941510021686554, -0.05665300041437149, 0.3381510078907013, -0.8982629776000977, -0.1914840042591095, -0.2052060067653656, 0.5596849918365479, 0.015416000038385391, -0.04138600081205368, 0.534201979637146, 0.027977999299764633, 0.8448370099067688, 0.009746000170707703]",3.8333333333333335,191,0,148,0
"[-0.8952304720878601, -2.02638840675354, 0.15646487474441528, -0.10845176875591278, 2.0616698265075684, 0.7225038409233093, -0.6770991086959839, 0.2199999988079071, 0.039729077368974686, 2.0662708282470703, -0.18254226446151733, -0.05061977729201317, -1.4618829488754272, 0.056756392121315, 1.7257270812988281, 1.0, 0.0]","[-1.322099208831787, -2.02597975730896, 0.06744424998760223, 0.07861225306987762, 2.671891689300537, 0.8557479977607727, -1.4799518585205078, 0.37275001406669617, 0.5098715424537659, 1.950491189956665, -0.6441667675971985, -0.657917320728302, -1.6781141757965088, -1.3219420909881592, 1.4286489486694336, 0.9536666870117188, 55.099998474121094, 15.70199966430664, -1.996999979019165, 3.2790000438690186, 0.09700000286102295, 1.1150000095367432, -0.2720000147819519, 26.33099937438965, -6.495999813079834, 29.378000259399414, 0.33500000834465027, 1.6519999504089355, 0.2370000034570694, 0.0, 0.0, 0.0, -0.05400000140070915, 0.0, 0.0, 0.0, -0.041999999433755875, 0.017999999225139618, 0.0, 0.0, 0.012000000104308128, 0.0, -0.13199999928474426, -0.07071000337600708, 0.47921401262283325, -0.09243900328874588, 0.1908310055732727, -0.9550120234489441, -0.1772949993610382, -0.14177800714969635, 0.2802700102329254, 0.39500901103019714, 0.0853009968996048, 0.33623000979423523, -0.8526290059089661, 0.253805011510849, 0.3091199994087219]",16.566666666666666,414,0,286,0
"[0.13176801800727844, -2.02638840675354, -0.022395417094230652, -0.010277071967720985, 0.9892633557319641, 0.9328128099441528, -0.9602723121643066, 1.0, 0.03834838792681694, 2.0662708282470703, -0.18407638370990753, -0.04433153197169304, -1.4618829488754272, 0.056756392121315, 1.723272681236267, 1.0, 0.0]","[-1.3068479299545288, -2.0258753299713135, 0.07449404895305634, 0.12050969898700714, 2.6326117515563965, 0.8264145851135254, -1.5336107015609741, 0.37308332324028015, 0.44349175691604614, 1.940143346786499, -0.5739305019378662, -0.6451090574264526, -1.6591111421585083, -1.3393572568893433, 1.3562140464782715, 1.0, 55.099998474121094, 14.567999839782715, 0.09600000083446503, 3.3410000801086426, -0.09300000220537186, 1.0820000171661377, -0.32100000977516174, 26.73699951171875, -5.670000076293945, 28.299999237060547, 0.3100000023841858, 1.6990000009536743, 0.18299999833106995, -0.1379999965429306, 0.0, -0.017999999225139618, -0.25200000405311584, 0.3720000088214874, -0.017999999225139618, -0.006000000052154064, 0.22200000286102295, -0.035999998450279236, -0.5040000081062317, -0.07199999690055847, 0.0, 0.04800000041723251, 0.5040000081062317, -0.07820600271224976, 0.49212801456451416, -0.07855699956417084, 0.223130002617836, -0.9380840063095093, -0.21455299854278564, -0.15548600256443024, 0.3103969991207123, 0.37540701031684875, 0.10213100165128708, 0.37867799401283264, -0.8334360122680664, 0.2574779987335205, 0.3093389868736267]",9.933333333333334,478,0,353,0
"[0.10814464092254639, -2.02638840675354, 0.13867108523845673, -0.025770187377929688, 0.9995410442352295, 1.417397141456604, -0.7617753148078918, 1.0, 0.03942226618528366, 2.0662708282470703, -0.18484345078468323, -0.043411046266555786, -1.463570237159729, 0.056756392121315, 1.7220455408096313, 1.0, 0.0]","[-0.7774498462677002, -2.026049852371216, 0.7758967876434326, 0.06140655279159546, 1.5122867822647095, 0.910959780216217, -0.776001513004303, 1.0, 0.030834149569272995, 2.0658183097839355, -0.18399278819561005, -0.05077950283885002, -1.4617689847946167, 0.056747402995824814, 1.7221405506134033, 1.0, 55.099998474121094, 17.319000244140625, -4.276000022888184, 1.2869999408721924, 0.33799999952316284, 1.069000005722046, -0.27900001406669617, 12.913000106811523, -3.000999927520752, 44.18299865722656, 0.15700000524520874, 1.3029999732971191, 0.19499999284744263, -0.6959999799728394, 0.0, -0.09000000357627869, -0.41999998688697815, 0.0, -0.9419999718666077, 0.017999999225139618, 0.0, 0.0, 0.0, 0.0, 0.0, 0.0, 0.006000000052154064, -0.2620849907398224, 0.41130000352859497, -0.07066900283098221, 0.3336699903011322, -0.9042819738388062, -0.1938370019197464, -0.18265999853610992, 0.5602210164070129, 0.011611999943852425, -0.04045400023460388, 0.535381019115448, 0.03194500133395195, 0.8439599871635437, 0.008766000159084797]",7.0,477,0,112,0
"[-1.3176881074905396, -2.0263893604278564, 0.06442665308713913, 0.06749358028173447, 2.66713285446167, 0.8482919335365295, -1.4769163131713867, 0.2160000056028366, 0.4959353506565094, 1.951220154762268, -0.6441174149513245, -0.658076286315918, -1.6766396760940552, -1.3222895860671997, 1.4235352277755737, 0.24300000071525574, 0.0]","[-1.2957671880722046, -2.02561354637146, 0.029804598540067673, 0.06435559689998627, 2.670809507369995, 0.839240312576294, -1.4431674480438232, 0.29341667890548706, 0.4922296106815338, 1.9416614770889282, -0.6345866918563843, -0.7890715599060059, -1.673350214958191, -1.380696415901184, 1.4973320960998535, 0.42133334279060364, 55.099998474121094, 15.177000045776367, -2.8949999809265137, 5.880000114440918, 0.5410000085830688, 1.187999963760376, -0.1420000046491623, 25.37700080871582, -2.871000051498413, 32.75600051879883, -0.3779999911785126, 1.3389999866485596, 0.3199999928474426, 0.024000000208616257, 0.0, 0.0, 0.0, -0.017999999225139618, 0.0, 0.28200000524520874, 0.0, 0.0, 0.024000000208616257, -0.5220000147819519, 0.15000000596046448, 0.09600000083446503, 0.31200000643730164, -0.08101300150156021, 0.4781610071659088, -0.09337200224399567, 0.19886000454425812, -0.9506490230560303, -0.1859859973192215, -0.1487549990415573, 0.2653459906578064, 0.39333900809288025, 0.11445999890565872, 0.3410550057888031, -0.8565409779548645, 0.22294700145721436, 0.3167189955711365]",3.6,6,0,386,0
"[-1.1299291849136353, -2.024855375289917, 0.12701274454593658, 0.21107487380504608, 2.435961961746216, 1.0115069150924683, -1.228718638420105, 0.2199999988079071, -0.08498168736696243, 2.0602900981903076, -0.3135448098182678, -0.25387296080589294, -1.545485258102417, -0.1676630824804306, 1.664829134941101, 1.0, 0.0]","[-0.8349475860595703, -2.0259974002838135, 0.15465934574604034, -0.0868835523724556, 2.0612289905548096, 0.7715866565704346, -0.6679859757423401, 0.9609166383743286, 0.03650540113449097, 2.0659055709838867, -0.18247464299201965, -0.05055265128612518, -1.461594581604004, 0.05664269998669624, 1.7254384756088257, 1.0, 55.099998474121094, 16.065000534057617, -3.8959999084472656, 2.193000078201294, 0.23999999463558197, 1.0119999647140503, -0.23199999332427979, 13.345999717712402, -2.736999988555908, 43.974998474121094, 0.14300000667572021, 1.340999960899353, 0.19599999487400055, -0.14399999380111694, 0.0, 0.0, 0.0, 0.0, 0.0, 0.0, 0.0, 0.0, 0.0, 0.0, 0.0, 0.0, 0.006000000052154064, -0.2554199993610382, 0.40953299403190613, -0.0984330028295517, 0.3334429860115051, -0.9073699712753296, -0.20713800191879272, -0.1502929925918579, 0.5600879788398743, 0.014763000421226025, -0.04057599976658821, 0.5351700186729431, 0.03165699914097786, 0.8440700173377991, 0.011598000302910805]",8.533333333333333,365,0,260,0
"[-1.1234861612319946, -2.024855375289917, 0.12670592963695526, 0.21291549503803253, 2.435961961746216, 1.0184099674224854, -1.2296388149261475, 0.2199999988079071, -0.10891172289848328, 2.0609030723571777, -0.30664190649986267, -0.26399728655815125, -1.5396560430526733, -0.21905168890953064, 1.655778408050537, 1.0, 0.0]","[-0.8311784267425537, -2.0259974002838135, 0.1544848382472992, -0.08660434931516647, 2.0613858699798584, 0.7715517282485962, -0.6679685115814209, 0.9726666808128357, 0.03585975244641304, 2.0658531188964844, -0.18247464299201965, -0.05055265128612518, -1.461594581604004, 0.05669505149126053, 1.7254210710525513, 1.0, 55.099998474121094, 17.187999725341797, -3.943000078201294, 2.003000020980835, 0.2800000011920929, 1.1059999465942383, -0.23800000548362732, 13.361000061035156, -2.822000026702881, 44.1619987487793, 0.17800000309944153, 1.343000054359436, 0.1809999942779541, -0.09600000083446503, 0.0, 0.0, -0.017999999225139618, 0.0, 0.0, 0.017999999225139618, 0.029999999329447746, 0.0, 0.0, 0.0, 0.0, 0.0, -0.006000000052154064, -0.2569890022277832, 0.408625990152359, -0.09836199879646301, 0.3338479995727539, -0.9069600105285645, -0.2087700068950653, -0.14960700273513794, 0.5601109862327576, 0.014392999932169914, -0.04054899886250496, 0.5351960062980652, 0.03193400055170059, 0.8440459966659546, 0.01140000019222498]",14.066666666666666,459,0,444,0
"[-1.322290062904358, -2.0263893604278564, 0.06749321520328522, 0.07976672798395157, 2.6731152534484863, 0.855961263179779, -1.4802908897399902, 0.2160000056028366, 0.514802873134613, 1.9499928951263428, -0.6442707777023315, -0.658076286315918, -1.6775600910186768, -1.3222895860671997, 1.4339642524719238, 0.24300000071525574, 0.0]","[-1.3150146007537842, -2.026102066040039, 0.05395539849996567, 0.06510595232248306, 2.6685237884521484, 0.8483318090438843, -1.4665677547454834, 0.37275001406669617, 0.49362561106681824, 1.9500724077224731, -0.6417935490608215, -0.6578649878501892, -1.673315405845642, -1.321750283241272, 1.4228206872940063, 0.44350001215934753, 55.099998474121094, 23.82200050354004, -3.5239999294281006, 4.318999767303467, 0.8209999799728394, 2.934000015258789, -0.17900000512599945, 18.218000411987305, -8.019000053405762, 31.075000762939453, 0.6039999723434448, 0.0, -0.014000000432133675, 0.017999999225139618, 0.0, -0.2879999876022339, -0.017999999225139618, 0.09000000357627869, 0.0, 0.024000000208616257, 0.0, -0.041999999433755875, 0.024000000208616257, 0.0, 0.0, -0.05400000140070915, 0.0, -0.07276000082492828, 0.47746899724006653, -0.09481699764728546, 0.19020600616931915, -0.9538379907608032, -0.18105299770832062, -0.14571799337863922, 0.2864859998226166, 0.39073601365089417, 0.08649999648332596, 0.3413439989089966, -0.8497080206871033, 0.25828900933265686, 0.3078419864177704]",10.1,51,0,254,0
"[-1.2274903059005737, -2.0263893604278564, 0.09004335850477219, 0.06933454424142838, 2.5427260398864746, 0.8605638742446899, -1.234853982925415, 0.2199999988079071, 0.356649786233902, 1.956437349319458, -0.4960884749889374, -0.6493335962295532, -1.6520969867706299, -1.4345778226852417, 1.160763144493103, 1.0, 0.0]","[-1.2320921421051025, -2.0257530212402344, 0.08964065462350845, 0.07454639673233032, 2.543372392654419, 0.859935998916626, -1.234203577041626, 0.37308332324028015, 0.3820677697658539, 1.956650972366333, -0.5108312964439392, -0.6474473476409912, -1.652898907661438, -1.4050216674804688, 1.1667767763137817, 1.0, 55.099998474121094, 17.11400032043457, -4.076000213623047, 2.424999952316284, 0.2160000056028366, 1.2029999494552612, -0.23100000619888306, 26.033000946044922, -3.490999937057495, 29.211999893188477, 0.17900000512599945, 1.6970000267028809, 0.10499999672174454, -0.012000000104308128, 0.0, -0.006000000052154064, 0.1379999965429306, 0.0, 0.0, 0.04800000041723251, 0.47999998927116394, 0.0, -0.16200000047683716, 0.08399999886751175, 0.05400000140070915, 0.828000009059906, 0.2879999876022339, -0.10209900140762329, 0.4754689931869507, -0.08822199702262878, 0.22074100375175476, -0.9547590017318726, -0.1287810057401657, -0.15206100046634674, 0.32656198740005493, 0.34992000460624695, 0.10511799901723862, 0.41328200697898865, -0.8383529782295227, 0.19946199655532837, 0.29423800110816956]",3.1666666666666665,140,0,181,0
"[-1.136525273323059, -2.024855375289917, 0.1273195594549179, 0.20954111218452454, 2.435961961746216, 1.00537109375, -1.2276450395584106, 0.2199999988079071, -0.0630456879734993, 2.060136556625366, -0.317226380109787, -0.24543604254722595, -1.548399806022644, -0.12271754443645477, 1.6723456382751465, 1.0, 0.0]","[-0.830253541469574, -2.025944948196411, 0.15750369429588318, -0.08067135512828827, 2.0615603923797607, 0.7715517282485962, -0.6772693991661072, 0.9886666536331177, 0.033800650388002396, 2.065870523452759, -0.18245720863342285, -0.050587549805641174, -1.4615771770477295, 0.056817200034856796, 1.7254210710525513, 1.0, 55.099998474121094, 15.489999771118164, -2.122999906539917, 1.559999942779541, 0.13199999928474426, 0.972000002861023, -0.2680000066757202, 13.60099983215332, -3.740999937057495, 44.14099884033203, 0.20499999821186066, 1.3669999837875366, 0.21799999475479126, 0.05400000140070915, 0.0, -0.20999999344348907, -0.1979999989271164, -0.006000000052154064, 0.0, 0.36000001430511475, 0.012000000104308128, 0.006000000052154064, 0.0, 0.0, 0.0, 0.0, 0.0, -0.25814399123191833, 0.40922799706459045, -0.09711199998855591, 0.33488699793815613, -0.9061020016670227, -0.21122300624847412, -0.14903999865055084, 0.5601379871368408, 0.01322100032120943, -0.04055200144648552, 0.5352129936218262, 0.03285500034689903, 0.8440080285072327, 0.010812000371515751]",5.9,167,0,357,0
"[-0.8881734609603882, -2.02638840675354, 0.13928423821926117, -0.1061505377292633, 2.0616698265075684, 0.7258790135383606, -0.6625269651412964, 0.2199999988079071, 0.038348376750946045, 2.0662708282470703, -0.18254226446151733, -0.05061977729201317, -1.4618829488754272, 0.056756392121315, 1.7272610664367676, 1.0, 0.0]","[-1.296028971672058, -2.025648355484009, 0.029874399304389954, 0.06430324912071228, 2.670809507369995, 0.839885950088501, -1.4461861848831177, 0.29516667127609253, 0.492212176322937, 1.9417139291763306, -0.6349706053733826, -0.7822660207748413, -1.6746416091918945, -1.3809406757354736, 1.4936676025390625, 0.42241665720939636, 55.099998474121094, 15.954000473022461, -3.7190001010894775, 6.671999931335449, 0.7049999833106995, 1.2899999618530273, -0.09799999743700027, 24.88599967956543, -3.6610000133514404, 32.90299987792969, -0.41200000047683716, 1.0770000219345093, 0.3880000114440918, 0.024000000208616257, 0.0, 0.0, 0.0, 0.0, -0.012000000104308128, 0.2160000056028366, 0.0, 0.0, 0.017999999225139618, -0.5220000147819519, 0.05400000140070915, 0.06599999964237213, 0.31200000643730164, -0.08083400130271912, 0.4780769944190979, -0.09342899918556213, 0.1982789933681488, -0.9504640102386475, -0.1872289925813675, -0.14915400743484497, 0.2663410007953644, 0.3929159939289093, 0.11287999898195267, 0.339713990688324, -0.8569089770317078, 0.22434400022029877, 0.3161799907684326]",0.9333333333333333,476,0,473,0
"[-1.322290062904358, -2.0263893604278564, 0.06749321520328522, 0.07976672798395157, 2.675110340118408, 0.855961263179779, -1.4802908897399902, 0.2160000056028366, 0.5154165029525757, 1.951220154762268, -0.6442707777023315, -0.658076286315918, -1.6775600910186768, -1.32152259349823, 1.4342710971832275, 0.2529999911785126, 0.0]","[-0.8874721527099609, -2.026049852371216, 0.136581152677536, -0.10590404272079468, 2.061368465423584, 0.7247508764266968, -0.6585978865623474, 0.37591665983200073, 0.03838999941945076, 2.0658531188964844, -0.18250954151153564, -0.050587549805641174, -1.461594581604004, 0.05662524700164795, 1.7269916534423828, 1.0, 55.099998474121094, 17.649999618530273, -3.6659998893737793, 2.3889999389648438, 0.22100000083446503, 1.2389999628067017, -0.20800000429153442, 13.133000373840332, -2.6700000762939453, 44.176998138427734, 0.1379999965429306, 1.3279999494552612, 0.19200000166893005, 0.09000000357627869, 0.0, -0.2160000056028366, 0.09000000357627869, 0.0, 0.15600000321865082, 0.41999998688697815, 0.0, 0.0, 0.0, 0.0, 0.0, 0.0, 0.0, -0.23805800080299377, 0.4220750033855438, -0.10170900076627731, 0.33590900897979736, -0.9095069766044617, -0.1963150054216385, -0.14635999500751495, 0.5600770115852356, 0.015816999599337578, -0.04054199904203415, 0.5351790189743042, 0.031509000808000565, 0.844057023525238, 0.012524000369012356]",7.3,457,0,352,0
"[-0.19711552560329437, -2.0177972316741943, 0.5203253626823425, 0.23945339024066925, 1.2336262464523315, 1.433964729309082, -0.7198975682258606, 1.0, 0.03313332423567772, 2.0662708282470703, -0.18499687314033508, -0.0444849468767643, -1.4647974967956543, 0.056756392121315, 1.7211251258850098, 1.0, 0.0]","[-1.3014907836914062, -2.0258753299713135, 0.07533165067434311, 0.12351109832525253, 2.6185994148254395, 0.829328715801239, -1.5286548137664795, 0.37308332324028015, 0.43975746631622314, 1.9405970573425293, -0.5639665722846985, -0.6430848836898804, -1.6588668823242188, -1.3399157524108887, 1.345325231552124, 1.0, 55.099998474121094, 13.963000297546387, -1.6139999628067017, 2.740000009536743, 0.039000000804662704, 0.9210000038146973, -0.23600000143051147, 26.530000686645508, -5.810999870300293, 30.093000411987305, 0.3330000042915344, 1.715999960899353, 0.13600000739097595, -0.3479999899864197, 0.0, -0.05400000140070915, -0.024000000208616257, 0.906000018119812, -0.16200000047683716, -0.6179999709129333, 0.11400000005960464, 0.0, -0.414000004529953, -0.1080000028014183, 0.0, 0.024000000208616257, 0.527999997138977, -0.07934100180864334, 0.49250999093055725, -0.0772790014743805, 0.22452199459075928, -0.9363470077514648, -0.21717199683189392, -0.16024799644947052, 0.3126699924468994, 0.3740699887275696, 0.10341800004243851, 0.38371598720550537, -0.8315439820289612, 0.25630199909210205, 0.3091999888420105]",10.3,295,0,127,0
"[-0.9981602430343628, -2.0164170265197754, 0.1253252476453781, 0.1800885647535324, 2.361562967300415, 1.0107396841049194, -0.9067363739013672, 0.2199999988079071, 0.03236675634980202, 2.0662708282470703, -0.1857639104127884, -0.039882510900497437, -1.4647974967956543, 0.056756392121315, 1.7249600887298584, 1.0, 0.0]","[-1.2900261878967285, -2.0254738330841064, 0.013750599697232246, 0.06117970123887062, 2.666569232940674, 0.8440216183662415, -1.4168527126312256, 0.27816668152809143, 0.48648855090141296, 1.9395675659179688, -0.6328067779541016, -0.8279850482940674, -1.6533176898956299, -1.3712384700775146, 1.5200694799423218, 0.42133334279060364, 55.099998474121094, 16.39900016784668, -1.3389999866485596, 3.313999891281128, 0.09200000017881393, 1.1360000371932983, -0.20100000500679016, 27.545000076293945, -4.631999969482422, 29.391000747680664, 0.210999995470047, 1.7790000438690186, 0.14499999582767487, 0.17399999499320984, 0.0, -0.6240000128746033, -0.09600000083446503, 0.0, 0.16200000047683716, 0.5040000081062317, -0.10199999809265137, -0.041999999433755875, 0.0, -0.6119999885559082, 0.19200000166893005, 0.09000000357627869, 0.3059999942779541, -0.08151700347661972, 0.47738999128341675, -0.09334799647331238, 0.1990559995174408, -0.9505509734153748, -0.18161900341510773, -0.15441100299358368, 0.261476993560791, 0.3953019976615906, 0.12612800300121307, 0.3542509973049164, -0.8500769734382629, 0.2180130034685135, 0.3230240046977997]",0.13333333333333333,98,0,52,0
"[-1.2791857719421387, -2.0263893604278564, -0.018100542947649956, 0.055528994649648666, 2.671734094619751, 0.8541199564933777, -1.3879460096359253, 0.2160000056028366, 0.4787549674510956, 1.9384889602661133, -0.6335334777832031, -0.8676182627677917, -1.6430459022521973, -1.3531213998794556, 1.546559453010559, 0.23999999463558197, 0.0]","[-0.21924179792404175, -2.0160508155822754, 0.5464118719100952, 0.2529377341270447, 1.2602564096450806, 1.421703815460205, -0.7250649333000183, 1.0, 0.03256170079112053, 2.065870523452759, -0.18441160023212433, -0.04442770034074783, -1.4650322198867798, 0.05721855163574219, 1.7208491563796997, 1.0, 55.099998474121094, 14.432999610900879, -4.235000133514404, -3.4230000972747803, 0.1979999989271164, 0.7400000095367432, -0.335999995470047, 13.359000205993652, -3.5439999103546143, 44.45000076293945, 0.09000000357627869, 1.3600000143051147, 0.22699999809265137, -2.502000093460083, 0.19200000166893005, 2.5380001068115234, 1.2480000257492065, 2.9159998893737793, -2.568000078201294, -1.187999963760376, -0.05400000140070915, 0.0, 0.04800000041723251, 0.012000000104308128, 0.07199999690055847, 0.0, 0.0, -0.37880900502204895, 0.2735680043697357, 0.04806400090456009, 0.5209900140762329, -0.7357360124588013, -0.25916099548339844, -0.3465479910373688, 0.5592100024223328, 0.012047000229358673, -0.04253000020980835, 0.5328710079193115, 0.029485000297427177, 0.8456529974937439, 0.007027000188827515]",1.5,420,0,375,0
"[0.0983271598815918, -2.02638840675354, -0.031446173787117004, 0.017179924994707108, 0.9795994162559509, 0.6789387464523315, -0.982514500617981, 1.0, 0.03834838792681694, 2.0662708282470703, -0.18407638370990753, -0.04325763136148453, -1.4637236595153809, 0.056756392121315, 1.722812533378601, 1.0, 0.0]","[-0.834650993347168, -2.0260672569274902, 0.7542762160301208, 0.02416824921965599, 1.5203138589859009, 0.8545265197753906, -0.7780256867408752, 1.0, 0.03434159979224205, 2.0658531188964844, -0.18402768671512604, -0.050727151334285736, -1.4614723920822144, 0.05688700079917908, 1.7223323583602905, 1.0, 55.099998474121094, 15.149999618530273, -3.3499999046325684, 1.9910000562667847, 0.18799999356269836, 0.9700000286102295, -0.24199999868869781, 13.678000450134277, -3.7279999256134033, 44.237998962402344, 0.26100000739097595, 1.36899995803833, 0.2070000022649765, -0.6600000262260437, 0.0, -0.4259999990463257, -0.593999981880188, 0.36000001430511475, -0.5220000147819519, 0.017999999225139618, 0.05999999865889549, 0.0, 0.0, 0.0, 0.0, 0.0, 0.0, -0.25037598609924316, 0.42227599024772644, -0.07673300057649612, 0.33466699719429016, -0.9052039980888367, -0.19723600149154663, -0.17233599722385406, 0.5601620078086853, 0.013546000234782696, -0.040483999997377396, 0.535332977771759, 0.03068999946117401, 0.8440260291099548, 0.009751999750733376]",12.233333333333333,156,0,120,0
"[-0.8671582341194153, -2.02638840675354, 0.15646487474441528, -0.09142453223466873, 2.060595989227295, 0.7473551034927368, -0.6770991086959839, 0.2199999988079071, 0.039115432649850845, 2.0662708282470703, -0.18254226446151733, -0.05061977729201317, -1.4618829488754272, 0.056756392121315, 1.7257270812988281, 1.0, 0.0]","[-1.3136882781982422, -2.02597975730896, 0.07077720761299133, 0.08526070415973663, 2.674020528793335, 0.8454699516296387, -1.5089713335037231, 0.37308332324028015, 0.5065909624099731, 1.9387472867965698, -0.5934395790100098, -0.643119752407074, -1.671640157699585, -1.3272818326950073, 1.4189119338989258, 1.0, 55.099998474121094, 15.347999572753906, -1.975000023841858, 3.3610000610351562, 0.10700000077486038, 1.0809999704360962, -0.2549999952316284, 26.125999450683594, -6.564000129699707, 29.871000289916992, 0.35199999809265137, 1.6410000324249268, 0.22300000488758087, 0.0, 0.0, -0.12600000202655792, -0.041999999433755875, 0.17399999499320984, 0.19200000166893005, 0.20399999618530273, 0.11999999731779099, 0.012000000104308128, -0.035999998450279236, 0.0, -0.25200000405311584, 0.2160000056028366, 0.2939999997615814, -0.07623100280761719, 0.48116201162338257, -0.09050899744033813, 0.19707900285720825, -0.9507820010185242, -0.1936890035867691, -0.14020299911499023, 0.2875089943408966, 0.3945290148258209, 0.09764999896287918, 0.3546940088272095, -0.8394590020179749, 0.2587999999523163, 0.3201900124549866]",2.8666666666666667,309,0,398,0
"[0.055989667773246765, -2.02638840675354, 0.22119933366775513, 0.011811290867626667, 1.015800952911377, 1.495784044265747, -0.7162161469459534, 1.0, 0.03865521028637886, 2.0662708282470703, -0.1863776296377182, -0.04494519159197807, -1.4657177925109863, 0.056756392121315, 1.7212785482406616, 1.0, 0.0]","[-0.8130653500556946, -2.026014804840088, 0.7644146680831909, 0.03854705020785332, 1.5146600008010864, 0.872587263584137, -0.7766646146774292, 1.0, 0.0326838493347168, 2.065870523452759, -0.18401025235652924, -0.050727151334285736, -1.4615073204040527, 0.056590352207422256, 1.7223323583602905, 1.0, 55.099998474121094, 16.128000259399414, -3.130000114440918, 0.6359999775886536, 0.23000000417232513, 0.9750000238418579, -0.23800000548362732, 13.682999610900879, -2.8369998931884766, 43.823001861572266, 0.18700000643730164, 1.3680000305175781, 0.1889999955892563, -0.8880000114440918, 0.0, -0.25200000405311584, -0.5339999794960022, 0.2160000056028366, -0.75, -0.07199999690055847, 0.05400000140070915, 0.0, 0.0, 0.0, 0.0, 0.0, -0.006000000052154064, -0.2553130090236664, 0.4185509979724884, -0.07426299899816513, 0.33546099066734314, -0.9045689702033997, -0.19634799659252167, -0.17512300610542297, 0.5601760149002075, 0.012664999812841415, -0.04050099849700928, 0.5353180170059204, 0.031314000487327576, 0.8440160155296326, 0.009429000318050385]",9.8,369,0,303,0
"[-1.290230631828308, -2.0263893604278564, 0.01303805224597454, 0.05905751511454582, 2.66805362701416, 0.8495188355445862, -1.4150969982147217, 0.2160000056028366, 0.48642563819885254, 1.9397162199020386, -0.6335334777832031, -0.8294222354888916, -1.650869607925415, -1.3692286014556885, 1.522016167640686, 0.23999999463558197, 0.0]","[-0.6304859519004822, -2.025944948196411, 0.7827895879745483, 0.1789497584104538, 1.5123043060302734, 1.0580458641052246, -0.7847788333892822, 1.0, 0.04125180095434189, 2.0658531188964844, -0.18399278819561005, -0.045020997524261475, -1.4633221626281738, 0.05676484853029251, 1.7207618951797485, 1.0, 55.099998474121094, 17.222999572753906, -2.2920000553131104, -0.20000000298023224, 0.19699999690055847, 0.9940000176429749, -0.2840000092983246, 13.291999816894531, -2.7809998989105225, 44.060001373291016, 0.2630000114440918, 1.3200000524520874, 0.18299999833106995, -1.1640000343322754, 0.0, 0.024000000208616257, -1.0679999589920044, 0.0, -1.055999994277954, 0.05400000140070915, 0.0, 0.0, 0.0, -0.017999999225139618, 0.035999998450279236, 0.0, 0.0, -0.2873910069465637, 0.3848640024662018, -0.047586001455783844, 0.3420490026473999, -0.895255982875824, -0.18593700230121613, -0.2166689932346344, 0.5591740012168884, 0.017021000385284424, -0.042344000190496445, 0.5330089926719666, 0.026541000232100487, 0.845632016658783, 0.010135999880731106]",1.3,26,0,438,0
"[-1.315847396850586, -2.0263893604278564, 0.06749321520328522, 0.07976672798395157, 2.6752638816833496, 0.8553476929664612, -1.4848930835723877, 0.2160000056028366, 0.5171042084693909, 1.9464669227600098, -0.6046949028968811, -0.638136088848114, -1.6853828430175781, -1.3089450597763062, 1.441634178161621, 1.0, 0.0]","[-1.0652352571487427, -2.0243046283721924, 0.1303514987230301, 0.20481066405773163, 2.4544994831085205, 1.0429341793060303, -1.1886940002441406, 0.3734166622161865, -0.3890652060508728, 2.056691884994507, 0.19985485076904297, -0.39438745379447937, -1.4483674764633179, -1.4172890186309814, 1.426153540611267, 1.0, 55.099998474121094, 17.045000076293945, -2.3340001106262207, 1.7929999828338623, 0.1289999932050705, 1.2430000305175781, -0.28600001335144043, 19.214000701904297, -13.503000259399414, 29.95599937438965, 0.8809999823570251, 1.1399999856948853, 0.4189999997615814, 0.041999999433755875, 0.0, 0.0, -0.3779999911785126, 0.0, 0.0, 0.1979999989271164, 1.0499999523162842, -0.024000000208616257, 1.128000020980835, -1.6920000314712524, 0.0, -4.553999900817871, -0.3959999978542328, -0.16144900023937225, 0.46022099256515503, -0.057863999158144, 0.22815699875354767, -0.9448750019073486, -0.15148599445819855, -0.17946100234985352, 0.49049699306488037, -0.0568309985101223, 0.14452999830245972, 0.7154889702796936, -0.26508599519729614, 0.5405269861221313, 0.354449987411499]",11.9,488,0,270,0
"[-1.1713464260101318, -2.02101993560791, 0.11934206634759903, 0.2481970191001892, 2.4269094467163086, 0.9730038642883301, -1.1751837730407715, 0.2199999988079071, 0.059364378452301025, 2.0622832775115967, -0.20785371959209442, -0.1550845205783844, -1.4767627716064453, 0.09648673981428146, 1.7195911407470703, 1.0, 0.0]","[-0.11281425505876541, -2.026049852371216, -0.08496405184268951, 0.095032699406147, 1.13144052028656, -0.08362039923667908, -0.9811785817146301, 1.0, 0.03976855054497719, 2.065870523452759, -0.18406260013580322, -0.04322364926338196, -1.4631476402282715, 0.05678229779005051, 1.722350001335144, 1.0, 55.099998474121094, 6.795000076293945, -4.554999828338623, 10.920999526977539, 0.2939999997615814, 0.7289999723434448, 0.032999999821186066, 12.446999549865723, -3.3570001125335693, 44.15399932861328, 0.19499999284744263, 1.3070000410079956, 0.20200000703334808, -0.22200000286102295, 0.0, 2.0999999046325684, -0.11400000005960464, 1.350000023841858, -0.017999999225139618, 1.0260000228881836, 0.0, 0.0, 0.0, 0.006000000052154064, 0.0, 0.0, 0.0, -0.5721589922904968, 0.05009699985384941, -0.009298999793827534, 0.5515509843826294, -0.051454998552799225, -0.8323109745979309, 0.020047999918460846, 0.5589100122451782, 0.016054999083280563, -0.04294700175523758, 0.5322570204734802, 0.02795499935746193, 0.8460620045661926, 0.009980999864637852]",3.0,381,0,345,0
"[-0.8949236869812012, -2.02638840675354, 0.14618737995624542, -0.11075297743082047, 2.0616698265075684, 0.7225038409233093, -0.6734179258346558, 0.2199999988079071, 0.038348376750946045, 2.0662708282470703, -0.18254226446151733, -0.05061977729201317, -1.4618829488754272, 0.056756392121315, 1.726340651512146, 1.0, 0.0]","[-1.3220643997192383, -2.025944948196411, 0.06749659776687622, 0.07800149917602539, 2.6718740463256836, 0.8557654619216919, -1.4799869060516357, 0.37275001406669617, 0.5092782378196716, 1.9507355690002441, -0.6441493034362793, -0.6579523086547852, -1.6778523921966553, -1.3220120668411255, 1.4271306991577148, 0.9434999823570251, 55.099998474121094, 16.14900016784668, -2.6070001125335693, 3.8350000381469727, 0.1679999977350235, 1.1679999828338623, -0.2680000066757202, 25.767000198364258, -6.184999942779541, 29.979999542236328, 0.3089999854564667, 1.6549999713897705, 0.2329999953508377, 0.0, 0.0, 0.0, -0.029999999329447746, 0.0, 0.0, 0.0, -0.041999999433755875, 0.024000000208616257, 0.0, 0.0, 0.017999999225139618, 0.0, -0.1080000028014183, -0.07071500271558762, 0.4790799915790558, -0.09258700162172318, 0.19053299725055695, -0.955053985118866, -0.17739200592041016, -0.14177599549293518, 0.28044000267982483, 0.39483198523521423, 0.08523300290107727, 0.33650198578834534, -0.8526840209960938, 0.2534399926662445, 0.30897098779678345]",9.166666666666666,124,0,226,0
"[-1.322290062904358, -2.0263893604278564, 0.06595910340547562, 0.07056184113025665, 2.6705069541931152, 0.854733943939209, -1.4802908897399902, 0.2160000056028366, 0.5062136650085449, 1.951220154762268, -0.6419695019721985, -0.658076286315918, -1.6766396760940552, -1.3222895860671997, 1.423994779586792, 0.24300000071525574, 0.0]","[-1.3071271181106567, -2.026136875152588, 0.0489996001124382, 0.06428579986095428, 2.662713050842285, 0.8480350971221924, -1.4549460411071777, 0.3307499885559082, 0.49306720495224, 1.942673683166504, -0.6365236639976501, -0.7180151343345642, -1.6762120723724365, -1.3628449440002441, 1.4558011293411255, 0.4311666786670685, 55.099998474121094, 10.682999610900879, -14.548999786376953, 3.115999937057495, 2.260999917984009, 0.12399999797344208, 0.39899998903274536, 29.371999740600586, -6.127999782562256, 40.768001556396484, 0.25200000405311584, 2.2170000076293945, 0.33399999141693115, 0.07800000160932541, 0.0, -0.029999999329447746, 0.0, -0.035999998450279236, -0.017999999225139618, 0.017999999225139618, 0.0, 0.0, 0.0, -0.6480000019073486, 0.0, -0.06599999964237213, 0.3659999966621399, -0.07552000135183334, 0.4772230088710785, -0.09453800320625305, 0.19202099740505219, -0.9528759717941284, -0.18221400678157806, -0.14815999567508698, 0.2762199938297272, 0.39121299982070923, 0.1004130020737648, 0.3373830020427704, -0.8552129864692688, 0.2386389970779419, 0.3127819895744324]",14.5,402,0,193,0
"[-0.5464031100273132, -2.02638840675354, 0.7610068321228027, 0.2442089021205902, 1.5071345567703247, 1.1250207424163818, -0.7886192798614502, 1.0, 0.04003593325614929, 2.0662708282470703, -0.18407638370990753, -0.04310421645641327, -1.463110089302063, 0.056756392121315, 1.7211251258850098, 1.0, 0.0]","[-1.2296491861343384, -2.025456428527832, 0.09002454578876495, 0.07004430145025253, 2.5431454181671143, 0.8594124913215637, -1.2347097396850586, 0.37308332324028015, 0.3635009527206421, 1.9558309316635132, -0.5012163519859314, -0.6498380303382874, -1.6536492109298706, -1.4306557178497314, 1.1587846279144287, 1.0, 55.099998474121094, 17.03499984741211, -4.301000118255615, 2.5940001010894775, 0.2840000092983246, 1.2209999561309814, -0.19300000369548798, 24.93600082397461, -4.547999858856201, 30.78700065612793, 0.33399999141693115, 1.659999966621399, 0.13899999856948853, -0.18000000715255737, 0.0, -0.017999999225139618, 0.11400000005960464, 0.05400000140070915, 0.0, 0.0, 0.5820000171661377, 0.029999999329447746, -0.3240000009536743, 0.07199999690055847, 0.006000000052154064, 0.6060000061988831, 0.10199999809265137, -0.10315600037574768, 0.4744330048561096, -0.08920100331306458, 0.21913699805736542, -0.9548680186271667, -0.13081100583076477, -0.15196800231933594, 0.33033299446105957, 0.341856986284256, 0.10656899958848953, 0.41256600618362427, -0.8384609818458557, 0.1981479972600937, 0.2958180010318756]",2.1666666666666665,289,0,392,0
"[-1.3124725818634033, -2.0263893604278564, 0.0713285282254219, 0.10369588434696198, 2.6570088863372803, 0.8311112523078918, -1.5270771980285645, 0.2160000056028366, 0.4706244468688965, 1.9389503002166748, -0.5905809998512268, -0.647339403629303, -1.660072684288025, -1.3370168209075928, 1.391319751739502, 1.0, 0.0]","[-0.8400954008102417, -2.0259974002838135, 0.37920597195625305, -0.038738999515771866, 1.8857167959213257, 0.7780606150627136, -0.7762283682823181, 1.0, 0.038407448679208755, 2.0658531188964844, -0.18402768671512604, -0.05055265128612518, -1.4615421295166016, 0.05666014924645424, 1.723763346672058, 1.0, 55.099998474121094, 16.3439998626709, -2.492000102996826, 1.944000005722046, 0.1679999977350235, 0.9419999718666077, -0.32499998807907104, 14.1899995803833, -3.183000087738037, 43.87900161743164, 0.16599999368190765, 1.4110000133514404, 0.20999999344348907, 0.006000000052154064, 0.006000000052154064, -1.5839999914169312, -0.08399999886751175, 1.6740000247955322, -0.17399999499320984, 0.11999999731779099, 0.0, 0.0, 0.0, 0.0, 0.0, 0.0, 0.0, -0.2610720098018646, 0.41475000977516174, -0.08986199647188187, 0.33238399028778076, -0.9026060104370117, -0.2306250035762787, -0.14708499610424042, 0.5600759983062744, 0.015850000083446503, -0.04054199904203415, 0.5352270007133484, 0.02949799969792366, 0.8441169857978821, 0.01128000020980835]",7.866666666666666,362,0,370,0
"[-1.3202959299087524, -2.0263893604278564, 0.06595910340547562, 0.06749358028173447, 2.669126272201538, 0.8512055277824402, -1.4802908897399902, 0.2160000056028366, 0.5028388500213623, 1.951220154762268, -0.6438106298446655, -0.658076286315918, -1.6766396760940552, -1.3222895860671997, 1.4235352277755737, 0.24300000071525574, 0.0]","[-1.0773454904556274, -2.024444341659546, 0.11935800313949585, 0.11754319816827774, 2.4493865966796875, 0.992678165435791, -1.1654331684112549, 0.3734166622161865, -0.07328999787569046, 2.0249502658843994, 0.06229649856686592, -0.6351276636123657, -1.5212910175323486, -1.5910037755966187, 1.3668410778045654, 1.0, 55.099998474121094, 16.913000106811523, -3.5999999046325684, -2.0420000553131104, 0.36899998784065247, 0.6759999990463257, -0.31299999356269836, 24.591999053955078, -8.779999732971191, 28.20199966430664, 0.39899998903274536, 1.8680000305175781, 0.1550000011920929, -0.46799999475479126, 0.0, -0.029999999329447746, -1.055999994277954, -0.16200000047683716, -0.8100000023841858, 0.0, 2.5920000076293945, -0.8700000047683716, -2.447999954223633, -0.6119999885559082, -1.3079999685287476, 0.36000001430511475, -0.4320000112056732, -0.15570800006389618, 0.45307400822639465, -0.0771230012178421, 0.21333900094032288, -0.9463359713554382, -0.16070500016212463, -0.18195299804210663, 0.44620800018310547, 0.12025900185108185, 0.18183499574661255, 0.6299030184745789, -0.5426859855651855, 0.393996000289917, 0.3917649984359741]",13.766666666666667,342,0,408,0
"[-0.8479841947555542, -2.02638840675354, 0.7206628322601318, 0.008589299395680428, 1.549472689628601, 0.8418477177619934, -0.7780354022979736, 1.0, 0.0366608127951622, 2.0662708282470703, -0.18407638370990753, -0.05061977729201317, -1.4618829488754272, 0.056756392121315, 1.7211251258850098, 1.0, 0.0]","[-1.2327202558517456, -2.02585768699646, 0.08882050216197968, 0.0786820501089096, 2.5434072017669678, 0.8598836660385132, -1.231551170349121, 0.37308332324028015, 0.399570107460022, 1.9569127559661865, -0.5128380656242371, -0.6435734629631042, -1.648152470588684, -1.3788989782333374, 1.1829530000686646, 1.0, 55.099998474121094, 17.07200050354004, -2.0460000038146973, 2.2890000343322754, 0.09300000220537186, 1.2029999494552612, -0.25, 25.694000244140625, -4.353000164031982, 29.97800064086914, 0.14100000262260437, 1.659999966621399, 0.19900000095367432, -0.041999999433755875, 0.0, 0.0, 0.07199999690055847, 0.0, 0.0, 0.041999999433755875, 0.49799999594688416, 0.0, 0.0, 0.10199999809265137, 0.19200000166893005, 0.5699999928474426, 0.671999990940094, -0.1019200012087822, 0.47641101479530334, -0.08716800063848495, 0.2229059934616089, -0.9545490145683289, -0.12685899436473846, -0.1518380045890808, 0.3236500024795532, 0.35765400528907776, 0.10559099912643433, 0.4167580008506775, -0.8342049717903137, 0.20576100051403046, 0.2967759966850281]",10.333333333333334,148,0,92,0
"[-0.7860106229782104, -2.02638840675354, 0.7717441916465759, 0.05644971504807472, 1.5109695196151733, 0.899678647518158, -0.7755808234214783, 1.0, 0.03159968554973602, 2.0662708282470703, -0.18407638370990753, -0.05061977729201317, -1.4618829488754272, 0.056756392121315, 1.7226591110229492, 1.0, 0.0]","[-0.11963719874620438, -2.026014804840088, 0.004432300105690956, 0.08707549422979355, 1.169830560684204, -0.0761168971657753, -0.9554747939109802, 1.0, 0.03990814834833145, 2.0658531188964844, -0.18402768671512604, -0.043241098523139954, -1.463042974472046, 0.05676484853029251, 1.7223323583602905, 1.0, 55.099998474121094, 6.934000015258789, -4.9029998779296875, 11.03600025177002, 0.3319999873638153, 0.7129999995231628, -0.1080000028014183, 13.270000457763672, -3.365000009536743, 43.98699951171875, 0.2029999941587448, 1.315999984741211, 0.20200000703334808, -0.017999999225139618, 0.0, 0.7680000066757202, -0.07800000160932541, 0.16200000047683716, 0.19200000166893005, 0.029999999329447746, 0.0, 0.0, 0.0, 0.0, 0.0, 0.0, 0.0, -0.5712550282478333, 0.05744300037622452, -0.010110000148415565, 0.5509529709815979, -0.12074299901723862, -0.8238419890403748, 0.05616899952292442, 0.5589179992675781, 0.016140000894665718, -0.042927999049425125, 0.5322710275650024, 0.027938999235630035, 0.8460519909858704, 0.01006300002336502]",6.4,117,0,66,0
"[-1.1803970336914062, -2.024855375289917, 0.09234459698200226, 0.029758507385849953, 2.461578607559204, 0.8613308072090149, -1.1892950534820557, 0.2199999988079071, 0.19496825337409973, 1.9404852390289307, -0.2431349754333496, -0.6534746289253235, -1.6520969867706299, -1.5589839220046997, 1.2663010358810425, 1.0, 0.0]","[-0.8400954008102417, -2.0259275436401367, 0.3645479679107666, -0.039332300424575806, 1.9017882347106934, 0.776856541633606, -0.7753732800483704, 1.0, 0.03838999941945076, 2.065870523452759, -0.18401025235652924, -0.05055265128612518, -1.4615247249603271, 0.05669505149126053, 1.7237807512283325, 1.0, 55.099998474121094, 16.614999771118164, -3.191999912261963, 2.075000047683716, 0.16500000655651093, 1.0779999494552612, -0.2240000069141388, 13.52299976348877, -2.994999885559082, 43.8129997253418, 0.15399999916553497, 1.3940000534057617, 0.20999999344348907, 0.0, 0.0, -1.4759999513626099, -0.006000000052154064, 1.8300000429153442, -0.09000000357627869, 0.05999999865889549, 0.0, 0.0, 0.0, 0.0, 0.0, 0.0, 0.0, -0.26110899448394775, 0.4146279990673065, -0.09010300040245056, 0.33212199807167053, -0.9029769897460938, -0.2300409972667694, -0.1463090032339096, 0.5600699782371521, 0.015831999480724335, -0.040553998202085495, 0.5352169871330261, 0.029544999822974205, 0.844120979309082, 0.011281999759376049]",10.766666666666667,426,0,290,0
"[0.08958359062671661, -2.02638840675354, 0.17134487628936768, -0.01472591795027256, 1.0036827325820923, 1.4563605785369873, -0.7390722632408142, 1.0, 0.03911544382572174, 2.0662708282470703, -0.18545712530612946, -0.04402470216155052, -1.4644906520843506, 0.056756392121315, 1.7217386960983276, 1.0, 0.0]","[-1.3223958015441895, -2.025944948196411, 0.06747914850711823, 0.07986865192651749, 2.6727991104125977, 0.8557130694389343, -1.4799518585205078, 0.37275001406669617, 0.5145307183265686, 1.950508713722229, -0.6447426080703735, -0.6576032638549805, -1.6782013177871704, -1.3216804265975952, 1.433918833732605, 0.9758333563804626, 55.099998474121094, 15.593000411987305, -1.2430000305175781, 3.253000020980835, 0.057999998331069946, 1.1100000143051147, -0.2849999964237213, 25.746000289916992, -6.119999885559082, 30.79599952697754, 0.3009999990463257, 1.6549999713897705, 0.22200000286102295, 0.0, 0.0, 0.0, 0.0, -0.035999998450279236, 0.0, 0.0, -0.05400000140070915, -0.017999999225139618, 0.0, -0.012000000104308128, 0.0, 0.0, -0.035999998450279236, -0.07071299850940704, 0.47947201132774353, -0.09215199947357178, 0.1913830041885376, -0.9550529718399048, -0.17677900195121765, -0.14139899611473083, 0.27845999598503113, 0.3962920010089874, 0.08511699736118317, 0.33450600504875183, -0.8526549935340881, 0.2541959881782532, 0.31059199571609497]",7.533333333333333,482,0,113,0
"[-1.2840943336486816, -2.0263893604278564, -0.008283239789307117, 0.05644948035478592, 2.671734094619751, 0.8522791862487793, -1.396536111831665, 0.2160000056028366, 0.48120957612991333, 1.9389492273330688, -0.6335334777832031, -0.8541193008422852, -1.6473414897918701, -1.3614050149917603, 1.538582682609558, 0.23999999463558197, 0.0]","[-0.9077664613723755, -2.026102066040039, 0.11715930700302124, -0.01132505014538765, 2.15364408493042, 0.8374080061912537, -0.7021530866622925, 0.374833345413208, 0.036138951778411865, 2.065870523452759, -0.18427200615406036, -0.04879020154476166, -1.4633395671844482, 0.05688700079917908, 1.7238681316375732, 1.0, 55.099998474121094, 16.683000564575195, -5.454999923706055, 0.6919999718666077, 0.49300000071525574, 1.0740000009536743, -0.36399999260902405, 13.73799991607666, -3.7909998893737793, 45.150001525878906, 0.21799999475479126, 1.3680000305175781, 0.20900000631809235, -0.4320000112056732, 0.0, 0.0, 1.5479999780654907, 2.135999917984009, 1.2599999904632568, -1.8899999856948853, 0.0, 0.0, -0.1080000028014183, 0.05400000140070915, -0.09600000083446503, 0.0, -0.07199999690055847, -0.2229599952697754, 0.43373000621795654, -0.0842519998550415, 0.3278549909591675, -0.9184730052947998, -0.1450510025024414, -0.16696299612522125, 0.5598369836807251, 0.014415999874472618, -0.04111799970269203, 0.5345699787139893, 0.029760999605059624, 0.8445420265197754, 0.009878999553620815]",7.5,449,0,217,0
"[-1.0687229633331299, -2.024855375289917, 0.13038793206214905, 0.21199549734592438, 2.4543697834014893, 1.0431077480316162, -1.1925171613693237, 0.2199999988079071, -0.3989875018596649, 2.0570685863494873, 0.14219917356967926, -0.3416166603565216, -1.446542501449585, -1.2532613277435303, 1.4428616762161255, 1.0, 0.0]","[-1.2252516746520996, -2.025299310684204, 0.09142054617404938, 0.06671135127544403, 2.537893056869507, 0.8593601584434509, -1.2346397638320923, 0.37308332324028015, 0.3475167751312256, 1.9543477296829224, -0.4948296546936035, -0.6515655517578125, -1.6541029214859009, -1.441893458366394, 1.1598142385482788, 1.0, 55.099998474121094, 16.461999893188477, -2.5810000896453857, 2.7790000438690186, 0.19499999284744263, 1.159000039100647, -0.23000000417232513, 27.604999542236328, -1.5579999685287476, 30.10700035095215, -0.0689999982714653, 1.6799999475479126, 0.10100000351667404, -0.1979999989271164, 0.0, -0.09000000357627869, 0.15600000321865082, 0.3959999978542328, 0.0, 0.006000000052154064, 0.7200000286102295, 0.09000000357627869, -0.2160000056028366, 0.1080000028014183, 0.0, 0.3240000009536743, -0.18000000715255737, -0.10473199933767319, 0.4735499918460846, -0.08975800126791, 0.2184540033340454, -0.9543370008468628, -0.1342879980802536, -0.1532440036535263, 0.3348560035228729, 0.33574700355529785, 0.10822399705648422, 0.4139989912509918, -0.8368319869041443, 0.20238900184631348, 0.2955560088157654]",9.3,135,0,425,0
"[-1.1026238203048706, -2.024855375289917, 0.10661038011312485, 0.07286307960748672, 2.448540687561035, 0.9378765821456909, -1.1664385795593262, 0.2199999988079071, 0.013958796858787537, 1.9878849983215332, -0.020401624962687492, -0.6358343958854675, -1.5723295211791992, -1.5709489583969116, 1.3523571491241455, 1.0, 0.0]","[-0.8751349449157715, -2.026014804840088, 0.15574125945568085, -0.09588775038719177, 2.0606529712677, 0.7376987934112549, -0.6762747764587402, 0.8247500061988831, 0.039262499660253525, 2.0658531188964844, -0.18250954151153564, -0.050587549805641174, -1.461594581604004, 0.056747402995824814, 1.7254384756088257, 1.0, 55.099998474121094, 16.7549991607666, -3.859999895095825, 2.493000030517578, 0.2549999952316284, 1.069000005722046, -0.2150000035762787, 13.145000457763672, -2.868000030517578, 44.20199966430664, 0.1720000058412552, 1.3279999494552612, 0.20200000703334808, -0.46799999475479126, 0.0, 0.012000000104308128, -0.2460000067949295, 0.006000000052154064, -0.5699999928474426, -0.017999999225139618, 0.029999999329447746, 0.0, 0.0, 0.0, 0.0, 0.0, 0.0, -0.24321000277996063, 0.4189560115337372, -0.10060200095176697, 0.33292800188064575, -0.9098250269889832, -0.2004999965429306, -0.1455180048942566, 0.5600630044937134, 0.016295000910758972, -0.040539998561143875, 0.5351889729499817, 0.030508000403642654, 0.84409099817276, 0.012294000014662743]",13.966666666666667,132,0,224,0
"[-1.186072826385498, -2.024855375289917, 0.09081043303012848, 0.034053415060043335, 2.4720096588134766, 0.857649028301239, -1.1974252462387085, 0.2199999988079071, 0.2115352898836136, 1.9406386613845825, -0.28117790818214417, -0.6550082564353943, -1.6520969867706299, -1.5526946783065796, 1.2505007982254028, 1.0, 0.0]","[-1.0656366348266602, -2.0244617462158203, 0.12230704724788666, 0.15242575109004974, 2.4540457725524902, 1.0150141716003418, -1.1669862270355225, 0.3734166622161865, -0.17394161224365234, 2.0443546772003174, 0.14042015373706818, -0.5878730416297913, -1.4823250770568848, -1.599292516708374, 1.3823715448379517, 1.0, 55.099998474121094, 16.437000274658203, -1.003000020980835, 1.9600000381469727, -0.019999999552965164, 1.1510000228881836, -0.24400000274181366, 23.381000518798828, -11.001999855041504, 26.76799964904785, 0.5410000085830688, 1.3329999446868896, 0.3179999887943268, -0.2280000001192093, 0.0, -0.12600000202655792, -0.9240000247955322, -0.10199999809265137, -0.5879999995231628, 0.2280000001192093, 2.759999990463257, -0.3059999942779541, -2.0999999046325684, -1.9320000410079956, -0.8100000023841858, 0.041999999433755875, -0.5040000081062317, -0.1611350029706955, 0.45465201139450073, -0.06964600086212158, 0.21955400705337524, -0.946120023727417, -0.15625600516796112, -0.17954100668430328, 0.45770299434661865, 0.06304500252008438, 0.18001900613307953, 0.669372022151947, -0.4681510031223297, 0.42069000005722046, 0.39470699429512024]",1.1333333333333333,330,0,484,0
"[-0.02577010542154312, -2.02638840675354, -0.025770198553800583, 0.07255642861127853, 1.0665756464004517, 0.1607605218887329, -0.9955542683601379, 1.0, 0.036814238876104355, 2.0662708282470703, -0.18407638370990753, -0.04295080155134201, -1.4620362520217896, 0.056142717599868774, 1.7226591110229492, 1.0, 0.0]","[-1.3222213983535767, -2.025944948196411, 0.06747914850711823, 0.07972904294729233, 2.672083616256714, 0.8557479977607727, -1.4799344539642334, 0.37275001406669617, 0.5124890208244324, 1.9503166675567627, -0.6444982886314392, -0.6578301191329956, -1.6782013177871704, -1.3217676877975464, 1.4323657751083374, 0.9663333296775818, 55.099998474121094, 15.88599967956543, -1.8619999885559082, 3.380000114440918, 0.10100000351667404, 1.1430000066757202, -0.2770000100135803, 25.969999313354492, -6.127999782562256, 30.445999145507812, 0.29100000858306885, 1.6799999475479126, 0.23600000143051147, 0.0, 0.0, 0.0, -0.029999999329447746, 0.0, 0.0, 0.012000000104308128, -0.09600000083446503, 0.0, 0.0, -0.006000000052154064, 0.0, 0.0, -0.07800000160932541, -0.07071200013160706, 0.4794580042362213, -0.0921579971909523, 0.19135400652885437, -0.9549679756164551, -0.1770399957895279, -0.14168399572372437, 0.27927398681640625, 0.3957499861717224, 0.08528699725866318, 0.33522000908851624, -0.8525710105895996, 0.25427499413490295, 0.30998700857162476]",16.266666666666666,119,0,157,0
"[-1.3130862712860107, -2.0263893604278564, 0.06902733445167542, 0.08360067009925842, 2.6752638816833496, 0.853046715259552, -1.5005394220352173, 0.2160000056028366, 0.5135756731033325, 1.9414045810699463, -0.6022405028343201, -0.639362633228302, -1.6841572523117065, -1.3138532638549805, 1.4351921081542969, 1.0, 0.0]","[-1.1052131652832031, -2.0247583389282227, 0.12712325155735016, 0.21599610149860382, 2.4373810291290283, 1.0359716415405273, -1.225530982017517, 0.3738333284854889, -0.21156379580497742, 2.062502861022949, -0.223551943898201, -0.28982704877853394, -1.4968783855438232, -0.4555671513080597, 1.5759793519973755, 1.0, 55.099998474121094, 16.899999618530273, -2.5859999656677246, 1.2079999446868896, 0.15700000524520874, 1.25600004196167, -0.27399998903274536, 15.564000129699707, -8.069000244140625, 44.553001403808594, 0.257999986410141, 1.25, 0.35899999737739563, 0.3479999899864197, 0.0, 0.05999999865889549, 0.07199999690055847, 0.11999999731779099, 0.2160000056028366, 0.20399999618530273, -2.388000011444092, 0.0, 3.2939999103546143, -0.017999999225139618, 1.4279999732971191, -6.857999801635742, -2.5920000076293945, -0.1422860026359558, 0.4702489972114563, -0.05350499972701073, 0.23194900155067444, -0.9409360289573669, -0.1527010053396225, -0.19370199739933014, 0.5723639726638794, -0.02827100083231926, 0.037255000323057175, 0.6090549826622009, -0.13144700229167938, 0.7765759825706482, 0.0932840034365654]",9.1,271,0,97,0
"[-1.3176881074905396, -2.0263893604278564, 0.06442665308713913, 0.06749358028173447, 2.6675922870635986, 0.8482919335365295, -1.480137586593628, 0.2160000056028366, 0.49777618050575256, 1.951220154762268, -0.6442707777023315, -0.658076286315918, -1.6766396760940552, -1.3222895860671997, 1.4235352277755737, 0.24300000071525574, 0.0]","[-1.0591975450515747, -2.0029633045196533, 0.12790849804878235, 0.23407429456710815, 2.3792202472686768, 1.0352038145065308, -1.009569764137268, 0.37450000643730164, 0.03559799864888191, 2.0658531188964844, -0.18387064337730408, -0.04374714940786362, -1.4646482467651367, 0.05664269998669624, 1.7234318256378174, 1.0, 55.099998474121094, 15.251999855041504, -4.989999771118164, -0.10899999737739563, 0.25099998712539673, 0.9430000185966492, -0.18299999833106995, 13.666999816894531, -2.928999900817871, 44.233001708984375, 0.17800000309944153, 1.3680000305175781, 0.1850000023841858, -0.7200000286102295, 0.0, 0.041999999433755875, 0.4620000123977661, 0.27000001072883606, -0.16200000047683716, -1.5180000066757202, 0.09000000357627869, 0.0, 0.0, -0.12600000202655792, 0.0, 0.0, 0.0, -0.16235700249671936, 0.47551199793815613, -0.033633001148700714, 0.28413501381874084, -0.9391940236091614, -0.07626199722290039, -0.1771010011434555, 0.5590670108795166, 0.013783000409603119, -0.04275299981236458, 0.5325289964675903, 0.029570000246167183, 0.8458470106124878, 0.008933000266551971]",13.2,20,0,389,0
"[-1.322290062904358, -2.0263893604278564, 0.06749321520328522, 0.07976672798395157, 2.6752638816833496, 0.855961263179779, -1.4802908897399902, 0.2160000056028366, 0.5160302519798279, 1.951220154762268, -0.6442707777023315, -0.6571559309959412, -1.6781736612319946, -1.3204485177993774, 1.4345780611038208, 0.2930000126361847, 0.0]","[0.12488964945077896, -2.025944948196411, 0.10651480406522751, -0.03325970098376274, 0.9960983395576477, 1.3673820495605469, -0.7914098501205444, 1.0, 0.03982090204954147, 2.0658531188964844, -0.18406260013580322, -0.04317129775881767, -1.4627461433410645, 0.05669505149126053, 1.7223323583602905, 1.0, 55.099998474121094, 8.996999740600586, 7.080999851226807, -7.361999988555908, -0.3490000069141388, 0.1469999998807907, -0.5260000228881836, 13.333999633789062, -3.2320001125335693, 44.72100067138672, 0.18700000643730164, 1.4359999895095825, 0.20800000429153442, -1.0679999589920044, 0.0, 2.6519999504089355, 0.09600000083446503, 0.06599999964237213, 4.9079999923706055, 2.700000047683716, 0.0, 0.0, -0.012000000104308128, -0.006000000052154064, -0.029999999329447746, 0.0, 0.0, -0.4916349947452545, 0.07940900325775146, 0.07668499648571014, 0.7330520153045654, -0.33709999918937683, -0.4892590045928955, -0.3310920000076294, 0.5589060187339783, 0.016093000769615173, -0.04295499995350838, 0.532230019569397, 0.028074000030755997, 0.8460729718208313, 0.010130000300705433]",12.166666666666666,344,0,486,0
"[-0.11888253688812256, -2.02638840675354, 0.022548722103238106, 0.07132895290851593, 1.1696594953536987, -0.07270989567041397, -0.9575108289718628, 1.0, 0.03834838792681694, 2.0662708282470703, -0.18407638370990753, -0.04295080155134201, -1.4629566669464111, 0.05675636604428291, 1.722812533378601, 1.0, 0.0]","[-1.0827375650405884, -2.024444341659546, 0.13040384650230408, 0.21842165291309357, 2.4510443210601807, 1.0418522357940674, -1.2169106006622314, 0.3734166622161865, -0.337116539478302, 2.0602169036865234, -0.012843200005590916, -0.28904178738594055, -1.4510722160339355, -0.8774558305740356, 1.4580696821212769, 1.0, 55.099998474121094, 18.263999938964844, -2.5179998874664307, 1.3079999685287476, 0.17900000512599945, 1.277999997138977, -0.29600000381469727, 19.660999298095703, -13.178000450134277, 41.48500061035156, 0.8539999723434448, 1.4479999542236328, 0.4519999921321869, 0.31200000643730164, 0.0, 0.0, 0.012000000104308128, 0.1679999977350235, 0.017999999225139618, 0.20399999618530273, -1.7519999742507935, -0.06599999964237213, 2.9519999027252197, -0.34200000762939453, 0.09000000357627869, -7.0920000076293945, -0.6840000152587891, -0.1537570059299469, 0.46563300490379333, -0.05418499931693077, 0.23100300133228302, -0.9427210092544556, -0.1547590047121048, -0.18429000675678253, 0.5458670258522034, -0.05950799956917763, 0.07073300331830978, 0.6545299887657166, -0.15362299978733063, 0.7067710161209106, 0.22014400362968445]",1.6666666666666667,268,0,200,0
"[-1.322290062904358, -2.0263893604278564, 0.06595910340547562, 0.07163573801517487, 2.6718873977661133, 0.8541203141212463, -1.4802908897399902, 0.2160000056028366, 0.5074395537376404, 1.951220154762268, -0.6442707777023315, -0.658076286315918, -1.6766396760940552, -1.3222895860671997, 1.4250670671463013, 0.24300000071525574, 0.0]","[-1.296936273574829, -2.0258054733276367, 0.02992675080895424, 0.06426835060119629, 2.6707746982574463, 0.8412994146347046, -1.4512641429901123, 0.30375000834465027, 0.4923866391181946, 1.9417836666107178, -0.6353545188903809, -0.7705745697021484, -1.6748335361480713, -1.3809406757354736, 1.4853266477584839, 0.4234166741371155, 55.099998474121094, 15.609000205993652, -6.9019999504089355, 6.058000087738037, 1.184000015258789, 1.3229999542236328, 0.0729999989271164, 23.2810001373291, -3.8550000190734863, 34.624000549316406, -0.2630000114440918, 1.0420000553131104, 0.3540000021457672, 0.041999999433755875, 0.0, 0.0, 0.0, 0.0, -0.024000000208616257, 0.14399999380111694, -0.006000000052154064, 0.0, 0.0, -0.6000000238418579, 0.012000000104308128, 0.0, 0.5759999752044678, -0.0802609995007515, 0.47790199518203735, -0.09358400106430054, 0.1970749944448471, -0.9502140283584595, -0.18910899758338928, -0.1499679982662201, 0.2678079903125763, 0.39233800768852234, 0.1104779988527298, 0.3381879925727844, -0.8572739958763123, 0.22571900486946106, 0.3158470094203949]",4.1,158,0,476,0
"[-1.1041581630706787, -2.011354923248291, 0.12946739792823792, 0.25264567136764526, 2.398071527481079, 1.0200966596603394, -1.115511178970337, 0.2199999988079071, 0.04110979288816452, 2.0662708282470703, -0.18407638370990753, -0.04663274064660072, -1.4637236595153809, 0.05261420086026192, 1.7251135110855103, 1.0, 0.0]","[-1.0708017349243164, -2.024374485015869, 0.13042129576206207, 0.2150014489889145, 2.4540457725524902, 1.0426374673843384, -1.1979948282241821, 0.3734166622161865, -0.39552170038223267, 2.05810546875, 0.10492684692144394, -0.32062631845474243, -1.4504963159561157, -1.1562021970748901, 1.4480533599853516, 1.0, 55.099998474121094, 17.6200008392334, -3.2709999084472656, 1.1369999647140503, 0.17100000381469727, 1.159000039100647, -0.25999999046325684, 22.802000045776367, -12.932999610900879, 30.34000015258789, 0.7820000052452087, 1.2829999923706055, 0.3880000114440918, 0.19200000166893005, 0.0, 0.0, -0.17399999499320984, 0.05400000140070915, 0.0, 0.3479999899864197, -0.6539999842643738, -0.035999998450279236, 2.5260000228881836, -1.194000005722046, 0.012000000104308128, -5.934000015258789, -0.2460000067949295, -0.1593569964170456, 0.4629009962081909, -0.05527300015091896, 0.23150299489498138, -0.9439510107040405, -0.1514749974012375, -0.1800439953804016, 0.5198929905891418, -0.0709720030426979, 0.10531400144100189, 0.6885179877281189, -0.1874540001153946, 0.634663999080658, 0.29665499925613403]",1.4333333333333333,230,0,448,0
"[-0.8335648775100708, -2.02638840675354, 0.19742219150066376, -0.06243215128779411, 2.060135841369629, 0.7731252312660217, -0.7217381000518799, 0.753000020980835, 0.03435959294438362, 2.0662708282470703, -0.18254226446151733, -0.05061977729201317, -1.4618829488754272, 0.056756392121315, 1.7252668142318726, 1.0, 0.0]","[-0.09908109903335571, -2.026014804840088, -0.15755605697631836, 0.09733609855175018, 1.0797536373138428, -0.08295730501413345, -1.0269500017166138, 1.0, 0.03961149975657463, 2.0658531188964844, -0.18402768671512604, -0.04266525059938431, -1.463269829750061, 0.05664269998669624, 1.7222975492477417, 1.0, 55.099998474121094, 6.685999870300293, 1.7020000219345093, 10.685999870300293, -0.027000000700354576, 0.6869999766349792, -0.164000004529953, 12.869999885559082, -2.4670000076293945, 44.15700149536133, 0.14399999380111694, 1.309000015258789, 0.21400000154972076, -0.414000004529953, 0.0, 1.4160000085830688, -0.07199999690055847, 1.1460000276565552, 0.07800000160932541, 1.3140000104904175, 0.0, 0.0, 0.0, -0.012000000104308128, 0.017999999225139618, 0.0, 0.0, -0.5726109743118286, 0.04054899886250496, -0.009996999986469746, 0.5486469864845276, 0.02538299933075905, -0.8353679776191711, -0.022397000342607498, 0.5588319897651672, 0.015943000093102455, -0.043115999549627304, 0.5320360064506531, 0.027948999777436256, 0.8462010025978088, 0.00989800039678812]",9.2,465,0,123,0
"[-1.1738014221191406, -2.0162627696990967, 0.12931403517723083, 0.247736394405365, 2.433967351913452, 0.9702423214912415, -1.1750303506851196, 0.2199999988079071, 0.04555812105536461, 2.0644304752349854, -0.18668444454669952, -0.10323603451251984, -1.4672523736953735, 0.052921563386917114, 1.7211251258850098, 1.0, 0.0]","[-1.2397003173828125, -2.0261194705963135, 0.0879654511809349, 0.08786074817180634, 2.538783073425293, 0.8601977229118347, -1.2387057542800903, 0.37308332324028015, 0.42384305596351624, 1.9566859006881714, -0.5134837031364441, -0.637151837348938, -1.646355152130127, -1.3644678592681885, 1.2328425645828247, 1.0, 55.099998474121094, 16.54199981689453, -2.821000099182129, 2.38100004196167, 0.15299999713897705, 1.1820000410079956, -0.2630000114440918, 25.947999954223633, -5.379000186920166, 29.488000869750977, 0.29499998688697815, 1.6399999856948853, 0.1899999976158142, -0.17399999499320984, 0.006000000052154064, -0.17399999499320984, 0.19200000166893005, -0.05400000140070915, 0.0, -0.28200000524520874, 0.3720000088214874, -0.029999999329447746, -0.08399999886751175, 0.09600000083446503, -0.017999999225139618, -0.029999999329447746, 1.0980000495910645, -0.09841799736022949, 0.4791780114173889, -0.08465299755334854, 0.2264849990606308, -0.9531660079956055, -0.1270270049571991, -0.1550530046224594, 0.31721800565719604, 0.36625200510025024, 0.10508199781179428, 0.4093270003795624, -0.8288949728012085, 0.2219800055027008, 0.31001201272010803]",14.633333333333333,48,0,80,0
"[-1.2027933597564697, -2.0254690647125244, 0.08942969143390656, 0.057523369789123535, 2.5146543979644775, 0.8584157824516296, -1.231939435005188, 0.2199999988079071, 0.27887681126594543, 1.9503017663955688, -0.4129471480846405, -0.6550082564353943, -1.6520969867706299, -1.4888811111450195, 1.1965044736862183, 1.0, 0.0]","[-1.2028111219406128, -2.024444341659546, 0.08868089318275452, 0.05599705129861832, 2.5151731967926025, 0.8547882437705994, -1.231306791305542, 0.37308332324028015, 0.2777342200279236, 1.9481353759765625, -0.41131392121315, -0.6563119292259216, -1.65434730052948, -1.4926730394363403, 1.1971397399902344, 1.0, 55.099998474121094, 19.0049991607666, -2.742000102996826, 2.994999885559082, 0.17299999296665192, 1.4179999828338623, -0.20399999618530273, 25.952999114990234, -4.369999885559082, 29.740999221801758, 0.22499999403953552, 1.687999963760376, 0.13500000536441803, -0.1860000044107437, 0.0, 0.0, 0.18000000715255737, 0.335999995470047, 0.07800000160932541, -0.1379999965429306, 0.8999999761581421, 0.14399999380111694, -1.590000033378601, 0.0, 0.0, 0.8939999938011169, -0.6179999709129333, -0.11312700062990189, 0.47116100788116455, -0.09043300151824951, 0.22086499631404877, -0.9500229954719543, -0.15186600387096405, -0.16002899408340454, 0.35774099826812744, 0.30669400095939636, 0.12513799965381622, 0.4365389943122864, -0.8102279901504517, 0.2385140061378479, 0.30995699763298035]",14.533333333333333,217,0,73,0
"[-1.3130862712860107, -2.0263893604278564, 0.05061936005949974, 0.06442701071500778, 2.6720409393310547, 0.8461441993713379, -1.4664851427078247, 0.2160000056028366, 0.49394094944000244, 1.9449317455291748, -0.6382888555526733, -0.6626783609390259, -1.6766396760940552, -1.3342535495758057, 1.4262957572937012, 0.24300000071525574, 0.0]","[-1.0638741254806519, -2.0243918895721436, 0.1303340494632721, 0.1949165016412735, 2.4544646739959717, 1.0425153970718384, -1.1834241151809692, 0.3734166622161865, -0.35468870401382446, 2.0552260875701904, 0.21416383981704712, -0.43682587146759033, -1.448873519897461, -1.5063189268112183, 1.4175856113433838, 1.0, 55.099998474121094, 16.072999954223633, -2.4839999675750732, 2.690000057220459, -0.014000000432133675, 1.1699999570846558, -0.23600000143051147, 20.285999298095703, -13.756999969482422, 29.113000869750977, 0.8130000233650208, 1.1349999904632568, 0.5600000023841858, 0.04800000041723251, 0.0, -0.012000000104308128, -0.44999998807907104, 0.0, -0.1080000028014183, 0.2460000067949295, 1.7999999523162842, -0.1080000028014183, 0.09600000083446503, -2.0460000038146973, -0.07800000160932541, -3.059999942779541, -0.2879999876022339, -0.16160300374031067, 0.4583069980144501, -0.06039299815893173, 0.22447900474071503, -0.9456719756126404, -0.15153799951076508, -0.17985500395298004, 0.47938698530197144, -0.03633200004696846, 0.15792100131511688, 0.7141510248184204, -0.3123529851436615, 0.5017250180244446, 0.375093013048172]",5.433333333333334,184,0,428,0
"[-1.322290062904358, -2.0263893604278564, 0.06749321520328522, 0.07976672798395157, 2.6752638816833496, 0.855961263179779, -1.4802908897399902, 0.2160000056028366, 0.5227799415588379, 1.951220154762268, -0.6442707777023315, -0.6468789577484131, -1.6821620464324951, -1.3136988878250122, 1.4419411420822144, 0.5730000138282776, 0.0]","[-0.8949930667877197, -2.026014804840088, 0.14459070563316345, -0.11293639987707138, 2.0612637996673584, 0.7219762802124023, -0.669853150844574, 0.39658331871032715, 0.03826785087585449, 2.0658531188964844, -0.18250954151153564, -0.050587549805641174, -1.461594581604004, 0.056712500751018524, 1.7266076803207397, 1.0, 55.099998474121094, 15.187999725341797, -3.191999912261963, 1.8849999904632568, 0.17000000178813934, 0.9779999852180481, -0.23000000417232513, 13.357999801635742, -3.0969998836517334, 44.1619987487793, 0.18299999833106995, 1.340999960899353, 0.19599999487400055, 0.029999999329447746, 0.0, 0.0, 0.0, 0.0, 0.0, 0.017999999225139618, 0.0, 0.0, 0.0, 0.0, 0.0, 0.0, 0.006000000052154064, -0.23503999412059784, 0.421860009431839, -0.10401500016450882, 0.33044499158859253, -0.911067008972168, -0.19781999289989471, -0.14706900715827942, 0.5600789785385132, 0.015735000371932983, -0.040539998561143875, 0.5351870059967041, 0.031422000378370285, 0.8440579771995544, 0.012349000200629234]",0.6666666666666666,115,0,64,0
"[-1.3138532638549805, -2.0263893604278564, 0.06841368973255157, 0.08145374804735184, 2.6752638816833496, 0.8544272780418396, -1.4916425943374634, 0.2160000056028366, 0.5146495699882507, 1.9441659450531006, -0.604388415813446, -0.638136088848114, -1.6844637393951416, -1.3106318712234497, 1.43703293800354, 1.0, 0.0]","[-0.8330280780792236, -2.026014804840088, 0.19036205112934113, -0.06946844607591629, 2.061734914779663, 0.7715517282485962, -0.7086096405982971, 0.9946666955947876, 0.034027501940727234, 2.0658531188964844, -0.18245720863342285, -0.05053519830107689, -1.461594581604004, 0.056712500751018524, 1.7251592874526978, 1.0, 55.099998474121094, 17.40399932861328, -5.521999835968018, 2.690999984741211, 0.34299999475479126, 1.1160000562667847, -0.16099999845027924, 13.371000289916992, -3.0969998836517334, 44.32699966430664, 0.17499999701976776, 1.3389999866485596, 0.19699999690055847, 0.0, 0.0, -0.2759999930858612, -0.2160000056028366, 0.0, 0.0, 0.5040000081062317, -0.012000000104308128, 0.0, 0.0, 0.0, 0.0, 0.0, 0.006000000052154064, -0.2595529854297638, 0.4090979993343353, -0.09684500098228455, 0.32912299036979675, -0.9087679982185364, -0.21286100149154663, -0.14320099353790283, 0.5601329803466797, 0.013353999704122543, -0.04055599868297577, 0.5351999998092651, 0.032618001103401184, 0.8440250158309937, 0.01082799956202507]",13.9,7,0,337,0
"[-0.8943100571632385, -2.02638840675354, 0.14419353008270264, -0.11182688176631927, 2.0616698265075684, 0.7225038409233093, -0.6708105206489563, 0.2199999988079071, 0.038348376750946045, 2.0662708282470703, -0.18254226446151733, -0.05061977729201317, -1.4618829488754272, 0.056756392121315, 1.7269542217254639, 1.0, 0.0]","[-1.0627747774124146, -2.024444341659546, 0.12939174473285675, 0.18469078838825226, 2.4544646739959717, 1.0375421047210693, -1.1777527332305908, 0.3734166622161865, -0.299895703792572, 2.0524516105651855, 0.20524689555168152, -0.48943760991096497, -1.4560455083847046, -1.5663468837738037, 1.4089304208755493, 1.0, 55.099998474121094, 18.645000457763672, -2.303999900817871, 0.6179999709129333, 0.19300000369548798, 1.1699999570846558, -0.38199999928474426, 19.110000610351562, -10.895999908447266, 25.844999313354492, 0.6980000138282776, 1.2029999494552612, 0.4259999990463257, 0.0, 0.0, -0.09000000357627869, -0.3840000033378601, 0.0, -0.27000001072883606, 0.2460000067949295, 2.441999912261963, -0.09000000357627869, -0.7799999713897705, -2.2139999866485596, -0.414000004529953, -1.49399995803833, -0.41999998688697815, -0.16207799315452576, 0.45694699883461, -0.06276900321245193, 0.22271999716758728, -0.9460700154304504, -0.1521259993314743, -0.1794549971818924, 0.4705899953842163, -0.006047999951988459, 0.16858600080013275, 0.703137993812561, -0.3669869899749756, 0.46843498945236206, 0.3892099857330322]",0.6333333333333333,383,0,152,0
"[-0.11888253688812256, -2.02638840675354, 0.022548722103238106, 0.07132895290851593, 1.1696594953536987, -0.07270989567041397, -0.9575108289718628, 1.0, 0.03834838792681694, 2.0662708282470703, -0.18407638370990753, -0.04295080155134201, -1.4629566669464111, 0.05675636604428291, 1.722812533378601, 1.0, 0.0]","[-0.4057997465133667, -2.0200817584991455, 0.698157012462616, 0.30211183428764343, 1.4454706907272339, 1.2282880544662476, -0.7792820930480957, 1.0, 0.033800650388002396, 2.0658531188964844, -0.18395788967609406, -0.04264780133962631, -1.4629905223846436, 0.056712500751018524, 1.7207270860671997, 1.0, 55.099998474121094, 19.39699935913086, -3.4000000953674316, -0.8379999995231628, 0.004999999888241291, 1.2230000495910645, -0.23600000143051147, 12.534000396728516, -2.690999984741211, 44.18299865722656, 0.13500000536441803, 1.305999994277954, 0.18400000035762787, -2.1480000019073486, -0.257999986410141, 1.1339999437332153, 0.0, 1.5299999713897705, -2.0820000171661377, 0.0, 0.11999999731779099, 0.0, 0.0, 0.0, 0.006000000052154064, 0.0, 0.0, -0.33656400442123413, 0.33789101243019104, 0.0015290000010281801, 0.41134700179100037, -0.844871997833252, -0.21372100710868835, -0.26703301072120667, 0.5589110255241394, 0.01268600020557642, -0.043125998228788376, 0.5320529937744141, 0.029906999319791794, 0.8461440205574036, 0.0079950001090765]",14.133333333333333,395,0,336,0
"[-0.4581991732120514, -2.025467872619629, 0.7220438122749329, 0.2908419966697693, 1.4775290489196777, 1.1796303987503052, -0.7826374173164368, 1.0, 0.03712106868624687, 2.0662708282470703, -0.18407638370990753, -0.04295080155134201, -1.4624965190887451, 0.056756392121315, 1.7211251258850098, 1.0, 0.0]","[-0.8330280780792236, -2.025944948196411, 0.19718500971794128, -0.060429349541664124, 2.0615429878234863, 0.7715517282485962, -0.7289562821388245, 0.9982500076293945, 0.035144299268722534, 2.065870523452759, -0.18242231011390686, -0.05055265128612518, -1.461594581604004, 0.05664269998669624, 1.7241472005844116, 1.0, 55.099998474121094, 17.19099998474121, -4.302000045776367, 2.315999984741211, 0.29499998688697815, 1.0509999990463257, -0.2639999985694885, 13.28499984741211, -2.4519999027252197, 44.194000244140625, 0.14499999582767487, 1.3530000448226929, 0.18400000035762787, 0.0, 0.0, -0.14399999380111694, -0.2160000056028366, 0.035999998450279236, 0.0, 0.414000004529953, -0.017999999225139618, 0.0, 0.0, 0.0, 0.0, 0.0, 0.017999999225139618, -0.2606939971446991, 0.41027501225471497, -0.09504099935293198, 0.3298259973526001, -0.9072499871253967, -0.21821999549865723, -0.1431490033864975, 0.5601149797439575, 0.0139979999512434, -0.04056200012564659, 0.535194993019104, 0.03170900046825409, 0.8440619707107544, 0.010898999869823456]",12.0,245,0,434,0
"[-1.322290062904358, -2.0263893604278564, 0.06611251831054688, 0.07516427338123322, 2.672194242477417, 0.8556544780731201, -1.4802908897399902, 0.2160000056028366, 0.5082062482833862, 1.951220154762268, -0.6442707777023315, -0.658076286315918, -1.6766396760940552, -1.3222895860671997, 1.4250670671463013, 0.24300000071525574, 0.0]","[-1.1748037338256836, -2.0188255310058594, 0.1221325546503067, 0.24929070472717285, 2.433262825012207, 0.970673680305481, -1.1766011714935303, 0.3738333284854889, 0.056939348578453064, 2.0634450912475586, -0.19838905334472656, -0.13951274752616882, -1.4706162214279175, 0.08855874836444855, 1.7211109399795532, 1.0, 55.099998474121094, 17.11400032043457, -3.2829999923706055, 0.6439999938011169, 0.2070000022649765, 1.1950000524520874, -0.28200000524520874, 15.086000442504883, -3.7170000076293945, 43.60100173950195, 0.27000001072883606, 1.5089999437332153, 0.1679999977350235, 0.017999999225139618, -0.12600000202655792, -0.18000000715255737, 0.024000000208616257, -0.18000000715255737, 0.017999999225139618, 0.0, 0.15000000596046448, -0.024000000208616257, -0.5640000104904175, -1.1820000410079956, -0.30000001192092896, 0.7379999756813049, -0.05400000140070915, -0.11668100208044052, 0.49451199173927307, -0.03844799846410751, 0.2761459946632385, -0.9385679960250854, -0.10080000013113022, -0.18075400590896606, 0.5728260278701782, 0.02862199954688549, -0.008693000301718712, 0.574383020401001, 0.016165999695658684, 0.8183959722518921, 0.006947000045329332]",0.2,121,0,11,0
"[-0.646418571472168, -2.02638840675354, 0.780642032623291, 0.16260114312171936, 1.5102025270462036, 1.0417256355285645, -0.7830979824066162, 1.0, 0.040496159344911575, 2.0662708282470703, -0.18407638370990753, -0.045865681022405624, -1.4623430967330933, 0.056756392121315, 1.7211251258850098, 1.0, 0.0]","[-0.8489599823951721, -2.02597975730896, 0.6348658800125122, -0.0018846000311896205, 1.6293762922286987, 0.8291367292404175, -0.7792820930480957, 1.0, 0.037360452115535736, 2.0658531188964844, -0.18406260013580322, -0.05060500279068947, -1.461437463760376, 0.05685209855437279, 1.7220183610916138, 1.0, 55.099998474121094, 14.831000328063965, -3.3429999351501465, 1.6469999551773071, 0.28999999165534973, 1.0069999694824219, -0.20100000500679016, 13.001999855041504, -3.6089999675750732, 44.58000183105469, 0.24699999392032623, 1.305999994277954, 0.1899999976158142, 0.12600000202655792, 0.0, -2.375999927520752, -0.1979999989271164, 2.5139999389648438, -0.2160000056028366, -0.05400000140070915, 0.024000000208616257, 0.0, 0.0, 0.0, 0.0, 0.0, 0.012000000104308128, -0.25046101212501526, 0.4224039912223816, -0.0811309963464737, 0.3339090049266815, -0.9040499925613403, -0.20851199328899384, -0.1664939969778061, 0.5601000189781189, 0.015232999809086323, -0.04052399843931198, 0.535269021987915, 0.0292930006980896, 0.844107985496521, 0.010479999706149101]",3.966666666666667,134,0,121,0
"[-0.6711156368255615, -2.02638840675354, 0.7789545059204102, 0.14158564805984497, 1.5108160972595215, 1.017028570175171, -0.7823308110237122, 1.0, 0.03850178048014641, 2.0662708282470703, -0.18407638370990753, -0.04739982634782791, -1.4618829488754272, 0.056756392121315, 1.7212785482406616, 1.0, 0.0]","[-1.1666721105575562, -2.018563747406006, 0.13078774511814117, 0.2545780539512634, 2.4286909103393555, 0.9881761074066162, -1.1752400398254395, 0.3738333284854889, 0.03720340132713318, 2.066690683364868, -0.18350419402122498, -0.062017299234867096, -1.4640898704528809, 0.04833649843931198, 1.7236934900283813, 1.0, 55.099998474121094, 16.93000030517578, -4.052000045776367, 0.7459999918937683, 0.2669999897480011, 1.0759999752044678, -0.26499998569488525, 15.836000442504883, -5.1570000648498535, 43.90999984741211, 0.32199999690055847, 1.5119999647140503, 0.2409999966621399, -0.2759999930858612, 0.0, 0.0, -0.012000000104308128, 0.25200000405311584, -0.593999981880188, -0.15600000321865082, -0.09600000083446503, 0.012000000104308128, 0.09000000357627869, -0.8519999980926514, 0.035999998450279236, -0.4860000014305115, 0.0, -0.1188109964132309, 0.49224600195884705, -0.03800800070166588, 0.27145999670028687, -0.9399290084838867, -0.09895899891853333, -0.1817920058965683, 0.561581015586853, 0.01734199933707714, -0.037331998348236084, 0.539218008518219, 0.026434000581502914, 0.8416150212287903, 0.015110000036656857]",12.3,373,0,195,0
"[-0.7944477200508118, -2.02638840675354, 0.768676221370697, 0.05108073353767395, 1.5111228227615356, 0.8903212547302246, -0.7758876085281372, 1.0, 0.0322129987180233, 2.0662708282470703, -0.18407638370990753, -0.05061977729201317, -1.4618829488754272, 0.056756392121315, 1.7226591110229492, 1.0, 0.0]","[-0.8883795142173767, -2.0260672569274902, 0.1243835985660553, -0.08545264601707458, 2.0632357597351074, 0.7475405335426331, -0.6365759968757629, 0.3752500116825104, 0.03708124905824661, 2.065870523452759, -0.18247464299201965, -0.05053519830107689, -1.4615771770477295, 0.05685209855437279, 1.7264505624771118, 1.0, 55.099998474121094, 18.4689998626709, -3.4210000038146973, 1.9739999771118164, 0.16699999570846558, 1.2890000343322754, -0.3199999928474426, 13.392999649047852, -3.443000078201294, 44.16400146484375, 0.18299999833106995, 1.3509999513626099, 0.20600000023841858, -0.1379999965429306, 0.0, -0.2639999985694885, 0.5759999752044678, 0.38999998569488525, 0.8820000290870667, -0.012000000104308128, 0.0, 0.0, 0.0, 0.0, 0.0, 0.0, -0.006000000052154064, -0.23562799394130707, 0.42633000016212463, -0.09587100148200989, 0.3436889946460724, -0.9090039730072021, -0.1802310049533844, -0.15200500190258026, 0.5600839853286743, 0.015049999579787254, -0.04056699946522713, 0.5351719856262207, 0.03190699964761734, 0.8440549969673157, 0.01193500030785799]",6.7,112,0,374,0
"[-1.3207560777664185, -2.0263893604278564, 0.06595910340547562, 0.0681072250008583, 2.669126272201538, 0.8522791266441345, -1.4802908897399902, 0.2160000056028366, 0.5037592053413391, 1.951220154762268, -0.6419695615768433, -0.658076286315918, -1.6766396760940552, -1.3222895860671997, 1.4235352277755737, 0.24300000071525574, 0.0]","[-0.8953595161437988, -2.02597975730896, 0.15642179548740387, -0.10958600044250488, 2.061037063598633, 0.7219937443733215, -0.6765016317367554, 0.6572499871253967, 0.03987324982881546, 2.065870523452759, -0.18247464299201965, -0.05055265128612518, -1.461594581604004, 0.05666014924645424, 1.7254384756088257, 1.0, 55.099998474121094, 16.145000457763672, -3.864000082015991, 2.177999973297119, 0.2460000067949295, 1.0499999523162842, -0.24500000476837158, 13.164999961853027, -2.865000009536743, 44.04999923706055, 0.1599999964237213, 1.3209999799728394, 0.19599999487400055, -0.024000000208616257, 0.0, -0.006000000052154064, -0.017999999225139618, 0.0, 0.0, -0.012000000104308128, -0.006000000052154064, 0.0, 0.0, 0.0, 0.0, 0.0, 0.0, -0.23588299751281738, 0.4215860068798065, -0.10399000346660614, 0.32881098985671997, -0.9123460054397583, -0.19676999747753143, -0.1441819965839386, 0.5600429773330688, 0.016638999804854393, -0.04056200012564659, 0.5351619720458984, 0.030246999114751816, 0.8441150188446045, 0.01248599961400032]",13.866666666666667,178,0,147,0
"[-1.322290062904358, -2.0263893604278564, 0.06595910340547562, 0.07056184113025665, 2.6702001094818115, 0.8550407290458679, -1.4802908897399902, 0.2160000056028366, 0.5060602426528931, 1.951220154762268, -0.6415092349052429, -0.658076286315918, -1.6766396760940552, -1.3222895860671997, 1.4236884117126465, 0.24300000071525574, 0.0]","[-1.3127285242080688, -2.025944948196411, 0.07229535281658173, 0.10628794878721237, 2.6517021656036377, 0.8274266719818115, -1.5312724113464355, 0.37308332324028015, 0.4666129946708679, 1.9387298822402954, -0.5919912457466125, -0.6467319130897522, -1.6597392559051514, -1.336286187171936, 1.3873796463012695, 1.0, 55.099998474121094, 15.027999877929688, -0.6380000114440918, 2.937000036239624, 0.028999999165534973, 1.0499999523162842, -0.30799999833106995, 28.204999923706055, -5.623000144958496, 29.506999969482422, 0.28700000047683716, 1.809999942779541, 0.20800000429153442, -0.024000000208616257, 0.0, -0.12600000202655792, -0.07199999690055847, 0.40799999237060547, 0.15000000596046448, 0.08399999886751175, 0.3479999899864197, 0.0, 0.0, 0.0, 0.0, 0.017999999225139618, 0.2460000067949295, -0.07658399641513824, 0.4888010025024414, -0.08319500088691711, 0.2149530053138733, -0.9424269795417786, -0.2084980010986328, -0.14883999526500702, 0.30062898993492126, 0.38279399275779724, 0.09969700127840042, 0.36570701003074646, -0.8370720148086548, 0.2586910128593445, 0.31407999992370605]",4.733333333333333,188,0,262,0
"[-0.8404667377471924, -2.02638840675354, 0.15646487474441528, -0.08590157330036163, 2.060135841369629, 0.7723581790924072, -0.6705034971237183, 0.2199999988079071, 0.037427887320518494, 2.0662708282470703, -0.18254226446151733, -0.05061977729201317, -1.4618829488754272, 0.056756392121315, 1.7257270812988281, 1.0, 0.0]","[-1.3215757608413696, -2.025944948196411, 0.06723485141992569, 0.0794498473405838, 2.6764984130859375, 0.8559573888778687, -1.4800218343734741, 0.37308332324028015, 0.5242677927017212, 1.9479434490203857, -0.6320390105247498, -0.6380591988563538, -1.6857397556304932, -1.3080694675445557, 1.4472506046295166, 1.0, 55.099998474121094, 15.52400016784668, -0.9800000190734863, 2.7230000495910645, 0.04699999839067459, 1.1100000143051147, -0.289000004529953, 25.66900062561035, -7.002999782562256, 30.15399932861328, 0.34700000286102295, 1.6180000305175781, 0.25, -0.017999999225139618, 0.0, -0.012000000104308128, 0.0, 0.0, 0.0, 0.024000000208616257, 0.07800000160932541, 0.024000000208616257, -0.34200000762939453, -0.012000000104308128, 0.0, 0.0, 0.012000000104308128, -0.0714389979839325, 0.4791429936885834, -0.09241899847984314, 0.19094699621200562, -0.9554299712181091, -0.17639000713825226, -0.13992300629615784, 0.28049999475479126, 0.3989579975605011, 0.08442100137472153, 0.33580899238586426, -0.8473550081253052, 0.2675049901008606, 0.3125090003013611]",12.7,210,0,475,0
"[-0.11888253688812256, -2.02638840675354, 0.022548722103238106, 0.07132895290851593, 1.1696594953536987, -0.07270989567041397, -0.9575108289718628, 1.0, 0.03834838792681694, 2.0662708282470703, -0.18407638370990753, -0.04295080155134201, -1.4629566669464111, 0.05675636604428291, 1.722812533378601, 1.0, 0.0]","[-0.8332200646400452, -2.026049852371216, 0.18015380203723907, -0.07306315004825592, 2.061734914779663, 0.7715866565704346, -0.6971798539161682, 0.9918333292007446, 0.03371340036392212, 2.0658531188964844, -0.18245720863342285, -0.05060500279068947, -1.461594581604004, 0.05683464929461479, 1.725351333618164, 1.0, 55.099998474121094, 14.97700023651123, -2.7200000286102295, 1.940000057220459, 0.1379999965429306, 0.9549999833106995, -0.21299999952316284, 13.258000373840332, -3.6459999084472656, 44.25899887084961, 0.2240000069141388, 1.3279999494552612, 0.20999999344348907, 0.006000000052154064, 0.0, -0.5759999752044678, -0.17399999499320984, 0.0, 0.0, 0.3479999899864197, 0.0, 0.0, 0.0, 0.0, 0.0, 0.0, 0.012000000104308128, -0.25867098569869995, 0.4093640148639679, -0.09698999673128128, 0.3308599889278412, -0.908266007900238, -0.21112500131130219, -0.1449420005083084, 0.5601490139961243, 0.013166000135242939, -0.04053099825978279, 0.5352349877357483, 0.03285900130867958, 0.8439940214157104, 0.010754000395536423]",0.1,318,0,309,0
"[-1.296979546546936, -2.0263893604278564, 0.030678972601890564, 0.06427360326051712, 2.6718873977661133, 0.8421553373336792, -1.448538064956665, 0.2160000056028366, 0.492406964302063, 1.9420171976089478, -0.6349140405654907, -0.7774204015731812, -1.6735717058181763, -1.3784319162368774, 1.4908760786056519, 0.24300000071525574, 0.0]","[-1.2687546014785767, -2.0259101390838623, -0.038843702524900436, 0.06159849837422371, 2.66400408744812, 0.8801954984664917, -1.347314476966858, 0.2706666588783264, 0.4751809537410736, 1.9168649911880493, -0.6334874033927917, -0.8784853219985962, -1.5905674695968628, -1.3264617919921875, 1.5540271997451782, 0.4178333282470703, 55.099998474121094, 15.317999839782715, -0.29600000381469727, 2.3369998931884766, 0.019999999552965164, 1.0210000276565552, -0.28200000524520874, 26.229999542236328, -3.7690000534057617, 27.47599983215332, 0.04899999871850014, 1.6230000257492065, 0.18400000035762787, 0.07199999690055847, 0.0, -0.3779999911785126, 0.0, 0.029999999329447746, 0.035999998450279236, 0.38999998569488525, 0.041999999433755875, -0.1979999989271164, 0.0, 0.0, 0.257999986410141, 0.49799999594688416, 0.19200000166893005, -0.08403400331735611, 0.47368699312210083, -0.09200400114059448, 0.1947699934244156, -0.9503219723701477, -0.17006400227546692, -0.17328999936580658, 0.25814199447631836, 0.4008750021457672, 0.1554819941520691, 0.3911769986152649, -0.8296210169792175, 0.21164000034332275, 0.3375149965286255]",2.8333333333333335,199,0,18,0
"[-0.11888253688812256, -2.02638840675354, 0.022548722103238106, 0.07132895290851593, 1.1696594953536987, -0.07270989567041397, -0.9575108289718628, 1.0, 0.03834838792681694, 2.0662708282470703, -0.18407638370990753, -0.04295080155134201, -1.4629566669464111, 0.05675636604428291, 1.722812533378601, 1.0, 0.0]","[0.0979992002248764, -2.0258753299713135, -0.031916048377752304, 0.017362749204039574, 0.9793463945388794, 0.6753847599029541, -0.9838135838508606, 1.0, 0.03793630003929138, 2.0658531188964844, -0.18401025235652924, -0.04336324706673622, -1.4630603790283203, 0.05620644986629486, 1.722350001335144, 1.0, 55.099998474121094, 10.013999938964844, 6.428999900817871, 5.989999771118164, -0.30399999022483826, 0.7540000081062317, -0.5099999904632568, 13.302000045776367, -2.502000093460083, 43.60599899291992, 0.0860000029206276, 1.3600000143051147, 0.20999999344348907, 1.1460000276565552, 0.0, 0.1080000028014183, -0.7739999890327454, -0.035999998450279236, 6.834000110626221, 0.20399999618530273, 0.0, 0.0, 0.0, 0.0, 0.0, 0.0, 0.012000000104308128, -0.5642910003662109, 0.02656400017440319, 0.03868899866938591, 0.6761500239372253, -0.09745600074529648, -0.7006070017814636, -0.2060839980840683, 0.5589650273323059, 0.01512600015848875, -0.042897000908851624, 0.5323020219802856, 0.02864000014960766, 0.8460130095481873, 0.0097850002348423]",16.4,431,0,51,0
"[-0.9791388511657715, -2.022552967071533, 0.12440473586320877, 0.16551576554775238, 2.347449541091919, 0.9907976388931274, -0.8933907151222229, 0.2199999988079071, 0.033133141696453094, 2.0662708282470703, -0.186377614736557, -0.039882510900497437, -1.4658713340759277, 0.056756392121315, 1.723886251449585, 1.0, 0.0]","[-1.317440152168274, -2.025944948196411, 0.06515830010175705, 0.06714759767055511, 2.667773485183716, 0.8481223583221436, -1.4801089763641357, 0.37275001406669617, 0.49765652418136597, 1.950508713722229, -0.6426660418510437, -0.6579523086547852, -1.6747636795043945, -1.3207380771636963, 1.4226810932159424, 0.4490833282470703, 55.099998474121094, 20.242000579833984, -2.315999984741211, -1.559000015258789, 0.6769999861717224, 2.1459999084472656, -0.2409999966621399, 23.378000259399414, -11.237000465393066, 29.80500030517578, 1.5240000486373901, 0.9200000166893005, -0.1940000057220459, 0.024000000208616257, 0.0, 0.0, 0.0, 0.0, 0.0, 0.0, -0.017999999225139618, 0.0, 0.0, 0.0, 0.017999999225139618, 0.0, 0.0, -0.07254000008106232, 0.47770699858665466, -0.09469400346279144, 0.18956699967384338, -0.9539510011672974, -0.18321900069713593, -0.14307500422000885, 0.28502699732780457, 0.391867995262146, 0.08604100346565247, 0.34052199125289917, -0.8505920171737671, 0.25672000646591187, 0.3076229989528656]",13.3,129,0,153,0
"[-1.1486438512802124, -2.024855375289917, 0.12685932219028473, 0.21000134944915771, 2.43550181388855, 0.9969345331192017, -1.2293325662612915, 0.2199999988079071, -0.025923755019903183, 2.0593695640563965, -0.3184535503387451, -0.23086325824260712, -1.548399806022644, -0.055222172290086746, 1.6841572523117065, 1.0, 0.0]","[-1.1725003719329834, -2.0245139598846436, 0.09176954627037048, 0.02640184946358204, 2.453435182571411, 0.8618031740188599, -1.1824469566345215, 0.3734166622161865, 0.1763671487569809, 1.940527319908142, -0.20449654757976532, -0.649872899055481, -1.654068112373352, -1.5586340427398682, 1.2749494314193726, 1.0, 55.099998474121094, 16.368000030517578, -3.385999917984009, 3.2990000247955322, 0.21699999272823334, 1.2059999704360962, -0.2540000081062317, 24.525999069213867, -8.359999656677246, 26.929000854492188, 0.46700000762939453, 1.4179999828338623, 0.1979999989271164, -0.44999998807907104, 0.0, 0.07800000160932541, -0.029999999329447746, 0.05999999865889549, -0.029999999329447746, -0.17399999499320984, 0.6959999799728394, -0.07199999690055847, -1.2960000038146973, -0.19200000166893005, 0.0, -0.1379999965429306, -0.3240000009536743, -0.11989299952983856, 0.46425798535346985, -0.09453599900007248, 0.21835100650787354, -0.9457740187644958, -0.16173100471496582, -0.1779790073633194, 0.39484599232673645, 0.25439199805259705, 0.1608089953660965, 0.4987660050392151, -0.7357649803161621, 0.30150601267814636, 0.34492799639701843]",13.533333333333333,186,0,129,0
"[-0.9137911200523376, -2.02638840675354, 0.11811476945877075, 0.0070562358014285564, 2.179171562194824, 0.8522796034812927, -0.7304820418357849, 0.2199999988079071, 0.036200568079948425, 2.0662708282470703, -0.18591737747192383, -0.047553226351737976, -1.466178297996521, 0.056756392121315, 1.7221988439559937, 1.0, 0.0]","[-0.8957608342170715, -2.026014804840088, 0.15054114162921906, -0.11054574698209763, 2.0611765384674072, 0.7219937443733215, -0.6755069494247437, 0.5942500233650208, 0.03917524963617325, 2.0658183097839355, -0.18250954151153564, -0.05055265128612518, -1.461594581604004, 0.05666014924645424, 1.7254384756088257, 1.0, 55.099998474121094, 15.399999618530273, -3.196000099182129, 1.9559999704360962, 0.23000000417232513, 0.9940000176429749, -0.25999999046325684, 13.194000244140625, -2.867000102996826, 44.202999114990234, 0.15399999916553497, 1.340999960899353, 0.19599999487400055, 0.0, 0.0, -0.2280000001192093, -0.035999998450279236, 0.0, 0.0, 0.1080000028014183, -0.024000000208616257, 0.0, 0.0, 0.0, 0.0, 0.0, 0.0, -0.23528200387954712, 0.4219929873943329, -0.10384000092744827, 0.32969000935554504, -0.9114900231361389, -0.19792799651622772, -0.1459919959306717, 0.5600669980049133, 0.01625099964439869, -0.04053499922156334, 0.5351859927177429, 0.03053100034594536, 0.8440920114517212, 0.012295999564230442]",4.433333333333334,24,0,322,0
"[-1.3130862712860107, -2.0263893604278564, 0.06902733445167542, 0.084213986992836, 2.6752638816833496, 0.8522798418998718, -1.503300666809082, 0.2160000056028366, 0.5129619836807251, 1.9406375885009766, -0.6002461314201355, -0.6402828693389893, -1.683083176612854, -1.315847396850586, 1.4338114261627197, 1.0, 0.0]","[-1.063315749168396, -2.024444341659546, 0.13012464344501495, 0.18997815251350403, 2.4544646739959717, 1.041032075881958, -1.1808240413665771, 0.3734166622161865, -0.32942110300064087, 2.053603172302246, 0.21262826025485992, -0.46193641424179077, -1.4513338804244995, -1.5422309637069702, 1.4133102893829346, 1.0, 55.099998474121094, 16.158000946044922, -5.031000137329102, 1.649999976158142, 0.296999990940094, 1.1180000305175781, -0.1889999955892563, 18.4060001373291, -13.26099967956543, 27.256000518798828, 0.7799999713897705, 1.0720000267028809, 0.4959999918937683, 0.041999999433755875, 0.0, -0.029999999329447746, -0.46799999475479126, 0.0, -0.19200000166893005, 0.23399999737739563, 2.1419999599456787, -0.09600000083446503, -0.31200000643730164, -2.0940001010894775, -0.2879999876022339, -2.25, -0.27000001072883606, -0.16174699366092682, 0.45752400159835815, -0.06159599870443344, 0.22319099307060242, -0.9459540247917175, -0.15172100067138672, -0.17982499301433563, 0.4744749963283539, -0.02213199995458126, 0.16382400691509247, 0.709604024887085, -0.33969900012016296, 0.4836609959602356, 0.38358500599861145]",4.533333333333333,96,0,372,0
"[-0.8872530460357666, -2.02638840675354, 0.13667653501033783, -0.10523004829883575, 2.0616698265075684, 0.727566659450531, -0.6583850383758545, 0.2199999988079071, 0.038348376750946045, 2.0662708282470703, -0.18254226446151733, -0.05061977729201317, -1.4618829488754272, 0.056756392121315, 1.7272610664367676, 1.0, 0.0]","[-1.1911718845367432, -2.024496555328369, 0.08971044421195984, 0.037447698414325714, 2.4820356369018555, 0.8522928953170776, -1.2066675424575806, 0.37308332324028015, 0.22899635136127472, 1.9396023750305176, -0.3167175054550171, -0.65634685754776, -1.6543647050857544, -1.5441330671310425, 1.2346572875976562, 1.0, 55.099998474121094, 16.393999099731445, -0.7979999780654907, 1.9709999561309814, 0.02800000086426735, 1.156999945640564, -0.3310000002384186, 24.90399932861328, -7.124000072479248, 29.733999252319336, 0.3449999988079071, 1.600000023841858, 0.31299999356269836, -0.2160000056028366, 0.0, -0.012000000104308128, 0.34200000762939453, 0.5220000147819519, -0.11999999731779099, -0.6420000195503235, 0.828000009059906, 0.041999999433755875, -1.746000051498413, 0.0, 0.0, 0.7919999957084656, -0.6299999952316284, -0.11508399993181229, 0.46818000078201294, -0.09312599897384644, 0.220210000872612, -0.9477350115776062, -0.15698400139808655, -0.16929300129413605, 0.37352898716926575, 0.282166987657547, 0.14365500211715698, 0.4599379897117615, -0.7812049984931946, 0.2639769911766052, 0.32937899231910706]",11.6,4,0,267,0
"[-0.2253408133983612, -2.0151894092559814, 0.5502378344535828, 0.25571340322494507, 1.2647662162780762, 1.407580018043518, -0.7326295971870422, 1.0, 0.03252001479268074, 2.0662708282470703, -0.18438319861888885, -0.04433153197169304, -1.4638770818710327, 0.056756392121315, 1.7211251258850098, 1.0, 0.0]","[-1.3210523128509521, -2.025944948196411, 0.06589119881391525, 0.06877045333385468, 2.6677212715148926, 0.8530083298683167, -1.4799869060516357, 0.37275001406669617, 0.5034325122833252, 1.9508401155471802, -0.6409035921096802, -0.658056914806366, -1.6762644052505493, -1.322099208831787, 1.4233441352844238, 0.659250020980835, 55.099998474121094, 16.02400016784668, -1.190999984741211, 3.00600004196167, 0.028999999165534973, 1.1269999742507935, -0.289000004529953, 26.364999771118164, -6.290999889373779, 29.951000213623047, 0.3310000002384186, 1.6950000524520874, 0.23399999737739563, 0.017999999225139618, 0.0, 0.0, -0.05999999865889549, 0.0, -0.07199999690055847, 0.006000000052154064, -0.024000000208616257, 0.0, -0.012000000104308128, 0.0, 0.0, 0.0, -0.006000000052154064, -0.07054399698972702, 0.4776340126991272, -0.09453299641609192, 0.18777500092983246, -0.9546899795532227, -0.18065699934959412, -0.14376799762248993, 0.28280800580978394, 0.3933219909667969, 0.08601099997758865, 0.33928900957107544, -0.8512939810752869, 0.2545729875564575, 0.30882298946380615]",13.4,104,0,477,0
"[-0.8943100571632385, -2.02638840675354, 0.14419353008270264, -0.11198028922080994, 2.0616698265075684, 0.7225038409233093, -0.6703506708145142, 0.2199999988079071, 0.038348376750946045, 2.0662708282470703, -0.18254226446151733, -0.05061977729201317, -1.4618829488754272, 0.056756392121315, 1.7272610664367676, 1.0, 0.0]","[-0.8393101096153259, -2.0259101390838623, 0.3136637508869171, -0.03964640200138092, 1.9598793983459473, 0.7746753096580505, -0.7736631631851196, 1.0, 0.03833765164017677, 2.0658183097839355, -0.18350419402122498, -0.050587549805641174, -1.4615771770477295, 0.056747402995824814, 1.7238681316375732, 1.0, 55.099998474121094, 15.781000137329102, -3.4690001010894775, 2.1579999923706055, 0.1940000057220459, 0.972000002861023, -0.23000000417232513, 13.302000045776367, -3.184999942779541, 43.93000030517578, 0.17599999904632568, 1.3329999446868896, 0.20900000631809235, 0.029999999329447746, 0.0, -1.2359999418258667, 0.0, 1.3980000019073486, -0.05400000140070915, 0.04800000041723251, 0.0, 0.0, 0.017999999225139618, 0.0, 0.0, 0.0, 0.0, -0.2613089978694916, 0.4140760004520416, -0.09078499674797058, 0.33083200454711914, -0.9044979810714722, -0.22749899327754974, -0.1437930017709732, 0.5600870251655579, 0.015791000798344612, -0.040522001683712006, 0.5352389812469482, 0.029805999249219894, 0.8440970182418823, 0.011381999589502811]",10.033333333333333,380,0,468,0
"[-1.3103251457214355, -2.0263893604278564, 0.07501047849655151, 0.10891178995370865, 2.6407480239868164, 0.8252819776535034, -1.529531717300415, 0.2160000056028366, 0.4563584327697754, 1.9389503002166748, -0.588127076625824, -0.647339403629303, -1.6597658395767212, -1.3380911350250244, 1.3776673078536987, 1.0, 0.0]","[-0.11475120484828949, -2.026014804840088, 0.01811309903860092, 0.0708993524312973, 1.1657646894454956, -0.06428579986095428, -0.9614426493644714, 1.0, 0.03830274939537048, 2.0658531188964844, -0.18402768671512604, -0.04283974692225456, -1.462885856628418, 0.056712500751018524, 1.7223323583602905, 1.0, 55.099998474121094, 6.563000202178955, -7.288000106811523, 10.527999877929688, 0.4490000009536743, 0.6579999923706055, -0.0010000000474974513, 13.163000106811523, -3.0789999961853027, 44.41999816894531, 0.16300000250339508, 1.3760000467300415, 0.21199999749660492, 0.515999972820282, 0.0, -0.5040000081062317, 0.07800000160932541, -0.5400000214576721, 0.7919999957084656, -0.527999997138977, 0.0, 0.0, 0.0, 0.0, -0.017999999225139618, 0.0, 0.0, -0.5694689750671387, 0.05647600069642067, -0.014949999749660492, 0.5464619994163513, -0.12417799979448318, -0.8264870047569275, 0.053637001663446426, 0.5588780045509338, 0.01522000040858984, -0.043063998222351074, 0.5321040153503418, 0.028681999072432518, 0.8461369872093201, 0.009649000130593777]",15.333333333333334,299,0,367,0
"[-0.9085757732391357, -2.02638840675354, 0.11811476945877075, -0.012271715328097343, 2.1538610458374023, 0.8366329073905945, -0.7056315541267395, 0.2199999988079071, 0.036200568079948425, 2.0662708282470703, -0.1845366507768631, -0.04832012578845024, -1.4647976160049438, 0.056756392121315, 1.7231192588806152, 1.0, 0.0]","[-1.3220643997192383, -2.025944948196411, 0.06735699623823166, 0.07742564380168915, 2.671769618988037, 0.8556956052780151, -1.4799518585205078, 0.37275001406669617, 0.508021891117096, 1.9512938261032104, -0.6441667675971985, -0.6580220460891724, -1.6775208711624146, -1.322099208831787, 1.4250717163085938, 0.9259166717529297, 55.099998474121094, 15.822999954223633, -1.1430000066757202, 2.7980000972747803, 0.04500000178813934, 1.1150000095367432, -0.296999990940094, 26.384000778198242, -5.859000205993652, 30.243000030517578, 0.2770000100135803, 1.6829999685287476, 0.2329999953508377, 0.0, 0.0, -0.006000000052154064, -0.05400000140070915, 0.0, 0.0, 0.012000000104308128, -0.024000000208616257, 0.0, 0.0, 0.0, 0.0, 0.0, 0.0, -0.07067999988794327, 0.47897499799728394, -0.09271799772977829, 0.19030499458312988, -0.9550619721412659, -0.17751799523830414, -0.141866996884346, 0.28080201148986816, 0.39445099234580994, 0.08502600342035294, 0.3368479907512665, -0.8527129888534546, 0.25315800309181213, 0.30874401330947876]",2.2,17,0,312,0
"[-1.3051100969314575, -2.0263893604278564, 0.07485706359148026, 0.11949599534273148, 2.6295502185821533, 0.826202392578125, -1.5313725471496582, 0.2160000056028366, 0.44147905707359314, 1.9401774406433105, -0.5694128274917603, -0.6454983353614807, -1.6597658395767212, -1.3405448198318481, 1.3515896797180176, 1.0, 0.0]","[-1.2314988374710083, -2.0255961418151855, 0.08969299495220184, 0.07157990336418152, 2.54325008392334, 0.8596742153167725, -1.234692096710205, 0.37308332324028015, 0.36994001269340515, 1.956389307975769, -0.5045492649078369, -0.6489654779434204, -1.6536492109298706, -1.4233964681625366, 1.1604249477386475, 1.0, 55.099998474121094, 14.093000411987305, -3.86299991607666, 3.1040000915527344, 0.22200000286102295, 1.0390000343322754, -0.22499999403953552, 27.41200065612793, -1.6050000190734863, 30.253000259399414, -0.03700000047683716, 1.7610000371932983, 0.13500000536441803, -0.07199999690055847, 0.0, -0.006000000052154064, 0.11999999731779099, 0.0, 0.012000000104308128, 0.0, 0.5640000104904175, 0.035999998450279236, -0.25200000405311584, 0.07199999690055847, 0.0, 0.8220000267028809, 0.28200000524520874, -0.102292001247406, 0.4748769998550415, -0.0888810008764267, 0.21956099569797516, -0.9548760056495667, -0.12974900007247925, -0.152210995554924, 0.32881399989128113, 0.3445050120353699, 0.10583300143480301, 0.41227099299430847, -0.838791012763977, 0.19788500666618347, 0.2954680025577545]",6.033333333333333,287,0,220,0
"[0.11044567823410034, -2.02638840675354, -0.03052586130797863, 0.007976453751325607, 0.981133222579956, 0.7553311586380005, -0.9796000123023987, 1.0, 0.03834838792681694, 2.0662708282470703, -0.18407638370990753, -0.043717872351408005, -1.4629566669464111, 0.056756392121315, 1.723272681236267, 1.0, 0.0]","[-1.2859951257705688, -2.025491237640381, -0.0020939998794347048, 0.05884139984846115, 2.667459487915039, 0.8471974730491638, -1.4028229713439941, 0.2763333320617676, 0.48313814401626587, 1.9385379552841187, -0.6327893733978271, -0.843410849571228, -1.650124430656433, -1.3667712211608887, 1.5305219888687134, 0.4206666648387909, 55.099998474121094, 15.45199966430664, -0.7730000019073486, 2.4779999256134033, 0.1850000023841858, 1.0160000324249268, -0.3310000002384186, 26.719999313354492, -5.90500020980835, 29.009000778198242, 0.3190000057220459, 1.6430000066757202, 0.15199999511241913, 0.18000000715255737, 0.0, -0.6480000019073486, -0.09000000357627869, 0.07199999690055847, 0.06599999964237213, 0.6779999732971191, -0.17399999499320984, -0.017999999225139618, 0.0, -0.7379999756813049, 0.041999999433755875, 0.2939999997615814, 0.5220000147819519, -0.08186499774456024, 0.4768640100955963, -0.09334199875593185, 0.19903400540351868, -0.9499179720878601, -0.18095199763774872, -0.1590469926595688, 0.26079899072647095, 0.3956260085105896, 0.1301800012588501, 0.35892999172210693, -0.8481730222702026, 0.21742600202560425, 0.32325899600982666]",8.866666666666667,142,0,387,0
"[-1.0635077953338623, -2.024855375289917, 0.1291605681180954, 0.18714478611946106, 2.4543697834014893, 1.0372785329818726, -1.1791713237762451, 0.2199999988079071, -0.31262466311454773, 2.0527727603912354, 0.20601238310337067, -0.47215843200683594, -1.4539059400558472, -1.5490130186080933, 1.4126425981521606, 1.0, 0.0]","[-1.3120830059051514, -2.0261893272399902, 0.0493834987282753, 0.06440795212984085, 2.6680350303649902, 0.8502861857414246, -1.46445631980896, 0.35633334517478943, 0.493712842464447, 1.943179726600647, -0.6365236639976501, -0.6772868633270264, -1.6762644052505493, -1.344662070274353, 1.4314234256744385, 0.4385833442211151, 55.099998474121094, 8.197999954223633, -15.074000358581543, -6.144999980926514, 2.556999921798706, -0.4429999887943268, 0.24699999392032623, 34.810001373291016, -13.548999786376953, 39.54800033569336, 2.0250000953674316, 3.4690001010894775, -0.06300000101327896, 0.035999998450279236, 0.0, 0.0, 0.0, -0.07199999690055847, 0.0, 0.09600000083446503, 0.0, -0.012000000104308128, 0.0, -0.4860000014305115, 0.0, -0.5339999794960022, 0.12600000202655792, -0.07354500144720078, 0.47703900933265686, -0.09489300101995468, 0.18960300087928772, -0.9533560276031494, -0.18275199830532074, -0.14752499759197235, 0.2830069959163666, 0.39042899012565613, 0.0929810032248497, 0.33889999985694885, -0.8528980016708374, 0.24869699776172638, 0.3096129894256592]",16.366666666666667,379,0,293,0
"[-0.8921623229980469, -2.02638840675354, 0.14419353008270264, -0.11198028922080994, 2.0616698265075684, 0.7225038409233093, -0.6688166856765747, 0.2199999988079071, 0.038348376750946045, 2.0662708282470703, -0.18254226446151733, -0.05061977729201317, -1.4618829488754272, 0.056756392121315, 1.7272610664367676, 1.0, 0.0]","[-1.1741582155227661, -2.0205180644989014, 0.11960230022668839, 0.24929070472717285, 2.4308199882507324, 0.971703290939331, -1.1765313148498535, 0.3738333284854889, 0.058230649679899216, 2.0628342628479004, -0.20390325784683228, -0.15055860579013824, -1.4731988906860352, 0.09410785138607025, 1.7206048965454102, 1.0, 55.099998474121094, 15.53600025177002, -5.491000175476074, 0.7459999918937683, 0.32600000500679016, 1.069000005722046, -0.21699999272823334, 12.512999534606934, -2.884000062942505, 42.89899826049805, 0.19599999487400055, 1.187999963760376, 0.17900000512599945, 0.05999999865889549, -0.16200000047683716, -0.17399999499320984, 0.0, -0.13199999928474426, 0.041999999433755875, 0.0, 0.13199999928474426, -0.07199999690055847, -0.6539999842643738, -1.1039999723434448, -0.27000001072883606, 0.46799999475479126, -0.024000000208616257, -0.1164340004324913, 0.4941309988498688, -0.03896800056099892, 0.275765985250473, -0.9380720257759094, -0.1023470014333725, -0.18302200734615326, 0.5742999911308289, 0.029675999656319618, -0.004406000021845102, 0.57955002784729, 0.013151999562978745, 0.8148180246353149, 0.004315999802201986]",8.233333333333333,389,0,276,0
"[-0.11888253688812256, -2.02638840675354, 0.022548722103238106, 0.07132895290851593, 1.1696594953536987, -0.07270989567041397, -0.9575108289718628, 1.0, 0.03834838792681694, 2.0662708282470703, -0.18407638370990753, -0.04295080155134201, -1.4629566669464111, 0.05675636604428291, 1.722812533378601, 1.0, 0.0]","[-0.010539799928665161, -2.025648355484009, 0.3118140399456024, 0.07739074528217316, 1.055341124534607, 1.5232802629470825, -0.699396014213562, 1.0, 0.03866920247673988, 2.0658531188964844, -0.18720360100269318, -0.04514314979314804, -1.4650322198867798, 0.056747402995824814, 1.7212679386138916, 1.0, 55.099998474121094, 16.81100082397461, 5.302000045776367, -1.3450000286102295, -0.41999998688697815, 0.9990000128746033, -0.5249999761581421, 11.82800006866455, -2.805999994277954, 43.04800033569336, 0.09700000286102295, 1.0540000200271606, 0.15299999713897705, -2.5139999389648438, 0.035999998450279236, 2.9519999027252197, 2.609999895095825, 1.781999945640564, 0.012000000104308128, 0.1679999977350235, -0.024000000208616257, 0.0, 0.0, 0.0, 0.0, 0.0, 0.0, -0.43877899646759033, 0.16742999851703644, 0.0786449983716011, 0.6722720265388489, -0.5312340259552002, -0.35809800028800964, -0.37095001339912415, 0.5592489838600159, 0.015644000843167305, -0.04227399826049805, 0.5331929922103882, 0.025716999545693398, 0.8455610275268555, 0.008371000178158283]",15.866666666666667,192,0,256,0
"[-1.1095268726348877, -2.024855375289917, 0.10093475133180618, 0.061511632055044174, 2.449921131134033, 0.9202357530593872, -1.167052149772644, 0.2199999988079071, 0.04985358938574791, 1.9726985692977905, -0.05951777473092079, -0.634760856628418, -1.5953389406204224, -1.5649664402008057, 1.3436133861541748, 1.0, 0.0]","[-1.1403400897979736, -2.0250725746154785, 0.12721049785614014, 0.20873689651489258, 2.4364562034606934, 1.0016300678253174, -1.2290732860565186, 0.3738333284854889, -0.05432184785604477, 2.0593791007995605, -0.320085346698761, -0.2439160943031311, -1.5510084629058838, -0.10480470210313797, 1.6751128435134888, 1.0, 55.099998474121094, 17.836999893188477, -3.3510000705718994, 3.0390000343322754, 0.2070000022649765, 1.2719999551773071, -0.28999999165534973, 14.970000267028809, -6.51200008392334, 43.821998596191406, 0.6600000262260437, 1.3009999990463257, 0.24400000274181366, 0.6000000238418579, 0.0, 0.017999999225139618, 0.006000000052154064, 0.024000000208616257, 0.335999995470047, 0.012000000104308128, -1.746000051498413, 0.012000000104308128, 0.12600000202655792, -0.6240000128746033, 0.05400000140070915, -3.6059999465942383, -0.593999981880188, -0.12879100441932678, 0.4777950048446655, -0.05426499992609024, 0.23929700255393982, -0.9409350156784058, -0.14385700225830078, -0.19152599573135376, 0.5822460055351257, 0.012657999992370605, 0.0220320001244545, 0.6003320217132568, -0.10709699988365173, 0.7925410270690918, -0.0028909998945891857]",8.633333333333333,227,0,493,0
"[-0.847370445728302, -2.02638840675354, 0.6559292078018188, 0.0009199735941365361, 1.6109851598739624, 0.8321835398674011, -0.7801832556724548, 1.0, 0.037427887320518494, 2.0662708282470703, -0.18407638370990753, -0.05061977729201317, -1.4618829488754272, 0.056756392121315, 1.7211251258850098, 1.0, 0.0]","[-1.3083834648132324, -2.0259275436401367, 0.0745987519621849, 0.1162169948220253, 2.6362414360046387, 0.8264669179916382, -1.5335583686828613, 0.37308332324028015, 0.44703409075737, 1.939480185508728, -0.5801602005958557, -0.6459117531776428, -1.6591111421585083, -1.3382580280303955, 1.3638744354248047, 1.0, 55.099998474121094, 18.128999710083008, -2.440999984741211, 3.8580000400543213, 0.16099999845027924, 1.3420000076293945, -0.2879999876022339, 25.917999267578125, -6.617000102996826, 28.96299934387207, 0.3240000009536743, 1.656999945640564, 0.2590000033378601, -0.11999999731779099, 0.0, 0.0, -0.25200000405311584, 0.20399999618530273, -0.012000000104308128, 0.029999999329447746, 0.28200000524520874, -0.035999998450279236, -0.5040000081062317, -0.05999999865889549, 0.0, 0.09600000083446503, 0.6660000085830688, -0.07768700271844864, 0.49119898676872253, -0.07989899814128876, 0.22078700363636017, -0.9391120076179504, -0.21348799765110016, -0.1540919989347458, 0.30869799852371216, 0.37666600942611694, 0.1014460027217865, 0.37553200125694275, -0.834496021270752, 0.258311003446579, 0.30962198972702026]",11.2,282,0,86,0
"[-1.322290062904358, -2.0263893604278564, 0.06733980774879456, 0.07715866714715958, 2.672194242477417, 0.855961263179779, -1.4802908897399902, 0.2160000056028366, 0.5100470781326294, 1.9506064653396606, -0.6442707777023315, -0.658076286315918, -1.6769465208053589, -1.3222895860671997, 1.4278281927108765, 0.24300000071525574, 0.0]","[0.02762334980070591, -2.0259275436401367, -0.03359124809503555, 0.055892352014780045, 1.0097792148590088, 0.34509119391441345, -0.9935157895088196, 1.0, 0.03706379979848862, 2.065800905227661, -0.18406260013580322, -0.043241098523139954, -1.4628161191940308, 0.055560801178216934, 1.7222975492477417, 1.0, 55.099998474121094, 10.717000007629395, 4.40500020980835, 12.395000457763672, -0.1979999989271164, 1.409000039100647, -0.37700000405311584, 12.557000160217285, -1.2829999923706055, 44.084999084472656, 0.028999999165534973, 1.277999997138977, 0.22699999809265137, 1.7039999961853027, 0.0, -0.024000000208616257, -0.7200000286102295, -1.5420000553131104, 6.803999900817871, 0.17399999499320984, 0.006000000052154064, 0.0, 0.0, -0.006000000052154064, -0.024000000208616257, 0.0, -0.006000000052154064, -0.5760599970817566, 0.028603000566363335, 0.015254000201821327, 0.6252920031547546, -0.06093500182032585, -0.7695339918136597, -0.1145159974694252, 0.5589690208435059, 0.014739000238478184, -0.04292000085115433, 0.5322399735450745, 0.028898999094963074, 0.8460419774055481, 0.009854000061750412]",6.0,281,0,197,0
"[-0.10185566544532776, -2.02638840675354, -0.1481819897890091, 0.09541328251361847, 1.089892864227295, -0.08252718299627304, -1.017642855644226, 1.0, 0.03988250344991684, 2.0662708282470703, -0.18407638370990753, -0.04279738664627075, -1.4618829488754272, 0.05675636604428291, 1.7226591110229492, 1.0, 0.0]","[-1.0245767831802368, -2.007692337036133, 0.1251164972782135, 0.20360660552978516, 2.3718388080596924, 1.0326910018920898, -0.9385656714439392, 0.37450000643730164, 0.03210800141096115, 2.0658183097839355, -0.18552839756011963, -0.0397161990404129, -1.4655731916427612, 0.05676484853029251, 1.7234492301940918, 1.0, 55.099998474121094, 16.030000686645508, -6.568999767303467, 0.4000000059604645, 0.39399999380111694, 1.1299999952316284, -0.1379999965429306, 13.017999649047852, -2.999000072479248, 44.3380012512207, 0.1420000046491623, 1.3220000267028809, 0.20600000023841858, -0.6959999799728394, 0.20999999344348907, 0.024000000208616257, 0.75, 0.18000000715255737, 0.3479999899864197, -1.253999948501587, 0.035999998450279236, 0.0, 0.029999999329447746, -0.006000000052154064, 0.029999999329447746, 0.0, 0.0, -0.1761309951543808, 0.4646649956703186, -0.04301400110125542, 0.28157100081443787, -0.9416689872741699, -0.06826400011777878, -0.17122100293636322, 0.558489978313446, 0.011540000326931477, -0.04403899982571602, 0.5309649705886841, 0.03013700060546398, 0.8468289971351624, 0.006870000157505274]",7.233333333333333,236,0,344,0
"[-0.11888253688812256, -2.02638840675354, 0.022548722103238106, 0.07132895290851593, 1.1696594953536987, -0.07270989567041397, -0.9575108289718628, 1.0, 0.03834838792681694, 2.0662708282470703, -0.18407638370990753, -0.04295080155134201, -1.4629566669464111, 0.05675636604428291, 1.722812533378601, 1.0, 0.0]","[-0.11839824914932251, -2.026049852371216, -0.019282249733805656, 0.089850053191185, 1.163059949874878, -0.08053174614906311, -0.9584936499595642, 1.0, 0.03994305059313774, 2.0658183097839355, -0.18408004939556122, -0.04322364926338196, -1.463112711906433, 0.05669505149126053, 1.7222975492477417, 1.0, 55.099998474121094, 6.289999961853027, -5.064000129699707, 10.708000183105469, 0.2879999876022339, 0.6480000019073486, 0.05000000074505806, 13.710000038146973, -3.2929999828338623, 44.07400131225586, 0.1860000044107437, 1.3580000400543213, 0.1899999976158142, -0.08399999886751175, 0.0, 1.3559999465942383, -0.13199999928474426, 0.5400000214576721, 0.18000000715255737, 0.33000001311302185, 0.0, 0.0, 0.0, 0.0, 0.0, 0.0, 0.0, -0.5715479850769043, 0.05546699836850166, -0.009736999869346619, 0.5511590242385864, -0.10496699810028076, -0.8262959718704224, 0.04938000068068504, 0.5589200258255005, 0.016164999455213547, -0.04292299970984459, 0.5322710275650024, 0.02784699946641922, 0.8460559844970703, 0.010060999542474747]",15.366666666666667,341,0,472,0
"[-0.8395463824272156, -2.02638840675354, 0.43411532044410706, -0.031138934195041656, 1.830344557762146, 0.7893857359886169, -0.7795694470405579, 1.0, 0.038348376750946045, 2.0662708282470703, -0.18407638370990753, -0.05061977729201317, -1.4618829488754272, 0.056756392121315, 1.723886251449585, 1.0, 0.0]","[-1.3220120668411255, -2.0259275436401367, 0.06613549590110779, 0.0705503523349762, 2.6700592041015625, 0.8535318374633789, -1.4799869060516357, 0.37275001406669617, 0.5054566860198975, 1.9512590169906616, -0.6419680714607239, -0.6580220460891724, -1.677014708518982, -1.3221341371536255, 1.4241468906402588, 0.7913333177566528, 55.099998474121094, 15.633000373840332, -1.2380000352859497, 3.4119999408721924, 0.05000000074505806, 1.1130000352859497, -0.2840000092983246, 26.106000900268555, -5.921000003814697, 30.257999420166016, 0.2980000078678131, 1.6890000104904175, 0.22499999403953552, 0.0, 0.0, 0.0, 0.0, 0.0, 0.024000000208616257, 0.006000000052154064, 0.0, 0.0, 0.05400000140070915, 0.0, 0.0, 0.0, -0.035999998450279236, -0.0703670009970665, 0.47791001200675964, -0.09421300143003464, 0.18818700313568115, -0.9550020098686218, -0.17930099368095398, -0.14285199344158173, 0.28193899989128113, 0.3938019871711731, 0.08552999794483185, 0.3382290005683899, -0.8518509864807129, 0.2540600001811981, 0.3088729977607727]",13.833333333333334,421,0,373,0
"[-0.3189138174057007, -2.0102810859680176, 0.6372146010398865, 0.2902284860610962, 1.367695927619934, 1.3144673109054565, -0.7729734778404236, 1.0, 0.03221353143453598, 2.0662708282470703, -0.18407638370990753, -0.04325763136148453, -1.4618829488754272, 0.056756392121315, 1.7211251258850098, 1.0, 0.0]","[-1.2852274179458618, -2.0259275436401367, 0.07582024484872818, 0.11925330013036728, 2.581937074661255, 0.8359422087669373, -1.487385630607605, 0.37308332324028015, 0.4380298852920532, 1.9413299560546875, -0.5539502501487732, -0.6390189528465271, -1.6581687927246094, -1.3426204919815063, 1.3295155763626099, 1.0, 55.099998474121094, 14.303000450134277, -0.6000000238418579, 1.5210000276565552, 0.054999999701976776, 0.9010000228881836, -0.29600000381469727, 25.711999893188477, -6.434000015258789, 30.264999389648438, 0.3540000021457672, 1.6549999713897705, 0.23800000548362732, -0.5220000147819519, 0.0, 0.0, 0.27000001072883606, 1.1759999990463257, -0.257999986410141, -1.6200000047683716, 0.012000000104308128, -0.041999999433755875, -0.15600000321865082, -0.11999999731779099, -0.024000000208616257, 0.15600000321865082, 0.46799999475479126, -0.08308099955320358, 0.49112701416015625, -0.07693599909543991, 0.22584199905395508, -0.9350879788398743, -0.21397800743579865, -0.16975900530815125, 0.3140549957752228, 0.3730219900608063, 0.104093998670578, 0.38794299960136414, -0.8305789828300476, 0.25273698568344116, 0.309455007314682]",13.166666666666666,35,0,384,0
"[-1.2399156093597412, -2.0263893604278564, 0.0871286392211914, 0.0883563682436943, 2.5364372730255127, 0.8597966432571411, -1.2403767108917236, 0.2199999988079071, 0.4238378703594208, 1.9556703567504883, -0.5125018358230591, -0.6366016268730164, -1.6493358612060547, -1.3655484914779663, 1.2385354042053223, 1.0, 0.0]","[-0.8497975468635559, -2.02597975730896, 0.6605173945426941, -0.00019194999185856432, 1.6047543287277222, 0.8316146731376648, -0.7787062525749207, 1.0, 0.036993999034166336, 2.065870523452759, -0.18401025235652924, -0.050587549805641174, -1.46145498752594, 0.056817200034856796, 1.7220706939697266, 1.0, 55.099998474121094, 17.908000946044922, -3.5280001163482666, 1.2020000219345093, 0.1809999942779541, 1.0729999542236328, -0.20399999618530273, 13.553999900817871, -3.818000078201294, 44.349998474121094, 0.21299999952316284, 1.3760000467300415, 0.2150000035762787, 0.05400000140070915, 0.0, -2.315999984741211, -0.1860000044107437, 2.2260000705718994, -0.257999986410141, -0.05400000140070915, 0.006000000052154064, 0.0, 0.0, 0.0, 0.0, 0.0, 0.0, -0.24965299665927887, 0.422776997089386, -0.08085300028324127, 0.3336249887943268, -0.904466986656189, -0.2065500020980835, -0.1672399938106537, 0.5600950121879578, 0.015035999938845634, -0.04054500162601471, 0.5352479815483093, 0.029464000836014748, 0.8441159725189209, 0.010420000180602074]",10.133333333333333,463,0,281,0
"[-1.1983442306518555, -2.024855375289917, 0.08958309888839722, 0.051387492567300797, 2.5029959678649902, 0.8553478717803955, -1.2265706062316895, 0.2199999988079071, 0.2587818205356598, 1.9466209411621094, -0.37843257188796997, -0.6550082564353943, -1.6520969867706299, -1.5097432136535645, 1.2103103399276733, 1.0, 0.0]","[-1.2960638999938965, -2.025822877883911, 0.07583770155906677, 0.12347620725631714, 2.6087749004364014, 0.8308468461036682, -1.5189875364303589, 0.37308332324028015, 0.4388500452041626, 1.9406667947769165, -0.5598657727241516, -0.6418633460998535, -1.6587446928024292, -1.3402996063232422, 1.339933156967163, 1.0, 55.099998474121094, 16.929000854492188, 0.04399999976158142, 2.861999988555908, -0.09399999678134918, 1.1770000457763672, -0.4009999930858612, 26.492000579833984, -5.696000099182129, 29.429000854492188, 0.2840000092983246, 1.6649999618530273, 0.1899999976158142, -0.44999998807907104, 0.0, 0.0, 0.012000000104308128, 0.9539999961853027, -0.19200000166893005, -1.0199999809265137, 0.05400000140070915, 0.0, -0.2759999930858612, -0.05999999865889549, -0.006000000052154064, 0.029999999329447746, 0.44999998807907104, -0.08095599710941315, 0.4923050105571747, -0.07688099890947342, 0.2254370003938675, -0.9356970191001892, -0.21723699569702148, -0.16265200078487396, 0.31340301036834717, 0.37367600202560425, 0.1039080023765564, 0.38572099804878235, -0.8309580087661743, 0.25528401136398315, 0.3091230094432831]",3.533333333333333,433,0,308,0
"[-1.0800747871398926, -2.024855375289917, 0.1194954589009285, 0.11658165603876114, 2.446699857711792, 0.9900315403938293, -1.166131854057312, 0.2199999988079071, -0.07117608934640884, 2.0231668949127197, 0.05798372998833656, -0.6335334181785583, -1.5232418775558472, -1.5842945575714111, 1.3673901557922363, 1.0, 0.0]","[-0.3797992467880249, -2.015475034713745, 0.6821030378341675, 0.30195480585098267, 1.4261709451675415, 1.2547247409820557, -0.779020369052887, 1.0, 0.032648950815200806, 2.065870523452759, -0.18394045531749725, -0.04263035207986832, -1.4629555940628052, 0.057044051587581635, 1.7207444906234741, 1.0, 55.099998474121094, 18.148000717163086, 0.6710000038146973, -1.1950000524520874, -0.11500000208616257, 1.152999997138977, -0.296999990940094, 14.194999694824219, -4.11899995803833, 44.053001403808594, 0.23499999940395355, 1.3799999952316284, 0.2160000056028366, -1.9140000343322754, -0.31200000643730164, 1.277999997138977, 0.14399999380111694, 1.6740000247955322, -2.196000099182129, -0.024000000208616257, 0.07199999690055847, 0.0, 0.0, 0.0, 0.0, 0.0, 0.0, -0.3428860008716583, 0.3304390013217926, 0.008851000107824802, 0.4222959876060486, -0.8341630101203918, -0.22097699344158173, -0.2774989902973175, 0.5589159727096558, 0.011986999772489071, -0.04314199835062027, 0.5320529937744141, 0.030513999983668327, 0.8461260199546814, 0.007563000079244375]",4.0,190,0,211,0
"[-1.321829915046692, -2.0263893604278564, 0.06749321520328522, 0.07976672798395157, 2.6752638816833496, 0.855961263179779, -1.4802908897399902, 0.2160000056028366, 0.5244665741920471, 1.9490724802017212, -0.6362943053245544, -0.6405898332595825, -1.685842514038086, -1.3100172281265259, 1.4465429782867432, 1.0, 0.0]","[-0.8935272693634033, -2.0259974002838135, 0.1563345491886139, -0.1072825938463211, 2.0608623027801514, 0.7222205996513367, -0.676536500453949, 0.7283333539962769, 0.03987324982881546, 2.0658183097839355, -0.18247464299201965, -0.05060500279068947, -1.461594581604004, 0.05683464929461479, 1.725490927696228, 1.0, 55.099998474121094, 15.687000274658203, -4.079999923706055, 2.2190001010894775, 0.24899999797344208, 0.9980000257492065, -0.21699999272823334, 13.279000282287598, -3.6610000133514404, 44.16999816894531, 0.23199999332427979, 1.312999963760376, 0.2240000069141388, -0.14399999380111694, 0.0, 0.0, -0.09600000083446503, 0.0, -0.024000000208616257, 0.0, 0.0, 0.0, 0.0, 0.0, 0.0, 0.0, 0.0, -0.23682700097560883, 0.4216249883174896, -0.1034109964966774, 0.32989901304244995, -0.9119420051574707, -0.19717299938201904, -0.14370299875736237, 0.5600640177726746, 0.01661599986255169, -0.04051699861884117, 0.5352100133895874, 0.030309999361634254, 0.8440830111503601, 0.01243599969893694]",3.066666666666667,288,0,107,0
"[-1.0526162385940552, -2.00337815284729, 0.12793323397636414, 0.2284088432788849, 2.3764421939849854, 1.0323686599731445, -0.9952471256256104, 0.2199999988079071, 0.03574032336473465, 2.0662708282470703, -0.18407638370990753, -0.04356444627046585, -1.4634168148040771, 0.056756392121315, 1.7241930961608887, 1.0, 0.0]","[-0.8400080800056458, -2.025944948196411, 0.34500396251678467, -0.03950680047273636, 1.9231470823287964, 0.7760189771652222, -0.774622917175293, 1.0, 0.038407448679208755, 2.0658531188964844, -0.18392300605773926, -0.05053519830107689, -1.4615421295166016, 0.05666014924645424, 1.7238157987594604, 1.0, 55.099998474121094, 14.470000267028809, -2.177000045776367, 1.8830000162124634, 0.12800000607967377, 0.8679999709129333, -0.3019999861717224, 13.619000434875488, -3.128000020980835, 43.68199920654297, 0.17499999701976776, 1.3669999837875366, 0.20600000023841858, 0.0, 0.0, -1.3980000019073486, 0.0, 1.6799999475479126, -0.05999999865889549, 0.035999998450279236, 0.0, 0.0, 0.012000000104308128, 0.0, 0.0, 0.0, 0.0, -0.2610659897327423, 0.41452598571777344, -0.09032399952411652, 0.33180299401283264, -0.903410017490387, -0.22922299802303314, -0.14564499258995056, 0.5600720047950745, 0.015845999121665955, -0.040550000965595245, 0.5352150201797485, 0.02957100048661232, 0.8441219925880432, 0.01131999958306551]",5.966666666666667,25,0,25,0
"[-1.130082368850708, -2.024855375289917, 0.0903501883149147, 0.040342703461647034, 2.45283579826355, 0.8820393681526184, -1.169506549835205, 0.2199999988079071, 0.10998541861772537, 1.9564383029937744, -0.11964995414018631, -0.6402828097343445, -1.6332283020019531, -1.5563764572143555, 1.3202968835830688, 1.0, 0.0]","[-0.8381584286689758, -2.0259974002838135, 0.1548163890838623, -0.0868835523724556, 2.0611765384674072, 0.7715517282485962, -0.6683524250984192, 0.9456666707992554, 0.03694165125489235, 2.065870523452759, -0.18242231011390686, -0.050587549805641174, -1.461594581604004, 0.05690445005893707, 1.725473403930664, 1.0, 55.099998474121094, 16.527000427246094, -3.127000093460083, 1.5640000104904175, 0.2070000022649765, 1.0219999551773071, -0.23800000548362732, 13.11299991607666, -3.805000066757202, 44.17499923706055, 0.21400000154972076, 1.3270000219345093, 0.2199999988079071, -0.1379999965429306, 0.0, 0.0, 0.0, 0.0, -0.006000000052154064, -0.024000000208616257, 0.017999999225139618, 0.0, 0.0, 0.0, 0.0, 0.0, 0.0, -0.2541140019893646, 0.41034001111984253, -0.09844300150871277, 0.3331499993801117, -0.9076870083808899, -0.20581600069999695, -0.15084099769592285, 0.5600969791412354, 0.014940000139176846, -0.0405460000038147, 0.535198986530304, 0.03156900033354759, 0.8440549969673157, 0.011606999672949314]",14.4,91,0,31,0
"[-0.8375516533851624, -2.02638840675354, 0.2725870907306671, -0.04279737174510956, 2.00567889213562, 0.7740456461906433, -0.7651498317718506, 1.0, 0.038348376750946045, 2.0662708282470703, -0.18254226446151733, -0.05061977729201317, -1.4618829488754272, 0.056756392121315, 1.7241930961608887, 1.0, 0.0]","[-1.3226401805877686, -2.02597975730896, 0.06742680072784424, 0.07964180409908295, 2.6759400367736816, 0.8558177947998047, -1.4799518585205078, 0.37275001406669617, 0.5173750519752502, 1.9508925676345825, -0.6453882455825806, -0.6549334526062012, -1.6812551021575928, -1.3180333375930786, 1.435890793800354, 0.9901666641235352, 55.099998474121094, 15.267999649047852, -2.265000104904175, 3.562000036239624, 0.1420000046491623, 1.0880000591278076, -0.2709999978542328, 25.979999542236328, -5.989999771118164, 29.683000564575195, 0.296999990940094, 1.6299999952316284, 0.20499999821186066, 0.0, 0.0, 0.0, 0.0, 0.0, 0.0, 0.012000000104308128, -0.05400000140070915, 0.0, 0.0, -0.14399999380111694, 0.006000000052154064, -0.04800000041723251, -0.024000000208616257, -0.07090599834918976, 0.47928598523139954, -0.0923599973320961, 0.1910420060157776, -0.9554629921913147, -0.17592500150203705, -0.14014999568462372, 0.27825599908828735, 0.3970479965209961, 0.08409900218248367, 0.33382299542427063, -0.8528310060501099, 0.2557249963283539, 0.3095889985561371]",16.166666666666668,466,0,433,0
"[-1.305263876914978, -2.0263893604278564, 0.04678558558225632, 0.06442701071500778, 2.665600061416626, 0.8433828949928284, -1.455748438835144, 0.2160000056028366, 0.492406964302063, 1.9420171976089478, -0.6350674629211426, -0.7284863591194153, -1.674798846244812, -1.3626320362091064, 1.4598894119262695, 0.24300000071525574, 0.0]","[-0.8920963406562805, -2.026014804840088, 0.15622985363006592, -0.10632284730672836, 2.060844898223877, 0.7227266430854797, -0.6766935586929321, 0.7546666860580444, 0.03987324982881546, 2.0659055709838867, -0.18247464299201965, -0.050587549805641174, -1.4615771770477295, 0.056712500751018524, 1.7254384756088257, 1.0, 55.099998474121094, 15.70300006866455, -4.190999984741211, 2.7790000438690186, 0.27399998903274536, 1.0700000524520874, -0.23399999737739563, 13.284000396728516, -3.3399999141693115, 44.2400016784668, 0.17100000381469727, 1.343999981880188, 0.21400000154972076, -0.14399999380111694, 0.0, 0.006000000052154064, -0.12600000202655792, 0.0, -0.07199999690055847, 0.012000000104308128, 0.0, 0.0, 0.0, 0.0, 0.0, 0.0, 0.0, -0.23743599653244019, 0.42146098613739014, -0.10317700356245041, 0.33030301332473755, -0.9117130041122437, -0.19763700664043427, -0.14359000325202942, 0.5600399971008301, 0.01663300022482872, -0.04056699946522713, 0.5351629853248596, 0.030268000438809395, 0.8441129922866821, 0.012474000453948975]",4.933333333333334,41,0,310,0
"[-0.2936030626296997, -2.0101280212402344, 0.617426335811615, 0.2837858200073242, 1.3416184186935425, 1.3403916358947754, -0.7642297148704529, 1.0, 0.03221353143453598, 2.0662708282470703, -0.18407638370990753, -0.043717872351408005, -1.4621896743774414, 0.056756392121315, 1.7211251258850098, 1.0, 0.0]","[-0.8920090794563293, -2.026014804840088, 0.11972445249557495, -0.07103895395994186, 2.0749096870422363, 0.7700685262680054, -0.6417412161827087, 0.3752500116825104, 0.03701145201921463, 2.0658183097839355, -0.18250954151153564, -0.050587549805641174, -1.4616295099258423, 0.05669505149126053, 1.7262587547302246, 1.0, 55.099998474121094, 15.3100004196167, -3.187999963760376, 1.4129999876022339, 0.22499999403953552, 1.031999945640564, -0.23199999332427979, 13.083000183105469, -2.8310000896453857, 44.08000183105469, 0.14399999380111694, 1.3420000076293945, 0.19900000095367432, -0.14399999380111694, 0.0, -0.18000000715255737, 0.7919999957084656, 0.9480000138282776, 1.3860000371932983, -0.5640000104904175, 0.0, 0.0, 0.0, 0.006000000052154064, 0.0, 0.0, 0.0, -0.23207800090312958, 0.4285149872303009, -0.09281100332736969, 0.3427720069885254, -0.9099010229110718, -0.1714870035648346, -0.15867699682712555, 0.56010502576828, 0.015041000209748745, -0.04052700102329254, 0.5352060198783875, 0.031780000776052475, 0.8440380096435547, 0.011924000456929207]",11.533333333333333,55,0,173,0
"[-1.1210319995880127, -2.01503586769104, 0.13008110225200653, 0.25310593843460083, 2.406048536300659, 1.01932954788208, -1.1276297569274902, 0.2199999988079071, 0.04141661897301674, 2.0662708282470703, -0.18407638370990753, -0.04601908102631569, -1.463110089302063, 0.05307444557547569, 1.7252668142318726, 1.0, 0.0]","[0.11244779825210571, -2.02597975730896, 0.13611000776290894, -0.02947304956614971, 0.9986111521720886, 1.4184232950210571, -0.7627918720245361, 1.0, 0.039890699088573456, 2.0658183097839355, -0.18458610773086548, -0.043118949979543686, -1.4628509283065796, 0.056590352207422256, 1.7221754789352417, 1.0, 55.099998474121094, 12.390000343322754, 5.863999843597412, -6.34499979019165, -0.38499999046325684, 0.4410000145435333, -0.4569999873638153, 13.838000297546387, -2.122999906539917, 44.89099884033203, 0.16099999845027924, 1.4620000123977661, 0.16300000250339508, -1.4459999799728394, 0.0, 3.078000068664551, 0.6060000061988831, 0.27000001072883606, 4.230000019073486, 2.1659998893737793, 0.0, 0.0, -0.041999999433755875, 0.0, -0.05400000140070915, 0.0, -0.012000000104308128, -0.4823080003261566, 0.08993099629878998, 0.07787899672985077, 0.7306709885597229, -0.3680010139942169, -0.4648459851741791, -0.33854299783706665, 0.5589060187339783, 0.016154000535607338, -0.04295499995350838, 0.5322319865226746, 0.027689000591635704, 0.8460860252380371, 0.009991999715566635]",9.0,100,0,479,0
"[-1.2701349258422852, -2.0263893604278564, -0.032826926559209824, 0.06120532751083374, 2.666059970855713, 0.8812726140022278, -1.3518973588943481, 0.2160000056028366, 0.476453572511673, 1.9194666147232056, -0.6335334777832031, -0.8774362206459045, -1.5938047170639038, -1.3296514749526978, 1.5528485774993896, 0.23999999463558197, 0.0]","[-0.7111921906471252, -2.026014804840088, 0.77664715051651, 0.1113833487033844, 1.5123043060302734, 0.9725931882858276, -0.7816552519798279, 1.0, 0.03418454900383949, 2.0658531188964844, -0.18401025235652924, -0.049331147223711014, -1.4624844789505005, 0.05678229779005051, 1.7213727235794067, 1.0, 55.099998474121094, 15.781000137329102, -3.068000078201294, 0.36399999260902405, 0.21299999952316284, 1.0019999742507935, -0.29499998688697815, 13.708000183105469, -2.6630001068115234, 44.49599838256836, 0.1679999977350235, 1.3910000324249268, 0.21199999749660492, -0.7319999933242798, 0.0, -0.012000000104308128, -0.527999997138977, 0.0, -0.8100000023841858, 0.012000000104308128, -0.06599999964237213, 0.0, 0.0, -0.017999999225139618, 0.0, 0.0, 0.024000000208616257, -0.27481499314308167, 0.4001370072364807, -0.06065699830651283, 0.33850499987602234, -0.8991550207138062, -0.19437700510025024, -0.19786499440670013, 0.5599520206451416, 0.013379000127315521, -0.0409340001642704, 0.5347909927368164, 0.029961999505758286, 0.8444030284881592, 0.009085999801754951]",8.466666666666667,40,0,53,0
"[-1.2417562007904053, -2.0263893604278564, 0.08390728384256363, 0.08989033848047256, 2.535977363586426, 0.8597966432571411, -1.2451320886611938, 0.2199999988079071, 0.4273660480976105, 1.9552102088928223, -0.5134223103523254, -0.6361416578292847, -1.6504096984863281, -1.36585533618927, 1.2488129138946533, 1.0, 0.0]","[-0.8957434296607971, -2.026049852371216, 0.15310630202293396, -0.11007460206747055, 2.061159133911133, 0.7219937443733215, -0.6764143705368042, 0.6106666922569275, 0.03948935121297836, 2.0658183097839355, -0.18247464299201965, -0.050587549805641174, -1.461594581604004, 0.05669505149126053, 1.7254210710525513, 1.0, 55.099998474121094, 15.63700008392334, -4.01800012588501, 2.11899995803833, 0.2280000001192093, 0.9860000014305115, -0.19099999964237213, 13.407999992370605, -2.802000045776367, 43.972999572753906, 0.15600000321865082, 1.3559999465942383, 0.19900000095367432, 0.0, 0.0, -0.2160000056028366, -0.017999999225139618, 0.0, 0.0, 0.041999999433755875, -0.017999999225139618, 0.0, 0.0, 0.0, 0.0, 0.0, 0.0, -0.23547300696372986, 0.4218449890613556, -0.10391999781131744, 0.3292500078678131, -0.9118379950523376, -0.19756199419498444, -0.14530299603939056, 0.5600659847259521, 0.016423000022768974, -0.04052700102329254, 0.535194993019104, 0.03040499985218048, 0.8440899848937988, 0.012372000142931938]",9.433333333333334,408,0,44,0
"[-1.2253427505493164, -2.0263893604278564, 0.09096384048461914, 0.06780075281858444, 2.5399649143218994, 0.8605638742446899, -1.234853982925415, 0.2199999988079071, 0.34897977113723755, 1.9556703567504883, -0.49302056431770325, -0.6502540707588196, -1.6520969867706299, -1.4396400451660156, 1.1610698699951172, 1.0, 0.0]","[0.1362321525812149, -2.0259101390838623, -0.017205700278282166, -0.015355999581515789, 0.9901304841041565, 0.9743731021881104, -0.9537122845649719, 1.0, 0.0382329486310482, 2.0658531188964844, -0.18401025235652924, -0.044235751032829285, -1.462885856628418, 0.05657290294766426, 1.7224197387695312, 1.0, 55.099998474121094, 11.401000022888184, 7.451000213623047, 2.436000108718872, -0.15600000321865082, 0.5889999866485596, -0.5630000233650208, 12.26099967956543, -3.2669999599456787, 43.53300094604492, 0.12099999934434891, 1.2430000305175781, 0.22300000488758087, 0.38999998569488525, 0.0, 0.7379999756813049, -0.5040000081062317, 0.30000001192092896, 6.269999980926514, 1.4520000219345093, 0.0, 0.0, 0.0, -0.006000000052154064, 0.006000000052154064, 0.012000000104308128, 0.0, -0.541799008846283, 0.037087999284267426, 0.058455999940633774, 0.7099909782409668, -0.16598199307918549, -0.6263390183448792, -0.2757900059223175, 0.5590969920158386, 0.015305000357329845, -0.04261000081896782, 0.5326690077781677, 0.028669999912381172, 0.8457800149917603, 0.00987400021404028]",14.866666666666667,328,0,397,0
"[-1.3130862712860107, -2.0263893604278564, 0.07362975180149078, 0.08743569254875183, 2.66882061958313, 0.8420024514198303, -1.512811541557312, 0.2160000056028366, 0.5023781657218933, 1.939103603363037, -0.5921149849891663, -0.6427367329597473, -1.6683564186096191, -1.3310338258743286, 1.4138692617416382, 1.0, 0.0]","[-0.7492506504058838, -2.026049852371216, 0.7785841226577759, 0.08381234854459763, 1.5123217105865479, 0.9427013397216797, -0.7778860926628113, 1.0, 0.0315495990216732, 2.0658183097839355, -0.18399278819561005, -0.05074460059404373, -1.4621180295944214, 0.056712500751018524, 1.7219136953353882, 1.0, 55.099998474121094, 17.091999053955078, -4.442999839782715, 0.25, 0.22200000286102295, 1.0, -0.25200000405311584, 12.767000198364258, -2.9509999752044678, 44.042999267578125, 0.10100000351667404, 1.3070000410079956, 0.21899999678134918, -0.8460000157356262, 0.0, -0.012000000104308128, -0.6480000019073486, 0.0, -0.7559999823570251, 0.07800000160932541, -0.024000000208616257, 0.0, 0.0, 0.0, 0.0, 0.0, 0.0, -0.26663100719451904, 0.40644600987434387, -0.0664760023355484, 0.3340829908847809, -0.902866005897522, -0.19191600382328033, -0.19075700640678406, 0.5602099895477295, 0.012016999535262585, -0.040460001677274704, 0.5353779792785645, 0.03139299899339676, 0.8439819812774658, 0.008813000284135342]",4.866666666666666,220,0,355,0
"[-1.2957522869110107, -2.0263893604278564, 0.02991189993917942, 0.06212581321597099, 2.6683597564697266, 0.8432292938232422, -1.4354993104934692, 0.2160000056028366, 0.49102717638015747, 1.941710352897644, -0.6335334777832031, -0.804571807384491, -1.6637544631958008, -1.3727571964263916, 1.5072897672653198, 0.23999999463558197, 0.0]","[-0.1199164018034935, -2.026014804840088, 0.010312950238585472, 0.08622045069932938, 1.171278953552246, -0.07489539682865143, -0.9549512267112732, 1.0, 0.03990814834833145, 2.0658531188964844, -0.18408004939556122, -0.04320620000362396, -1.463007926940918, 0.056747402995824814, 1.722350001335144, 1.0, 55.099998474121094, 6.0370001792907715, -4.34499979019165, 10.255000114440918, 0.37700000405311584, 0.5799999833106995, -0.10300000011920929, 13.418000221252441, -3.177999973297119, 44.23400115966797, 0.16599999368190765, 1.3389999866485596, 0.20399999618530273, -0.035999998450279236, 0.0, 0.492000013589859, -0.07199999690055847, 0.06599999964237213, 0.024000000208616257, 0.017999999225139618, 0.0, 0.0, 0.0, 0.0, 0.006000000052154064, 0.0, 0.0, -0.5711560249328613, 0.057920001447200775, -0.010269000194966793, 0.5508270263671875, -0.12448800355195999, -0.8232640027999878, 0.057684000581502914, 0.5589100122451782, 0.016140999272465706, -0.04294399917125702, 0.5322499871253967, 0.027932999655604362, 0.8460659980773926, 0.010068999603390694]",0.6,312,0,275,0
"[-1.322290062904358, -2.0263893604278564, 0.06595910340547562, 0.07056184113025665, 2.6706602573394775, 0.8542736768722534, -1.4802908897399902, 0.2160000056028366, 0.5062136650085449, 1.951220154762268, -0.6425831913948059, -0.658076286315918, -1.6766396760940552, -1.3222895860671997, 1.4243011474609375, 0.24300000071525574, 0.0]","[-0.7595286965370178, -2.0259974002838135, 0.7782176733016968, 0.07585515081882477, 1.5122867822647095, 0.9315857291221619, -0.7769263386726379, 1.0, 0.031095899641513824, 2.065870523452759, -0.18401025235652924, -0.05079694837331772, -1.4618911743164062, 0.056939348578453064, 1.7220706939697266, 1.0, 55.099998474121094, 15.866000175476074, -3.819999933242798, 1.0770000219345093, 0.21699999272823334, 0.9610000252723694, -0.28999999165534973, 13.152000427246094, -3.6059999465942383, 44.016998291015625, 0.17399999499320984, 1.3140000104904175, 0.23100000619888306, -0.8159999847412109, 0.0, -0.05400000140070915, -0.6480000019073486, 0.0, -0.9900000095367432, 0.07199999690055847, -0.024000000208616257, 0.0, 0.0, 0.0, 0.0, 0.0, 0.0, -0.2649109959602356, 0.40822601318359375, -0.06800399720668793, 0.3337720036506653, -0.9035400152206421, -0.1921990066766739, -0.18780399858951569, 0.5602099895477295, 0.011730999685823917, -0.04046899825334549, 0.5353839993476868, 0.03179299831390381, 0.8439649939537048, 0.008701000362634659]",10.933333333333334,355,0,271,0
"[-1.0276124477386475, -2.006293296813965, 0.12563206255435944, 0.20616620779037476, 2.3707668781280518, 1.0316016674041748, -0.9450859427452087, 0.2199999988079071, 0.03343997150659561, 2.0662708282470703, -0.1849968582391739, -0.040496159344911575, -1.4637236595153809, 0.056756392121315, 1.7241930961608887, 1.0, 0.0]","[-0.845784068107605, -2.02597975730896, 0.5820796489715576, -0.008672649972140789, 1.6811505556106567, 0.8225232362747192, -0.7799277305603027, 1.0, 0.03797120228409767, 2.065870523452759, -0.18399278819561005, -0.05060500279068947, -1.46145498752594, 0.056817200034856796, 1.722105622291565, 1.0, 55.099998474121094, 16.690000534057617, -3.7039999961853027, 1.3769999742507935, 0.19699999690055847, 0.8230000138282776, -0.3149999976158142, 12.913999557495117, -3.365000009536743, 44.361000061035156, 0.19900000095367432, 1.2940000295639038, 0.1899999976158142, 0.11400000005960464, 0.0, -2.177999973297119, -0.3240000009536743, 2.3340001106262207, -0.3240000009536743, -0.012000000104308128, 0.017999999225139618, 0.0, 0.0, 0.0, 0.0, 0.0, 0.0, -0.2530660033226013, 0.42054399847984314, -0.08257299661636353, 0.3335390090942383, -0.9033880233764648, -0.21403199434280396, -0.16380299627780914, 0.5600839853286743, 0.015588000416755676, -0.04053699970245361, 0.5352519750595093, 0.02907799929380417, 0.8441230058670044, 0.010703999549150467]",2.533333333333333,146,0,192,0
"[-1.322290062904358, -2.0263893604278564, 0.06749321520328522, 0.07976672798395157, 2.6752638816833496, 0.855961263179779, -1.4802908897399902, 0.2160000056028366, 0.5246198177337646, 1.9501463174819946, -0.6415097117424011, -0.643657386302948, -1.685842514038086, -1.3100172281265259, 1.4465429782867432, 0.9629999995231628, 0.0]","[-0.977217435836792, -2.0234670639038086, 0.12351109832525253, 0.16540855169296265, 2.3474786281585693, 0.9913519620895386, -0.8936494588851929, 0.37450000643730164, 0.03329459950327873, 2.0658531188964844, -0.18760496377944946, -0.03975110128521919, -1.467998743057251, 0.056712500751018524, 1.7220706939697266, 1.0, 55.099998474121094, 18.527999877929688, -7.196000099182129, 0.5389999747276306, 0.48399999737739563, 1.1480000019073486, -0.14000000059604645, 13.729000091552734, -3.177999973297119, 44.426998138427734, 0.22499999403953552, 1.3860000371932983, 0.19499999284744263, -0.8399999737739563, 0.17399999499320984, 0.07199999690055847, 0.8640000224113464, 0.8579999804496765, 1.0920000076293945, -0.47999998927116394, -0.07800000160932541, 0.0, 0.07199999690055847, 0.0, 0.07199999690055847, 0.006000000052154064, 0.05999999865889549, -0.19618600606918335, 0.4518269896507263, -0.05721599981188774, 0.2871119976043701, -0.9392250180244446, -0.0907600000500679, -0.1648769974708557, 0.5584869980812073, 0.012253000400960445, -0.04401399940252304, 0.5310770273208618, 0.02709200046956539, 0.8468700051307678, 0.005694999825209379]",7.566666666666666,462,0,269,0
"[-1.322290062904358, -2.0263893604278564, 0.06749321520328522, 0.07976672798395157, 2.6752638816833496, 0.855961263179779, -1.4802908897399902, 0.2160000056028366, 0.5246198177337646, 1.9504531621932983, -0.6431969404220581, -0.6450379490852356, -1.6856892108917236, -1.3106309175491333, 1.4460827112197876, 0.8629999756813049, 0.0]","[-1.3166897296905518, -2.026102066040039, 0.06402404606342316, 0.06699054688215256, 2.6676862239837646, 0.8481746912002563, -1.4725531339645386, 0.37275001406669617, 0.49463769793510437, 1.9508053064346313, -0.6429626941680908, -0.6578999161720276, -1.6736993789672852, -1.3209125995635986, 1.4227508306503296, 0.44449999928474426, 55.099998474121094, 22.47800064086914, -2.8380000591278076, 2.4619998931884766, 0.7409999966621399, 2.686000108718872, -0.17100000381469727, 19.91699981689453, -8.46399974822998, 30.392000198364258, 0.8560000061988831, 0.22599999606609344, -0.07699999958276749, 0.024000000208616257, 0.0, -0.13199999928474426, 0.0, 0.0, 0.0, 0.1979999989271164, -0.04800000041723251, 0.0, 0.017999999225139618, 0.0, 0.0, 0.0, 0.0, -0.07277300208806992, 0.47762200236320496, -0.09474699944257736, 0.19007200002670288, -0.9544450044631958, -0.1803330034017563, -0.1427830010652542, 0.28603699803352356, 0.39101099967956543, 0.0859609991312027, 0.3408519923686981, -0.8500639796257019, 0.25801798701286316, 0.3076309859752655]",5.733333333333333,275,0,203,0
"[-1.089585304260254, -2.024855375289917, 0.13038793206214905, 0.21859107911586761, 2.4474663734436035, 1.0415732860565186, -1.2178270816802979, 0.2199999988079071, -0.2896147072315216, 2.0605967044830322, -0.09357194602489471, -0.28501269221305847, -1.4532922506332397, -0.7120729088783264, 1.4859669208526611, 1.0, 0.0]","[-1.2472387552261353, -2.026136875152588, 0.07074230164289474, 0.09112390130758286, 2.5382070541381836, 0.8600581288337708, -1.264182686805725, 0.37308332324028015, 0.4324633777141571, 1.9561275243759155, -0.516991138458252, -0.6375706195831299, -1.6473498344421387, -1.3645201921463013, 1.2705519199371338, 1.0, 55.099998474121094, 16.361000061035156, -3.5950000286102295, 1.8289999961853027, 0.1809999942779541, 1.1319999694824219, -0.1809999942779541, 26.73200035095215, -4.448999881744385, 29.24799919128418, 0.15399999916553497, 1.6779999732971191, 0.2070000022649765, -0.22200000286102295, 0.0, -0.3779999911785126, 0.0, 0.08399999886751175, -0.07800000160932541, -1.128000020980835, 0.07800000160932541, 0.0, -0.04800000041723251, -0.09000000357627869, -0.017999999225139618, 0.0, 0.5040000081062317, -0.09377700090408325, 0.4814920127391815, -0.0828080028295517, 0.2274709939956665, -0.9493780136108398, -0.14012199640274048, -0.1652349978685379, 0.31384000182151794, 0.36900201439857483, 0.10463599860668182, 0.4008159935474396, -0.8268340229988098, 0.23339000344276428, 0.31815001368522644]",6.533333333333333,143,0,22,0
"[-1.0357424020767212, -2.004605531692505, 0.1265525370836258, 0.2144497036933899, 2.371840238571167, 1.0334423780441284, -0.9610393643379211, 0.2199999988079071, 0.03405328094959259, 2.0662708282470703, -0.18469002842903137, -0.04126323387026787, -1.4634168148040771, 0.056756392121315, 1.7241930961608887, 1.0, 0.0]","[-0.8318589925765991, -2.026049852371216, 0.1659669429063797, -0.07735585421323776, 2.061734914779663, 0.771604061126709, -0.6864655613899231, 0.9904166460037231, 0.03371340036392212, 2.0658531188964844, -0.18247464299201965, -0.05055265128612518, -1.461594581604004, 0.05657290294766426, 1.7253687381744385, 1.0, 55.099998474121094, 15.300999641418457, -3.625, 1.9930000305175781, 0.22200000286102295, 0.9399999976158142, -0.23999999463558197, 13.262999534606934, -2.4619998931884766, 44.08300018310547, 0.12800000607967377, 1.3359999656677246, 0.18400000035762787, 0.07800000160932541, 0.0, -0.46799999475479126, -0.12600000202655792, 0.0, 0.0, 0.4560000002384186, 0.0, 0.0, 0.0, 0.0, 0.0, 0.0, 0.006000000052154064, -0.25817498564720154, 0.40946799516677856, -0.09698700159788132, 0.33334600925445557, -0.906777024269104, -0.2116290032863617, -0.14780999720096588, 0.5601410269737244, 0.013205000199377537, -0.040550000965595245, 0.5352029800415039, 0.03279099985957146, 0.8440160155296326, 0.010859999805688858]",4.333333333333333,419,0,440,0
"[-1.2313250303268433, -2.0263893604278564, 0.08973652869462967, 0.07393696904182434, 2.543339729309082, 0.8605638742446899, -1.234393835067749, 0.2199999988079071, 0.37659141421318054, 1.9573577642440796, -0.5063660144805908, -0.6473392248153687, -1.6519436836242676, -1.4118750095367432, 1.1681259870529175, 1.0, 0.0]","[-1.3226401805877686, -2.025944948196411, 0.06725230067968369, 0.0794498473405838, 2.6762890815734863, 0.8559573888778687, -1.479917049407959, 0.37308332324028015, 0.5250181555747986, 1.9508053064346313, -0.6453882455825806, -0.6457895636558533, -1.6854431629180908, -1.3106520175933838, 1.4444935321807861, 0.996916651725769, 55.099998474121094, 15.449000358581543, -2.2669999599456787, 3.5239999294281006, 0.14100000262260437, 1.1039999723434448, -0.25999999046325684, 25.47100067138672, -6.429999828338623, 30.83799934387207, 0.3089999854564667, 1.621999979019165, 0.24699999392032623, 0.0, 0.0, 0.0, 0.0, 0.0, 0.0, 0.0, -0.07199999690055847, 0.006000000052154064, 0.0, -0.041999999433755875, 0.07800000160932541, -0.1080000028014183, -0.17399999499320984, -0.07091300189495087, 0.4792259931564331, -0.09240999817848206, 0.19089099764823914, -0.9555109739303589, -0.17587600648403168, -0.14009299874305725, 0.27757200598716736, 0.3989950120449066, 0.08213300257921219, 0.33155399560928345, -0.8519080281257629, 0.26143398880958557, 0.30979999899864197]",6.966666666666667,385,0,13,0
"[-0.8340250849723816, -2.02638840675354, 0.19374077022075653, -0.06703405827283859, 2.060135841369629, 0.7731252312660217, -0.7117671966552734, 0.6259999871253967, 0.034052763134241104, 2.0662708282470703, -0.18254226446151733, -0.05061977729201317, -1.4618829488754272, 0.056756392121315, 1.7255736589431763, 1.0, 0.0]","[-1.2451796531677246, -2.0261194705963135, 0.07505245506763458, 0.09112390130758286, 2.5376486778259277, 0.8601279854774475, -1.2564697265625, 0.37308332324028015, 0.43162575364112854, 1.9560751914978027, -0.516205906867981, -0.6363142728805542, -1.64686119556427, -1.364572525024414, 1.2615476846694946, 1.0, 55.099998474121094, 17.299999237060547, -2.1010000705718994, 1.6929999589920044, 0.0729999989271164, 1.1410000324249268, -0.20100000500679016, 24.58099937438965, -4.854000091552734, 30.047000885009766, 0.1770000010728836, 1.5820000171661377, 0.27399998903274536, -0.20999999344348907, 0.0, -0.4320000112056732, 0.0, 0.024000000208616257, 0.0, -0.7200000286102295, 0.09600000083446503, -0.006000000052154064, -0.035999998450279236, -0.05999999865889549, 0.0, 0.0, 0.6959999799728394, -0.09498699754476547, 0.4811060130596161, -0.08301399648189545, 0.22782400250434875, -0.9502739906311035, -0.13634300231933594, -0.1627430021762848, 0.314301997423172, 0.3686729967594147, 0.10459499806165695, 0.40246298909187317, -0.8273900151252747, 0.2305690050125122, 0.3166790008544922]",4.666666666666667,425,0,110,0
"[-1.3135464191436768, -2.0263893604278564, 0.0687205120921135, 0.08237388730049133, 2.6752638816833496, 0.8539671301841736, -1.4954774379730225, 0.2160000056028366, 0.5141893029212952, 1.9429386854171753, -0.6039280891418457, -0.6382892727851868, -1.6843106746673584, -1.311705470085144, 1.4361129999160767, 1.0, 0.0]","[-1.3223260641098022, -2.025944948196411, 0.06749659776687622, 0.07986865192651749, 2.6723453998565674, 0.8557130694389343, -1.4799869060516357, 0.37275001406669617, 0.5133964419364929, 1.9503690004348755, -0.6446029543876648, -0.6577951908111572, -1.6782013177871704, -1.3216978311538696, 1.433290719985962, 0.9698333144187927, 55.099998474121094, 15.836999893188477, -1.4190000295639038, 3.0899999141693115, 0.0729999989271164, 1.1299999952316284, -0.30000001192092896, 25.32200050354004, -6.206999778747559, 30.451000213623047, 0.3100000023841858, 1.625, 0.22599999606609344, 0.006000000052154064, 0.0, 0.0, 0.0, -0.029999999329447746, 0.0, 0.0, -0.07800000160932541, 0.0, 0.0, 0.0, 0.0, 0.0, -0.06599999964237213, -0.07070200145244598, 0.47948598861694336, -0.09213300049304962, 0.19140900671482086, -0.9549940228462219, -0.1769299954175949, -0.14157399535179138, 0.2789109945297241, 0.39600399136543274, 0.0852459967136383, 0.33490899205207825, -0.8525779843330383, 0.2543089985847473, 0.31027698516845703]",8.433333333333334,468,0,237,0
"[-1.2307114601135254, -2.0263893604278564, 0.08973652869462967, 0.07240282744169235, 2.543339729309082, 0.8605638742446899, -1.234853982925415, 0.2199999988079071, 0.3704555630683899, 1.9572043418884277, -0.502991259098053, -0.6482597589492798, -1.6520969867706299, -1.4206187725067139, 1.1649045944213867, 1.0, 0.0]","[-0.8335516452789307, -2.0259101390838623, 0.20179180800914764, -0.05524669960141182, 2.0596234798431396, 0.7716390490531921, -0.7389028072357178, 1.0, 0.0360167995095253, 2.0658531188964844, -0.1822652518749237, -0.05060500279068947, -1.4615771770477295, 0.056817200034856796, 1.7238681316375732, 1.0, 55.099998474121094, 14.562999725341797, -1.0670000314712524, 2.128999948501587, 0.09200000017881393, 0.9200000166893005, -0.3269999921321869, 12.949000358581543, -3.5799999237060547, 44.558998107910156, 0.2280000001192093, 1.3229999542236328, 0.20800000429153442, 0.024000000208616257, 0.0, -0.31200000643730164, -0.1379999965429306, 0.13199999928474426, 0.0, 0.2759999930858612, -0.029999999329447746, 0.0, 0.0, 0.0, 0.0, 0.0, 0.0, -0.26108700037002563, 0.4111729860305786, -0.09391400218009949, 0.3305720090866089, -0.9063889980316162, -0.22057700157165527, -0.1432649940252304, 0.5601170063018799, 0.014454999938607216, -0.04053200036287308, 0.5352240204811096, 0.031348999589681625, 0.8440549969673157, 0.01103499997407198]",3.6333333333333333,79,0,214,0
"[-1.3130862712860107, -2.0263893604278564, 0.07424341142177582, 0.09265178442001343, 2.662071704864502, 0.836939811706543, -1.519715428352356, 0.2160000056028366, 0.4942479729652405, 1.9389503002166748, -0.5913479924201965, -0.645958662033081, -1.6632941961288452, -1.333027958869934, 1.4097275733947754, 1.0, 0.0]","[-0.9872337579727173, -2.021111249923706, 0.1243487000465393, 0.17322614789009094, 2.356482982635498, 1.002240777015686, -0.900036096572876, 0.37450000643730164, 0.032352298498153687, 2.0658531188964844, -0.18648815155029297, -0.039698753505945206, -1.4673529863357544, 0.056974250823259354, 1.7228734493255615, 1.0, 55.099998474121094, 17.177000045776367, -6.857999801635742, 2.0969998836517334, 0.5170000195503235, 1.1660000085830688, -0.2460000067949295, 13.557000160217285, -3.9489998817443848, 44.513999938964844, 0.2540000081062317, 1.371999979019165, 0.2329999953508377, -0.8759999871253967, 0.27000001072883606, 0.041999999433755875, 0.6420000195503235, 0.6840000152587891, 0.9359999895095825, -0.5339999794960022, -0.024000000208616257, 0.0, 0.017999999225139618, 0.0, 0.07800000160932541, 0.0, 0.041999999433755875, -0.191879004240036, 0.4538489878177643, -0.05517100170254707, 0.28400200605392456, -0.9407780170440674, -0.08343400061130524, -0.16527600586414337, 0.5584859848022461, 0.011653999797999859, -0.044036999344825745, 0.5310270190238953, 0.028679000213742256, 0.8468469977378845, 0.005987000185996294]",8.766666666666667,276,0,212,0
"[-0.023009346798062325, -2.0251612663269043, 0.3252030909061432, 0.09142448008060455, 1.0662691593170166, 1.5160326957702637, -0.701643705368042, 1.0, 0.03804155811667442, 2.0662708282470703, -0.18714474141597748, -0.04525202140212059, -1.466484785079956, 0.056756392121315, 1.7211251258850098, 1.0, 0.0]","[-1.31269371509552, -2.0262067317962646, 0.05023854970932007, 0.06433814764022827, 2.6701467037200928, 0.8496404886245728, -1.465765118598938, 0.37275001406669617, 0.4936954081058502, 1.9451689720153809, -0.6379545331001282, -0.6625415682792664, -1.6752173900604248, -1.3327263593673706, 1.4253334999084473, 0.44208332896232605, 55.099998474121094, 15.51200008392334, -9.956000328063965, -2.999000072479248, 2.1429998874664307, 1.093999981880188, 0.14499999582767487, 28.410999298095703, -12.265000343322754, 37.8650016784668, 1.8619999885559082, 2.005000114440918, -0.1809999942779541, 0.041999999433755875, 0.0, -0.012000000104308128, 0.0, 0.0, -0.006000000052154064, 0.0, 0.0, -0.07199999690055847, 0.07800000160932541, -0.27000001072883606, -0.029999999329447746, -0.3059999942779541, 0.09600000083446503, -0.0735900029540062, 0.47701001167297363, -0.0950310006737709, 0.1895419955253601, -0.953607976436615, -0.18239499628543854, -0.1464110016822815, 0.28571900725364685, 0.390392005443573, 0.08957000076770782, 0.3402380049228668, -0.8509849905967712, 0.2547689974308014, 0.3084709942340851]",0.5666666666666667,153,0,304,0
"[-1.2317852973937988, -2.0263893604278564, 0.08912285417318344, 0.07654501497745514, 2.5431861877441406, 0.8605638742446899, -1.2322461605072021, 0.2199999988079071, 0.3876362144947052, 1.9573577642440796, -0.5103539228439331, -0.6454982757568359, -1.6497958898544312, -1.394234299659729, 1.175028920173645, 1.0, 0.0]","[-1.1062427759170532, -2.0245139598846436, 0.10332144796848297, 0.06454754620790482, 2.4486711025238037, 0.9259667992591858, -1.16578209400177, 0.3734166622161865, 0.042194098234176636, 1.9754796028137207, -0.050622452050447464, -0.6379894614219666, -1.5908292531967163, -1.571093201637268, 1.3443654775619507, 1.0, 55.099998474121094, 15.480999946594238, -2.3529999256134033, 2.510999917984009, 0.1889999955892563, 1.1150000095367432, -0.164000004529953, 23.518999099731445, -5.698999881744385, 31.527999877929688, 0.3499999940395355, 1.8819999694824219, 0.1550000011920929, -0.6840000152587891, 0.0, -0.5400000214576721, -1.0080000162124634, 0.08399999886751175, -1.5240000486373901, -0.024000000208616257, 2.052000045776367, -0.8460000157356262, -2.25, 0.041999999433755875, -1.3980000019073486, 0.3240000009536743, -0.5220000147819519, -0.1458510011434555, 0.4556660056114197, -0.08732199668884277, 0.21633200347423553, -0.9446510076522827, -0.16904300451278687, -0.17960600554943085, 0.4295499920845032, 0.18544700741767883, 0.1772570013999939, 0.569625973701477, -0.631184995174408, 0.3671799898147583, 0.3772389888763428]",6.8,162,0,142,0
"[-1.0635077953338623, -2.024855375289917, 0.12824007868766785, 0.18192921578884125, 2.4543697834014893, 1.0337501764297485, -1.1757965087890625, 0.2199999988079071, -0.2851662337779999, 2.0513916015625, 0.19803591072559357, -0.49700891971588135, -1.4586615562438965, -1.567113995552063, 1.4072736501693726, 1.0, 0.0]","[-0.8941554427146912, -2.026049852371216, 0.14446856081485748, -0.11293639987707138, 2.0613160133361816, 0.7219762802124023, -0.6690155863761902, 0.3777500092983246, 0.03826785087585449, 2.0658183097839355, -0.18247464299201965, -0.05060500279068947, -1.4615771770477295, 0.05669505149126053, 1.726782202720642, 1.0, 55.099998474121094, 15.63700008392334, -3.443000078201294, 2.25600004196167, 0.2070000022649765, 1.0989999771118164, -0.25, 13.527000427246094, -3.2769999504089355, 44.323001861572266, 0.17800000309944153, 1.3339999914169312, 0.20200000703334808, 0.04800000041723251, 0.0, -0.012000000104308128, 0.0, 0.0, 0.0, 0.041999999433755875, 0.0, 0.0, 0.0, 0.0, 0.0, 0.0, 0.0, -0.23538300395011902, 0.4216639995574951, -0.10402200371026993, 0.33057400584220886, -0.9110550284385681, -0.19784300029277802, -0.1468210071325302, 0.5600889921188354, 0.01573999971151352, -0.040518999099731445, 0.5352039933204651, 0.031504999846220016, 0.8440430164337158, 0.012419000267982483]",9.466666666666667,470,0,284,0
"[-0.8470630049705505, -2.02638840675354, 0.15646487474441528, -0.0863618403673172, 2.060135841369629, 0.7677567005157471, -0.6734172105789185, 0.2199999988079071, 0.038348376750946045, 2.0662708282470703, -0.18254226446151733, -0.05061977729201317, -1.4618829488754272, 0.056756392121315, 1.7257270812988281, 1.0, 0.0]","[-0.8427826762199402, -2.0259974002838135, 0.4860697388648987, -0.02350514940917492, 1.7794288396835327, 0.8016180992126465, -0.7801894545555115, 1.0, 0.0382329486310482, 2.065870523452759, -0.18399278819561005, -0.05060500279068947, -1.4614723920822144, 0.05683464929461479, 1.722751259803772, 1.0, 55.099998474121094, 14.463000297546387, -2.683000087738037, 1.1670000553131104, 0.08799999952316284, 0.7879999876022339, -0.24199999868869781, 13.61299991607666, -3.5250000953674316, 44.29399871826172, 0.15399999916553497, 1.3890000581741333, 0.22499999403953552, 0.06599999964237213, 0.0, -1.9079999923706055, -0.31200000643730164, 1.9079999923706055, -0.5460000038146973, -0.012000000104308128, 0.0, 0.0, 0.0, 0.0, 0.0, 0.0, 0.035999998450279236, -0.25752100348472595, 0.4174099862575531, -0.08620800077915192, 0.33253100514411926, -0.9030500054359436, -0.2231850028038025, -0.15527699887752533, 0.5600799918174744, 0.015731999650597572, -0.04053699970245361, 0.5352489948272705, 0.02923700027167797, 0.8441159725189209, 0.010931000113487244]",9.566666666666666,252,0,57,0
"[-1.2937586307525635, -2.0263893604278564, 0.02515622414648533, 0.060745082795619965, 2.6665196418762207, 0.8461441993713379, -1.427215814590454, 0.2160000056028366, 0.4888800382614136, 1.9409433603286743, -0.6335334777832031, -0.8163832426071167, -1.6557780504226685, -1.3715299367904663, 1.5148062705993652, 0.23999999463558197, 0.0]","[-0.8345637321472168, -2.025944948196411, 0.2134658396244049, -0.05367619916796684, 2.0538649559020996, 0.7715866565704346, -0.742445170879364, 1.0, 0.036889299750328064, 2.0658531188964844, -0.18223035335540771, -0.05055265128612518, -1.461594581604004, 0.05666014924645424, 1.7238855361938477, 1.0, 55.099998474121094, 18.084999084472656, -5.105999946594238, 2.7360000610351562, 0.3499999940395355, 1.2269999980926514, -0.16200000047683716, 13.10099983215332, -2.619999885559082, 44.31800079345703, 0.13699999451637268, 1.3450000286102295, 0.1889999955892563, 0.05400000140070915, 0.0, -0.5400000214576721, -0.035999998450279236, 0.414000004529953, 0.0, 0.09600000083446503, -0.024000000208616257, 0.0, 0.0, 0.0, 0.0, 0.0, 0.0, -0.261150985956192, 0.4111790060997009, -0.09397300332784653, 0.32952699065208435, -0.9071499705314636, -0.21989500522613525, -0.14190299808979034, 0.560096025466919, 0.01496999990195036, -0.040550000965595245, 0.5351920127868652, 0.030950000509619713, 0.8440859913825989, 0.011332999914884567]",4.133333333333334,29,0,301,0
"[-0.929591178894043, -2.02638840675354, 0.11857500672340393, 0.06365935504436493, 2.2445197105407715, 0.8944636583328247, -0.8019654154777527, 0.2199999988079071, 0.03681422770023346, 2.0662708282470703, -0.18929249048233032, -0.04479176178574562, -1.4686331748962402, 0.056756392121315, 1.7211251258850098, 1.0, 0.0]","[-1.2415151596069336, -2.026171922683716, 0.08512109518051147, 0.08978024870157242, 2.5380327701568604, 0.8602326512336731, -1.242719292640686, 0.37308332324028015, 0.4276471436023712, 1.9564067125320435, -0.5147226452827454, -0.636227011680603, -1.64673912525177, -1.3645027875900269, 1.2442198991775513, 1.0, 55.099998474121094, 16.652999877929688, -4.066999912261963, 2.191999912261963, 0.25, 1.1419999599456787, -0.20800000429153442, 25.7810001373291, -3.4709999561309814, 30.509000778198242, 0.13600000739097595, 1.6749999523162842, 0.11500000208616257, -0.17399999499320984, 0.0, -0.335999995470047, 0.09600000083446503, -0.05999999865889549, 0.0, -0.492000013589859, 0.2939999997615814, -0.017999999225139618, -0.07800000160932541, 0.024000000208616257, -0.012000000104308128, -0.017999999225139618, 0.8159999847412109, -0.09735900163650513, 0.4799169898033142, -0.08398299664258957, 0.22731399536132812, -0.9524210095405579, -0.12878599762916565, -0.15695799887180328, 0.3158609867095947, 0.36739999055862427, 0.10473199933767319, 0.40629899501800537, -0.8284419775009155, 0.22531500458717346, 0.3127869963645935]",11.933333333333334,292,0,319,0
"[-1.3130862712860107, -2.0263893604278564, 0.06933415681123734, 0.08436740189790726, 2.6752638816833496, 0.8501326441764832, -1.5063680410385132, 0.2160000056028366, 0.5102009177207947, 1.9403308629989624, -0.5956436991691589, -0.6421231627464294, -1.6794012784957886, -1.321830153465271, 1.4276753664016724, 1.0, 0.0]","[-0.8339529633522034, -2.0259275436401367, 0.20613685250282288, -0.054077550768852234, 2.057634115219116, 0.771604061126709, -0.7411015033721924, 1.0, 0.03647049888968468, 2.065870523452759, -0.18223035335540771, -0.05055265128612518, -1.4615771770477295, 0.056747402995824814, 1.7238681316375732, 1.0, 55.099998474121094, 15.76099967956543, -2.565000057220459, 1.9500000476837158, 0.17599999904632568, 1.0110000371932983, -0.2240000069141388, 13.449000358581543, -3.3519999980926514, 44.4379997253418, 0.18400000035762787, 1.3660000562667847, 0.20800000429153442, 0.041999999433755875, 0.0, -0.527999997138977, -0.06599999964237213, 0.3059999942779541, 0.0, 0.08399999886751175, -0.024000000208616257, 0.0, 0.0, 0.0, 0.0, 0.0, 0.0, -0.2611530125141144, 0.4112839996814728, -0.09380199760198593, 0.3303219974040985, -0.9065679907798767, -0.22053200006484985, -0.14277899265289307, 0.560096025466919, 0.014716999605298042, -0.04056200012564659, 0.5351880192756653, 0.031150000169873238, 0.8440830111503601, 0.011187000200152397]",13.7,422,0,189,0
"[-1.3095585107803345, -2.0263893604278564, 0.07516390085220337, 0.11121265590190887, 2.6381397247314453, 0.8252819776535034, -1.529991865158081, 0.2160000056028366, 0.45236995816230774, 1.939103603363037, -0.5858262777328491, -0.647339403629303, -1.6597658395767212, -1.3383979797363281, 1.372912049293518, 1.0, 0.0]","[-0.11482100188732147, -2.0260672569274902, -0.06487909704446793, 0.09381119906902313, 1.142573595046997, -0.08367275446653366, -0.9724710583686829, 1.0, 0.03994305059313774, 2.0658183097839355, -0.18402768671512604, -0.04320620000362396, -1.4631824493408203, 0.05669505149126053, 1.722350001335144, 1.0, 55.099998474121094, 5.723999977111816, -4.6539998054504395, 10.930999755859375, 0.3179999887943268, 0.6859999895095825, -0.02500000037252903, 13.3100004196167, -2.75600004196167, 44.1510009765625, 0.1599999964237213, 1.343999981880188, 0.20499999821186066, -0.20399999618530273, 0.0, 2.1659998893737793, -0.13199999928474426, 1.055999994277954, 0.09000000357627869, 0.7979999780654907, 0.006000000052154064, 0.0, 0.0, 0.0, 0.0, 0.0, 0.0, -0.5719959735870361, 0.05176800116896629, -0.009353999979794025, 0.5515589714050293, -0.06904099881649017, -0.830722987651825, 0.030215999111533165, 0.5589169859886169, 0.016162000596523285, -0.0429299995303154, 0.5322610139846802, 0.027860000729560852, 0.8460609912872314, 0.010064000263810158]",4.233333333333333,263,0,349,0
"[-1.1716536283493042, -2.0174901485443115, 0.13038794696331024, 0.25003761053085327, 2.433046579360962, 0.9749978184700012, -1.1750303506851196, 0.2199999988079071, 0.03804151713848114, 2.066424608230591, -0.18361616134643555, -0.08574854582548141, -1.4638770818710327, 0.04018956050276756, 1.7235795259475708, 1.0, 0.0]","[-1.07209312915802, -2.024444341659546, 0.1199164018034935, 0.13057833909988403, 2.4509918689727783, 1.0018044710159302, -1.1654331684112549, 0.3734166622161865, -0.10920210182666779, 2.034198760986328, 0.09065275639295578, -0.6240294575691223, -1.5064585208892822, -1.5963435173034668, 1.371535062789917, 1.0, 55.099998474121094, 16.302000045776367, -3.5329999923706055, -0.06400000303983688, 0.18199999630451202, 0.9950000047683716, -0.2809999883174896, 24.464000701904297, -10.364999771118164, 24.783000946044922, 0.7179999947547913, 1.440000057220459, 0.22300000488758087, -0.3240000009536743, 0.0, -0.05999999865889549, -0.9120000004768372, -0.15000000596046448, -0.6299999952316284, 0.012000000104308128, 2.7060000896453857, -0.593999981880188, -2.375999927520752, -1.128000020980835, -1.1759999990463257, 0.4620000123977661, -0.3659999966621399, -0.15801499783992767, 0.4535219967365265, -0.07430200278759003, 0.21562199294567108, -0.9461740255355835, -0.15925100445747375, -0.18138399720191956, 0.45036301016807556, 0.10000800341367722, 0.1815820038318634, 0.6446530222892761, -0.5176950097084045, 0.4026769995689392, 0.39276498556137085]",15.533333333333333,393,0,40,0
"[-1.0816088914871216, -2.024855375289917, 0.13038793206214905, 0.21874450147151947, 2.451608657836914, 1.0429543256759644, -1.2139921188354492, 0.2199999988079071, -0.34284380078315735, 2.059216260910034, -0.002454421715810895, -0.2894613444805145, -1.4466959238052368, -0.905047595500946, 1.4578953981399536, 1.0, 0.0]","[-1.3171783685684204, -2.02597975730896, 0.06510595232248306, 0.06709524989128113, 2.667773485183716, 0.8481223583221436, -1.480056643486023, 0.37275001406669617, 0.49697598814964294, 1.9505609273910522, -0.6428231000900269, -0.657917320728302, -1.6745891571044922, -1.3207380771636963, 1.4226810932159424, 0.44699999690055847, 55.099998474121094, 21.325000762939453, -2.3489999771118164, -0.8640000224113464, 0.718999981880188, 2.325000047683716, -0.23899999260902405, 23.3799991607666, -10.86400032043457, 30.111000061035156, 1.4479999542236328, 0.8600000143051147, -0.2029999941587448, 0.0, 0.0, 0.0, 0.0, 0.0, 0.0, 0.017999999225139618, -0.041999999433755875, 0.0, -0.006000000052154064, 0.0, 0.0, 0.0, 0.0, -0.0726580023765564, 0.4776709973812103, -0.09471599757671356, 0.1895570009946823, -0.9539309740066528, -0.18334199488162994, -0.14306600391864777, 0.2852579951286316, 0.39167600870132446, 0.08600199967622757, 0.34057000279426575, -0.8505100011825562, 0.2570030093193054, 0.307559996843338]",10.833333333333334,10,0,234,0
"[-1.20033860206604, -2.0251622200012207, 0.08896943926811218, 0.054608847945928574, 2.5098989009857178, 0.8571884632110596, -1.2297919988632202, 0.2199999988079071, 0.26875269412994385, 1.9486147165298462, -0.3960733115673065, -0.6550082564353943, -1.6520969867706299, -1.4991586208343506, 1.2035608291625977, 1.0, 0.0]","[-1.3136882781982422, -2.0259275436401367, 0.06915435194969177, 0.08412645012140274, 2.6764461994171143, 0.84958815574646, -1.5067203044891357, 0.37308332324028015, 0.5101856589317322, 1.9393407106399536, -0.5963188409805298, -0.642840564250946, -1.67832350730896, -1.3214884996414185, 1.427601933479309, 1.0, 55.099998474121094, 16.55699920654297, -2.494999885559082, 3.177999973297119, 0.17499999701976776, 1.1779999732971191, -0.2759999930858612, 27.13800048828125, -6.296000003814697, 29.011999130249023, 0.3109999895095825, 1.6929999589920044, 0.20999999344348907, 0.0, 0.0, -0.017999999225139618, 0.0, 0.0, 0.12600000202655792, 0.035999998450279236, 0.13199999928474426, 0.035999998450279236, -0.1679999977350235, 0.05400000140070915, -0.2160000056028366, 0.31200000643730164, 0.3659999966621399, -0.07600799947977066, 0.48034900426864624, -0.09100499749183655, 0.19476200640201569, -0.9515510201454163, -0.19229599833488464, -0.14013899862766266, 0.2871060073375702, 0.395687997341156, 0.09626399725675583, 0.35282498598098755, -0.8400310277938843, 0.262255996465683, 0.3179340064525604]",11.633333333333333,266,0,432,0
"[-1.2327055931091309, -2.0263893604278564, 0.08896943926811218, 0.07930630445480347, 2.5413453578948975, 0.8605638742446899, -1.2307121753692627, 0.2199999988079071, 0.398834228515625, 1.9573577642440796, -0.5108141303062439, -0.6428901553153992, -1.6462674140930176, -1.37935471534729, 1.1868406534194946, 1.0, 0.0]","[-1.079422116279602, -2.024322271347046, 0.1303514987230301, 0.21849144995212555, 2.452265977859497, 1.0421663522720337, -1.2139790058135986, 0.3734166622161865, -0.35393837094306946, 2.0598504543304443, 0.014937199652194977, -0.2924968898296356, -1.4510023593902588, -0.9369602799415588, 1.4543702602386475, 1.0, 55.099998474121094, 18.784000396728516, -2.1500000953674316, -0.2840000092983246, 0.22100000083446503, 1.2730000019073486, -0.29499998688697815, 21.343000411987305, -9.954999923706055, 36.189998626708984, 0.43299999833106995, 1.4780000448226929, 0.2750000059604645, 0.2939999997615814, 0.006000000052154064, 0.0, 0.0, 0.10199999809265137, 0.017999999225139618, 0.36000001430511475, -1.7100000381469727, -0.041999999433755875, 2.8380000591278076, -0.40799999237060547, 0.006000000052154064, -6.515999794006348, -0.3479999899864197, -0.15540100634098053, 0.4650479853153229, -0.05420500040054321, 0.23134799301624298, -0.9428769946098328, -0.15467500686645508, -0.18312500417232513, 0.5407609939575195, -0.06400600075721741, 0.07726900279521942, 0.6620290279388428, -0.15730099380016327, 0.6933910250663757, 0.23702600598335266]",12.033333333333333,346,0,257,0
"[-1.3190687894821167, -2.0263893604278564, 0.06549937278032303, 0.06749358028173447, 2.669126272201538, 0.8482919335365295, -1.4802908897399902, 0.2160000056028366, 0.5000775456428528, 1.951220154762268, -0.6442707777023315, -0.658076286315918, -1.6766396760940552, -1.3222895860671997, 1.4235352277755737, 0.24300000071525574, 0.0]","[-1.3153809309005737, -2.026102066040039, 0.05655544996261597, 0.06550730019807816, 2.6677212715148926, 0.8482619524002075, -1.4670214653015137, 0.37275001406669617, 0.49362561106681824, 1.950613260269165, -0.6420552730560303, -0.657917320728302, -1.673315405845642, -1.321244239807129, 1.422803282737732, 0.4438333213329315, 55.099998474121094, 22.690000534057617, -3.177999973297119, 3.878999948501587, 0.8059999942779541, 2.884999990463257, -0.1289999932050705, 17.8439998626709, -8.156000137329102, 30.73900032043457, 0.6330000162124634, -0.06499999761581421, -0.03400000184774399, 0.05400000140070915, 0.0, -0.27000001072883606, -0.041999999433755875, 0.017999999225139618, 0.0, 0.07199999690055847, 0.0, -0.029999999329447746, 0.029999999329447746, 0.0, 0.0, -0.035999998450279236, 0.0, -0.07273899763822556, 0.47751501202583313, -0.09479299932718277, 0.19026100635528564, -0.9540200233459473, -0.1805409938097, -0.14508700370788574, 0.28644898533821106, 0.39074400067329407, 0.08625400066375732, 0.3413029909133911, -0.8496789932250977, 0.258435994386673, 0.30784299969673157]",3.7,231,0,460,0
"[-0.8938498497009277, -2.02638840675354, 0.14419353008270264, -0.11198028922080994, 2.0616698265075684, 0.7225038409233093, -0.6697371006011963, 0.2199999988079071, 0.038348376750946045, 2.0662708282470703, -0.18254226446151733, -0.05061977729201317, -1.4618829488754272, 0.056756392121315, 1.7272610664367676, 1.0, 0.0]","[-1.3201972246170044, -2.02597975730896, 0.06590864807367325, 0.06723485141992569, 2.6676862239837646, 0.8511237502098083, -1.4799869060516357, 0.37275001406669617, 0.5024029612541199, 1.9507529735565186, -0.643189549446106, -0.6579871773719788, -1.6761771440505981, -1.3220818042755127, 1.4232393503189087, 0.5524166822433472, 55.099998474121094, 15.675999641418457, -2.055000066757202, 3.631999969482422, 0.12200000137090683, 1.1230000257492065, -0.27000001072883606, 25.783000946044922, -5.394999980926514, 30.538000106811523, 0.26100000739097595, 1.7070000171661377, 0.210999995470047, 0.024000000208616257, 0.0, 0.0, 0.0, 0.0, -0.017999999225139618, 0.0, -0.012000000104308128, 0.0, -0.017999999225139618, 0.0, 0.0, 0.0, 0.0, -0.07104499638080597, 0.4774869978427887, -0.0948449969291687, 0.1879740059375763, -0.95455402135849, -0.18140999972820282, -0.14346300065517426, 0.283053994178772, 0.3929919898509979, 0.0856110006570816, 0.33871400356292725, -0.85173499584198, 0.25472399592399597, 0.30811500549316406]",15.766666666666667,151,0,320,0
"[-0.89400315284729, -2.02638840675354, 0.15646487474441528, -0.10676421225070953, 2.0616698265075684, 0.7225038409233093, -0.6769457459449768, 0.2199999988079071, 0.039882488548755646, 2.0662708282470703, -0.18254226446151733, -0.05061977729201317, -1.4618829488754272, 0.056756392121315, 1.7257270812988281, 1.0, 0.0]","[-1.2220408916473389, -2.025299310684204, 0.09276419878005981, 0.06477440148591995, 2.5322742462158203, 0.8592728972434998, -1.2343257665634155, 0.37308332324028015, 0.3389139175415039, 1.9530738592147827, -0.4904322326183319, -0.6532058119773865, -1.654068112373352, -1.446500301361084, 1.1632694005966187, 1.0, 55.099998474121094, 15.897000312805176, -4.802000045776367, 3.431999921798706, 0.39800000190734863, 1.2039999961853027, -0.1720000058412552, 26.128999710083008, -2.6449999809265137, 30.486000061035156, -0.11800000071525574, 1.7109999656677246, 0.13600000739097595, -0.27000001072883606, 0.0, -0.08399999886751175, 0.13199999928474426, 0.4560000002384186, 0.035999998450279236, -0.017999999225139618, 0.7860000133514404, 0.05999999865889549, -0.4740000069141388, 0.12600000202655792, 0.0, 0.3479999899864197, -0.3779999911785126, -0.10575299710035324, 0.47306400537490845, -0.09000600129365921, 0.2183530032634735, -0.9537410140037537, -0.1370059996843338, -0.15468700230121613, 0.3375000059604645, 0.33261099457740784, 0.10973100364208221, 0.4155299961566925, -0.8352270126342773, 0.20584599673748016, 0.29556000232696533]",1.8333333333333333,471,0,204,0
"[-1.3170745372772217, -2.0263893604278564, 0.06335275620222092, 0.06687992811203003, 2.666059970855713, 0.8487520813941956, -1.4721609354019165, 0.2160000056028366, 0.49470794200897217, 1.9510667324066162, -0.6435037851333618, -0.658076286315918, -1.6766396760940552, -1.3222895860671997, 1.4235352277755737, 0.24300000071525574, 0.0]","[-1.3220120668411255, -2.0259974002838135, 0.06625764816999435, 0.07062014937400818, 2.670164108276367, 0.8534969091415405, -1.4799869060516357, 0.37275001406669617, 0.5055614113807678, 1.951276421546936, -0.6427358388900757, -0.6580220460891724, -1.6770323514938354, -1.3221515417099, 1.4244259595870972, 0.8134999871253967, 55.099998474121094, 15.494000434875488, -1.2979999780654907, 3.2980000972747803, 0.06400000303983688, 1.1200000047683716, -0.2879999876022339, 25.849000930786133, -5.88100004196167, 30.551000595092773, 0.2919999957084656, 1.6679999828338623, 0.21899999678134918, 0.0, 0.0, 0.0, 0.0, -0.017999999225139618, 0.0, 0.006000000052154064, -0.024000000208616257, 0.0, 0.05400000140070915, 0.0, 0.0, 0.0, -0.035999998450279236, -0.07038900256156921, 0.4778969883918762, -0.0942389965057373, 0.18819400668144226, -0.9550269842147827, -0.17924100160598755, -0.14274999499320984, 0.2818390130996704, 0.3938080072402954, 0.08536799997091293, 0.33788400888442993, -0.8520280122756958, 0.2540610134601593, 0.3087620139122009]",13.566666666666666,494,0,491,0
"[-1.100016474723816, -2.024855375289917, 0.1287003457546234, 0.21736377477645874, 2.44010329246521, 1.0391184091567993, -1.2208954095840454, 0.2199999988079071, -0.24052752554416656, 2.0618228912353516, -0.1764068454504013, -0.28808096051216125, -1.4730806350708008, -0.552078902721405, 1.5375087261199951, 1.0, 0.0]","[-1.1303935050964355, -2.0163650512695312, 0.13085755705833435, 0.2545606195926666, 2.4111013412475586, 1.0208250284194946, -1.136535882949829, 0.37416666746139526, 0.041304152458906174, 2.0658531188964844, -0.1841498613357544, -0.046574048697948456, -1.4637234210968018, 0.05330974981188774, 1.7245486974716187, 1.0, 55.099998474121094, 16.35099983215332, -7.361000061035156, 1.2120000123977661, 0.453000009059906, 0.9929999709129333, -0.1720000058412552, 14.21500015258789, -4.013000011444092, 44.000999450683594, 0.2590000033378601, 1.3940000534057617, 0.20900000631809235, -0.7620000243186951, -0.13199999928474426, 0.024000000208616257, 0.0, 0.2879999876022339, -0.20999999344348907, -0.5580000281333923, 0.0, 0.0, -0.05400000140070915, 0.006000000052154064, -0.035999998450279236, 0.04800000041723251, -0.012000000104308128, -0.13177399337291718, 0.4853920042514801, -0.03702300041913986, 0.2685219943523407, -0.9401779770851135, -0.09612300246953964, -0.1863349974155426, 0.5594009757041931, 0.017721999436616898, -0.04187899827957153, 0.5334680080413818, 0.026900000870227814, 0.8452979922294617, 0.012631000019609928]",6.633333333333334,168,0,302,0
"[0.08452143520116806, -2.02638840675354, -0.032673146575689316, 0.026536982506513596, 0.9809799790382385, 0.6017796397209167, -0.9846619367599487, 1.0, 0.03819497302174568, 2.0662708282470703, -0.18407638370990753, -0.04325763136148453, -1.4637236595153809, 0.056756392121315, 1.7226591110229492, 1.0, 0.0]","[-1.0671721696853638, -2.024322271347046, 0.13042129576206207, 0.21109265089035034, 2.4544296264648438, 1.0429515838623047, -1.1917476654052734, 0.3734166622161865, -0.4014197885990143, 2.0570757389068604, 0.1648675948381424, -0.35767263174057007, -1.4490654468536377, -1.3025202751159668, 1.4375659227371216, 1.0, 55.099998474121094, 16.84000015258789, -3.3540000915527344, 2.0390000343322754, 0.1850000023841858, 1.190000057220459, -0.24400000274181366, 18.26799964904785, -11.928000450134277, 32.590999603271484, 0.5789999961853027, 1.4429999589920044, 0.4909999966621399, 0.09600000083446503, 0.0, 0.0, -0.16200000047683716, 0.0, 0.0, 0.14399999380111694, 0.1979999989271164, 0.0, 2.009999990463257, -1.5479999780654907, 0.017999999225139618, -5.5320000648498535, -0.5580000281333923, -0.16085299849510193, 0.4616039991378784, -0.056283000856637955, 0.23048099875450134, -0.9444479942321777, -0.15084099769592285, -0.17928199470043182, 0.5041329860687256, -0.06760299950838089, 0.1280750036239624, 0.7071899771690369, -0.22365300357341766, 0.5838180184364319, 0.3301770091056824]",14.566666666666666,444,0,403,0
"[-1.322290062904358, -2.0263893604278564, 0.06749321520328522, 0.07976672798395157, 2.6752638816833496, 0.855961263179779, -1.4802908897399902, 0.2160000056028366, 0.5192520618438721, 1.951220154762268, -0.6442707777023315, -0.65025395154953, -1.6784805059432983, -1.3167668581008911, 1.4371864795684814, 0.36000001430511475, 0.0]","[-1.306010365486145, -2.026049852371216, 0.047795552760362625, 0.0642334520816803, 2.6626782417297363, 0.847354531288147, -1.4548588991165161, 0.3293333351612091, 0.49306720495224, 1.9425339698791504, -0.6364015340805054, -0.7247159481048584, -1.676124930381775, -1.36443293094635, 1.4587502479553223, 0.43050000071525574, 55.099998474121094, 12.572999954223633, -13.543000221252441, 4.964000225067139, 2.197000026702881, 0.699999988079071, 0.4180000126361847, 25.93600082397461, -5.357999801635742, 40.3849983215332, -0.012000000104308128, 1.7029999494552612, 0.3109999895095825, 0.10199999809265137, 0.0, -0.1679999977350235, 0.0, 0.0, -0.05400000140070915, 0.0, 0.0, 0.0, 0.0, -0.5640000104904175, 0.0, -0.1080000028014183, 0.27000001072883606, -0.07601799815893173, 0.47730299830436707, -0.09441699832677841, 0.1925249993801117, -0.9525600075721741, -0.1831129938364029, -0.14843399822711945, 0.27521800994873047, 0.3914870023727417, 0.10175000131130219, 0.33790600299835205, -0.8554890155792236, 0.23673300445079803, 0.3129119873046875]",15.4,23,0,327,0
"[-0.2537195086479187, -2.0125818252563477, 0.5789233446121216, 0.26921263337135315, 1.2959058284759521, 1.3807352781295776, -0.7462821006774902, 1.0, 0.03221353143453598, 2.0662708282470703, -0.18407638370990753, -0.04402470216155052, -1.4629566669464111, 0.056756392121315, 1.7211251258850098, 1.0, 0.0]","[-0.9984017610549927, -2.0173771381378174, 0.12480239570140839, 0.18130551278591156, 2.364125967025757, 1.013146996498108, -0.9076792001724243, 0.37450000643730164, 0.03210800141096115, 2.0658183097839355, -0.18626129627227783, -0.03968130052089691, -1.4669691324234009, 0.05688700079917908, 1.7233620882034302, 1.0, 55.099998474121094, 17.12299919128418, -8.336999893188477, 2.4600000381469727, 0.5440000295639038, 1.2079999446868896, -0.08900000154972076, 12.392000198364258, -3.13100004196167, 44.10599899291992, 0.14499999582767487, 1.2929999828338623, 0.22699999809265137, -0.7799999713897705, 0.257999986410141, 0.0, 0.6480000019073486, 0.5220000147819519, 0.8460000157356262, -0.6480000019073486, -0.017999999225139618, 0.0, 0.024000000208616257, 0.0, 0.017999999225139618, 0.0, 0.017999999225139618, -0.18716000020503998, 0.45652899146080017, -0.05224800109863281, 0.28173598647117615, -0.9419019818305969, -0.07633700221776962, -0.1661829948425293, 0.558489978313446, 0.011529999785125256, -0.04403800144791603, 0.5310059785842896, 0.02921600081026554, 0.8468400239944458, 0.0062420000322163105]",16.066666666666666,54,0,378,0
"[-1.3143134117126465, -2.0263893604278564, 0.06810685992240906, 0.08053360879421234, 2.6752638816833496, 0.8547341227531433, -1.488574743270874, 0.2160000056028366, 0.5152632594108582, 1.9453930854797363, -0.604388415813446, -0.638136088848114, -1.6847702264785767, -1.310018539428711, 1.4384132623672485, 1.0, 0.0]","[-1.3147180080413818, -2.026136875152588, 0.05175670236349106, 0.06473950296640396, 2.6700592041015625, 0.8484364151954651, -1.4662537574768066, 0.37275001406669617, 0.49362561106681824, 1.949479103088379, -0.641461968421936, -0.6578649878501892, -1.673315405845642, -1.3225529193878174, 1.4228556156158447, 0.44350001215934753, 55.099998474121094, 21.97100067138672, -3.8310000896453857, 3.8359999656677246, 0.890999972820282, 2.7230000495910645, -0.1469999998807907, 18.510000228881836, -8.131999969482422, 31.607999801635742, 0.6489999890327454, -0.012000000104308128, -0.006000000052154064, 0.017999999225139618, 0.0, -0.09600000083446503, -0.017999999225139618, 0.09000000357627869, -0.017999999225139618, 0.012000000104308128, 0.0, -0.04800000041723251, 0.017999999225139618, 0.0, 0.0, -0.1080000028014183, 0.012000000104308128, -0.07284899801015854, 0.4773690104484558, -0.09490600228309631, 0.19005799293518066, -0.9537889957427979, -0.18130500614643097, -0.14591799676418304, 0.28649601340293884, 0.3907090127468109, 0.08678600192070007, 0.3413180112838745, -0.8497710227966309, 0.25805601477622986, 0.30789101123809814]",7.7,108,0,24,0
"[-1.2742774486541748, -2.0263893604278564, -0.023929595947265625, 0.056909721344709396, 2.669586658477783, 0.8616369962692261, -1.3781282901763916, 0.2160000056028366, 0.47706732153892517, 1.9354209899902344, -0.6335334777832031, -0.8752883076667786, -1.632308006286621, -1.342844009399414, 1.5493208169937134, 0.23999999463558197, 0.0]","[-1.3141419887542725, -2.026136875152588, 0.05104124918580055, 0.06453009694814682, 2.670286178588867, 0.8486981987953186, -1.4661140441894531, 0.37275001406669617, 0.49364304542541504, 1.9486937522888184, -0.6410955190658569, -0.6578475832939148, -1.673350214958191, -1.3240187168121338, 1.4228904247283936, 0.44308334589004517, 55.099998474121094, 21.459999084472656, -4.973999977111816, 3.299999952316284, 1.0329999923706055, 2.5490000247955322, -0.11599999666213989, 19.427000045776367, -8.255000114440918, 32.494998931884766, 0.8569999933242798, 0.19499999284744263, -0.020999999716877937, 0.05400000140070915, 0.0, -0.024000000208616257, -0.012000000104308128, 0.0, 0.0, 0.0, 0.0, -0.05400000140070915, 0.04800000041723251, 0.0, 0.0, -0.09600000083446503, 0.0, -0.07305999845266342, 0.47726500034332275, -0.09494999796152115, 0.1899150013923645, -0.9537270069122314, -0.1816529929637909, -0.14607399702072144, 0.2864519953727722, 0.39063701033592224, 0.08712100237607956, 0.3410860002040863, -0.8499360084533691, 0.2576789855957031, 0.30800798535346985]",2.3666666666666667,428,0,379,0
"[-0.4345759153366089, -2.0243942737579346, 0.7100787162780762, 0.29728469252586365, 1.4637233018875122, 1.1983451843261719, -0.7811036705970764, 1.0, 0.03604716807603836, 2.0662708282470703, -0.18407638370990753, -0.04295080155134201, -1.4621896743774414, 0.056756392121315, 1.7211251258850098, 1.0, 0.0]","[-1.0962963104248047, -2.024775743484497, 0.12930449843406677, 0.21674643456935883, 2.4430696964263916, 1.0401246547698975, -1.2210114002227783, 0.3734166622161865, -0.2661125063896179, 2.0622758865356445, -0.13682545721530914, -0.2889021933078766, -1.467475175857544, -0.620050847530365, 1.5117982625961304, 1.0, 55.099998474121094, 15.788999557495117, -3.872999906539917, 3.13700008392334, 0.24400000274181366, 1.1829999685287476, -0.18400000035762787, 18.886999130249023, -12.77299976348877, 45.20199966430664, 1.0549999475479126, 1.6360000371932983, 0.4659999907016754, 0.36000001430511475, 0.0, 0.09600000083446503, 0.035999998450279236, 0.2639999985694885, 0.09600000083446503, 0.09000000357627869, -2.1600000858306885, -0.035999998450279236, 3.635999917984009, 0.13199999928474426, 1.0800000429153442, -7.320000171661377, -2.6519999504089355, -0.14667800068855286, 0.468095988035202, -0.054051000624895096, 0.23059700429439545, -0.9420719742774963, -0.15254099667072296, -0.18988199532032013, 0.5638459920883179, -0.04298299923539162, 0.04819300025701523, -0.6251279711723328, 0.13718299567699432, -0.7548859715461731, -0.14332200586795807]",16.633333333333333,19,0,478,0
"[-0.11888253688812256, -2.02638840675354, 0.022548722103238106, 0.07132895290851593, 1.1696594953536987, -0.07270989567041397, -0.9575108289718628, 1.0, 0.03834838792681694, 2.0662708282470703, -0.18407638370990753, -0.04295080155134201, -1.4629566669464111, 0.05675636604428291, 1.722812533378601, 1.0, 0.0]","[-0.30827170610427856, -2.009629249572754, 0.6316376328468323, 0.28909415006637573, 1.3594945669174194, 1.331173300743103, -0.7662818431854248, 1.0, 0.03212545067071915, 2.0658531188964844, -0.18395788967609406, -0.043241098523139954, -1.4639153480529785, 0.05650309845805168, 1.7206921577453613, 1.0, 55.099998474121094, 20.15999984741211, -3.1589999198913574, -2.7130000591278076, 0.29600000381469727, 1.125, -0.17900000512599945, 14.413000106811523, -1.61899995803833, 44.84000015258789, 0.17399999499320984, 1.5080000162124634, 0.1599999964237213, -2.2860000133514404, 0.041999999433755875, 1.8839999437332153, 0.492000013589859, 2.26200008392334, -2.2679998874664307, -0.8399999737739563, 0.0, 0.0, 0.0, 0.035999998450279236, 0.017999999225139618, 0.0, 0.0, -0.3588460087776184, 0.30733299255371094, 0.02725999988615513, 0.458189994096756, -0.7978299856185913, -0.23957499861717224, -0.31005001068115234, 0.5590289831161499, 0.011827999725937843, -0.04292500019073486, 0.5323219895362854, 0.030129000544548035, 0.8459720015525818, 0.007451000157743692]",9.666666666666666,446,0,169,0
"[-1.183158040046692, -2.024855375289917, 0.09142410010099411, 0.03175254538655281, 2.46679425239563, 0.8599500060081482, -1.1925164461135864, 0.2199999988079071, 0.2030983567237854, 1.9404852390289307, -0.2616961896419525, -0.6547015905380249, -1.6520969867706299, -1.5565296411514282, 1.2592445611953735, 1.0, 0.0]","[-1.3202320337295532, -2.025944948196411, 0.06725230067968369, 0.0794498473405838, 2.6764984130859375, 0.8559050559997559, -1.48173189163208, 0.37308332324028015, 0.5197656750679016, 1.947227954864502, -0.6155312657356262, -0.6380243301391602, -1.6856350898742676, -1.3078426122665405, 1.445976734161377, 1.0, 55.099998474121094, 15.590999603271484, -1.6770000457763672, 3.50600004196167, 0.09000000357627869, 1.1059999465942383, -0.2709999978542328, 24.917999267578125, -6.5289998054504395, 30.045000076293945, 0.2980000078678131, 1.5789999961853027, 0.2329999953508377, -0.07199999690055847, 0.0, 0.0, 0.0, 0.0, 0.0, 0.04800000041723251, 0.041999999433755875, 0.017999999225139618, -0.414000004529953, 0.0, 0.0, 0.0, 0.041999999433755875, -0.07208800315856934, 0.47905200719833374, -0.09241800010204315, 0.19094200432300568, -0.955157995223999, -0.17784300446510315, -0.13994200527668, 0.28365400433540344, 0.3981040120124817, 0.08790100365877151, 0.3425920009613037, -0.8426259756088257, 0.2705340087413788, 0.3153110146522522]",8.033333333333333,212,0,183,0
"[-1.2376148700714111, -2.0263893604278564, 0.08866260945796967, 0.08620890974998474, 2.5373570919036865, 0.8599500060081482, -1.237155556678772, 0.2199999988079071, 0.4193893373012543, 1.9562839269638062, -0.511581301689148, -0.6378285884857178, -1.6478016376495361, -1.3661621809005737, 1.2265703678131104, 1.0, 0.0]","[-0.8418752551078796, -2.02597975730896, 0.4625645875930786, -0.027256900444626808, 1.8019393682479858, 0.7952314019203186, -0.780451238155365, 1.0, 0.03826785087585449, 2.0658531188964844, -0.18406260013580322, -0.05055265128612518, -1.4615073204040527, 0.05683464929461479, 1.7231003046035767, 1.0, 55.099998474121094, 15.39799976348877, -2.1010000705718994, 1.371000051498413, 0.20200000703334808, 0.8820000290870667, -0.40400001406669617, 13.286999702453613, -3.2709999084472656, 43.974998474121094, 0.10899999737739563, 1.309999942779541, 0.22200000286102295, 0.06599999964237213, 0.0, -1.8660000562667847, -0.3240000009536743, 1.6859999895095825, -0.527999997138977, 0.0, 0.0, 0.0, 0.0, 0.0, 0.0, 0.0, 0.029999999329447746, -0.2586970031261444, 0.4167650043964386, -0.08700600266456604, 0.3328219950199127, -0.9025459885597229, -0.22613699734210968, -0.15329700708389282, 0.5600789785385132, 0.015744000673294067, -0.040539998561143875, 0.5352389812469482, 0.029329000040888786, 0.8441190123558044, 0.010998999699950218]",6.5,61,0,362,0
"[-1.2578635215759277, -2.0263893604278564, 0.06780052930116653, 0.09142448008060455, 2.541806697845459, 0.8505922555923462, -1.3456079959869385, 0.2199999988079071, 0.43503621220588684, 1.953062653541565, -0.5256943106651306, -0.6393625140190125, -1.651483178138733, -1.3630940914154053, 1.285168170928955, 1.0, 0.0]","[-0.1588647961616516, -2.0210065841674805, 0.4814803898334503, 0.21435581147670746, 1.1941907405853271, 1.4734605550765991, -0.7046484351158142, 1.0, 0.03474295139312744, 2.0658531188964844, -0.18648815155029297, -0.04481160268187523, -1.46548593044281, 0.05655544996261597, 1.7208142280578613, 1.0, 55.099998474121094, 16.87700080871582, -2.2039999961853027, -5.873000144958496, 0.2150000035762787, 0.7289999723434448, -0.3700000047683716, 11.789999961853027, -2.4179999828338623, 43.21200180053711, -0.04800000041723251, 1.1239999532699585, 0.24300000071525574, -2.6640000343322754, 0.14399999380111694, 2.7899999618530273, 1.878000020980835, 2.934000015258789, -2.0940001010894775, -0.6240000128746033, -0.09600000083446503, 0.0, 0.05400000140070915, 0.0, 0.012000000104308128, 0.0, 0.0, -0.3942070007324219, 0.24664999544620514, 0.06051599979400635, 0.5671539902687073, -0.6844490170478821, -0.27812400460243225, -0.3640210032463074, 0.5592529773712158, 0.013438999652862549, -0.04238799959421158, 0.5330569744110107, 0.027269000187516212, 0.8456069827079773, 0.0073020001873373985]",10.466666666666667,400,0,247,0
"[-0.769597053527832, -2.02638840675354, 0.774658739566803, 0.06795456260442734, 1.5109695196151733, 0.9193137288093567, -0.7758876085281372, 1.0, 0.030986199155449867, 2.0662708282470703, -0.18407638370990753, -0.05061977729201317, -1.4618829488754272, 0.056756392121315, 1.7226591110229492, 1.0, 0.0]","[-0.8921486735343933, -2.026049852371216, 0.1440671980381012, -0.1120987981557846, 2.0612986087799072, 0.7220286130905151, -0.6686665415763855, 0.3762499988079071, 0.03826785087585449, 2.0658183097839355, -0.18247464299201965, -0.05055265128612518, -1.4615771770477295, 0.05666014924645424, 1.7269567251205444, 1.0, 55.099998474121094, 14.621999740600586, -4.5970001220703125, 1.8559999465942383, 0.3880000114440918, 0.8119999766349792, -0.28700000047683716, 13.220000267028809, -3.11299991607666, 44.18000030517578, 0.1850000023841858, 1.3279999494552612, 0.19599999487400055, 0.05400000140070915, 0.0, -0.024000000208616257, 0.07199999690055847, 0.0, 0.0, 0.0, 0.0, 0.0, 0.0, 0.0, 0.0, 0.0, 0.0, -0.236285999417305, 0.4213939905166626, -0.10378199815750122, 0.33118298649787903, -0.9107450246810913, -0.19852900505065918, -0.14644500613212585, 0.5600820183753967, 0.01573999971151352, -0.040536001324653625, 0.5351809859275818, 0.031571999192237854, 0.8440539836883545, 0.012467999942600727]",6.933333333333334,280,0,317,0
"[-0.895537257194519, -2.02638840675354, 0.1507890820503235, -0.109525665640831, 2.0616698265075684, 0.7225038409233093, -0.6764854192733765, 0.2199999988079071, 0.03865519538521767, 2.0662708282470703, -0.18254226446151733, -0.05061977729201317, -1.4618829488754272, 0.056756392121315, 1.7257270812988281, 1.0, 0.0]","[-1.1127865314483643, -2.024898052215576, 0.12679170072078705, 0.21466989815235138, 2.4365437030792236, 1.0293231010437012, -1.2296141386032104, 0.3738333284854889, -0.15506069362163544, 2.0615429878234863, -0.2832309603691101, -0.28132888674736023, -1.5269273519515991, -0.31874170899391174, 1.6305454969406128, 1.0, 55.099998474121094, 17.8700008392334, -2.2320001125335693, 1.9160000085830688, 0.09700000286102295, 1.2380000352859497, -0.23199999332427979, 17.16699981689453, -3.140000104904175, 46.611000061035156, 0.6980000138282776, 1.8170000314712524, -0.13699999451637268, 0.47999998927116394, 0.0, 0.0, 0.11999999731779099, 0.0, 0.47999998927116394, 0.1080000028014183, -2.2739999294281006, 0.05400000140070915, 2.124000072479248, -0.7319999933242798, 1.2059999704360962, -5.693999767303467, -1.8359999656677246, -0.1392509937286377, 0.47190600633621216, -0.053606998175382614, 0.23311400413513184, -0.9405990242958069, -0.15243099629878998, -0.19415099918842316, 0.5777850151062012, -0.01216300018131733, 0.03025900013744831, 0.6012660264968872, -0.12710300087928772, 0.7870709896087646, 0.053300999104976654]",6.266666666666667,326,0,19,0
"[-0.83310467004776, -2.02638840675354, 0.20386454463005066, -0.05522219464182854, 2.0581417083740234, 0.7731252312660217, -0.7381516695022583, 1.0, 0.03574032336473465, 2.0662708282470703, -0.18254226446151733, -0.05061977729201317, -1.4618829488754272, 0.056756392121315, 1.7241930961608887, 1.0, 0.0]","[-1.1665499210357666, -2.0245139598846436, 0.09042590111494064, 0.02709984965622425, 2.452911376953125, 0.8625011444091797, -1.1794804334640503, 0.3734166622161865, 0.16762469708919525, 1.9422024488449097, -0.18777944147586823, -0.646854043006897, -1.6540331840515137, -1.5572903156280518, 1.2791897058486938, 1.0, 55.099998474121094, 15.920000076293945, -2.122999906539917, 1.8769999742507935, 0.10499999672174454, 1.128999948501587, -0.2840000092983246, 25.003000259399414, -7.993000030517578, 28.43000030517578, 0.41100001335144043, 1.5859999656677246, 0.4129999876022339, -0.5580000281333923, 0.0, 0.09000000357627869, -0.035999998450279236, 0.024000000208616257, -0.08399999886751175, -0.31200000643730164, 0.7020000219345093, -0.14399999380111694, -1.2239999771118164, -0.16200000047683716, -0.006000000052154064, -0.07199999690055847, -0.40799999237060547, -0.12247099727392197, 0.4637260138988495, -0.09426700323820114, 0.21943899989128113, -0.9452589750289917, -0.16343200206756592, -0.177823007106781, 0.3985919952392578, 0.24968500435352325, 0.16234099864959717, 0.505266010761261, -0.7276589870452881, 0.3083159923553467, 0.3466379940509796]",3.933333333333333,128,0,29,0
"[-0.8918553590774536, -2.02638840675354, 0.14419353008270264, -0.11167346686124802, 2.0616698265075684, 0.7225038409233093, -0.6688166856765747, 0.2199999988079071, 0.038348376750946045, 2.0662708282470703, -0.18254226446151733, -0.05061977729201317, -1.4618829488754272, 0.056756392121315, 1.7272610664367676, 1.0, 0.0]","[-0.894713819026947, -2.026014804840088, 0.11815395206212997, -0.05929509922862053, 2.0898120403289795, 0.7875708341598511, -0.6497507691383362, 0.3752500116825104, 0.03687184676527977, 2.0658531188964844, -0.18250954151153564, -0.050587549805641174, -1.4615771770477295, 0.056747402995824814, 1.7260667085647583, 1.0, 55.099998474121094, 16.406999588012695, -4.135000228881836, 1.0640000104904175, 0.2070000022649765, 1.1649999618530273, -0.2070000022649765, 13.76099967956543, -3.578000068664551, 44.00199890136719, 0.19900000095367432, 1.3730000257492065, 0.2029999941587448, -0.25200000405311584, 0.0, -0.06599999964237213, 0.9359999895095825, 1.3320000171661377, 1.2419999837875366, -0.906000018119812, -0.017999999225139618, 0.0, 0.0, 0.0, -0.035999998450279236, 0.0, -0.006000000052154064, -0.2296680063009262, 0.4295409917831421, -0.0909539982676506, 0.3399510085582733, -0.9116979837417603, -0.16417600214481354, -0.16212399303913116, 0.5601000189781189, 0.014952000230550766, -0.040539998561143875, 0.535198986530304, 0.03179299831390381, 0.844044029712677, 0.011824999935925007]",0.7,327,0,151,0
"[-1.322290062904358, -2.0263893604278564, 0.06749321520328522, 0.07976672798395157, 2.6743431091308594, 0.855961263179779, -1.4802908897399902, 0.2160000056028366, 0.5154165029525757, 1.9506064653396606, -0.6442707777023315, -0.658076286315918, -1.677253246307373, -1.3221361637115479, 1.4342710971832275, 0.24300000071525574, 0.0]","[-0.8456968069076538, -2.0261194705963135, 0.7405779957771301, 0.013261999934911728, 1.5326684713363647, 0.8453478217124939, -0.7778686285018921, 1.0, 0.03566779941320419, 2.0658183097839355, -0.18401025235652924, -0.050657350569963455, -1.4614723920822144, 0.05666014924645424, 1.722227692604065, 1.0, 55.099998474121094, 16.253000259399414, -4.361000061035156, 2.632999897003174, 0.3269999921321869, 0.9440000057220459, -0.16500000655651093, 13.279999732971191, -2.8359999656677246, 43.874000549316406, 0.16500000655651093, 1.3389999866485596, 0.19599999487400055, -0.36000001430511475, 0.0, -0.8999999761581421, -0.47999998927116394, 0.7020000219345093, -0.3240000009536743, 0.017999999225139618, 0.05400000140070915, 0.0, 0.0, 0.0, 0.0, 0.0, -0.006000000052154064, -0.24820899963378906, 0.42328399419784546, -0.07884000241756439, 0.33297300338745117, -0.9059690237045288, -0.19839000701904297, -0.17026099562644958, 0.5601379871368408, 0.014326999895274639, -0.04049700126051903, 0.5352969765663147, 0.03003999963402748, 0.8440669775009155, 0.010174999944865704]",7.733333333333333,126,0,450,0
"[-0.8390861749649048, -2.02638840675354, 0.34499096870422363, -0.038348373025655746, 1.9257581233978271, 0.7774204611778259, -0.7743535041809082, 1.0, 0.038348376750946045, 2.0662708282470703, -0.18376955389976501, -0.05061977729201317, -1.4618829488754272, 0.056756392121315, 1.7241930961608887, 1.0, 0.0]","[-1.2978960275650024, -2.0258054733276367, 0.03018850088119507, 0.0642334520816803, 2.6707050800323486, 0.8419625163078308, -1.4528521299362183, 0.30550000071525574, 0.49252626299858093, 1.9419407844543457, -0.635441780090332, -0.7628616094589233, -1.6750603914260864, -1.3798587322235107, 1.4790620803833008, 0.4241666793823242, 55.099998474121094, 16.941999435424805, -8.40999984741211, 5.000999927520752, 1.475000023841858, 1.4079999923706055, 0.19599999487400055, 23.360000610351562, -4.88100004196167, 36.16400146484375, 0.020999999716877937, 1.0260000228881836, 0.25, 0.07199999690055847, 0.0, -0.05400000140070915, 0.0, 0.006000000052154064, -0.035999998450279236, 0.05400000140070915, 0.0, 0.0, 0.0, -0.6119999885559082, 0.0, -0.08399999886751175, 0.4860000014305115, -0.07975900173187256, 0.4778769910335541, -0.09362799674272537, 0.19655099511146545, -0.9502419829368591, -0.18929600715637207, -0.15024599432945251, 0.2688809931278229, 0.39205700159072876, 0.10893300175666809, 0.33775201439857483, -0.8574140071868896, 0.22651700675487518, 0.31536200642585754]",1.6,332,0,396,0
"[-1.3109385967254639, -2.0263893604278564, 0.05061936005949974, 0.06442701071500778, 2.669893264770508, 0.8438432216644287, -1.4635703563690186, 0.2160000056028366, 0.4931739568710327, 1.942323923110962, -0.6353743672370911, -0.6861485838890076, -1.6754125356674194, -1.3548089265823364, 1.4339653253555298, 0.24300000071525574, 0.0]","[-1.2123212814331055, -2.024967670440674, 0.09203130006790161, 0.060795798897743225, 2.5207571983337402, 0.8578070998191833, -1.233278751373291, 0.37308332324028015, 0.30835893750190735, 1.9512938261032104, -0.45835915207862854, -0.6561549305915833, -1.6542600393295288, -1.465119481086731, 1.1798816919326782, 1.0, 55.099998474121094, 15.15999984741211, -3.384999990463257, 2.750999927520752, 0.2460000067949295, 1.125, -0.2240000069141388, 25.878000259399414, -2.819000005722046, 29.868999481201172, 0.08500000089406967, 1.6710000038146973, 0.12300000339746475, -0.27000001072883606, -0.024000000208616257, 0.10199999809265137, 0.13199999928474426, 0.16200000047683716, 0.05400000140070915, -0.041999999433755875, 0.8159999847412109, 0.024000000208616257, -1.2120000123977661, 0.012000000104308128, 0.0, 0.5759999752044678, -0.492000013589859, -0.10923899710178375, 0.47217699885368347, -0.09010100364685059, 0.21957199275493622, -0.9517009854316711, -0.14494900405406952, -0.15824300050735474, 0.34699198603630066, 0.32122600078582764, 0.11575599759817123, 0.42388400435447693, -0.8253300189971924, 0.22143200039863586, 0.3001990020275116]",11.133333333333333,496,0,470,0
"[-1.0670355558395386, -2.024855375289917, 0.12333080917596817, 0.15922635793685913, 2.452528953552246, 1.0174896717071533, -1.1682795286178589, 0.2199999988079071, -0.19450786709785461, 2.046022891998291, 0.1527833640575409, -0.5706400275230408, -1.4770689010620117, -1.5938055515289307, 1.3873318433761597, 1.0, 0.0]","[-1.3137233257293701, -2.02597975730896, 0.06859595328569412, 0.08297475427389145, 2.676516056060791, 0.8528687357902527, -1.4979952573776245, 0.37308332324028015, 0.5146353840827942, 1.9416614770889282, -0.6045552492141724, -0.6390888094902039, -1.6843438148498535, -1.311384916305542, 1.4366236925125122, 1.0, 55.099998474121094, 15.722999572753906, -1.1059999465942383, 3.3559999465942383, 0.04699999839067459, 1.1260000467300415, -0.3050000071525574, 26.68600082397461, -5.460000038146973, 29.972000122070312, 0.2280000001192093, 1.7209999561309814, 0.20399999618530273, -0.006000000052154064, 0.0, 0.0, -0.07800000160932541, 0.0, 0.041999999433755875, 0.31200000643730164, 0.05400000140070915, 0.08399999886751175, -0.08399999886751175, 0.07199999690055847, 0.0, 0.14399999380111694, 0.05400000140070915, -0.07566700130701065, 0.479669988155365, -0.09145600348711014, 0.19328400492668152, -0.9527130126953125, -0.18815599381923676, -0.1399099975824356, 0.2865909934043884, 0.3970550000667572, 0.09265799820423126, 0.34939301013946533, -0.8409450054168701, 0.26752498745918274, 0.31490400433540344]",12.2,123,0,202,0
"[-1.2560228109359741, -2.0263893604278564, 0.06642014533281326, 0.09035058319568634, 2.541806697845459, 0.8525863885879517, -1.3244390487670898, 0.2199999988079071, 0.43396228551864624, 1.9541363716125488, -0.5218592882156372, -0.6405895352363586, -1.6507164239883423, -1.3640145063400269, 1.2836343050003052, 1.0, 0.0]","[-0.8331153392791748, -2.0259275436401367, 0.1953004002571106, -0.06281999498605728, 2.061612844467163, 0.771604061126709, -0.7223427295684814, 0.9950833320617676, 0.03467315062880516, 2.0658183097839355, -0.18240484595298767, -0.050587549805641174, -1.4615771770477295, 0.056712500751018524, 1.7245311737060547, 1.0, 55.099998474121094, 14.913999557495117, -1.8589999675750732, 2.3320000171661377, 0.12300000339746475, 0.9440000057220459, -0.3050000071525574, 13.385000228881836, -3.36299991607666, 44.30699920654297, 0.1899999976158142, 1.3609999418258667, 0.20600000023841858, 0.0, 0.0, -0.14399999380111694, -0.25200000405311584, 0.0, 0.0, 0.7139999866485596, -0.029999999329447746, 0.0, 0.0, 0.0, 0.0, 0.0, 0.017999999225139618, -0.26035600900650024, 0.4100019931793213, -0.09549599885940552, 0.3297390043735504, -0.9077860116958618, -0.21620699763298035, -0.1430010050535202, 0.560139000415802, 0.013718999922275543, -0.04052700102329254, 0.5352270007133484, 0.03211100026965141, 0.8440269827842712, 0.010858999565243721]",1.5666666666666667,182,0,435,0
"[-0.9522942304611206, -2.0262348651885986, 0.12087619304656982, 0.12747296690940857, 2.30879282951355, 0.9479994177818298, -0.865932285785675, 0.2199999988079071, 0.03558691218495369, 2.0662708282470703, -0.1889856606721878, -0.04080298915505409, -1.4686331748962402, 0.056756392121315, 1.7212785482406616, 1.0, 0.0]","[-1.31096613407135, -2.02597975730896, 0.07452894747257233, 0.11122629791498184, 2.640237331390381, 0.8258910179138184, -1.5327556133270264, 0.37308332324028015, 0.4560033977031708, 1.9389567375183105, -0.5888327956199646, -0.6463479995727539, -1.659442663192749, -1.3371585607528687, 1.3764734268188477, 1.0, 55.099998474121094, 13.706000328063965, -0.5350000262260437, 2.9730000495910645, 0.03999999910593033, 0.9800000190734863, -0.29100000858306885, 25.750999450683594, -5.449999809265137, 31.177000045776367, 0.23100000619888306, 1.6729999780654907, 0.2370000034570694, -0.07199999690055847, 0.0, -0.012000000104308128, -0.1979999989271164, 0.22200000286102295, 0.0, 0.05400000140070915, 0.3479999899864197, 0.0, -0.1860000044107437, 0.0, 0.0, 0.024000000208616257, 0.40799999237060547, -0.07671000063419342, 0.49027198553085327, -0.08139800280332565, 0.21837100386619568, -0.9403430223464966, -0.2116519957780838, -0.15255099534988403, 0.3048059940338135, 0.37950098514556885, 0.10011299699544907, 0.36973801255226135, -0.8362990021705627, 0.25891798734664917, 0.3112199902534485]",3.2333333333333334,338,0,446,0
"[-1.3130862712860107, -2.0263893604278564, 0.06902733445167542, 0.08436740189790726, 2.6752638816833496, 0.8513596653938293, -1.5056015253067017, 0.2160000056028366, 0.5118881464004517, 1.9404842853546143, -0.5979449152946472, -0.6412030458450317, -1.6813955307006836, -1.318455457687378, 1.4312037229537964, 1.0, 0.0]","[-0.8330979347229004, -2.0259275436401367, 0.19306680560112, -0.06620530039072037, 2.0616302490234375, 0.7715866565704346, -0.7159560322761536, 0.9950833320617676, 0.03434159979224205, 2.065870523452759, -0.18245720863342285, -0.05060500279068947, -1.4615771770477295, 0.05678229779005051, 1.7248976230621338, 1.0, 55.099998474121094, 15.104000091552734, -2.6589999198913574, 1.9149999618530273, 0.09600000083446503, 0.9120000004768372, -0.18700000643730164, 13.383999824523926, -3.628000020980835, 44.3849983215332, 0.19900000095367432, 1.3550000190734863, 0.21699999272823334, 0.0, 0.0, -0.1679999977350235, -0.30000001192092896, 0.0, 0.0, 0.6539999842643738, -0.029999999329447746, 0.0, 0.0, 0.0, 0.0, 0.0, 0.012000000104308128, -0.2599619925022125, 0.4095369875431061, -0.09617900103330612, 0.32934001088142395, -0.9082689881324768, -0.21470099687576294, -0.14312100410461426, 0.5601339936256409, 0.013488000258803368, -0.040546998381614685, 0.5352129936218262, 0.032430000603199005, 0.8440250158309937, 0.01079699955880642]",5.933333333333334,105,0,135,0
"[-1.0756261348724365, -2.024855375289917, 0.11980227380990982, 0.12777969241142273, 2.448080539703369, 0.9989286065101624, -1.1658250093460083, 0.2199999988079071, -0.10185566544532776, 2.0319106578826904, 0.08375421166419983, -0.6249430775642395, -1.5086690187454224, -1.589050054550171, 1.3722988367080688, 1.0, 0.0]","[0.08224184811115265, -2.0258054733276367, -0.033469099551439285, 0.027745500206947327, 0.981091320514679, 0.5813292860984802, -0.9865183234214783, 1.0, 0.037692002952098846, 2.065870523452759, -0.18402768671512604, -0.04331090301275253, -1.4629905223846436, 0.056189000606536865, 1.7223323583602905, 1.0, 55.099998474121094, 9.76099967956543, 6.234000205993652, 10.138999938964844, -0.39500001072883606, 1.065999984741211, -0.597000002861023, 13.184000015258789, -3.1659998893737793, 43.724998474121094, 0.21699999272823334, 1.2940000295639038, 0.18000000715255737, 1.5299999713897705, 0.0, 0.08399999886751175, -0.8460000157356262, -0.28200000524520874, 7.038000106811523, 0.1860000044107437, 0.024000000208616257, 0.0, 0.0, 0.0, 0.0, 0.0, 0.0, -0.5690299868583679, 0.02491299994289875, 0.031915999948978424, 0.6630529761314392, -0.08222000300884247, -0.7216799855232239, -0.1810459941625595, 0.5589540004730225, 0.014991999603807926, -0.04292599856853485, 0.5322719812393188, 0.02874699980020523, 0.8460289835929871, 0.009731999598443508]",10.433333333333334,356,0,117,0
"[0.03298012167215347, -2.02638840675354, -0.0338999442756176, 0.053995028138160706, 1.005370020866394, 0.3676944077014923, -0.9917187690734863, 1.0, 0.03727448359131813, 2.0662708282470703, -0.18407638370990753, -0.043717872351408005, -1.4623430967330933, 0.056142717599868774, 1.7226591110229492, 1.0, 0.0]","[-1.0631062984466553, -2.024444341659546, 0.1258668452501297, 0.1704515963792801, 2.4544472694396973, 1.0266358852386475, -1.17154061794281, 0.3734166622161865, -0.2402341514825821, 2.049415349960327, 0.18209075927734375, -0.5366572737693787, -1.467318058013916, -1.5904104709625244, 1.395389199256897, 1.0, 55.099998474121094, 16.584999084472656, -1.3990000486373901, 2.565999984741211, 0.13600000739097595, 1.1490000486373901, -0.2409999966621399, 20.937000274658203, -13.717000007629395, 29.40399932861328, 0.7239999771118164, 1.0850000381469727, 0.5740000009536743, -0.05999999865889549, 0.0, -0.1379999965429306, -0.6959999799728394, -0.012000000104308128, -0.5099999904632568, 0.20999999344348907, 2.5980000495910645, -0.13199999928474426, -1.3619999885559082, -2.2920000553131104, -0.5099999904632568, -0.7440000176429749, -0.5879999995231628, -0.162214994430542, 0.45593300461769104, -0.06575699895620346, 0.2219969928264618, -0.946025013923645, -0.15390299260616302, -0.17906999588012695, 0.46469900012016296, 0.026081999763846397, 0.175027996301651, 0.6890509724617004, -0.4155060052871704, 0.4440380036830902, 0.394199013710022]",4.966666666666667,262,0,441,0
"[-0.5054459571838379, -2.0260815620422363, 0.7430592775344849, 0.270440012216568, 1.4979307651519775, 1.1498712301254272, -0.7863186597824097, 1.0, 0.03896204009652138, 2.0662708282470703, -0.18407638370990753, -0.04295080155134201, -1.4624965190887451, 0.056756392121315, 1.7211251258850098, 1.0, 0.0]","[-1.146255612373352, -2.0183019638061523, 0.13090990483760834, 0.25454315543174744, 2.417034387588501, 1.013530969619751, -1.1515778303146362, 0.37416666746139526, 0.041304152458906174, 2.065870523452759, -0.1856854408979416, -0.046608950942754745, -1.4644912481307983, 0.0545836016535759, 1.7238681316375732, 1.0, 55.099998474121094, 15.151000022888184, -6.88100004196167, 2.4019999504089355, 0.4359999895095825, 1.0880000591278076, -0.1420000046491623, 12.621999740600586, -3.6630001068115234, 43.9010009765625, 0.2070000022649765, 1.2829999923706055, 0.21799999475479126, -0.6060000061988831, -0.017999999225139618, 0.0, 0.0, 0.2280000001192093, -0.414000004529953, -0.7440000176429749, 0.0, 0.0, -0.05400000140070915, -0.012000000104308128, -0.035999998450279236, 0.029999999329447746, -0.05999999865889549, -0.12515699863433838, 0.4874520003795624, -0.038144998252391815, 0.2668229937553406, -0.9406369924545288, -0.09598100185394287, -0.18653200566768646, 0.5594109892845154, 0.01754700019955635, -0.04185200110077858, 0.5335959792137146, 0.02594899944961071, 0.8452640175819397, 0.011338000185787678]",15.2,390,0,258,0
"[-1.2857815027236938, -2.0263893604278564, 0.07669804245233536, 0.11934275925159454, 2.585831880569458, 0.8347924947738647, -1.4885743856430054, 0.2160000056028366, 0.4374907910823822, 1.9409444332122803, -0.553306519985199, -0.6408963799476624, -1.659459114074707, -1.3434587717056274, 1.3313413858413696, 1.0, 0.0]","[-1.1582437753677368, -2.024531602859497, 0.08937890082597733, 0.028077049180865288, 2.4526498317718506, 0.8641588687896729, -1.1753796339035034, 0.3734166622161865, 0.15949299931526184, 1.944087028503418, -0.17481409013271332, -0.6453009843826294, -1.6533526182174683, -1.5570459365844727, 1.2844771146774292, 1.0, 55.099998474121094, 14.996000289916992, -3.2100000381469727, 2.6489999294281006, 0.24400000274181366, 1.065999984741211, -0.27300000190734863, 24.594999313354492, -5.435999870300293, 30.40399932861328, 0.2160000056028366, 1.4809999465942383, 0.3100000023841858, -0.6840000152587891, 0.0, 0.05400000140070915, -0.12600000202655792, 0.012000000104308128, -0.17399999499320984, -0.2879999876022339, 0.7799999713897705, -0.23399999737739563, -1.1579999923706055, -0.05400000140070915, -0.1080000028014183, -0.035999998450279236, -0.6240000128746033, -0.1260949969291687, 0.46279099583625793, -0.09399999678134918, 0.2204969972372055, -0.9447669982910156, -0.1654130071401596, -0.17729300260543823, 0.40155500173568726, 0.24543799459934235, 0.1634719967842102, 0.5101100206375122, -0.7208020091056824, 0.3143079876899719, 0.34848201274871826]",2.066666666666667,261,0,216,0
"[-1.2135313749313354, -2.0263893604278564, 0.0937252938747406, 0.06243261694908142, 2.521557569503784, 0.8601034879684448, -1.2337802648544312, 0.2199999988079071, 0.31446513533592224, 1.952909231185913, -0.4657161235809326, -0.6545485258102417, -1.6520969867706299, -1.4591219425201416, 1.177943468093872, 1.0, 0.0]","[-0.6937770843505859, -2.026014804840088, 0.7785317897796631, 0.12412185221910477, 1.5123566389083862, 0.9926432371139526, -0.7823009490966797, 1.0, 0.0367496982216835, 2.0658531188964844, -0.18401025235652924, -0.048423752188682556, -1.4628509283065796, 0.05683464929461479, 1.7209887504577637, 1.0, 55.099998474121094, 16.483999252319336, -4.193999767303467, 0.7179999947547913, 0.3490000069141388, 1.0230000019073486, -0.257999986410141, 12.831000328063965, -3.7149999141693115, 44.12699890136719, 0.21299999952316284, 1.2940000295639038, 0.21199999749660492, -0.8339999914169312, 0.0, -0.14399999380111694, -0.6119999885559082, 0.0, -1.0499999523162842, 0.024000000208616257, -0.11400000005960464, 0.0, 0.0, -0.04800000041723251, 0.012000000104308128, 0.0, 0.012000000104308128, -0.2775300145149231, 0.3965350091457367, -0.05829999968409538, 0.3382450044155121, -0.8985090255737305, -0.19299300014972687, -0.20254600048065186, 0.5598229765892029, 0.014465999789536, -0.041143998503685, 0.5345249772071838, 0.028896000236272812, 0.8446059823036194, 0.009322999976575375]",6.466666666666667,438,0,380,0
"[-1.312319278717041, -2.0263893604278564, 0.05061936005949974, 0.06442701071500778, 2.6714272499084473, 0.8450704216957092, -1.4664851427078247, 0.2160000056028366, 0.49394094944000244, 1.9435511827468872, -0.6366018652915955, -0.6700416207313538, -1.6763328313827515, -1.342997431755066, 1.4298235177993774, 0.24300000071525574, 0.0]","[-1.3220120668411255, -2.025944948196411, 0.06686840206384659, 0.07486049830913544, 2.671682119369507, 0.855416476726532, -1.4799344539642334, 0.37275001406669617, 0.5073587894439697, 1.9512590169906616, -0.6441493034362793, -0.6580220460891724, -1.677398681640625, -1.3221689462661743, 1.4248099327087402, 0.9048333168029785, 55.099998474121094, 15.640000343322754, -1.409000039100647, 3.2320001125335693, 0.0729999989271164, 1.1030000448226929, -0.2919999957084656, 25.607999801635742, -5.815999984741211, 30.517000198364258, 0.28700000047683716, 1.6469999551773071, 0.21400000154972076, 0.0, 0.0, -0.006000000052154064, -0.12600000202655792, 0.0, -0.017999999225139618, 0.0, -0.024000000208616257, 0.0, 0.0, 0.0, 0.0, 0.0, 0.0, -0.07059299945831299, 0.4784809947013855, -0.09332700073719025, 0.1892469972372055, -0.9551489949226379, -0.17801299691200256, -0.14207899570465088, 0.2810559868812561, 0.39426499605178833, 0.08506199717521667, 0.33700400590896606, -0.8526440262794495, 0.2533079981803894, 0.30864301323890686]",0.06666666666666667,255,0,178,0
"[-1.299894094467163, -2.0263893604278564, 0.03282608464360237, 0.06442701071500778, 2.671734094619751, 0.8421553373336792, -1.4539076089859009, 0.2160000056028366, 0.492406964302063, 1.9420171976089478, -0.6350674629211426, -0.750575602054596, -1.6735717058181763, -1.3747506141662598, 1.470934271812439, 0.24300000071525574, 0.0]","[-1.3136882781982422, -2.0259974002838135, 0.07267925143241882, 0.0935320034623146, 2.662067413330078, 0.8358026146888733, -1.521081566810608, 0.37308332324028015, 0.49284034967422485, 1.9384506940841675, -0.5919737815856934, -0.6472728252410889, -1.662217140197754, -1.332464575767517, 1.4095935821533203, 1.0, 55.099998474121094, 15.149999618530273, -1.4900000095367432, 3.7249999046325684, 0.06599999964237213, 1.1109999418258667, -0.2750000059604645, 24.926000595092773, -6.204999923706055, 29.606000900268555, 0.3089999854564667, 1.562000036239624, 0.22599999606609344, 0.0, 0.0, 0.10199999809265137, -0.1379999965429306, 0.041999999433755875, 0.09000000357627869, 0.08399999886751175, 0.2939999997615814, 0.0, -0.012000000104308128, 0.017999999225139618, -0.029999999329447746, 0.035999998450279236, 0.05999999865889549, -0.07614800333976746, 0.4846319854259491, -0.08747299760580063, 0.20513300597667694, -0.9468029737472534, -0.201556995511055, -0.1444229930639267, 0.2911440134048462, 0.39083701372146606, 0.09982100129127502, 0.3593440055847168, -0.8375830054283142, 0.2575649917125702, 0.32091400027275085]",7.766666666666667,258,0,133,0
"[-1.0719445943832397, -2.024855375289917, 0.12056934088468552, 0.1386709064245224, 2.4496145248413086, 1.0058313608169556, -1.1658250093460083, 0.2199999988079071, -0.13314871490001678, 2.0385067462921143, 0.10845132172107697, -0.6108304858207703, -1.4957834482192993, -1.593038558959961, 1.3765939474105835, 1.0, 0.0]","[-0.8354710936546326, -2.0259275436401367, 0.2202015519142151, -0.05290840193629265, 2.0484554767608643, 0.771604061126709, -0.7442948222160339, 1.0, 0.03737789765000343, 2.0658531188964844, -0.18221290409564972, -0.05060500279068947, -1.461594581604004, 0.056747402995824814, 1.723902940750122, 1.0, 55.099998474121094, 16.891000747680664, -4.370999813079834, 2.9100000858306885, 0.2879999876022339, 1.1469999551773071, -0.1809999942779541, 13.119999885559082, -2.990000009536743, 44.26100158691406, 0.15700000524520874, 1.3420000076293945, 0.1979999989271164, 0.09000000357627869, 0.0, -0.6660000085830688, -0.09000000357627869, 0.5099999904632568, 0.0, 0.1679999977350235, -0.035999998450279236, 0.0, 0.0, 0.0, 0.0, 0.0, 0.006000000052154064, -0.2609890103340149, 0.411421000957489, -0.09386099874973297, 0.3293580114841461, -0.9072409868240356, -0.219869002699852, -0.14174899458885193, 0.560096025466919, 0.015231000259518623, -0.040532998740673065, 0.535211980342865, 0.0307839997112751, 0.844078004360199, 0.011448999866843224]",5.266666666666667,38,0,137,0
"[-1.322290062904358, -2.0263893604278564, 0.06595910340547562, 0.07393696159124374, 2.672194242477417, 0.8553476929664612, -1.4802908897399902, 0.2160000056028366, 0.5078994631767273, 1.951220154762268, -0.6442707777023315, -0.658076286315918, -1.6766396760940552, -1.3222895860671997, 1.4250670671463013, 0.24300000071525574, 0.0]","[-1.3089245557785034, -2.0261194705963135, 0.0493834987282753, 0.06433814764022827, 2.6640565395355225, 0.8491518497467041, -1.4569528102874756, 0.3389166593551636, 0.4931718707084656, 1.9427434206008911, -0.6364538669586182, -0.7023276090621948, -1.676247000694275, -1.3598785400390625, 1.4442317485809326, 0.4339999854564667, 55.099998474121094, 9.4399995803833, -15.640999794006348, -1.1369999647140503, 2.48799991607666, -0.21199999749660492, 0.4259999990463257, 30.673999786376953, -8.52299976348877, 41.83100128173828, 1.0260000228881836, 2.7139999866485596, 0.19499999284744263, 0.07199999690055847, 0.0, 0.0, 0.0, -0.09000000357627869, -0.017999999225139618, 0.16200000047683716, 0.0, 0.0, 0.0, -0.671999990940094, 0.0, -0.14399999380111694, 0.44999998807907104, -0.07474199682474136, 0.47714701294898987, -0.0946429967880249, 0.19114699959754944, -0.9531630277633667, -0.18177300691604614, -0.14798399806022644, 0.2784709930419922, 0.390516996383667, 0.0974230021238327, 0.33677801489830017, -0.8551380038261414, 0.24091500043869019, 0.3118959963321686]",14.733333333333333,412,0,46,0
"[-0.7413719296455383, -2.02638840675354, 0.7769598960876465, 0.08989038318395615, 1.5109695196151733, 0.9484593868255615, -0.7783421874046326, 1.0, 0.03175327181816101, 2.0662708282470703, -0.18407638370990753, -0.05061977729201317, -1.4618829488754272, 0.056756392121315, 1.7226591110229492, 1.0, 0.0]","[-1.3164454698562622, -2.0261194705963135, 0.06250590085983276, 0.06672880053520203, 2.6676511764526367, 0.8482270836830139, -1.470494031906128, 0.37275001406669617, 0.4941491186618805, 1.950770378112793, -0.6429626941680908, -0.657917320728302, -1.6735422611236572, -1.3210347890853882, 1.4227508306503296, 0.44449999928474426, 55.099998474121094, 23.336999893188477, -2.9790000915527344, 3.128999948501587, 0.7689999938011169, 2.8459999561309814, -0.20200000703334808, 19.23200035095215, -7.978000164031982, 30.26099967956543, 0.753000020980835, 0.08299999684095383, -0.06199999898672104, 0.017999999225139618, 0.0, -0.2160000056028366, -0.024000000208616257, 0.0, 0.0, 0.1979999989271164, -0.024000000208616257, 0.0, 0.017999999225139618, 0.0, 0.0, 0.0, 0.006000000052154064, -0.07274699956178665, 0.47759899497032166, -0.094759002327919, 0.19016799330711365, -0.9544439911842346, -0.17991699278354645, -0.1431799978017807, 0.2861950099468231, 0.3908750116825104, 0.08598999679088593, 0.3409149944782257, -0.8499879837036133, 0.2581779956817627, 0.30763399600982666]",4.6,52,0,291,0
"[-1.2661468982696533, -2.0263893604278564, 0.0739365816116333, 0.10047505050897598, 2.546255350112915, 0.843996524810791, -1.411262035369873, 0.2160000056028366, 0.43703052401542664, 1.9463131427764893, -0.5411877632141113, -0.6369088888168335, -1.6557775735855103, -1.3551175594329834, 1.3008148670196533, 1.0, 0.0]","[-0.8957608342170715, -2.026049852371216, 0.14614374935626984, -0.11185449361801147, 2.0611939430236816, 0.7219937443733215, -0.6728196144104004, 0.5476666688919067, 0.0386168509721756, 2.0658183097839355, -0.18247464299201965, -0.050587549805641174, -1.461594581604004, 0.05683464929461479, 1.725473403930664, 1.0, 55.099998474121094, 15.49899959564209, -3.507999897003174, 1.906999945640564, 0.21199999749660492, 0.9950000047683716, -0.2370000034570694, 13.39900016784668, -3.740000009536743, 44.0880012512207, 0.20999999344348907, 1.340999960899353, 0.2160000056028366, 0.0, 0.0, -0.14399999380111694, -0.04800000041723251, 0.0, 0.0, 0.15000000596046448, 0.0, 0.0, 0.0, 0.0, 0.0, 0.0, 0.0, -0.23490199446678162, 0.4221140146255493, -0.10386600345373154, 0.33028000593185425, -0.9110440015792847, -0.19819000363349915, -0.14708000421524048, 0.5600810050964355, 0.01591699942946434, -0.04052500054240227, 0.5352069735527039, 0.030827000737190247, 0.8440709710121155, 0.01209300011396408]",7.466666666666667,47,0,159,0
"[-1.1942026615142822, -2.024855375289917, 0.08988992869853973, 0.04402429983019829, 2.4893436431884766, 0.8528935313224792, -1.2167532444000244, 0.2199999988079071, 0.23899349570274353, 1.9430930614471436, -0.34069663286209106, -0.6550082564353943, -1.6520969867706299, -1.530452013015747, 1.225650429725647, 1.0, 0.0]","[-0.2851678729057312, -2.01051926612854, 0.6111513376235962, 0.2821490466594696, 1.3304228782653809, 1.3587267398834229, -0.7559863924980164, 1.0, 0.03216034919023514, 2.0658531188964844, -0.1841149479150772, -0.043869297951459885, -1.4644039869308472, 0.056974250823259354, 1.7207618951797485, 1.0, 55.099998474121094, 15.345999717712402, -2.877000093460083, -4.076000213623047, 0.19699999690055847, 0.8399999737739563, -0.3479999899864197, 12.947999954223633, -3.2260000705718994, 45.10599899291992, 0.19200000166893005, 1.3890000581741333, 0.19599999487400055, -2.4779999256134033, 0.1379999965429306, 2.2139999866485596, 0.8159999847412109, 2.621999979019165, -2.4000000953674316, -1.1339999437332153, 0.0, 0.0, 0.0, 0.024000000208616257, 0.041999999433755875, 0.0, 0.0, -0.3633649945259094, 0.2993279993534088, 0.03359299898147583, 0.47401899099349976, -0.7823349833488464, -0.24348700046539307, -0.32244399189949036, 0.5591310262680054, 0.011812999844551086, -0.042709000408649445, 0.53261798620224, 0.02998499944806099, 0.8457930088043213, 0.007182000204920769]",10.233333333333333,353,0,414,0
"[-0.8321840167045593, -2.02638840675354, 0.16750933229923248, -0.07654506713151932, 2.060135841369629, 0.7731252312660217, -0.6863031983375549, 0.28600001335144043, 0.033899348229169846, 2.0662708282470703, -0.18254226446151733, -0.05061977729201317, -1.4618829488754272, 0.056756392121315, 1.7257270812988281, 1.0, 0.0]","[0.010208250023424625, -2.0259275436401367, -0.032177798449993134, 0.06254079937934875, 1.028171420097351, 0.2758670449256897, -0.9950513243675232, 1.0, 0.03685440123081207, 2.0658531188964844, -0.18402768671512604, -0.04289209842681885, -1.4627636671066284, 0.05608430132269859, 1.722350001335144, 1.0, 55.099998474121094, 6.940999984741211, 2.578000068664551, 15.232000350952148, -0.4009999930858612, 1.2109999656677246, -0.289000004529953, 12.642000198364258, -3.4170000553131104, 43.96799850463867, 0.1850000023841858, 1.2740000486373901, 0.18799999356269836, 1.7339999675750732, 0.0, -0.19200000166893005, -0.6240000128746033, -1.944000005722046, 6.366000175476074, 0.12600000202655792, 0.0, 0.0, 0.0, -0.035999998450279236, 0.0, 0.0, 0.0, -0.5767120122909546, 0.030244000256061554, 0.010079000145196915, 0.6129069924354553, -0.060026999562978745, -0.7825170159339905, -0.09169399738311768, 0.5589039921760559, 0.014507000334560871, -0.04305800050497055, 0.5320969820022583, 0.029194999486207962, 0.8461250066757202, 0.00956599973142147]",13.466666666666667,331,0,49,0
"[-1.107839584350586, -2.024855375289917, 0.12685935199260712, 0.21644333004951477, 2.4364218711853027, 1.03451669216156, -1.2256509065628052, 0.2199999988079071, -0.18852560222148895, 2.062589406967163, -0.24927103519439697, -0.2876208424568176, -1.503607153892517, -0.4026692509651184, 1.5982542037963867, 1.0, 0.0]","[-1.174856185913086, -2.0174992084503174, 0.12469770014286041, 0.24899405241012573, 2.4350428581237793, 0.9706562757492065, -1.1766011714935303, 0.3738333284854889, 0.05330974981188774, 2.0636022090911865, -0.1923339068889618, -0.1217835545539856, -1.4677369594573975, 0.07433700561523438, 1.7215123176574707, 1.0, 55.099998474121094, 17.363000869750977, -3.6730000972747803, 0.1809999942779541, 0.17499999701976776, 1.159999966621399, -0.22300000488758087, 19.06399917602539, -3.6510000228881836, 44.724998474121094, 0.32100000977516174, 1.8680000305175781, 0.16200000047683716, 0.0, -0.08399999886751175, -0.2160000056028366, 0.029999999329447746, -0.10199999809265137, 0.012000000104308128, 0.0, 0.33000001311302185, 0.0, -0.33000001311302185, -1.0260000228881836, -0.1080000028014183, 1.055999994277954, -0.035999998450279236, -0.11701499670743942, 0.49460598826408386, -0.03817399963736534, 0.2759779989719391, -0.9390900135040283, -0.09958100318908691, -0.17896400392055511, 0.5705819725990295, 0.02714099921286106, -0.015104000456631184, 0.5662599802017212, 0.01827000081539154, 0.8239369988441467, 0.011921999976038933]",14.833333333333334,441,0,58,0
"[-0.11888253688812256, -2.02638840675354, 0.022548722103238106, 0.07132895290851593, 1.1696594953536987, -0.07270989567041397, -0.9575108289718628, 1.0, 0.03834838792681694, 2.0662708282470703, -0.18407638370990753, -0.04295080155134201, -1.4629566669464111, 0.05675636604428291, 1.722812533378601, 1.0, 0.0]","[-0.8331676721572876, -2.0259974002838135, 0.18540625274181366, -0.07149264961481094, 2.061769962310791, 0.7715866565704346, -0.7020134925842285, 0.9936666488647461, 0.03383554890751839, 2.0658183097839355, -0.18245720863342285, -0.050587549805641174, -1.461594581604004, 0.05669505149126053, 1.7252815961837769, 1.0, 55.099998474121094, 15.758999824523926, -4.072000026702881, 2.2780001163482666, 0.2720000147819519, 1.034999966621399, -0.15399999916553497, 13.12600040435791, -2.934999942779541, 44.29499816894531, 0.1469999998807907, 1.3259999752044678, 0.20000000298023224, 0.0, 0.0, -0.5099999904632568, -0.14399999380111694, 0.0, 0.0, 0.4320000112056732, 0.0, 0.0, 0.006000000052154064, 0.0, 0.0, 0.0, 0.0, -0.25908398628234863, 0.409186989068985, -0.09697700291872025, 0.3299179971218109, -0.9086689949035645, -0.21156999468803406, -0.1439169943332672, 0.5601500272750854, 0.013253999873995781, -0.04052700102329254, 0.5352280139923096, 0.03274200111627579, 0.8440020084381104, 0.010824999772012234]",12.8,228,0,76,0
"[-1.301121473312378, -2.0263893604278564, 0.03620085492730141, 0.06442701071500778, 2.6702005863189697, 0.8424621820449829, -1.4545212984085083, 0.2160000056028366, 0.492406964302063, 1.9420171976089478, -0.6350674629211426, -0.7444396615028381, -1.67387855052948, -1.3715293407440186, 1.466485619544983, 0.24300000071525574, 0.0]","[-1.3170735836029053, -2.0260672569274902, 0.06491400301456451, 0.06702545285224915, 2.6677908897399902, 0.8481048941612244, -1.4755719900131226, 0.37275001406669617, 0.4952484667301178, 1.9507529735565186, -0.6429975628852844, -0.6579523086547852, -1.6739959716796875, -1.3208428621292114, 1.4227333068847656, 0.445250004529953, 55.099998474121094, 22.209999084472656, -2.5769999027252197, 1.7009999752044678, 0.7210000157356262, 2.631999969482422, -0.23800000548362732, 20.96299934387207, -9.140000343322754, 30.25, 1.034999966621399, 0.4000000059604645, -0.1120000034570694, 0.012000000104308128, 0.0, 0.0, 0.0, -0.006000000052154064, 0.0, 0.27000001072883606, -0.05999999865889549, 0.006000000052154064, 0.006000000052154064, 0.0, 0.0, 0.0, -0.006000000052154064, -0.07268200069665909, 0.4776279926300049, -0.09477200359106064, 0.18982499837875366, -0.9543200135231018, -0.18131600320339203, -0.14269700646400452, 0.28582701086997986, 0.39118900895118713, 0.08595699816942215, 0.34076499938964844, -0.8502079844474792, 0.25773200392723083, 0.3075700104236603]",1.7333333333333334,495,0,383,0
"[-0.10446334630250931, -2.02638840675354, 0.008743517100811005, 0.07455065101385117, 1.1555464267730713, -0.04954710602760315, -0.9720838069915771, 1.0, 0.03834838792681694, 2.0662708282470703, -0.18407638370990753, -0.042490556836128235, -1.4632635116577148, 0.056602951139211655, 1.7229658365249634, 1.0, 0.0]","[-0.012598900124430656, -2.026014804840088, -0.027937449514865875, 0.06936375051736832, 1.0517289638519287, 0.2023676484823227, -0.9955050349235535, 1.0, 0.03678460046648979, 2.065870523452759, -0.18406260013580322, -0.04224644973874092, -1.4627461433410645, 0.05655544996261597, 1.722350001335144, 1.0, 55.099998474121094, 11.107999801635742, 1.2100000381469727, 10.789999961853027, 0.13300000131130219, 1.0789999961853027, -0.29499998688697815, 13.73900032043457, -4.275000095367432, 44.861000061035156, 0.328000009059906, 1.4160000085830688, 0.20100000500679016, 1.781999945640564, 0.0, -0.2939999997615814, -0.5400000214576721, -2.111999988555908, 6.185999870300293, 0.012000000104308128, 0.0, 0.0, 0.0, -0.017999999225139618, 0.012000000104308128, -0.012000000104308128, 0.006000000052154064, -0.5766990184783936, 0.03424299880862236, 0.004844000097364187, -0.5995569825172424, 0.06397800147533417, 0.7950299978256226, 0.06605999916791916, 0.5587980151176453, 0.014344999566674232, -0.04327600076794624, 0.5318430066108704, 0.029371000826358795, 0.8462820053100586, 0.009283999912440777]",15.466666666666667,377,0,162,0
"[-0.7605465054512024, -2.02638840675354, 0.775886058807373, 0.07501092553138733, 1.5109695196151733, 0.9297446608543396, -0.7765011787414551, 1.0, 0.031139614060521126, 2.0662708282470703, -0.18407638370990753, -0.05061977729201317, -1.4618829488754272, 0.056756392121315, 1.7226591110229492, 1.0, 0.0]","[-0.8409852981567383, -2.025944948196411, 0.4376983642578125, -0.03160195052623749, 1.8241533041000366, 0.7894903421401978, -0.7800847887992859, 1.0, 0.03835510089993477, 2.0658531188964844, -0.18401025235652924, -0.05060500279068947, -1.4615073204040527, 0.056747402995824814, 1.7233271598815918, 1.0, 55.099998474121094, 16.56399917602539, -3.321000099182129, 1.2970000505447388, 0.24500000476837158, 1.0549999475479126, -0.29499998688697815, 13.13599967956543, -2.9820001125335693, 44.736000061035156, 0.17299999296665192, 1.3359999656677246, 0.20200000703334808, 0.041999999433755875, 0.0, -1.6799999475479126, -0.25200000405311584, 1.871999979019165, -0.4740000069141388, 0.04800000041723251, 0.0, 0.0, 0.0, 0.0, 0.0, 0.0, 0.012000000104308128, -0.2596449851989746, 0.4161190092563629, -0.08783700317144394, 0.3331330120563507, -0.9018570184707642, -0.22925400733947754, -0.15204599499702454, 0.5600839853286743, 0.015814999118447304, -0.04052500054240227, 0.5352510213851929, 0.029384000226855278, 0.8441069722175598, 0.011146999895572662]",8.4,213,0,10,0
"[-1.3130862712860107, -2.0263893604278564, 0.06964098662137985, 0.08436740189790726, 2.675110101699829, 0.8487522602081299, -1.506674885749817, 0.2160000056028366, 0.508206844329834, 1.9400240182876587, -0.5939561128616333, -0.6424300074577332, -1.676793098449707, -1.3250515460968018, 1.4236868619918823, 1.0, 0.0]","[-1.2594712972640991, -2.0260672569274902, 0.06763619929552078, 0.0924500972032547, 2.5409293174743652, 0.8505479097366333, -1.358168363571167, 0.37308332324028015, 0.43686074018478394, 1.952218770980835, -0.5321202874183655, -0.6380243301391602, -1.650246500968933, -1.3613094091415405, 1.2867106199264526, 1.0, 55.099998474121094, 17.325000762939453, -2.178999900817871, 2.497999906539917, 0.15299999713897705, 1.2289999723434448, -0.27900001406669617, 24.7189998626709, -4.1519999504089355, 30.358999252319336, 0.14000000059604645, 1.5959999561309814, 0.16200000047683716, -0.17399999499320984, 0.006000000052154064, 0.1860000044107437, 0.16200000047683716, 0.012000000104308128, -0.18000000715255737, -1.9019999504089355, 0.041999999433755875, -0.15000000596046448, -0.3840000033378601, 0.1080000028014183, -0.07199999690055847, 0.18000000715255737, 0.1679999977350235, -0.0889120027422905, 0.48407500982284546, -0.08201699703931808, 0.22329199314117432, -0.9418380260467529, -0.17985500395298004, -0.1753080040216446, 0.31200599670410156, 0.37079399824142456, 0.10336100310087204, 0.39389100670814514, -0.8300430178642273, 0.23644199967384338, 0.31618499755859375]",15.566666666666666,333,0,165,0
"[-1.1693521738052368, -2.01810359954834, 0.13038794696331024, 0.2514183223247528, 2.4310522079467773, 0.9800601005554199, -1.1748768091201782, 0.2199999988079071, 0.03650737553834915, 2.0670382976531982, -0.18284907937049866, -0.07485751062631607, -1.4629566669464111, 0.041416704654693604, 1.7243465185165405, 1.0, 0.0]","[-0.7850929498672485, -2.026049852371216, 0.7740296125411987, 0.0560668520629406, 1.5122344493865967, 0.901397168636322, -0.7757048606872559, 1.0, 0.030973749235272408, 2.0658531188964844, -0.18402768671512604, -0.050727151334285736, -1.4616643190383911, 0.05662524700164795, 1.7221579551696777, 1.0, 55.099998474121094, 16.368000030517578, -2.809999942779541, 1.1380000114440918, 0.16200000047683716, 0.984000027179718, -0.24899999797344208, 13.652999877929688, -2.819999933242798, 44.77299880981445, 0.17399999499320984, 1.4040000438690186, 0.19300000369548798, -0.7860000133514404, 0.0, -0.22200000286102295, -0.492000013589859, 0.0, -0.8999999761581421, 0.0, 0.035999998450279236, 0.0, 0.0, 0.0, 0.0, 0.0, 0.0, -0.26089000701904297, 0.41286700963974, -0.07152800261974335, 0.334289014339447, -0.9043340086936951, -0.1945980042219162, -0.18044599890708923, 0.560204029083252, 0.01170899998396635, -0.04048600047826767, 0.5353429913520813, 0.03188500180840492, 0.8439859747886658, 0.008868999779224396]",7.166666666666667,313,0,305,0
"[-0.6823137402534485, -2.02638840675354, 0.7772668600082397, 0.13222822546958923, 1.5109695196151733, 1.0042965412139893, -0.7823308110237122, 1.0, 0.037274472415447235, 2.0662708282470703, -0.18407638370990753, -0.048013485968112946, -1.4618829488754272, 0.056756392121315, 1.7215852737426758, 1.0, 0.0]","[-1.3012988567352295, -2.0259974002838135, 0.03680204972624779, 0.06419854611158371, 2.6667962074279785, 0.845051109790802, -1.4540038108825684, 0.3179999887943268, 0.49287527799606323, 1.942237377166748, -0.6360350847244263, -0.7416773438453674, -1.6759328842163086, -1.371779441833496, 1.4649100303649902, 0.4269166588783264, 55.099998474121094, 13.802000045776367, -13.496999740600586, 4.72599983215332, 2.2639999389648438, 1.0199999809265137, 0.4580000042915344, 25.781999588012695, -6.122000217437744, 40.733001708984375, 0.20499999821186066, 1.3650000095367432, 0.23399999737739563, 0.13199999928474426, 0.0, -0.2759999930858612, 0.0, 0.14399999380111694, -0.06599999964237213, 0.05400000140070915, 0.0, 0.0, 0.006000000052154064, -0.5040000081062317, 0.006000000052154064, -0.2879999876022339, 0.20399999618530273, -0.07798899710178375, 0.47755399346351624, -0.09398999810218811, 0.19447200000286102, -0.9511079788208008, -0.1871359944343567, -0.15017400681972504, 0.27236300706863403, 0.3917349874973297, 0.10490299761295319, 0.33805298805236816, -0.8568189740180969, 0.23085500299930573, 0.31350499391555786]",9.6,413,0,452,0
"[-1.316307544708252, -2.0263893604278564, 0.05829007923603058, 0.06565330177545547, 2.6680538654327393, 0.8489055037498474, -1.4680193662643433, 0.2160000056028366, 0.4940943419933319, 1.9504531621932983, -0.6425833702087402, -0.658076286315918, -1.6766396760940552, -1.3222895860671997, 1.4235352277755737, 0.24300000071525574, 0.0]","[0.05020365118980408, -2.0259101390838623, -0.03392279893159866, 0.046643853187561035, 0.9944929480552673, 0.4348714351654053, -0.9907761216163635, 1.0, 0.03723829984664917, 2.0658531188964844, -0.18406260013580322, -0.04329345002770424, -1.4628161191940308, 0.055560801178216934, 1.7223323583602905, 1.0, 55.099998474121094, 10.97599983215332, 5.605000019073486, 11.475000381469727, -0.3529999852180481, 1.0219999551773071, -0.4449999928474426, 13.345000267028809, -2.4760000705718994, 44.558998107910156, 0.09300000220537186, 1.3530000448226929, 0.19099999964237213, 1.6260000467300415, 0.0, 0.0, -0.7620000243186951, -0.906000018119812, 7.073999881744385, 0.20399999618530273, 0.012000000104308128, 0.0, 0.0, 0.0, -0.035999998450279236, 0.012000000104308128, -0.006000000052154064, -0.5743250250816345, 0.026316000148653984, 0.021945999935269356, 0.6407520174980164, -0.06655800342559814, -0.7517989873886108, -0.14072899520397186, 0.5589600205421448, 0.01483600027859211, -0.042931001633405685, 0.5322380065917969, 0.028836000710725784, 0.8460450172424316, 0.009909000247716904]",2.2666666666666666,253,0,282,0
"[-1.0754729509353638, -2.024855375289917, 0.13038793206214905, 0.21675029397010803, 2.453295946121216, 1.0431077480316162, -1.2050952911376953, 0.2199999988079071, -0.37643787264823914, 2.0579891204833984, 0.058443956077098846, -0.3023468852043152, -1.446542501449585, -1.049395203590393, 1.4523731470108032, 1.0, 0.0]","[-0.8364482522010803, -2.026049852371216, 0.1547814905643463, -0.08690100163221359, 2.0611939430236816, 0.7715517282485962, -0.6680907011032104, 0.9513333439826965, 0.036662451922893524, 2.0658531188964844, -0.18247464299201965, -0.05055265128612518, -1.461594581604004, 0.056712500751018524, 1.7254384756088257, 1.0, 55.099998474121094, 16.082000732421875, -3.9059998989105225, 2.1389999389648438, 0.2590000033378601, 0.9959999918937683, -0.2409999966621399, 13.416000366210938, -3.302999973297119, 44.14699935913086, 0.18799999356269836, 1.3530000448226929, 0.2070000022649765, -0.15000000596046448, 0.0, 0.0, 0.0, 0.0, 0.0, -0.006000000052154064, 0.006000000052154064, 0.0, 0.0, 0.0, 0.0, 0.0, 0.0, -0.2547970116138458, 0.4098930060863495, -0.09846899658441544, 0.3332749903202057, -0.9075390100479126, -0.20648899674415588, -0.15053600072860718, 0.5601000189781189, 0.014832999557256699, -0.04054899886250496, 0.5351930260658264, 0.031615000218153, 0.844057023525238, 0.011607999913394451]",16.2,53,0,235,0
"[-1.0658080577850342, -2.024855375289917, 0.13038793206214905, 0.2038654088973999, 2.4543697834014893, 1.0431077480316162, -1.1880683898925781, 0.2199999988079071, -0.3819604218006134, 2.056455135345459, 0.19941626489162445, -0.39668652415275574, -1.446542501449585, -1.4255273342132568, 1.4259881973266602, 1.0, 0.0]","[0.06627510488033295, -2.025822877883911, -0.03411475196480751, 0.037360452115535736, 0.9859598875045776, 0.5116165280342102, -0.9885250329971313, 1.0, 0.037360452115535736, 2.0658183097839355, -0.18406260013580322, -0.04336324706673622, -1.462885856628418, 0.0564332976937294, 1.7223674058914185, 1.0, 55.099998474121094, 6.829999923706055, 8.781999588012695, 10.170000076293945, -0.6399999856948853, 1.13100004196167, -0.5820000171661377, 12.944999694824219, -4.24399995803833, 43.53499984741211, 0.32899999618530273, 1.2619999647140503, 0.18799999356269836, 1.4700000286102295, 0.017999999225139618, 0.0, -0.8640000224113464, -0.6240000128746033, 7.205999851226807, 0.2160000056028366, 0.017999999225139618, 0.0, 0.0, 0.0, -0.041999999433755875, 0.035999998450279236, 0.0, -0.5719079971313477, 0.02602499909698963, 0.027381999418139458, 0.6528609991073608, -0.07431399822235107, -0.7360690236091614, -0.16263599693775177, 0.5589810013771057, 0.014770000241696835, -0.04288100078701973, 0.5323219895362854, 0.028999999165534973, 0.845990002155304, 0.009580000303685665]",15.166666666666666,31,0,289,0
"[-0.8392395377159119, -2.02638840675354, 0.41601455211639404, -0.0337466336786747, 1.8493659496307373, 0.7853972911834717, -0.7783421874046326, 1.0, 0.038348376750946045, 2.0662708282470703, -0.18407638370990753, -0.05061977729201317, -1.4618829488754272, 0.056756392121315, 1.7241930961608887, 1.0, 0.0]","[-1.1734601259231567, -2.022071123123169, 0.11820629984140396, 0.24922089278697968, 2.429720640182495, 0.9719475507736206, -1.1767232418060303, 0.3738333284854889, 0.059155501425266266, 2.062415599822998, -0.21252354979515076, -0.16155210137367249, -1.4757291078567505, 0.09815625101327896, 1.7203081846237183, 1.0, 55.099998474121094, 15.454999923706055, -4.605999946594238, 1.274999976158142, 0.27300000190734863, 1.0870000123977661, -0.17499999701976776, 14.640000343322754, -4.005000114440918, 43.569000244140625, 0.328000009059906, 1.3839999437332153, 0.20999999344348907, 0.10199999809265137, -0.15000000596046448, -0.10199999809265137, -0.035999998450279236, -0.11999999731779099, 0.0, -0.024000000208616257, 0.041999999433755875, -0.029999999329447746, -0.8640000224113464, -0.9419999718666077, -0.25200000405311584, 0.2280000001192093, -0.017999999225139618, -0.11645299941301346, 0.4937320053577423, -0.03959299996495247, 0.2753480076789856, -0.9378370046615601, -0.10356499999761581, -0.1841679960489273, 0.5756570100784302, 0.030988000333309174, -0.0002629999944474548, 0.5845869779586792, 0.008585999719798565, 0.8112829923629761, 0.0016009999671950936]",12.433333333333334,43,0,99,0
"[-0.36585357785224915, -2.0156500339508057, 0.6700418591499329, 0.2989722490310669, 1.4120280742645264, 1.2652268409729004, -0.7801832556724548, 1.0, 0.03297990933060646, 2.0662708282470703, -0.18407638370990753, -0.04295080155134201, -1.4618829488754272, 0.056756392121315, 1.7211251258850098, 1.0, 0.0]","[-0.8955514430999756, -2.0259974002838135, 0.14492225646972656, -0.11290149390697479, 2.0612637996673584, 0.7219762802124023, -0.6703068017959595, 0.4634166657924652, 0.03838999941945076, 2.0658531188964844, -0.18247464299201965, -0.050587549805641174, -1.461594581604004, 0.05669505149126053, 1.7263110876083374, 1.0, 55.099998474121094, 15.413999557495117, -3.1530001163482666, 1.937000036239624, 0.18299999833106995, 0.9789999723434448, -0.2460000067949295, 13.387999534606934, -3.177999973297119, 44.13100051879883, 0.1770000010728836, 1.340999960899353, 0.1979999989271164, 0.0, 0.0, -0.012000000104308128, 0.0, 0.0, 0.0, 0.006000000052154064, 0.0, 0.0, 0.0, 0.0, 0.0, 0.0, 0.006000000052154064, -0.2348340004682541, 0.42197099328041077, -0.10402300208806992, 0.3303169906139374, -0.9111350178718567, -0.19767500460147858, -0.1471260040998459, 0.5600770115852356, 0.015805000439286232, -0.04054100066423416, 0.5351859927177429, 0.031245000660419464, 0.8440650105476379, 0.012312999926507473]",6.133333333333334,277,0,36,0
"[0.0038352166302502155, -2.02638840675354, -0.031752489507198334, 0.06488640606403351, 1.0337483882904053, 0.25740131735801697, -0.9947870969772339, 1.0, 0.03696765378117561, 2.0662708282470703, -0.18407638370990753, -0.043717872351408005, -1.4618829488754272, 0.056142717599868774, 1.7226591110229492, 1.0, 0.0]","[-0.8862331509590149, -2.0260672569274902, 0.1303514987230301, -0.10093079507350922, 2.0614209175109863, 0.731224775314331, -0.6435036063194275, 0.37558332085609436, 0.03821549937129021, 2.0658183097839355, -0.18250954151153564, -0.050587549805641174, -1.4616295099258423, 0.056590352207422256, 1.7268345355987549, 1.0, 55.099998474121094, 16.785999298095703, -5.544000148773193, 2.450000047683716, 0.37299999594688416, 1.2079999446868896, -0.17599999904632568, 13.215999603271484, -2.4130001068115234, 43.74700164794922, 0.12099999934434891, 1.3339999914169312, 0.17800000309944153, 0.0, 0.0, -0.05400000140070915, 0.28200000524520874, 0.0, 0.2280000001192093, 0.3959999978542328, -0.017999999225139618, 0.0, 0.0, 0.0, 0.0, 0.0, 0.0, -0.23775799572467804, 0.4230639934539795, -0.10003600269556046, 0.3392539918422699, -0.9095510244369507, -0.18951299786567688, -0.1473349928855896, 0.5600860118865967, 0.015727000311017036, -0.04052799940109253, 0.535190999507904, 0.03149300068616867, 0.8440510034561157, 0.012438000179827213]",10.9,154,0,381,0
"[-1.1630629301071167, -2.0187172889709473, 0.13038794696331024, 0.25310593843460083, 2.4255290031433105, 0.9918718338012695, -1.1716549396514893, 0.2199999988079071, 0.037581272423267365, 2.0667312145233154, -0.1845366507768631, -0.05583639442920685, -1.4644907712936401, 0.05062052235007286, 1.7241930961608887, 1.0, 0.0]","[-1.3114372491836548, -2.026171922683716, 0.0493660494685173, 0.06440795212984085, 2.667057991027832, 0.8497452139854431, -1.4627811908721924, 0.3499999940395355, 0.4936954081058502, 1.9430574178695679, -0.6365411281585693, -0.6830627918243408, -1.6762644052505493, -1.3510138988494873, 1.4325228929519653, 0.43683332204818726, 55.099998474121094, 8.925000190734863, -13.366000175476074, -4.4079999923706055, 2.196000099182129, -0.2720000147819519, 0.1889999955892563, 32.233001708984375, -9.748000144958496, 39.10499954223633, 1.7970000505447388, 3.1410000324249268, -0.14300000667572021, 0.05400000140070915, 0.0, 0.0, 0.0, -0.029999999329447746, -0.041999999433755875, 0.1679999977350235, -0.006000000052154064, -0.012000000104308128, 0.012000000104308128, -0.5099999904632568, 0.0, -0.3779999911785126, 0.11999999731779099, -0.07379499822854996, 0.4771159887313843, -0.09481299668550491, 0.19008900225162506, -0.9532790184020996, -0.18255400657653809, -0.14764299988746643, 0.28159400820732117, 0.3902119994163513, 0.09386599808931351, 0.3375310003757477, -0.8540779948234558, 0.24555599689483643, 0.31036001443862915]",5.533333333333333,15,0,83,0
"[-1.3210629224777222, -2.0263893604278564, 0.06595910340547562, 0.06872088462114334, 2.669126272201538, 0.8535065054893494, -1.4802908897399902, 0.2160000056028366, 0.5040660500526428, 1.951220154762268, -0.6416627168655396, -0.658076286315918, -1.6766396760940552, -1.3222895860671997, 1.4235352277755737, 0.24300000071525574, 0.0]","[-1.2954181432724, -2.025543689727783, 0.02959519997239113, 0.0642334520816803, 2.6701467037200928, 0.838367760181427, -1.4371297359466553, 0.28600001335144043, 0.4912349283695221, 1.9415218830108643, -0.6334350109100342, -0.8018274903297424, -1.6675918102264404, -1.3768398761749268, 1.5059000253677368, 0.42133334279060364, 55.099998474121094, 16.591999053955078, -1.5479999780654907, 5.5960001945495605, 0.2529999911785126, 1.2890000343322754, -0.20900000631809235, 25.82200050354004, -4.25, 30.329999923706055, -0.35100001096725464, 1.36899995803833, 0.3700000047683716, 0.024000000208616257, 0.0, -0.04800000041723251, -0.035999998450279236, -0.07199999690055847, 0.017999999225139618, 0.27000001072883606, -0.04800000041723251, -0.017999999225139618, 0.041999999433755875, -0.4740000069141388, 0.30000001192092896, 0.12600000202655792, 0.2879999876022339, -0.08117499947547913, 0.47828400135040283, -0.09328799694776535, 0.19976699352264404, -0.9509879946708679, -0.18359600007534027, -0.1483439952135086, 0.26392900943756104, 0.39429301023483276, 0.11813099682331085, 0.3453980088233948, -0.8542619943618774, 0.22185400128364563, 0.3189310133457184]",10.266666666666667,83,0,3,0
"[0.13882474601268768, -2.02638840675354, 0.05307488515973091, -0.03175247460603714, 0.9961667656898499, 1.2514201402664185, -0.8512061238288879, 1.0, 0.03942226618528366, 2.0662708282470703, -0.18407638370990753, -0.04325763136148453, -1.4618829488754272, 0.056756392121315, 1.7226591110229492, 1.0, 0.0]","[-1.179934024810791, -2.0245139598846436, 0.09213600307703018, 0.026523999869823456, 2.4573264122009277, 0.860511839389801, -1.187577247619629, 0.3734166622161865, 0.19292719662189484, 1.9396023750305176, -0.23718039691448212, -0.6543051600456238, -1.6542949676513672, -1.560762882232666, 1.2670270204544067, 1.0, 55.099998474121094, 14.114999771118164, -2.187000036239624, 3.009000062942505, 0.10700000077486038, 0.9110000133514404, -0.3009999990463257, 24.972999572753906, -6.796000003814697, 27.5310001373291, 0.3919999897480011, 1.465000033378601, 0.2460000067949295, -0.20999999344348907, 0.0, -0.041999999433755875, 0.05400000140070915, 0.3779999911785126, -0.05400000140070915, -0.20399999618530273, 0.6959999799728394, -0.035999998450279236, -1.4520000219345093, -0.1860000044107437, 0.0, 0.0, -0.31200000643730164, -0.11693800240755081, 0.46503499150276184, -0.09473399817943573, 0.2172520011663437, -0.9464830160140991, -0.15968899428844452, -0.17739899456501007, 0.3874930143356323, 0.26307201385498047, 0.1564140021800995, 0.48530399799346924, -0.7505919933319092, 0.28951799869537354, 0.3424470126628876]",2.7333333333333334,5,0,354,0
"[-0.07531754672527313, -2.02638840675354, -0.009049941785633564, 0.07731210440397263, 1.1268609762191772, 0.017640389502048492, -0.9877305626869202, 1.0, 0.03758131340146065, 2.0662708282470703, -0.18407638370990753, -0.04218372702598572, -1.4632635116577148, 0.056296128779649734, 1.722812533378601, 1.0, 0.0]","[-1.1717849969863892, -2.023606777191162, 0.11780495196580887, 0.24751080572605133, 2.427993059158325, 0.9721394777297974, -1.1791139841079712, 0.3738333284854889, 0.05884139984846115, 2.0615081787109375, -0.2239183932542801, -0.1715334951877594, -1.480056643486023, 0.0987320989370346, 1.7200465202331543, 1.0, 55.099998474121094, 15.418000221252441, -4.814000129699707, 0.8569999933242798, 0.3019999861717224, 1.0549999475479126, -0.21699999272823334, 13.005999565124512, -3.7829999923706055, 43.25299835205078, 0.2280000001192093, 1.2630000114440918, 0.2070000022649765, 0.18000000715255737, -0.09000000357627869, 0.017999999225139618, -0.20999999344348907, -0.012000000104308128, 0.1080000028014183, -0.3240000009536743, -0.05999999865889549, -0.06599999964237213, -0.972000002861023, -0.6959999799728394, -0.3240000009536743, -0.05400000140070915, -0.024000000208616257, -0.11687500029802322, 0.4929560124874115, -0.04067299887537956, 0.2740490138530731, -0.9376279711723328, -0.10641500353813171, -0.18554000556468964, 0.5769839882850647, 0.03229900076985359, 0.0037819999270141125, 0.5893279910087585, 0.0016120000509545207, 0.807889997959137, -0.001259000040590763]",11.233333333333333,0,0,21,0
"[-1.3213697671890259, -2.0263893604278564, 0.06595910340547562, 0.06933454424142838, 2.669126272201538, 0.8544269800186157, -1.4802908897399902, 0.2160000056028366, 0.5043728351593018, 1.951220154762268, -0.6413557529449463, -0.658076286315918, -1.6766396760940552, -1.3222895860671997, 1.4235352277755737, 0.24300000071525574, 0.0]","[-1.2758567333221436, -2.025456428527832, -0.02205680124461651, 0.056450746953487396, 2.6692392826080322, 0.8526942729949951, -1.383628010749817, 0.27425000071525574, 0.4775018095970154, 1.937525749206543, -0.6328591108322144, -0.8720462918281555, -1.6410154104232788, -1.3500890731811523, 1.548356056213379, 0.4195833206176758, 55.099998474121094, 16.006999969482422, -0.328000009059906, 2.2079999446868896, 0.014999999664723873, 1.0490000247955322, -0.23499999940395355, 25.011999130249023, -4.565999984741211, 28.503999710083008, 0.1509999930858612, 1.7380000352859497, 0.15399999916553497, 0.1860000044107437, 0.0, -0.1860000044107437, 0.017999999225139618, -0.024000000208616257, 0.2160000056028366, 0.30000001192092896, -0.09000000357627869, -0.05400000140070915, 0.0, -0.34200000762939453, 0.34200000762939453, 0.4860000014305115, 0.1080000028014183, -0.0846560001373291, 0.47571098804473877, -0.0932219997048378, 0.1992339938879013, -0.9489129781723022, -0.1813720017671585, -0.16423399746418, 0.2595590054988861, 0.3971270024776459, 0.1382880061864853, 0.3711389899253845, -0.8426880240440369, 0.2166150063276291, 0.3243589997291565]",10.8,63,0,351,0
"[-1.091886281967163, -2.024855375289917, 0.11412663757801056, 0.09142430871725082, 2.4468533992767334, 0.9633405804634094, -1.166131854057312, 0.2199999988079071, -0.012885414995253086, 2.0000038146972656, 0.006289346143603325, -0.637368381023407, -1.5559159517288208, -1.5750908851623535, 1.3571124076843262, 1.0, 0.0]","[-0.8636528253555298, -2.0259974002838135, 0.15551438927650452, -0.09100174903869629, 2.0606703758239746, 0.7501056790351868, -0.6755069494247437, 0.8549166917800903, 0.038599397987127304, 2.065870523452759, -0.18247464299201965, -0.05055265128612518, -1.461594581604004, 0.05683464929461479, 1.7254384756088257, 1.0, 55.099998474121094, 15.78499984741211, -3.1579999923706055, 1.4249999523162842, 0.17900000512599945, 0.9750000238418579, -0.27900001406669617, 13.484000205993652, -3.617000102996826, 44.395999908447266, 0.23399999737739563, 1.340999960899353, 0.20000000298023224, -0.49799999594688416, 0.0, 0.0, -0.15000000596046448, 0.0, -0.515999972820282, -0.05400000140070915, 0.017999999225139618, 0.0, 0.0, 0.0, 0.0, 0.0, 0.0, -0.24653999507427216, 0.4166699945926666, -0.09941300004720688, 0.3333359956741333, -0.9089199900627136, -0.2021619975566864, -0.14792199432849884, 0.5600640177726746, 0.015900999307632446, -0.04055900126695633, 0.535178005695343, 0.030827999114990234, 0.8440899848937988, 0.01207599975168705]",1.9333333333333333,60,0,300,0
"[-1.3069509267807007, -2.0263893604278564, 0.074703648686409, 0.11658147722482681, 2.6336915493011475, 0.8258956074714661, -1.5312191247940063, 0.2160000056028366, 0.4454673230648041, 1.9397172927856445, -0.5775430798530579, -0.6467256546020508, -1.6597658395767212, -1.3396248817443848, 1.3607937097549438, 1.0, 0.0]","[-0.8499022722244263, -2.026102066040039, 0.7088713645935059, 0.004903449676930904, 1.5600823163986206, 0.8382980227470398, -0.7776767611503601, 1.0, 0.036662451922893524, 2.0658531188964844, -0.18401025235652924, -0.050622452050447464, -1.4614723920822144, 0.05664269998669624, 1.722088098526001, 1.0, 55.099998474121094, 16.28499984741211, -4.144000053405762, 2.265000104904175, 0.3149999976158142, 1.0460000038146973, -0.22200000286102295, 13.39799976348877, -3.055000066757202, 43.82600021362305, 0.1940000057220459, 1.3209999799728394, 0.17599999904632568, -0.024000000208616257, 0.0, -1.7400000095367432, -0.25200000405311584, 1.6799999475479126, -0.257999986410141, -0.04800000041723251, 0.006000000052154064, 0.0, 0.0, 0.0, 0.0, 0.0, 0.0, -0.2482369989156723, 0.42324399948120117, -0.08016800135374069, 0.3328019976615906, -0.9054930210113525, -0.201991006731987, -0.16889099776744843, 0.5601130127906799, 0.014879000373184681, -0.040518999099731445, 0.5352709889411926, 0.029558999463915825, 0.8440979719161987, 0.01040599960833788]",4.4,46,0,170,0
"[-0.11888253688812256, -2.02638840675354, 0.022548722103238106, 0.07132895290851593, 1.1696594953536987, -0.07270989567041397, -0.9575108289718628, 1.0, 0.03834838792681694, 2.0662708282470703, -0.18407638370990753, -0.04295080155134201, -1.4629566669464111, 0.05675636604428291, 1.722812533378601, 1.0, 0.0]","[-0.8371637463569641, -2.025944948196411, 0.24145564436912537, -0.04964524880051613, 2.030813455581665, 0.7719181776046753, -0.752147376537323, 1.0, 0.03797120228409767, 2.0658183097839355, -0.18252700567245483, -0.050587549805641174, -1.4615771770477295, 0.056747402995824814, 1.7238332033157349, 1.0, 55.099998474121094, 16.16699981689453, -4.419000148773193, 2.688999891281128, 0.27000001072883606, 1.0140000581741333, -0.20900000631809235, 13.364999771118164, -3.296999931335449, 44.159000396728516, 0.20499999821186066, 1.3380000591278076, 0.19900000095367432, 0.024000000208616257, 0.0, -1.0260000228881836, -0.17399999499320984, 0.828000009059906, -0.017999999225139618, 0.414000004529953, -0.024000000208616257, 0.0, 0.012000000104308128, 0.0, 0.0, 0.0, -0.006000000052154064, -0.2609260082244873, 0.4120669960975647, -0.09330300241708755, 0.3291429877281189, -0.9070349931716919, -0.22114300727844238, -0.14158299565315247, 0.5600900053977966, 0.015569999814033508, -0.040525998920202255, 0.5352169871330261, 0.030376000329852104, 0.8440889716148376, 0.011517999693751335]",11.833333333333334,279,0,115,0
"[-1.3117055892944336, -2.0263893604278564, 0.07347632944583893, 0.105843685567379, 2.6484181880950928, 0.826969563961029, -1.5289181470870972, 0.2160000056028366, 0.4629546105861664, 1.9389503002166748, -0.5905809998512268, -0.647339403629303, -1.6597658395767212, -1.3376309871673584, 1.38487708568573, 1.0, 0.0]","[-1.1985008716583252, -2.024496555328369, 0.08943124860525131, 0.0493834987282753, 2.500497817993164, 0.8522056937217712, -1.2247108221054077, 0.37308332324028015, 0.25560760498046875, 1.9438776969909668, -0.3726796507835388, -0.6562945246696472, -1.6543647050857544, -1.5157767534255981, 1.2112220525741577, 1.0, 55.099998474121094, 15.003999710083008, -1.524999976158142, 2.5190000534057617, 0.024000000208616257, 1.0670000314712524, -0.24899999797344208, 26.579999923706055, -3.615999937057495, 28.106000900268555, 0.25, 1.7000000476837158, 0.16099999845027924, -0.1979999989271164, 0.0, -0.04800000041723251, 0.2939999997615814, 0.6480000019073486, 0.06599999964237213, -0.3479999899864197, 0.8999999761581421, 0.16200000047683716, -1.5180000066757202, 0.0, 0.0, 0.9359999895095825, -0.4620000123977661, -0.11384700238704681, 0.4704189896583557, -0.09121599793434143, 0.22142499685287476, -0.9485840201377869, -0.15559999644756317, -0.16415299475193024, 0.36484500765800476, 0.29600998759269714, 0.1330060064792633, 0.4460900127887726, -0.7988089919090271, 0.24915100634098053, 0.31753501296043396]",11.766666666666667,308,0,346,0
"[-0.6203411221504211, -2.02638840675354, 0.7797216176986694, 0.18607112765312195, 1.5095888376235962, 1.0665761232376099, -0.7847850918769836, 1.0, 0.04141664132475853, 2.0662708282470703, -0.18407638370990753, -0.04494519159197807, -1.4641838073730469, 0.056756392121315, 1.7211251258850098, 1.0, 0.0]","[-0.8374429941177368, -2.02597975730896, 0.25121021270751953, -0.047795552760362625, 2.024199962615967, 0.7721101641654968, -0.7569810152053833, 1.0, 0.0382329486310482, 2.0658183097839355, -0.1826142519712448, -0.050587549805641174, -1.4615771770477295, 0.05666014924645424, 1.7238681316375732, 1.0, 55.099998474121094, 17.351999282836914, -4.671999931335449, 2.7799999713897705, 0.33799999952316284, 1.1150000095367432, -0.23800000548362732, 13.359999656677246, -2.6589999198913574, 44.244998931884766, 0.1550000011920929, 1.3660000562667847, 0.1850000023841858, 0.024000000208616257, 0.0, -0.972000002861023, -0.20999999344348907, 0.7020000219345093, -0.017999999225139618, 0.49799999594688416, -0.006000000052154064, 0.0, 0.0, 0.0, 0.0, 0.0, 0.0, -0.26114800572395325, 0.4121820032596588, -0.0930740013718605, 0.3287769854068756, -0.9070190191268921, -0.22199499607086182, -0.14120399951934814, 0.5600860118865967, 0.015730999410152435, -0.04052700102329254, 0.5352140069007874, 0.03021400049328804, 0.8440960049629211, 0.011602000333368778]",0.3,371,0,431,0
"[0.12210395187139511, -2.02638840675354, 0.10722443461418152, -0.03129223361611366, 0.9972402453422546, 1.3676960468292236, -0.7892335057258606, 1.0, 0.03972909227013588, 2.0662708282470703, -0.1842297911643982, -0.04310421645641327, -1.4628032445907593, 0.056756392121315, 1.7223522663116455, 1.0, 0.0]","[-1.2947551012039185, -2.0255260467529297, 0.028600551187992096, 0.06374485045671463, 2.6685585975646973, 0.8386295437812805, -1.433918833732605, 0.2824166715145111, 0.4904845952987671, 1.9412078857421875, -0.6331034302711487, -0.8075510859489441, -1.6635608673095703, -1.37492036819458, 1.5096518993377686, 0.42133334279060364, 55.099998474121094, 15.237000465393066, -1.034000039100647, 5.070000171661377, 0.10000000149011612, 1.1920000314712524, -0.22300000488758087, 25.597000122070312, -4.327000141143799, 30.106000900268555, -0.17599999904632568, 1.4299999475479126, 0.3109999895095825, 0.08399999886751175, 0.0, -0.1080000028014183, -0.05400000140070915, -0.15000000596046448, 0.06599999964237213, 0.31200000643730164, -0.07199999690055847, -0.029999999329447746, 0.0, -0.5699999928474426, 0.4560000002384186, 0.1080000028014183, 0.34200000762939453, -0.08120500296354294, 0.4782179892063141, -0.09329400211572647, 0.19987499713897705, -0.9509559869766235, -0.18307800590991974, -0.1490429937839508, 0.2632719874382019, 0.39470499753952026, 0.12002500146627426, 0.34762799739837646, -0.8529700040817261, 0.22126899659633636, 0.3203670084476471]",7.966666666666667,147,0,145,0
"[-1.1371386051177979, -2.024855375289917, 0.08942969143390656, 0.0360477939248085, 2.45283579826355, 0.8742160797119141, -1.171194076538086, 0.2199999988079071, 0.12578536570072174, 1.952910304069519, -0.13437598943710327, -0.6418166160583496, -1.6410518884658813, -1.5546892881393433, 1.3109393119812012, 1.0, 0.0]","[-1.3226401805877686, -2.025944948196411, 0.06747914850711823, 0.0798337459564209, 2.6758177280426025, 0.8557130694389343, -1.4799518585205078, 0.37275001406669617, 0.5157521963119507, 1.9508750438690186, -0.6451788544654846, -0.6570797562599182, -1.6799290180206299, -1.3206509351730347, 1.4346692562103271, 0.9856666922569275, 55.099998474121094, 15.986000061035156, -1.8200000524520874, 3.2219998836517334, 0.10300000011920929, 1.1469999551773071, -0.2759999930858612, 26.23699951171875, -5.921999931335449, 29.98900032043457, 0.2639999985694885, 1.6740000247955322, 0.22200000286102295, 0.0, 0.0, 0.0, 0.0, -0.017999999225139618, 0.0, -0.017999999225139618, 0.0, 0.0, 0.006000000052154064, -0.006000000052154064, 0.05400000140070915, -0.029999999329447746, -0.006000000052154064, -0.07091300189495087, 0.4793519973754883, -0.09229200333356857, 0.19119499623775482, -0.9554299712181091, -0.17592400312423706, -0.1401659995317459, 0.27822598814964294, 0.3965660035610199, 0.08462599664926529, 0.3339959979057312, -0.852944016456604, 0.25448599457740784, 0.3101100027561188]",1.2666666666666666,491,0,466,0
"[-0.044177569448947906, -2.02638840675354, -0.020708218216896057, 0.07501088082790375, 1.0886650085449219, 0.10630415380001068, -0.9941734671592712, 1.0, 0.03696765378117561, 2.0662708282470703, -0.18407638370990753, -0.042490556836128235, -1.462649941444397, 0.056142717599868774, 1.7226591110229492, 1.0, 0.0]","[-1.0737682580947876, -2.003277540206909, 0.12867629528045654, 0.24293890595436096, 2.384455442428589, 1.0305795669555664, -1.045778512954712, 0.37450000643730164, 0.037587299942970276, 2.0658183097839355, -0.1838008463382721, -0.04619015008211136, -1.4645435810089111, 0.05666014924645424, 1.723396897315979, 1.0, 55.099998474121094, 16.400999069213867, -5.6020002365112305, 1.2039999961853027, 0.3619999885559082, 1.0770000219345093, -0.20999999344348907, 12.527000427246094, -2.934999942779541, 44.57400131225586, 0.11400000005960464, 1.3450000286102295, 0.23100000619888306, -0.6660000085830688, -0.05400000140070915, 0.0, 0.38999998569488525, 0.2879999876022339, -0.25200000405311584, -1.8240000009536743, 0.07199999690055847, 0.0, 0.0, -0.08399999886751175, -0.017999999225139618, 0.0, 0.0, -0.15671899914741516, 0.47925499081611633, -0.03174600005149841, 0.28385499119758606, -0.938152015209198, -0.0842989981174469, -0.1794150024652481, 0.5594279766082764, 0.015070999972522259, -0.04193799942731857, 0.533532977104187, 0.02869899943470955, 0.8452349901199341, 0.009755999781191349]",10.7,335,0,250,0
"[-1.3126260042190552, -2.0263893604278564, 0.05061936005949974, 0.06442701071500778, 2.671734094619751, 0.8456839919090271, -1.4664851427078247, 0.2160000056028366, 0.49394094944000244, 1.944318175315857, -0.6373687982559204, -0.6658998131752014, -1.6766396760940552, -1.3385486602783203, 1.4279829263687134, 0.24300000071525574, 0.0]","[-1.181870937347412, -2.0245139598846436, 0.09164739400148392, 0.027832750231027603, 2.462578773498535, 0.8595869541168213, -1.1901073455810547, 0.37308332324028015, 0.20100654661655426, 1.9394104480743408, -0.2547525465488434, -0.6559804081916809, -1.6542600393295288, -1.5602045059204102, 1.2622981071472168, 1.0, 55.099998474121094, 17.992000579833984, -3.009000062942505, 1.899999976158142, 0.14800000190734863, 1.274999976158142, -0.30799999833106995, 24.02199935913086, -7.916999816894531, 26.308000564575195, 0.421999990940094, 1.340999960899353, 0.3319999873638153, -0.22200000286102295, 0.0, -0.05400000140070915, 0.15000000596046448, 0.46799999475479126, -0.07199999690055847, -0.27000001072883606, 0.7919999957084656, 0.0, -1.6920000314712524, -0.12600000202655792, 0.0, 0.11999999731779099, -0.6060000061988831, -0.11661200225353241, 0.4653399884700775, -0.09467799961566925, 0.2172199934720993, -0.9469760060310364, -0.15865500271320343, -0.1757269948720932, 0.3839449882507324, 0.2673479914665222, 0.15383799374103546, 0.47860801219940186, -0.7578870058059692, 0.2837370038032532, 0.3406369984149933]",3.566666666666667,237,0,5,0
"[-1.322290062904358, -2.0263893604278564, 0.06749321520328522, 0.07976672798395157, 2.6752638816833496, 0.855961263179779, -1.4802908897399902, 0.2160000056028366, 0.5243133902549744, 1.9507598876953125, -0.6439639925956726, -0.6458050012588501, -1.6849225759506226, -1.3115513324737549, 1.4450088739395142, 0.7699999809265137, 0.0]","[-0.8863204121589661, -2.0260672569274902, 0.12907764315605164, -0.09695220738649368, 2.0613858699798584, 0.7341912984848022, -0.640240490436554, 0.3752500116825104, 0.037849050015211105, 2.0658531188964844, -0.18250954151153564, -0.05055265128612518, -1.461594581604004, 0.05664269998669624, 1.7267298698425293, 1.0, 55.099998474121094, 16.56999969482422, -4.111000061035156, 2.174999952316284, 0.20800000429153442, 1.2139999866485596, -0.2199999988079071, 13.543000221252441, -3.1710000038146973, 44.22100067138672, 0.17900000512599945, 1.3619999885559082, 0.20600000023841858, -0.04800000041723251, 0.0, -0.14399999380111694, 0.3479999899864197, 0.0, 0.2879999876022339, 0.2879999876022339, -0.024000000208616257, 0.0, 0.0, 0.0, 0.0, 0.0, -0.006000000052154064, -0.23759999871253967, 0.4238640069961548, -0.09894900023937225, 0.34083300828933716, -0.9094190001487732, -0.18696999549865723, -0.1477539986371994, 0.5600810050964355, 0.015515999868512154, -0.04054899886250496, 0.5351750254631042, 0.031626999378204346, 0.8440589904785156, 0.012299000285565853]",13.733333333333333,290,0,246,0
"[-0.837245523929596, -2.02638840675354, 0.15646487474441528, -0.08590157330036163, 2.060135841369629, 0.7729718089103699, -0.6692769527435303, 0.2199999988079071, 0.03681422770023346, 2.0662708282470703, -0.18254226446151733, -0.05061977729201317, -1.4618829488754272, 0.056756392121315, 1.7257270812988281, 1.0, 0.0]","[-1.3219072818756104, -2.0259974002838135, 0.06589119881391525, 0.07030604779720306, 2.6682097911834717, 0.854107677936554, -1.4799518585205078, 0.37275001406669617, 0.5046190619468689, 1.9509449005126953, -0.6407465934753418, -0.6580395102500916, -1.67647385597229, -1.322099208831787, 1.423431396484375, 0.715749979019165, 55.099998474121094, 15.5649995803833, -1.4210000038146973, 3.2899999618530273, 0.0729999989271164, 1.1260000467300415, -0.2809999883174896, 25.974000930786133, -6.270999908447266, 30.104999542236328, 0.32100000977516174, 1.6779999732971191, 0.22699999809265137, 0.006000000052154064, 0.0, 0.0, -0.017999999225139618, -0.041999999433755875, 0.0, 0.0, -0.012000000104308128, 0.0, 0.0, 0.0, 0.0, 0.0, -0.012000000104308128, -0.07014299929141998, 0.4778420031070709, -0.09424100071191788, 0.1878879964351654, -0.9548190236091614, -0.17984800040721893, -0.14377999305725098, 0.28235799074172974, 0.3936440050601959, 0.08597099781036377, 0.3390839993953705, -0.8514320254325867, 0.25415000319480896, 0.30901700258255005]",0.23333333333333334,185,0,252,0
"[-0.8343313336372375, -2.02638840675354, 0.15646487474441528, -0.08574816584587097, 2.060135841369629, 0.7731252312660217, -0.6688167452812195, 0.2199999988079071, 0.03650739789009094, 2.0662708282470703, -0.18254226446151733, -0.05061977729201317, -1.4618829488754272, 0.056756392121315, 1.7257270812988281, 1.0, 0.0]","[-1.3226401805877686, -2.0259974002838135, 0.06737445294857025, 0.07960689812898636, 2.676114320755005, 0.8557654619216919, -1.4799344539642334, 0.37275001406669617, 0.5195388793945312, 1.9508750438690186, -0.6454405784606934, -0.6512863636016846, -1.681569218635559, -1.3166897296905518, 1.4374960660934448, 0.9919999837875366, 55.099998474121094, 16.072999954223633, -2.3959999084472656, 3.430999994277954, 0.14900000393390656, 1.1490000486373901, -0.26600000262260437, 26.121999740600586, -6.090000152587891, 29.80699920654297, 0.3140000104904175, 1.6540000438690186, 0.23499999940395355, 0.0, 0.0, 0.0, 0.0, 0.0, 0.0, 0.0, -0.09000000357627869, 0.0, 0.0, -0.1979999989271164, 0.006000000052154064, -0.10199999809265137, -0.09000000357627869, -0.07091999799013138, 0.47927001118659973, -0.09238699823617935, 0.1910260021686554, -0.9554799795150757, -0.1758980005979538, -0.14009299874305725, 0.27802300453186035, 0.39748600125312805, 0.08337900042533875, 0.33285799622535706, -0.8525519967079163, 0.25727999210357666, 0.31010499596595764]",14.2,391,0,161,0
"[-0.8915484547615051, -2.02638840675354, 0.14419353008270264, -0.11105980724096298, 2.0616698265075684, 0.7225038409233093, -0.6688166856765747, 0.2199999988079071, 0.038348376750946045, 2.0662708282470703, -0.18254226446151733, -0.05061977729201317, -1.4618829488754272, 0.056756392121315, 1.7272610664367676, 1.0, 0.0]","[-1.3171783685684204, -2.025944948196411, 0.06512340158224106, 0.06711269915103912, 2.667773485183716, 0.8481398224830627, -1.480074167251587, 0.37275001406669617, 0.4973948001861572, 1.9505435228347778, -0.6428056955337524, -0.657917320728302, -1.6746591329574585, -1.3207380771636963, 1.4226810932159424, 0.4476666748523712, 55.099998474121094, 20.66200065612793, -2.316999912261963, -1.2339999675750732, 0.699999988079071, 2.140000104904175, -0.25999999046325684, 23.889999389648438, -11.175999641418457, 30.035999298095703, 1.49399995803833, 1.0010000467300415, -0.19499999284744263, 0.0, 0.0, 0.0, 0.0, 0.0, 0.0, 0.0, -0.024000000208616257, 0.0, 0.0, 0.0, 0.0, 0.0, 0.0, -0.07266099750995636, 0.4776799976825714, -0.09470000118017197, 0.18956699967384338, -0.9539300203323364, -0.18333999812602997, -0.14306099712848663, 0.2851099967956543, 0.3917919993400574, 0.08600900322198868, 0.3405129909515381, -0.8505719900131226, 0.25682899355888367, 0.30759599804878235]",2.6666666666666665,264,0,26,0
"[-0.6062283515930176, -2.02638840675354, 0.7780340313911438, 0.19772940874099731, 1.5094355344772339, 1.0794615745544434, -0.785858690738678, 1.0, 0.04126322641968727, 2.0662708282470703, -0.18407638370990753, -0.04433153197169304, -1.4646440744400024, 0.056756392121315, 1.7211251258850098, 1.0, 0.0]","[-0.7014725804328918, -2.0259974002838135, 0.7773277163505554, 0.11832845211029053, 1.5123566389083862, 0.9833250045776367, -0.7819868326187134, 1.0, 0.03537115082144737, 2.065870523452759, -0.18399278819561005, -0.04889490082859993, -1.4625717401504517, 0.057044051587581635, 1.72118079662323, 1.0, 55.099998474121094, 18.25, -3.118000030517578, 0.8730000257492065, 0.1809999942779541, 1.0770000219345093, -0.25, 13.435999870300293, -4.22599983215332, 44.362998962402344, 0.27000001072883606, 1.3070000410079956, 0.22300000488758087, -0.7620000243186951, 0.0, -0.07800000160932541, -0.593999981880188, 0.0, -0.9419999718666077, 0.035999998450279236, -0.1080000028014183, 0.0, 0.006000000052154064, -0.05400000140070915, 0.006000000052154064, 0.0, 0.017999999225139618, -0.27643001079559326, 0.39816299080848694, -0.059324998408555984, 0.33854299783706665, -0.898701012134552, -0.19383400678634644, -0.20037999749183655, 0.5598840117454529, 0.01384000014513731, -0.04104800149798393, 0.5346559882164001, 0.029563000425696373, 0.8445019721984863, 0.009115000255405903]",8.1,223,0,81,0
"[-1.2922247648239136, -2.0263893604278564, 0.01963382586836815, 0.059824585914611816, 2.667133092880249, 0.847831666469574, -1.4215397834777832, 0.2160000056028366, 0.4876529276371002, 1.9403297901153564, -0.6335334777832031, -0.8225193023681641, -1.6530169248580933, -1.3706094026565552, 1.518027663230896, 0.23999999463558197, 0.0]","[-1.3226401805877686, -2.025944948196411, 0.06725230067968369, 0.07960689812898636, 2.6761667728424072, 0.8557654619216919, -1.4799344539642334, 0.37308332324028015, 0.5208301544189453, 1.9508401155471802, -0.6454405784606934, -0.6494540572166443, -1.6822497844696045, -1.3150843381881714, 1.4385780096054077, 0.9937499761581421, 55.099998474121094, 15.593000411987305, -1.9570000171661377, 3.049999952316284, 0.11100000143051147, 1.1059999465942383, -0.27300000190734863, 25.69499969482422, -6.638999938964844, 30.690000534057617, 0.3269999921321869, 1.6399999856948853, 0.2409999966621399, 0.0, 0.0, 0.0, 0.0, 0.0, 0.0, -0.006000000052154064, -0.1080000028014183, 0.0, 0.0, -0.13199999928474426, 0.09000000357627869, -0.09000000357627869, -0.08399999886751175, -0.07091999799013138, 0.4792880117893219, -0.0923599973320961, 0.19105499982833862, -0.9554669857025146, -0.17591600120067596, -0.14011900126934052, 0.2779819965362549, 0.397830992937088, 0.08301199972629547, 0.3326149880886078, -0.8523730039596558, 0.2582649886608124, 0.3100390136241913]",0.16666666666666666,283,0,90,0
"[-1.0754727125167847, -2.0053727626800537, 0.1288537085056305, 0.24298180639743805, 2.3847262859344482, 1.025005578994751, -1.0506237745285034, 0.2199999988079071, 0.03850177302956581, 2.0662708282470703, -0.18407638370990753, -0.04663274064660072, -1.4641838073730469, 0.05660298094153404, 1.7241930961608887, 1.0, 0.0]","[-0.8887459635734558, -2.026049852371216, 0.13946039974689484, -0.1073000505566597, 2.0612986087799072, 0.7234595417976379, -0.6628382802009583, 0.37591665983200073, 0.03835510089993477, 2.0658531188964844, -0.18247464299201965, -0.050587549805641174, -1.461594581604004, 0.05669505149126053, 1.7269742488861084, 1.0, 55.099998474121094, 16.32900047302246, -4.258999824523926, 2.4489998817443848, 0.27000001072883606, 1.1540000438690186, -0.2280000001192093, 13.710000038146973, -3.260999917984009, 44.18299865722656, 0.19200000166893005, 1.3609999418258667, 0.19900000095367432, 0.11400000005960464, 0.0, -0.23399999737739563, 0.1080000028014183, 0.0, 0.07800000160932541, 0.31200000643730164, 0.0, 0.0, 0.0, 0.0, 0.0, 0.0, 0.0, -0.23773300647735596, 0.4218989908695221, -0.10225699841976166, 0.3345699906349182, -0.9097980260848999, -0.19742199778556824, -0.14612600207328796, 0.5600770115852356, 0.0157919991761446, -0.04054100066423416, 0.535181999206543, 0.031537000089883804, 0.8440549969673157, 0.012486999854445457]",5.5,445,0,350,0
"[-0.8133155703544617, -2.02638840675354, 0.7630006670951843, 0.03926921635866165, 1.5152647495269775, 0.8722202777862549, -0.7775751352310181, 1.0, 0.033439621329307556, 2.0662708282470703, -0.18407638370990753, -0.05061977729201317, -1.4618829488754272, 0.056756392121315, 1.7226591110229492, 1.0, 0.0]","[-1.29632568359375, -2.02573561668396, 0.0298918504267931, 0.06428579986095428, 2.6707923412323, 0.8406188488006592, -1.4492051601409912, 0.2998333275318146, 0.4922819435596466, 1.9417662620544434, -0.6351800560951233, -0.7764726877212524, -1.6747636795043945, -1.3810977935791016, 1.4901427030563354, 0.42274999618530273, 55.099998474121094, 16.518999099731445, -5.565000057220459, 6.75600004196167, 0.968999981880188, 1.3799999952316284, 0.01899999938905239, 24.30500030517578, -3.7950000762939453, 33.457000732421875, -0.3269999921321869, 1.0169999599456787, 0.35899999737739563, 0.024000000208616257, 0.0, 0.0, 0.0, 0.0, -0.017999999225139618, 0.1979999989271164, 0.0, 0.0, 0.024000000208616257, -0.5400000214576721, 0.0, 0.0, 0.3659999966621399, -0.08062300086021423, 0.4779680073261261, -0.09351199865341187, 0.19763299822807312, -0.9502829909324646, -0.18847399950027466, -0.14959900081157684, 0.26705700159072876, 0.39261001348495483, 0.1116660013794899, 0.33877700567245483, -0.8570569753646851, 0.22526800632476807, 0.3161279857158661]",13.033333333333333,285,0,261,0
"[-1.112288236618042, -2.024855375289917, 0.12639909982681274, 0.21582967042922974, 2.435961961746216, 1.0306817293167114, -1.2279518842697144, 0.2199999988079071, -0.16122081875801086, 2.062129497528076, -0.27565550804138184, -0.28225186467170715, -1.5183334350585938, -0.3373216688632965, 1.6243317127227783, 1.0, 0.0]","[0.11281425505876541, -2.025822877883911, -0.030537499114871025, 0.006456499919295311, 0.98002690076828, 0.7579058408737183, -0.9806202054023743, 1.0, 0.03795374929904938, 2.0659055709838867, -0.18401025235652924, -0.043345797806978226, -1.463042974472046, 0.05669505149126053, 1.7224197387695312, 1.0, 55.099998474121094, 9.852999687194824, 5.410999774932861, 2.3919999599456787, -0.07000000029802322, 0.47200000286102295, -0.5799999833106995, 12.430999755859375, -3.805000066757202, 43.994998931884766, 0.13300000131130219, 1.2339999675750732, 0.24300000071525574, 0.972000002861023, 0.0, 0.1080000028014183, -0.7319999933242798, 0.1679999977350235, 6.76800012588501, 0.34200000762939453, 0.0, 0.0, 0.0, 0.0, 0.012000000104308128, 0.017999999225139618, 0.0, -0.5591909885406494, 0.02726699970662594, 0.04404500126838684, 0.686398983001709, -0.11127100139856339, -0.6819120049476624, -0.22686700522899628, 0.5589500069618225, 0.015058999881148338, -0.042924001812934875, 0.5322949886322021, 0.028798000887036324, 0.8460130095481873, 0.009611999616026878]",14.9,39,0,222,0
"[-1.3202959299087524, -2.0263893604278564, 0.06826028227806091, 0.07976672798395157, 2.6752638816833496, 0.855961263179779, -1.4818248748779297, 0.2160000056028366, 0.5190986394882202, 1.9478458166122437, -0.6157390475273132, -0.6389022469520569, -1.685842514038086, -1.3098640441894531, 1.4453157186508179, 1.0, 0.0]","[-1.3219945430755615, -2.025944948196411, 0.0664844959974289, 0.07075974345207214, 2.6707923412323, 0.853758692741394, -1.4799869060516357, 0.37275001406669617, 0.5062070488929749, 1.9512938261032104, -0.6439224481582642, -0.6580395102500916, -1.6771020889282227, -1.3221515417099, 1.424740195274353, 0.8444166779518127, 55.099998474121094, 15.755000114440918, -1.8819999694824219, 3.5199999809265137, 0.10400000214576721, 1.1430000066757202, -0.27799999713897705, 25.98699951171875, -5.785999774932861, 30.334999084472656, 0.26899999380111694, 1.6740000247955322, 0.22300000488758087, 0.0, 0.0, 0.0, -0.017999999225139618, -0.017999999225139618, -0.012000000104308128, 0.0, -0.017999999225139618, 0.0, 0.017999999225139618, 0.0, 0.0, 0.0, 0.006000000052154064, -0.07047300040721893, 0.4778690040111542, -0.09422899782657623, 0.18811799585819244, -0.9551370143890381, -0.1789889931678772, -0.142426997423172, 0.28149300813674927, 0.39396101236343384, 0.08512300252914429, 0.33730998635292053, -0.8523889780044556, 0.25378501415252686, 0.30862000584602356]",15.833333333333334,452,0,279,0
"[-0.8946168422698975, -2.02638840675354, 0.1446535885334015, -0.1113666370511055, 2.0616698265075684, 0.7225038409233093, -0.6718841195106506, 0.2199999988079071, 0.038348376750946045, 2.0662708282470703, -0.18254226446151733, -0.05061977729201317, -1.4618829488754272, 0.056756392121315, 1.7266474962234497, 1.0, 0.0]","[-1.3137407302856445, -2.0259974002838135, 0.07353430241346359, 0.0920661985874176, 2.662870168685913, 0.8367100954055786, -1.5199997425079346, 0.37308332324028015, 0.4968538284301758, 1.9384506940841675, -0.5922355651855469, -0.6466795206069946, -1.6628977060317993, -1.3317316770553589, 1.4107975959777832, 1.0, 55.099998474121094, 14.133000373840332, -1.5540000200271606, 3.421999931335449, 0.06199999898672104, 1.0399999618530273, -0.24199999868869781, 24.902000427246094, -6.541999816894531, 29.31100082397461, 0.3400000035762787, 1.5499999523162842, 0.21699999272823334, 0.0, 0.0, 0.024000000208616257, -0.14399999380111694, 0.14399999380111694, 0.10199999809265137, 0.1979999989271164, 0.2759999930858612, 0.0, -0.017999999225139618, 0.1080000028014183, -0.05400000140070915, 0.07199999690055847, 0.10199999809265137, -0.07615099847316742, 0.48413699865341187, -0.08797100186347961, 0.20400099456310272, -0.9473299980163574, -0.20069800317287445, -0.14376600086688995, 0.2897610068321228, 0.39199700951576233, 0.0995979979634285, 0.35845300555229187, -0.8380110263824463, 0.25677499175071716, 0.32142600417137146]",9.833333333333334,94,0,143,0
"[-1.322290062904358, -2.0263893604278564, 0.06749321520328522, 0.07976672798395157, 2.6752638816833496, 0.855961263179779, -1.4802908897399902, 0.2160000056028366, 0.5217063426971436, 1.951220154762268, -0.6442707777023315, -0.6476460099220276, -1.6806281805038452, -1.3150794506072998, 1.4399471282958984, 0.4830000102519989, 0.0]","[-1.1743850708007812, -2.0177085399627686, 0.13012464344501495, 0.2494826465845108, 2.4358978271484375, 0.971179723739624, -1.1766185760498047, 0.3738333284854889, 0.04406125098466873, 2.0650854110717773, -0.1859820932149887, -0.10316440463066101, -1.4647181034088135, 0.04879020154476166, 1.722856044769287, 1.0, 55.099998474121094, 17.542999267578125, -5.668000221252441, 2.618000030517578, 0.3050000071525574, 1.3869999647140503, -0.164000004529953, 11.29800033569336, -0.8169999718666077, 44.327999114990234, 0.003000000026077032, 1.246999979019165, 0.20900000631809235, -0.024000000208616257, 0.035999998450279236, -0.09000000357627869, -0.09000000357627869, 0.0, -0.10199999809265137, 0.0, 0.3779999911785126, -0.1080000028014183, -0.22200000286102295, -0.6240000128746033, -0.12600000202655792, 0.9179999828338623, -0.11400000005960464, -0.11736000329256058, 0.4942150115966797, -0.038642000406980515, 0.27492499351501465, -0.9399870038032532, -0.09796000272035599, -0.17675800621509552, 0.5677919983863831, 0.024272000417113304, -0.022665999829769135, 0.5566419959068298, 0.020295999944210052, 0.8302540183067322, 0.02034199982881546]",10.866666666666667,106,0,358,0
"[-0.8892474174499512, -2.02638840675354, 0.1417388617992401, -0.1069176122546196, 2.0616698265075684, 0.7248051166534424, -0.6657482981681824, 0.2199999988079071, 0.038348376750946045, 2.0662708282470703, -0.18254226446151733, -0.05061977729201317, -1.4618829488754272, 0.056756392121315, 1.7272610664367676, 1.0, 0.0]","[-1.3219945430755615, -2.0259275436401367, 0.06590864807367325, 0.07042819261550903, 2.6686809062957764, 0.8540902733802795, -1.4799869060516357, 0.37275001406669617, 0.504915714263916, 1.9510146379470825, -0.6407465934753418, -0.6580220460891724, -1.6765086650848389, -1.3221341371536255, 1.4235011339187622, 0.7425000071525574, 55.099998474121094, 15.461999893188477, -1.6699999570846558, 3.124000072479248, 0.09000000357627869, 1.1059999465942383, -0.2759999930858612, 25.94700050354004, -6.185999870300293, 30.11400032043457, 0.32100000977516174, 1.6710000038146973, 0.2280000001192093, 0.0, 0.0, 0.0, 0.0, -0.024000000208616257, 0.0, 0.0, -0.017999999225139618, 0.0, 0.0, 0.0, 0.0, 0.0, 0.0, -0.0701730027794838, 0.47787800431251526, -0.09419699758291245, 0.1879580020904541, -0.9548670053482056, -0.17968200147151947, -0.14357499778270721, 0.2822369933128357, 0.3937149941921234, 0.0859299972653389, 0.33898600935935974, -0.8514630198478699, 0.25408199429512024, 0.3090969920158386]",8.9,375,0,481,0
"[-0.8341785073280334, -2.02638840675354, 0.18561069667339325, -0.07117556035518646, 2.060135841369629, 0.7731252312660217, -0.700569212436676, 0.5230000019073486, 0.03374593332409859, 2.0662708282470703, -0.18254226446151733, -0.05061977729201317, -1.4618829488754272, 0.056756392121315, 1.7257270812988281, 1.0, 0.0]","[-0.4780951142311096, -2.024653673171997, 0.7336503267288208, 0.28684309124946594, 1.4896540641784668, 1.1675620079040527, -0.7827546000480652, 1.0, 0.03746515139937401, 2.0658531188964844, -0.18401025235652924, -0.04264780133962631, -1.4629207849502563, 0.05666014924645424, 1.7207270860671997, 1.0, 55.099998474121094, 17.87299919128418, -2.4579999446868896, 0.35199999809265137, 0.16899999976158142, 1.0950000286102295, -0.25699999928474426, 12.937999725341797, -2.9140000343322754, 43.96799850463867, 0.23100000619888306, 1.284999966621399, 0.18799999356269836, -2.196000099182129, -0.024000000208616257, 0.9179999828338623, -0.9419999718666077, 0.9359999895095825, -1.3079999685287476, -0.18000000715255737, 0.10199999809265137, 0.0, 0.0, 0.0, 0.0, 0.0, 0.0, -0.3198480010032654, 0.3563989996910095, -0.015011000446975231, 0.38439100980758667, -0.8687750101089478, -0.19549399614334106, -0.24342100322246552, 0.5588700175285339, 0.014879000373184681, -0.04309999942779541, 0.5320540070533752, 0.028240999206900597, 0.8461899757385254, 0.009056000038981438]",13.133333333333333,170,0,325,0
"[-1.2432900667190552, -2.0263893604278564, 0.07915195822715759, 0.09050401300191879, 2.536437749862671, 0.8597966432571411, -1.251421570777893, 0.2199999988079071, 0.42951348423957825, 1.9550567865371704, -0.5143427848815918, -0.6366015076637268, -1.65056312084198, -1.366468906402588, 1.2578635215759277, 1.0, 0.0]","[-0.6688933968544006, -2.026049852371216, 0.7827721238136292, 0.14464303851127625, 1.5123566389083862, 1.0207551717758179, -0.7828244566917419, 1.0, 0.03954169899225235, 2.0658531188964844, -0.18401025235652924, -0.04688815027475357, -1.463007926940918, 0.056590352207422256, 1.7207270860671997, 1.0, 55.099998474121094, 17.459999084472656, -5.394000053405762, 0.6840000152587891, 0.3310000002384186, 1.0750000476837158, -0.1899999976158142, 13.081999778747559, -2.4549999237060547, 44.08700180053711, 0.11100000143051147, 1.3550000190734863, 0.20100000500679016, -0.9900000095367432, 0.0, -0.1080000028014183, -0.9179999828338623, 0.012000000104308128, -1.121999979019165, 0.05999999865889549, -0.11400000005960464, 0.0, 0.0, -0.05400000140070915, 0.006000000052154064, 0.0, 0.017999999225139618, -0.2811729907989502, 0.39155900478363037, -0.054639000445604324, 0.3381560146808624, -0.8979139924049377, -0.18954899907112122, -0.20849500596523285, 0.5594930052757263, 0.01622300036251545, -0.041735999286174774, 0.5337690114974976, 0.027254000306129456, 0.845130980014801, 0.010014999657869339]",5.666666666666667,207,0,359,0
"[-1.312779426574707, -2.0263893604278564, 0.07086829096078873, 0.10200867056846619, 2.6593098640441895, 0.8332587480545044, -1.5256967544555664, 0.2160000056028366, 0.47430598735809326, 1.9389503002166748, -0.5905809998512268, -0.647339403629303, -1.6603795289993286, -1.336709976196289, 1.3956152200698853, 1.0, 0.0]","[-0.8302012085914612, -2.0259974002838135, 0.1544325053691864, -0.08629025518894196, 2.0613858699798584, 0.7715343236923218, -0.6680383682250977, 0.9758333563804626, 0.035440947860479355, 2.065800905227661, -0.18245720863342285, -0.05055265128612518, -1.461594581604004, 0.056747402995824814, 1.7254384756088257, 1.0, 55.099998474121094, 17.023000717163086, -4.186999797821045, 1.8849999904632568, 0.2809999883174896, 1.059000015258789, -0.2280000001192093, 13.006999969482422, -3.2660000324249268, 44.11800003051758, 0.1940000057220459, 1.3320000171661377, 0.19599999487400055, -0.05400000140070915, 0.0, 0.0, -0.041999999433755875, 0.0, 0.0, 0.017999999225139618, 0.024000000208616257, 0.0, 0.0, 0.0, 0.0, 0.0, 0.0, -0.257425993680954, 0.40843701362609863, -0.09828100353479385, 0.3340590000152588, -0.9068179726600647, -0.20919500291347504, -0.14940300583839417, 0.5601310133934021, 0.01414399966597557, -0.04052099958062172, 0.5352209806442261, 0.032148998230695724, 0.8440240025520325, 0.011277999728918076]",2.3333333333333335,205,0,385,0
"[-1.1532459259033203, -2.024855375289917, 0.12639909982681274, 0.21306930482387543, 2.4348881244659424, 0.9944801330566406, -1.2319406270980835, 0.2199999988079071, -0.001380760339088738, 2.057375192642212, -0.31385162472724915, -0.21429625153541565, -1.5434906482696533, -0.021628251299262047, 1.6910600662231445, 1.0, 0.0]","[-1.3137233257293701, -2.02597975730896, 0.06871809810400009, 0.08410900086164474, 2.676481008529663, 0.8511760830879211, -1.505725622177124, 0.37308332324028015, 0.5122970938682556, 1.9397070407867432, -0.5983779430389404, -0.6419331431388855, -1.6803476810455322, -1.3183823823928833, 1.431283950805664, 1.0, 55.099998474121094, 15.380999565124512, -2.3420000076293945, 3.7279999256134033, 0.14499999582767487, 1.1150000095367432, -0.24899999797344208, 25.367000579833984, -6.163000106811523, 29.790000915527344, 0.3319999873638153, 1.5700000524520874, 0.1679999977350235, 0.0, 0.0, -0.017999999225139618, 0.0, 0.0, 0.1080000028014183, 0.08399999886751175, 0.13199999928474426, 0.0, -0.20999999344348907, 0.09000000357627869, -0.19200000166893005, 0.3240000009536743, 0.31200000643730164, -0.07583999633789062, 0.4801360070705414, -0.09109199792146683, 0.1940770000219345, -0.9517509937286377, -0.19180500507354736, -0.14040400087833405, 0.28672200441360474, 0.3963649868965149, 0.09543400257825851, 0.35180899500846863, -0.840237021446228, 0.26382601261138916, 0.31721600890159607]",12.766666666666667,198,0,462,0
"[-0.8354049921035767, -2.02638840675354, 0.7524161338806152, 0.023009033873677254, 1.5229347944259644, 0.8538127541542053, -0.7786489725112915, 1.0, 0.0348198376595974, 2.0662708282470703, -0.18407638370990753, -0.05061977729201317, -1.4618829488754272, 0.056756392121315, 1.7221988439559937, 1.0, 0.0]","[-0.1210157498717308, -2.0259974002838135, 0.025232698768377304, 0.07552359998226166, 1.1730936765670776, -0.07358665019273758, -0.9527350664138794, 1.0, 0.038965851068496704, 2.0658531188964844, -0.18408004939556122, -0.04283974692225456, -1.4628684520721436, 0.05666014924645424, 1.7223323583602905, 1.0, 55.099998474121094, 6.420000076293945, -3.124000072479248, 10.770999908447266, 0.25600001215934753, 0.6579999923706055, -0.21400000154972076, 13.222999572753906, -2.7339999675750732, 44.21099853515625, 0.15299999713897705, 1.343000054359436, 0.18700000643730164, 0.0, 0.0, 0.07199999690055847, -0.25200000405311584, 0.0, 0.05400000140070915, 0.035999998450279236, -0.017999999225139618, 0.0, 0.0, 0.0, -0.017999999225139618, 0.0, -0.006000000052154064, -0.5696709752082825, 0.05887899920344353, -0.013698000460863113, 0.5465840101242065, -0.13382799923419952, -0.8243319988250732, 0.06172899901866913, 0.5588679909706116, 0.015589999966323376, -0.043063998222351074, 0.5320990085601807, 0.028385000303387642, 0.8461480140686035, 0.009836000390350819]",1.7,130,0,430,0
"[-1.0673424005508423, -2.024855375289917, 0.13038793206214905, 0.21000145375728607, 2.4543697834014893, 1.0431077480316162, -1.190830111503601, 0.2199999988079071, -0.39791375398635864, 2.0570685863494873, 0.16628262400627136, -0.35895058512687683, -1.446542501449585, -1.314927577972412, 1.4371858835220337, 1.0, 0.0]","[-1.0761590003967285, -2.024374485015869, 0.13038639724254608, 0.2182820439338684, 2.452981472015381, 1.0423059463500977, -1.208901047706604, 0.3734166622161865, -0.37330785393714905, 2.0591349601745605, 0.0486331507563591, -0.29977357387542725, -1.4508627653121948, -1.0241928100585938, 1.4518399238586426, 1.0, 55.099998474121094, 17.55699920654297, -2.8949999809265137, 2.190000057220459, 0.11800000071525574, 1.2970000505447388, -0.1860000044107437, 20.420000076293945, -11.696000099182129, 37.422000885009766, 0.6970000267028809, 1.437999963760376, 0.4359999895095825, 0.23999999463558197, 0.0, 0.0, -0.07199999690055847, 0.041999999433755875, 0.0, 0.44999998807907104, -1.3200000524520874, -0.05999999865889549, 2.6760001182556152, -0.8159999847412109, 0.006000000052154064, -6.815999984741211, -0.18000000715255737, -0.15695400536060333, 0.4644230008125305, -0.054343000054359436, 0.2318120002746582, -0.943153977394104, -0.15371499955654144, -0.18191799521446228, 0.5328440070152283, -0.06740900129079819, 0.087056003510952, 0.6714209914207458, -0.16759300231933594, 0.6727030277252197, 0.26186901330947876]",1.1,487,0,4,0
"[-1.3130862712860107, -2.0263893604278564, 0.0720956102013588, 0.0860549658536911, 2.6714284420013428, 0.8446105718612671, -1.5100500583648682, 0.2160000056028366, 0.5045256614685059, 1.9394104480743408, -0.5922684669494629, -0.6422765851020813, -1.6706572771072388, -1.3296533823013306, 1.416170358657837, 1.0, 0.0]","[-0.8808411359786987, -2.026014804840088, 0.15588083863258362, -0.0987669974565506, 2.060688018798828, 0.7316610813140869, -0.6766412258148193, 0.8136666417121887, 0.03964640200138092, 2.0658183097839355, -0.18247464299201965, -0.05055265128612518, -1.461594581604004, 0.056747402995824814, 1.7254384756088257, 1.0, 55.099998474121094, 15.708999633789062, -3.8329999446868896, 2.203000068664551, 0.25, 1.0210000276565552, -0.2199999988079071, 13.42199993133545, -3.2360000610351562, 44.20800018310547, 0.16899999976158142, 1.3370000123977661, 0.20900000631809235, -0.44999998807907104, 0.0, 0.0, -0.2160000056028366, 0.0, -0.4620000123977661, 0.0, 0.024000000208616257, 0.0, 0.0, 0.0, 0.0, 0.0, 0.0, -0.2414889931678772, 0.41997799277305603, -0.10130299627780914, 0.3325049877166748, -0.910332977771759, -0.19969700276851654, -0.14440900087356567, 0.5600600242614746, 0.016506999731063843, -0.04053499922156334, 0.5351859927177429, 0.030357999727129936, 0.8440960049629211, 0.012400000356137753]",1.0,343,0,263,0
"[-0.8935430645942688, -2.02638840675354, 0.14419353008270264, -0.11198028922080994, 2.0616698265075684, 0.7225038409233093, -0.6694302558898926, 0.2199999988079071, 0.038348376750946045, 2.0662708282470703, -0.18254226446151733, -0.05061977729201317, -1.4618829488754272, 0.056756392121315, 1.7272610664367676, 1.0, 0.0]","[-1.2700109481811523, -2.025665760040283, -0.026872999966144562, 0.05948704853653908, 2.6645801067352295, 0.8763564825057983, -1.3614314794540405, 0.2720833420753479, 0.47469234466552734, 1.927195429801941, -0.6333302855491638, -0.8784329891204834, -1.6127638816833496, -1.3378740549087524, 1.550572156906128, 0.41850000619888306, 55.099998474121094, 15.772000312805176, -2.187999963760376, 2.2799999713897705, 0.1770000010728836, 0.9789999723434448, -0.257999986410141, 28.025999069213867, -4.995999813079834, 28.05299949645996, 0.15299999713897705, 1.8960000276565552, 0.16099999845027924, 0.05400000140070915, 0.0, -0.041999999433755875, 0.029999999329447746, -0.08399999886751175, 0.2639999985694885, 0.36000001430511475, 0.0, -0.2160000056028366, 0.0, 0.0, 0.5400000214576721, 0.07800000160932541, 0.017999999225139618, -0.08464200049638748, 0.4732680022716522, -0.0929500013589859, 0.1931300014257431, -0.9507690072059631, -0.1733970046043396, -0.16932499408721924, 0.2587369978427887, 0.398840993642807, 0.14780299365520477, 0.38263100385665894, -0.8356829881668091, 0.2129800021648407, 0.3314589858055115]",0.4,12,0,34,0
"[-1.088971734046936, -2.0078272819519043, 0.1288537085056305, 0.24927107989788055, 2.390862226486206, 1.021017074584961, -1.0888197422027588, 0.2199999988079071, 0.04034273698925972, 2.0662708282470703, -0.18407638370990753, -0.0470929853618145, -1.4644906520843506, 0.05460859090089798, 1.7244998216629028, 1.0, 0.0]","[-1.0627747774124146, -2.0244617462158203, 0.12796084582805634, 0.1786007434129715, 2.4544472694396973, 1.0329527854919434, -1.17441987991333, 0.3734166622161865, -0.27157434821128845, 2.0508460998535156, 0.19510844349861145, -0.5131347179412842, -1.4618911743164062, -1.5799578428268433, 1.4021248817443848, 1.0, 55.099998474121094, 15.579000473022461, -3.3970000743865967, 2.0269999504089355, 0.17299999296665192, 1.0490000247955322, -0.22699999809265137, 22.405000686645508, -14.37600040435791, 28.332000732421875, 0.6899999976158142, 1.2100000381469727, 0.6589999794960022, -0.017999999225139618, 0.0, -0.13199999928474426, -0.5220000147819519, 0.0, -0.4320000112056732, 0.2160000056028366, 2.5260000228881836, -0.1379999965429306, -0.972000002861023, -2.3940000534057617, -0.5099999904632568, -1.1100000143051147, -0.6420000195503235, -0.16219399869441986, 0.45647600293159485, -0.06406400352716446, 0.2224320024251938, -0.9461060166358948, -0.15261299908161163, -0.17920899391174316, 0.4677650034427643, 0.009232999756932259, 0.17205999791622162, 0.6967120170593262, -0.3911899924278259, 0.45632800459861755, 0.39156800508499146]",2.5,161,0,388,0
"[-1.322290062904358, -2.0263893604278564, 0.06749321520328522, 0.07961331307888031, 2.672654390335083, 0.855961263179779, -1.4802908897399902, 0.2160000056028366, 0.5141893029212952, 1.9496861696243286, -0.6442707777023315, -0.658076286315918, -1.677866816520691, -1.3222895860671997, 1.4336575269699097, 0.24300000071525574, 0.0]","[-1.2678821086883545, -2.0259275436401367, -0.04303169995546341, 0.06203475221991539, 2.6644928455352783, 0.8812598586082458, -1.343388319015503, 0.27033331990242004, 0.47579172253608704, 1.9147361516952515, -0.6335048079490662, -0.8788169026374817, -1.5880372524261475, -1.3198481798171997, 1.555894374847412, 0.4178333282470703, 55.099998474121094, 15.449000358581543, -1.4700000286102295, 1.593000054359436, 0.05999999865889549, 0.9890000224113464, -0.1860000044107437, 25.92799949645996, -4.479000091552734, 28.5310001373291, 0.1940000057220459, 1.6430000066757202, 0.19200000166893005, 0.07800000160932541, 0.0, -0.414000004529953, 0.05400000140070915, 0.041999999433755875, 0.09600000083446503, 0.3059999942779541, 0.05400000140070915, -0.18000000715255737, 0.0, -0.09600000083446503, 0.1979999989271164, 0.6600000262260437, 0.20999999344348907, -0.08410999923944473, 0.4737490117549896, -0.09174499660730362, 0.195251002907753, -0.9501209855079651, -0.16947700083255768, -0.1744229942560196, 0.2583959996700287, 0.40180400013923645, 0.15724200010299683, 0.394322007894516, -0.8278719782829285, 0.21238499879837036, 0.33768200874328613]",12.466666666666667,453,0,499,0
"[-1.0070571899414062, -2.013195514678955, 0.1253252476453781, 0.18699149787425995, 2.3657045364379883, 1.0191766023635864, -0.914559543132782, 0.2199999988079071, 0.032213516533374786, 2.0662708282470703, -0.18561048805713654, -0.039882510900497437, -1.4644906520843506, 0.056756392121315, 1.7248066663742065, 1.0, 0.0]","[-1.0956157445907593, -2.0075526237487793, 0.1291998028755188, 0.2523967921733856, 2.395204544067383, 1.0238786935806274, -1.1042184829711914, 0.37416666746139526, 0.04039674997329712, 2.065870523452759, -0.18399278819561005, -0.046940501779317856, -1.464595913887024, 0.054077550768852234, 1.723554015159607, 1.0, 55.099998474121094, 18.53700065612793, -5.2779998779296875, 0.6819999814033508, 0.3109999895095825, 1.2920000553131104, -0.18799999356269836, 12.817999839782715, -2.4630000591278076, 44.14400100708008, 0.12200000137090683, 1.2940000295639038, 0.19200000166893005, -0.7559999823570251, -0.18000000715255737, 0.017999999225139618, 0.12600000202655792, 0.2939999997615814, -0.035999998450279236, -1.3320000171661377, 0.035999998450279236, 0.0, 0.0, 0.006000000052154064, 0.0, -0.07199999690055847, 0.024000000208616257, -0.1477469950914383, 0.4830569922924042, -0.031971000134944916, 0.27938100695610046, -0.9371749758720398, -0.09921099990606308, -0.18386299908161163, 0.559482991695404, 0.017223000526428223, -0.0417339988052845, 0.5336830019950867, 0.026645999401807785, 0.8451820015907288, 0.011800000444054604]",3.3666666666666667,84,0,238,0
"[-1.3196823596954346, -2.0263893604278564, 0.06595910340547562, 0.06749358028173447, 2.669126272201538, 0.8499787449836731, -1.4802908897399902, 0.2160000056028366, 0.5020718574523926, 1.951220154762268, -0.6442707777023315, -0.658076286315918, -1.6766396760940552, -1.3222895860671997, 1.4235352277755737, 0.24300000071525574, 0.0]","[-1.1960055828094482, -2.024566411972046, 0.08962320536375046, 0.04477670043706894, 2.4928197860717773, 0.8515774011611938, -1.2200690507888794, 0.37308332324028015, 0.24653360247612, 1.9422199726104736, -0.3553518056869507, -0.6562945246696472, -1.6543647050857544, -1.5257755517959595, 1.2187079191207886, 1.0, 55.099998474121094, 15.741000175476074, -3.697000026702881, 3.3299999237060547, 0.29100000858306885, 1.097000002861023, -0.2680000066757202, 26.434999465942383, -4.563000202178955, 28.65399932861328, 0.1770000010728836, 1.718999981880188, 0.17000000178813934, -0.20399999618530273, 0.0, 0.0, 0.3779999911785126, 0.6899999976158142, 0.05400000140070915, -0.492000013589859, 0.8999999761581421, 0.14399999380111694, -1.8240000009536743, 0.0, 0.0, 0.906000018119812, -0.593999981880188, -0.11418499797582626, 0.46967700123786926, -0.09194199740886688, 0.22101899981498718, -0.9480000138282776, -0.1572680026292801, -0.16647100448608398, 0.3676980137825012, 0.2914220094680786, 0.13641299307346344, 0.45014598965644836, -0.7934970259666443, 0.25395700335502625, 0.32130399346351624]",5.4,473,0,377,0
"[-1.322290062904358, -2.0263893604278564, 0.06749321520328522, 0.07976672798395157, 2.6752638816833496, 0.855961263179779, -1.4802908897399902, 0.2160000056028366, 0.5154165029525757, 1.951220154762268, -0.6442707777023315, -0.658076286315918, -1.677866816520691, -1.3212157487869263, 1.4342710971832275, 0.25600001215934753, 0.0]","[-0.0698174461722374, -2.0242698192596436, 0.38478997349739075, 0.13785500824451447, 1.107359528541565, 1.5161433219909668, -0.6982792019844055, 1.0, 0.03762219846248627, 2.0658183097839355, -0.1871512532234192, -0.04514314979314804, -1.4652940034866333, 0.05669505149126053, 1.72118079662323, 1.0, 55.099998474121094, 15.977999687194824, 3.109999895095825, -5.296999931335449, -0.1340000033378601, 0.8830000162124634, -0.46299999952316284, 11.565999984741211, -2.572000026702881, 44.486000061035156, 0.06800000369548798, 1.2450000047683716, 0.24699999392032623, -2.5920000076293945, 0.08399999886751175, 3.125999927520752, 2.549999952316284, 2.615999937057495, -0.7739999890327454, 0.0, -0.06599999964237213, 0.0, 0.0, 0.0, 0.0, 0.0, 0.0, -0.42038199305534363, 0.20132899284362793, 0.07339199632406235, 0.6309249997138977, -0.5982270240783691, -0.3225040137767792, -0.37422800064086914, 0.5592730045318604, 0.015061999671161175, -0.04225999861955643, 0.5332109928131104, 0.02601899951696396, 0.8455430269241333, 0.00802799966186285]",9.533333333333333,13,0,12,0
"[-0.8036515116691589, -2.02638840675354, 0.7657617330551147, 0.045098260045051575, 1.512810468673706, 0.8812708258628845, -0.776347815990448, 1.0, 0.03282631188631058, 2.0662708282470703, -0.18407638370990753, -0.05061977729201317, -1.4618829488754272, 0.056756392121315, 1.7226591110229492, 1.0, 0.0]","[-0.824425220489502, -2.026049852371216, 0.760191798210144, 0.03127039968967438, 1.517137885093689, 0.862885057926178, -0.7778686285018921, 1.0, 0.033416748046875, 2.0658183097839355, -0.18402768671512604, -0.050727151334285736, -1.4615073204040527, 0.05662524700164795, 1.7222975492477417, 1.0, 55.099998474121094, 16.339000701904297, -2.868000030517578, 0.5040000081062317, 0.10899999737739563, 0.9459999799728394, -0.27900001406669617, 13.538999557495117, -2.940000057220459, 43.5099983215332, 0.164000004529953, 1.3450000286102295, 0.18700000643730164, -0.8820000290870667, 0.0, -0.41999998688697815, -0.6420000195503235, 0.1860000044107437, -0.7260000109672546, -0.09000000357627869, 0.05400000140070915, 0.0, 0.0, 0.0, 0.0, 0.0, 0.0, -0.25274398922920227, 0.4205470085144043, -0.0755549967288971, 0.33498701453208923, -0.9049569964408875, -0.19680599868297577, -0.17350099980831146, 0.5601800084114075, 0.01307899970561266, -0.040474001318216324, 0.5353360176086426, 0.030984999611973763, 0.8440150022506714, 0.009607000276446342]",1.0333333333333334,59,0,194,0
"[-0.5266147255897522, -2.02638840675354, 0.7525700330734253, 0.25755441188812256, 1.503759741783142, 1.1371392011642456, -0.7880059480667114, 1.0, 0.039422281086444855, 2.0662708282470703, -0.18407638370990753, -0.04295080155134201, -1.462649941444397, 0.056756392121315, 1.7211251258850098, 1.0, 0.0]","[-0.8403047323226929, -2.0259101390838623, 0.40218761563301086, -0.036365803331136703, 1.8610774278640747, 0.7817425727844238, -0.7779733538627625, 1.0, 0.03842489793896675, 2.0658531188964844, -0.18402768671512604, -0.05060500279068947, -1.4615247249603271, 0.05669505149126053, 1.723676085472107, 1.0, 55.099998474121094, 16.60700035095215, -3.3529999256134033, 1.9559999704360962, 0.3109999895095825, 1.1269999742507935, -0.2199999988079071, 13.095000267028809, -3.138000011444092, 43.87300109863281, 0.21699999272823334, 1.305999994277954, 0.19499999284744263, 0.024000000208616257, 0.0, -1.6740000247955322, -0.1979999989271164, 1.565999984741211, -0.31200000643730164, 0.1080000028014183, 0.0, 0.0, 0.0, 0.0, 0.0, 0.0, 0.006000000052154064, -0.26072201132774353, 0.41523900628089905, -0.08909100294113159, 0.33283698558807373, -0.9021430015563965, -0.23066499829292297, -0.14883099496364594, 0.5600829720497131, 0.015863999724388123, -0.040525998920202255, 0.5352479815483093, 0.029461000114679337, 0.8441050052642822, 0.011262999847531319]",1.6333333333333333,202,0,328,0
"[-1.2478916645050049, -2.0263893604278564, 0.06964166462421417, 0.09019716829061508, 2.539045572280884, 0.8588762283325195, -1.2690620422363281, 0.2199999988079071, 0.4315077066421509, 1.9553636312484741, -0.5155700445175171, -0.6395158171653748, -1.65056312084198, -1.366468906402588, 1.2716693878173828, 1.0, 0.0]","[-1.1378796100616455, -2.017516613006592, 0.13087500631809235, 0.2545780539512634, 2.413928270339966, 1.0181028842926025, -1.1429052352905273, 0.37416666746139526, 0.041339050978422165, 2.0658531188964844, -0.18497000634670258, -0.04652169719338417, -1.463950276374817, 0.053815800696611404, 1.7242518663406372, 1.0, 55.099998474121094, 14.677000045776367, -6.415999889373779, 2.7090001106262207, 0.4410000145435333, 0.9779999852180481, -0.18299999833106995, 13.04699993133545, -3.0429999828338623, 44.138999938964844, 0.1420000046491623, 1.3320000171661377, 0.21299999952316284, -0.671999990940094, -0.09000000357627869, 0.0, 0.0, 0.3240000009536743, -0.27000001072883606, -0.6000000238418579, 0.0, 0.0, -0.07199999690055847, -0.017999999225139618, -0.10199999809265137, 0.05999999865889549, -0.041999999433755875, -0.12856300175189972, 0.48623600602149963, -0.03769199922680855, 0.2673960030078888, -0.9405099749565125, -0.09564299881458282, -0.18652400374412537, 0.5593979954719543, 0.017666000872850418, -0.041882000863552094, 0.5335010290145874, 0.026448000222444534, 0.8452990055084229, 0.012082000263035297]",5.166666666666667,278,0,158,0
"[0.12486506253480911, -2.02638840675354, -0.027304328978061676, -0.0035278841387480497, 0.9858886003494263, 0.8647041320800781, -0.9703963994979858, 1.0, 0.03834838792681694, 2.0662708282470703, -0.18407638370990753, -0.04402470216155052, -1.4623430967330933, 0.056756392121315, 1.723272681236267, 1.0, 0.0]","[-1.3207380771636963, -2.02597975730896, 0.06594355404376984, 0.06817714869976044, 2.667703628540039, 0.8524324893951416, -1.4799869060516357, 0.37275001406669617, 0.5031707286834717, 1.950770378112793, -0.6412002444267273, -0.6580395102500916, -1.676194667816162, -1.322099208831787, 1.423309326171875, 0.6286666393280029, 55.099998474121094, 15.79800033569336, -2.434999942779541, 3.630000114440918, 0.15000000596046448, 1.1430000066757202, -0.2549999952316284, 25.51099967956543, -5.947999954223633, 30.135000228881836, 0.3059999942779541, 1.6640000343322754, 0.22599999606609344, 0.017999999225139618, 0.0, 0.0, -0.017999999225139618, 0.0, -0.05400000140070915, 0.0, -0.017999999225139618, 0.0, -0.024000000208616257, 0.0, 0.0, 0.0, 0.0, -0.0707160010933876, 0.4775489866733551, -0.09467100352048874, 0.1877640038728714, -0.9546589851379395, -0.18091799318790436, -0.1436610072851181, 0.2828949987888336, 0.3932479918003082, 0.08598999679088593, 0.33926498889923096, -0.8513280153274536, 0.25462499260902405, 0.30871498584747314]",10.6,304,0,274,0
"[-1.322290062904358, -2.0263893604278564, 0.06749321520328522, 0.07976672798395157, 2.6752638816833496, 0.855961263179779, -1.4802908897399902, 0.2160000056028366, 0.5167974233627319, 1.951220154762268, -0.6442707777023315, -0.6553153991699219, -1.6781736612319946, -1.3195281028747559, 1.435038685798645, 0.3230000138282776, 0.0]","[-1.2272062301635742, -2.0252819061279297, 0.0906004011631012, 0.06840400397777557, 2.5413482189178467, 0.8593426942825317, -1.234692096710205, 0.37308332324028015, 0.35625919699668884, 1.9551851749420166, -0.4975518584251404, -0.6507279276847839, -1.6538586616516113, -1.4364142417907715, 1.1586625576019287, 1.0, 55.099998474121094, 16.945999145507812, -3.1989998817443848, 1.5160000324249268, 0.20999999344348907, 1.156000018119812, -0.2240000069141388, 25.322999954223633, -4.3429999351501465, 29.507999420166016, 0.1679999977350235, 1.684999942779541, 0.2280000001192093, -0.18000000715255737, 0.0, -0.05400000140070915, 0.15000000596046448, 0.22200000286102295, 0.0, -0.006000000052154064, 0.6539999842643738, 0.041999999433755875, -0.31200000643730164, 0.08399999886751175, 0.017999999225139618, 0.5519999861717224, 0.0, -0.10414300113916397, 0.4739699959754944, -0.08946199715137482, 0.2188120037317276, -0.954662024974823, -0.13248300552368164, -0.15227699279785156, 0.3323589861392975, 0.33904600143432617, 0.10744400322437286, 0.41338300704956055, -0.8376740217208862, 0.19971899688243866, 0.2958509922027588]",3.4,103,0,190,0
"[0.13222843408584595, -2.02638840675354, 0.07838565111160278, -0.03267296031117439, 0.9964736104011536, 1.311859130859375, -0.8199131488800049, 1.0, 0.03972909227013588, 2.0662708282470703, -0.18407638370990753, -0.04295080155134201, -1.4621896743774414, 0.056756392121315, 1.7226591110229492, 1.0, 0.0]","[-0.7279965877532959, -2.026049852371216, 0.7774847745895386, 0.09995359927415848, 1.5123217105865479, 0.9575687646865845, -0.7800499200820923, 1.0, 0.03270129859447479, 2.065870523452759, -0.18401025235652924, -0.050029151141643524, -1.4622926712036133, 0.056712500751018524, 1.7217739820480347, 1.0, 55.099998474121094, 16.743000030517578, -3.1740000247955322, -0.3799999952316284, 0.19599999487400055, 0.9330000281333923, -0.26499998569488525, 13.708000183105469, -2.7850000858306885, 44.45500183105469, 0.15000000596046448, 1.375, 0.19200000166893005, -0.8339999914169312, 0.0, 0.05999999865889549, -0.5040000081062317, 0.0, -0.5820000171661377, 0.09000000357627869, -0.04800000041723251, 0.0, 0.0, -0.017999999225139618, 0.0, 0.0, 0.012000000104308128, -0.27142301201820374, 0.4032190144062042, -0.06307700276374817, 0.33720898628234863, -0.9006689786911011, -0.1934089958667755, -0.19410400092601776, 0.5600720047950745, 0.012609000317752361, -0.040720999240875244, 0.5350630283355713, 0.03079500049352646, 0.8442019820213318, 0.008953000418841839]",12.5,155,0,7,0
"[-0.8943100571632385, -2.02638840675354, 0.14419353008270264, -0.11198028922080994, 2.0616698265075684, 0.7225038409233093, -0.6703506708145142, 0.2199999988079071, 0.038348376750946045, 2.0662708282470703, -0.18254226446151733, -0.05061977729201317, -1.4618829488754272, 0.056756392121315, 1.7272610664367676, 1.0, 0.0]","[-0.8956038355827332, -2.026014804840088, 0.14504440128803253, -0.11290149390697479, 2.061246395111084, 0.7219937443733215, -0.6704813838005066, 0.5035833120346069, 0.03858194872736931, 2.065870523452759, -0.18247464299201965, -0.05055265128612518, -1.461594581604004, 0.05666014924645424, 1.725892186164856, 1.0, 55.099998474121094, 16.552000045776367, -3.444000005722046, 1.8949999809265137, 0.20999999344348907, 1.0069999694824219, -0.28999999165534973, 13.62399959564209, -2.8389999866485596, 43.92599868774414, 0.15700000524520874, 1.3660000562667847, 0.19599999487400055, 0.0, 0.0, 0.0, 0.0, 0.0, 0.0, 0.017999999225139618, 0.0, 0.0, 0.0, 0.0, 0.0, 0.0, 0.04800000041723251, -0.23481200635433197, 0.42196598649024963, -0.10404100269079208, 0.33026599884033203, -0.9111440181732178, -0.1977050006389618, -0.14714600145816803, 0.5600640177726746, 0.01591400057077408, -0.04056200012564659, 0.5351669788360596, 0.0309859998524189, 0.8440880179405212, 0.012261000461876392]",5.133333333333334,232,0,208,0
"[-0.006442329380661249, -2.02638840675354, -0.030065104365348816, 0.06795433908700943, 1.0441793203353882, 0.22457411885261536, -0.9954007863998413, 1.0, 0.036814238876104355, 2.0662708282470703, -0.18407638370990753, -0.043411046266555786, -1.4618829488754272, 0.056142717599868774, 1.7226591110229492, 1.0, 0.0]","[-0.8951151967048645, -2.0259974002838135, 0.15642179548740387, -0.10935915261507034, 2.060967206954956, 0.7220286130905151, -0.6764492392539978, 0.6870833039283752, 0.03990814834833145, 2.0658183097839355, -0.18247464299201965, -0.05060500279068947, -1.461594581604004, 0.05664269998669624, 1.7254210710525513, 1.0, 55.099998474121094, 16.145999908447266, -4.47599983215332, 2.2279999256134033, 0.27799999713897705, 1.0499999523162842, -0.21799999475479126, 13.329999923706055, -2.562000036239624, 43.95800018310547, 0.1289999932050705, 1.3370000123977661, 0.1860000044107437, -0.012000000104308128, 0.0, 0.0, -0.035999998450279236, 0.006000000052154064, 0.0, -0.006000000052154064, 0.0, 0.0, 0.0, 0.0, 0.0, 0.0, 0.0, -0.23599499464035034, 0.4215709865093231, -0.10394299775362015, 0.32892200350761414, -0.9122999906539917, -0.19683299958705902, -0.1441359966993332, 0.5600630044937134, 0.016674000769853592, -0.04052000120282173, 0.5351999998092651, 0.030209999531507492, 0.84409099817276, 0.012509999796748161]",12.366666666666667,71,0,177,0
"[-0.8390861749649048, -2.02638840675354, 0.36140474677085876, -0.03819495812058449, 1.9062765836715698, 0.7783409357070923, -0.774813711643219, 1.0, 0.038348376750946045, 2.0662708282470703, -0.18407638370990753, -0.05061977729201317, -1.4618829488754272, 0.056756392121315, 1.7241930961608887, 1.0, 0.0]","[-0.844126284122467, -2.02597975730896, 0.5347552299499512, -0.01600164920091629, 1.7305513620376587, 0.8132049441337585, -0.7801371812820435, 1.0, 0.03833765164017677, 2.065870523452759, -0.18402768671512604, -0.05060500279068947, -1.4614723920822144, 0.05662524700164795, 1.7222800254821777, 1.0, 55.099998474121094, 15.137999534606934, -1.0800000429153442, 1.0080000162124634, 0.13899999856948853, 0.7099999785423279, -0.4880000054836273, 13.687999725341797, -2.2950000762939453, 44.32099914550781, 0.15399999916553497, 1.3980000019073486, 0.18700000643730164, 0.05999999865889549, 0.0, -2.130000114440918, -0.34200000762939453, 2.25600004196167, -0.4740000069141388, 0.0, 0.0, 0.0, 0.0, 0.0, 0.0, 0.0, 0.0, -0.2553339898586273, 0.41882801055908203, -0.08442399650812149, 0.33266401290893555, -0.9034330248832703, -0.21834999322891235, -0.15957599878311157, 0.5600780248641968, 0.015821000561118126, -0.040539998561143875, 0.5352420210838318, 0.028915999457240105, 0.8441320061683655, 0.01090800017118454]",6.1,206,0,130,0
"[-1.322290062904358, -2.0263893604278564, 0.06749321520328522, 0.07899964600801468, 2.672194242477417, 0.855961263179779, -1.4802908897399902, 0.2160000056028366, 0.5128085613250732, 1.9496861696243286, -0.6442707777023315, -0.658076286315918, -1.677866816520691, -1.3222895860671997, 1.432276964187622, 0.24300000071525574, 0.0]","[-1.1721339225769043, -2.018406629562378, 0.1306656002998352, 0.25258874893188477, 2.4340133666992188, 0.9774094223976135, -1.1766185760498047, 0.3738333284854889, 0.03667990118265152, 2.0667431354522705, -0.1830504983663559, -0.08187539875507355, -1.4632521867752075, 0.04188000038266182, 1.723763346672058, 1.0, 55.099998474121094, 15.824000358581543, -5.24399995803833, 1.5750000476837158, 0.37700000405311584, 1.0449999570846558, -0.19900000095367432, 14.413999557495117, -4.585000038146973, 44.499000549316406, 0.32600000500679016, 1.4270000457763672, 0.23100000619888306, -0.19200000166893005, 0.017999999225139618, 0.0, -0.18000000715255737, 0.15000000596046448, -0.414000004529953, 0.0, 0.11400000005960464, -0.006000000052154064, -0.05999999865889549, -0.9660000205039978, -0.06599999964237213, 0.0, -0.035999998450279236, -0.1176770031452179, 0.49361100792884827, -0.03834199905395508, 0.27378201484680176, -0.9400429725646973, -0.09789799898862839, -0.17826199531555176, 0.5644729733467102, 0.019516000524163246, -0.030848000198602676, 0.5469419956207275, 0.02465599961578846, 0.8365640044212341, 0.02014400064945221]",1.5333333333333334,398,0,60,0
"[-0.8400065302848816, -2.02638840675354, 0.4531366527080536, -0.028070993721485138, 1.8110164403915405, 0.7941408753395081, -0.7806433439254761, 1.0, 0.038348376750946045, 2.0662708282470703, -0.18407638370990753, -0.05061977729201317, -1.4618829488754272, 0.056756392121315, 1.7235795259475708, 1.0, 0.0]","[-0.8434283137321472, -2.0259974002838135, 0.5063466429710388, -0.020521199330687523, 1.7560633420944214, 0.8070799112319946, -0.7801545858383179, 1.0, 0.03833765164017677, 2.0658183097839355, -0.18401025235652924, -0.05055265128612518, -1.4615073204040527, 0.05662524700164795, 1.7224023342132568, 1.0, 55.099998474121094, 15.071000099182129, -2.4619998931884766, 1.5180000066757202, 0.12099999934434891, 0.6779999732971191, -0.35100001096725464, 13.513999938964844, -2.638000011444092, 44.167999267578125, 0.12700000405311584, 1.3799999952316284, 0.1940000057220459, 0.041999999433755875, 0.0, -1.9859999418258667, -0.2939999997615814, 2.069999933242798, -0.515999972820282, 0.0, 0.0, 0.0, 0.0, 0.0, 0.0, 0.0, 0.0, -0.2564220130443573, 0.41819998621940613, -0.0852700024843216, 0.3330869972705841, -0.9026579856872559, -0.221903994679451, -0.15817199647426605, 0.5600829720497131, 0.015817999839782715, -0.040529001504182816, 0.5352410078048706, 0.02896999940276146, 0.8441309928894043, 0.010936000384390354]",1.4,486,0,2,0
"[-0.8501309752464294, -2.02638840675354, 0.15646487474441528, -0.08682207763195038, 2.060135841369629, 0.7648422718048096, -0.6743377447128296, 0.2199999988079071, 0.038348376750946045, 2.0662708282470703, -0.18254226446151733, -0.05061977729201317, -1.4618829488754272, 0.056756392121315, 1.7257270812988281, 1.0, 0.0]","[-0.09471859782934189, -2.026049852371216, 0.0025651499163359404, 0.0739007517695427, 1.1479657888412476, -0.029874399304389954, -0.9766939878463745, 1.0, 0.03816315159201622, 2.0658183097839355, -0.18406260013580322, -0.042333703488111496, -1.4629207849502563, 0.05657290294766426, 1.722350001335144, 1.0, 55.099998474121094, 8.734000205993652, -1.0329999923706055, 11.305000305175781, 0.1509999930858612, 0.7799999713897705, -0.2800000011920929, 13.072999954223633, -3.2760000228881836, 44.367000579833984, 0.21899999678134918, 1.3049999475479126, 0.19099999964237213, 0.9599999785423279, 0.0, -0.6480000019073486, 0.16200000047683716, -0.8519999980926514, 2.0280001163482666, -0.6539999842643738, -0.012000000104308128, 0.0, 0.0, 0.029999999329447746, 0.0, -0.024000000208616257, 0.0, -0.571403980255127, 0.049952998757362366, -0.012225000187754631, 0.5541369915008545, -0.10384699702262878, -0.8252559900283813, 0.033163998275995255, 0.5588070154190063, 0.01512600015848875, -0.043216001242399216, 0.531902015209198, 0.028713999316096306, 0.8462629914283752, 0.009611000306904316]",13.333333333333334,447,0,382,0
"[0.05154082179069519, -2.02638840675354, -0.03405335918068886, 0.04586511105298996, 0.993558406829834, 0.44439324736595154, -0.989264190196991, 1.0, 0.03758131340146065, 2.0662708282470703, -0.18407638370990753, -0.043717872351408005, -1.4629566669464111, 0.05629613623023033, 1.7226591110229492, 1.0, 0.0]","[-1.2372050285339355, -2.026171922683716, 0.08882050216197968, 0.08520834892988205, 2.540283679962158, 0.8603024482727051, -1.235791563987732, 0.37308332324028015, 0.4176657497882843, 1.956930160522461, -0.5127333402633667, -0.6387223601341248, -1.6463900804519653, -1.3662477731704712, 1.2185161113739014, 1.0, 55.099998474121094, 15.116999626159668, -4.215000152587891, 2.5959999561309814, 0.29499998688697815, 1.0499999523162842, -0.25200000405311584, 25.566999435424805, -5.276000022888184, 29.097999572753906, 0.2290000021457672, 1.6330000162124634, 0.2639999985694885, -0.15000000596046448, 0.0, -0.017999999225139618, 0.25200000405311584, -0.1860000044107437, 0.0, -0.22200000286102295, 0.4740000069141388, 0.0, 0.0, 0.1679999977350235, 0.0, 0.20999999344348907, 1.1579999923706055, -0.09968700259923935, 0.4782319962978363, -0.08549600094556808, 0.2253209948539734, -0.9537169933319092, -0.12657900154590607, -0.15372300148010254, 0.319130003452301, 0.3642300069332123, 0.1053759977221489, 0.4124319851398468, -0.829908013343811, 0.21770000457763672, 0.30619800090789795]",5.033333333333333,469,0,405,0
"[-0.8964574933052063, -2.02638840675354, 0.11888182908296585, -0.0573701485991478, 2.0929620265960693, 0.7913804650306702, -0.655163586139679, 0.2199999988079071, 0.0366608127951622, 2.0662708282470703, -0.18254226446151733, -0.050160061568021774, -1.4623430967330933, 0.056756392121315, 1.7254202365875244, 1.0, 0.0]","[-1.3137233257293701, -2.025944948196411, 0.06863085180521011, 0.08377745002508163, 2.676516056060791, 0.852310299873352, -1.5012931823730469, 0.37308332324028015, 0.5141816735267639, 1.9405447244644165, -0.602949857711792, -0.6399787664413452, -1.6838377714157104, -1.3128856420516968, 1.4359081983566284, 1.0, 55.099998474121094, 16.006999969482422, -0.597000002861023, 3.25, -0.05000000074505806, 1.1339999437332153, -0.2680000066757202, 26.461000442504883, -7.160999774932861, 30.158000946044922, 0.3720000088214874, 1.687000036239624, 0.2329999953508377, 0.0, 0.0, 0.0, -0.05400000140070915, 0.0, 0.0, 0.23399999737739563, 0.041999999433755875, 0.09000000357627869, -0.14399999380111694, 0.07199999690055847, -0.07800000160932541, 0.1679999977350235, 0.10199999809265137, -0.07574000209569931, 0.47991999983787537, -0.091218002140522, 0.19370299577713013, -0.9522960186004639, -0.1896599978208542, -0.14014099538326263, 0.28671300411224365, 0.39698299765586853, 0.09363699704408646, 0.3501780033111572, -0.8407959938049316, 0.26666200160980225, 0.31516098976135254]",11.866666666666667,429,0,410,0
"[-1.3221367597579956, -2.0263893604278564, 0.06749321520328522, 0.07976672798395157, 2.6752638816833496, 0.855961263179779, -1.4802908897399902, 0.2160000056028366, 0.5246198177337646, 1.9495327472686768, -0.6390554904937744, -0.6421236395835876, -1.685842514038086, -1.3100172281265259, 1.4465429782867432, 1.0, 0.0]","[-0.03650540113449097, -2.024967670440674, 0.3444455564022064, 0.10522350668907166, 1.0786019563674927, 1.5229313373565674, -0.698663055896759, 1.0, 0.03838999941945076, 2.0658183097839355, -0.1871512532234192, -0.04510825127363205, -1.465119481086731, 0.05662524700164795, 1.72118079662323, 1.0, 55.099998474121094, 15.968999862670898, 2.0789999961853027, -4.4039998054504395, -0.08100000023841858, 0.925000011920929, -0.3869999945163727, 12.850000381469727, -2.308000087738037, 44.04600143432617, -0.052000001072883606, 1.190999984741211, 0.1979999989271164, -2.4719998836517334, 0.06599999964237213, 2.9519999027252197, 2.4839999675750732, 2.0880000591278076, -0.1379999965429306, 0.029999999329447746, -0.029999999329447746, 0.0, 0.0, 0.0, -0.012000000104308128, 0.0, 0.0, -0.43058401346206665, 0.18269699811935425, 0.07680000364780426, 0.6542119979858398, -0.5620250105857849, -0.34160399436950684, -0.3734149932861328, 0.5592560172080994, 0.01549999974668026, -0.0422700010240078, 0.5331900119781494, 0.02574799954891205, 0.8455619812011719, 0.008303999900817871]",12.733333333333333,77,0,198,0
"[-0.16796992719173431, -2.0200982093811035, 0.48872530460357666, 0.22058530151844025, 1.202026128768921, 1.4574342966079712, -0.7108472585678101, 1.0, 0.033900052309036255, 2.0662708282470703, -0.1856105476617813, -0.0444849468767643, -1.4657177925109863, 0.056756392121315, 1.7211251258850098, 1.0, 0.0]","[-0.8381235003471375, -2.0259101390838623, 0.27604156732559204, -0.042525649070739746, 2.0012357234954834, 0.7727558016777039, -0.767799973487854, 1.0, 0.03835510089993477, 2.0658531188964844, -0.18291090428829193, -0.050587549805641174, -1.4615771770477295, 0.05664269998669624, 1.7238332033157349, 1.0, 55.099998474121094, 16.503000259399414, -2.6689999103546143, 2.688999891281128, 0.23499999940395355, 1.1729999780654907, -0.17900000512599945, 13.175000190734863, -2.8949999809265137, 44.025001525878906, 0.16899999976158142, 1.3270000219345093, 0.18700000643730164, 0.012000000104308128, 0.0, -1.121999979019165, -0.1860000044107437, 0.9900000095367432, -0.05400000140070915, 0.2879999876022339, 0.0, 0.0, 0.0, 0.0, 0.0, 0.0, 0.0, -0.26153600215911865, 0.4131320118904114, -0.09182500094175339, 0.32962799072265625, -0.9059020280838013, -0.22494299709796906, -0.14172300696372986, 0.5600780248641968, 0.015807999297976494, -0.04053900018334389, 0.5352090001106262, 0.030021000653505325, 0.8441060185432434, 0.011567000299692154]",1.9666666666666666,270,0,164,0
"[-1.1122883558273315, -2.013195037841797, 0.12977425754070282, 0.25310593843460083, 2.402520179748535, 1.0200966596603394, -1.1225676536560059, 0.2199999988079071, 0.04141661897301674, 2.0662708282470703, -0.18407638370990753, -0.046325910836458206, -1.4628032445907593, 0.0523073710501194, 1.7254202365875244, 1.0, 0.0]","[-1.311890959739685, -2.02597975730896, 0.07411015033721924, 0.10717790573835373, 2.647095203399658, 0.8260481357574463, -1.532179832458496, 0.37308332324028015, 0.4629833996295929, 1.9387472867965698, -0.5919039845466614, -0.646714448928833, -1.6594949960708618, -1.3364779949188232, 1.3845528364181519, 1.0, 55.099998474121094, 18.132999420166016, -1.8919999599456787, 3.239000082015991, 0.07000000029802322, 1.281000018119812, -0.28299999237060547, 25.625999450683594, -5.5269999504089355, 30.055999755859375, 0.23100000619888306, 1.621999979019165, 0.23399999737739563, -0.05400000140070915, 0.0, -0.08399999886751175, -0.1080000028014183, 0.414000004529953, 0.11400000005960464, 0.05400000140070915, 0.3240000009536743, 0.0, -0.012000000104308128, 0.0, 0.0, 0.0, 0.2939999997615814, -0.07678300142288208, 0.4892129898071289, -0.08277399837970734, 0.21608899533748627, -0.9416850209236145, -0.20991399884223938, -0.1498969942331314, 0.3019849956035614, 0.3816879987716675, 0.09972099959850311, 0.3667069971561432, -0.8369160294532776, 0.25900998711586, 0.3130649924278259]",14.366666666666667,485,0,366,0
"[-0.8455295562744141, -2.02638840675354, 0.73508220911026, 0.012731139548122883, 1.5368938446044922, 0.8450691103935242, -0.7781887650489807, 1.0, 0.036353982985019684, 2.0662708282470703, -0.18407638370990753, -0.05061977729201317, -1.4618829488754272, 0.056756392121315, 1.721431851387024, 1.0, 0.0]","[-0.43281233310699463, -2.0228912830352783, 0.711959958076477, 0.3002796173095703, 1.4649100303649902, 1.2038754224777222, -0.7795612812042236, 1.0, 0.035022150725126266, 2.065870523452759, -0.18395788967609406, -0.04263035207986832, -1.4629207849502563, 0.056712500751018524, 1.7207270860671997, 1.0, 55.099998474121094, 17.867000579833984, -3.7690000534057617, -1.659000039100647, 0.30399999022483826, 0.949999988079071, -0.31700000166893005, 13.961000442504883, -3.0859999656677246, 43.64400100708008, 0.16899999976158142, 1.4290000200271606, 0.21699999272823334, -2.2260000705718994, -0.18000000715255737, 1.0740000009536743, -0.31200000643730164, 1.350000023841858, -1.7760000228881836, -0.07199999690055847, 0.10199999809265137, 0.0, 0.0, 0.0, 0.0, 0.0, 0.0, -0.3301660120487213, 0.34530699253082275, -0.004892999771982431, 0.4010300040245056, -0.8549370169639587, -0.20555000007152557, -0.25691500306129456, 0.5588840246200562, 0.013368000276386738, -0.043147001415491104, 0.532027006149292, 0.029420999810099602, 0.8461740016937256, 0.008336000144481659]",8.166666666666666,238,0,160,0
"[-1.322290062904358, -2.0263893604278564, 0.06672615557909012, 0.07654501497745514, 2.672194242477417, 0.855961263179779, -1.4802908897399902, 0.2160000056028366, 0.5088198184967041, 1.951220154762268, -0.6442707777023315, -0.658076286315918, -1.6766396760940552, -1.3222895860671997, 1.4256806373596191, 0.24300000071525574, 0.0]","[-0.8953071236610413, -2.026014804840088, 0.14473029971122742, -0.11293639987707138, 2.0612986087799072, 0.7219937443733215, -0.6700974702835083, 0.4154166579246521, 0.0382329486310482, 2.0658531188964844, -0.18247464299201965, -0.050587549805641174, -1.461594581604004, 0.05678229779005051, 1.7265902757644653, 1.0, 55.099998474121094, 15.78600025177002, -3.6740000247955322, 1.9880000352859497, 0.19200000166893005, 1.0210000276565552, -0.23399999737739563, 13.373000144958496, -3.5399999618530273, 44.19499969482422, 0.2070000022649765, 1.343999981880188, 0.21400000154972076, 0.029999999329447746, 0.0, 0.0, 0.0, 0.0, 0.0, 0.017999999225139618, 0.0, 0.0, 0.0, 0.0, 0.0, 0.0, 0.0, -0.23491300642490387, 0.42191800475120544, -0.10402700304985046, 0.3303639888763428, -0.9111059904098511, -0.19773699343204498, -0.14712099730968475, 0.5600799918174744, 0.01570899970829487, -0.04053900018334389, 0.5351899862289429, 0.03145100176334381, 0.8440549969673157, 0.012311000376939774]",5.066666666666666,274,0,146,0
"[-1.1537058353424072, -2.0187172889709473, 0.13038794696331024, 0.2532593607902527, 2.420314073562622, 1.0036834478378296, -1.161376953125, 0.2199999988079071, 0.040496136993169785, 2.0662708282470703, -0.1860707849264145, -0.0470929853618145, -1.4670987129211426, 0.05537566542625427, 1.7223522663116455, 1.0, 0.0]","[-1.2001935243606567, -2.0245139598846436, 0.08878559619188309, 0.05297819897532463, 2.507791757583618, 0.8531304597854614, -1.2284276485443115, 0.37308332324028015, 0.26792728900909424, 1.946181058883667, -0.39407336711883545, -0.65634685754776, -1.65434730052948, -1.5031604766845703, 1.2038406133651733, 1.0, 55.099998474121094, 16.531999588012695, -1.5479999780654907, 2.509999990463257, 0.09099999815225601, 1.187000036239624, -0.28600001335144043, 25.507999420166016, -5.86899995803833, 29.915000915527344, 0.2619999945163727, 1.559999942779541, 0.16699999570846558, -0.1679999977350235, 0.0, -0.05400000140070915, 0.2759999930858612, 0.6119999885559082, 0.1379999965429306, -0.27000001072883606, 0.9240000247955322, 0.22200000286102295, -1.5839999914169312, 0.006000000052154064, 0.0, 0.9179999828338623, -0.515999972820282, -0.11372099816799164, 0.47084400057792664, -0.0907450020313263, 0.2214459925889969, -0.9491530060768127, -0.15423299372196198, -0.16211600601673126, 0.3609130084514618, 0.3019919991493225, 0.12868699431419373, 0.44068101048469543, -0.8051490187644958, 0.24342599511146545, 0.3134920001029968]",11.5,28,0,223,0
"[0.06841466575860977, -2.02638840675354, -0.03374670073390007, 0.03604763373732567, 0.9857351779937744, 0.5235464572906494, -0.9868096113204956, 1.0, 0.037888143211603165, 2.0662708282470703, -0.18407638370990753, -0.043564461171627045, -1.463570237159729, 0.05660296976566315, 1.7226591110229492, 1.0, 0.0]","[-0.8379839062690735, -2.0259101390838623, 0.2634775638580322, -0.04495120048522949, 2.0139219760894775, 0.7723544836044312, -0.7633327841758728, 1.0, 0.03833765164017677, 2.0658531188964844, -0.18273639678955078, -0.05055265128612518, -1.4615771770477295, 0.05678229779005051, 1.7238681316375732, 1.0, 55.099998474121094, 15.732999801635742, -2.569000005722046, 2.5280001163482666, 0.19200000166893005, 1.0490000247955322, -0.26499998569488525, 13.664999961853027, -3.6640000343322754, 44.12699890136719, 0.23800000548362732, 1.347000002861023, 0.19300000369548798, 0.017999999225139618, 0.0, -1.0080000162124634, -0.1979999989271164, 0.8399999737739563, -0.017999999225139618, 0.3840000033378601, 0.0, 0.0, 0.0, 0.0, 0.0, 0.0, 0.0, -0.2613300085067749, 0.4126780033111572, -0.09245699644088745, 0.32899901270866394, -0.9065639972686768, -0.22347299754619598, -0.1412770003080368, 0.5600749850273132, 0.015766000375151634, -0.0405460000038147, 0.5352020263671875, 0.030153999105095863, 0.8441060185432434, 0.011544999666512012]",5.833333333333333,241,0,245,0
"[-1.2103101015090942, -2.026236057281494, 0.09249797463417053, 0.06105189397931099, 2.519256591796875, 0.8597966432571411, -1.2331665754318237, 0.2199999988079071, 0.2995854616165161, 1.9521422386169434, -0.44485387206077576, -0.6550082564353943, -1.6520969867706299, -1.4701666831970215, 1.1859201192855835, 1.0, 0.0]","[0.04622504860162735, -2.0259275436401367, 0.23780860006809235, 0.01985809952020645, 1.019533634185791, 1.5102975368499756, -0.7096391320228577, 1.0, 0.039000749588012695, 2.0658531188964844, -0.18664519488811493, -0.044724348932504654, -1.4642993211746216, 0.05678229779005051, 1.7217216491699219, 1.0, 55.099998474121094, 13.517000198364258, 6.300000190734863, -3.9010000228881836, -0.11999999731779099, 0.4429999887943268, -0.7260000109672546, 12.729999542236328, -2.947999954223633, 42.96799850463867, 0.27399998903274536, 1.2979999780654907, 0.20200000703334808, -2.1540000438690186, 0.0, 2.934000015258789, 2.0999999046325684, 1.1100000143051147, 1.4459999799728394, 0.8880000114440918, -0.017999999225139618, 0.0, -0.04800000041723251, -0.041999999433755875, -0.041999999433755875, 0.0, -0.017999999225139618, -0.45596200227737427, 0.13317300379276276, 0.08029700070619583, 0.7051180005073547, -0.46383601427078247, -0.39653000235557556, -0.3611469864845276, 0.5591760277748108, 0.015783999115228653, -0.04241599887609482, 0.5329899787902832, 0.026341000571846962, 0.8456640243530273, 0.008841999806463718]",10.166666666666666,340,0,297,0
"[-1.322290062904358, -2.0263893604278564, 0.06749321520328522, 0.07976672798395157, 2.6748037338256836, 0.855961263179779, -1.4802908897399902, 0.2160000056028366, 0.5154165029525757, 1.9509133100509644, -0.6442707777023315, -0.658076286315918, -1.677253246307373, -1.3218294382095337, 1.4342710971832275, 0.24300000071525574, 0.0]","[-1.1932309865951538, -2.024496555328369, 0.08964065462350845, 0.040518902242183685, 2.486799478530884, 0.8515076637268066, -1.2121641635894775, 0.37308332324028015, 0.2376166433095932, 1.9406667947769165, -0.33729106187820435, -0.65634685754776, -1.65434730052948, -1.5353208780288696, 1.2271188497543335, 1.0, 55.099998474121094, 18.12299919128418, -2.9070000648498535, 2.5209999084472656, 0.23399999737739563, 1.3170000314712524, -0.2680000066757202, 24.85099983215332, -6.421000003814697, 27.739999771118164, 0.3490000069141388, 1.5069999694824219, 0.16099999845027924, -0.19200000166893005, 0.0, 0.0, 0.2879999876022339, 0.492000013589859, -0.08399999886751175, -0.5519999861717224, 0.8640000224113464, 0.13199999928474426, -1.871999979019165, 0.0, 0.0, 0.7200000286102295, -0.7200000286102295, -0.11476799845695496, 0.46886301040649414, -0.0926159992814064, 0.22073699533939362, -0.9478549957275391, -0.15702399611473083, -0.16789500415325165, 0.37055298686027527, 0.28682100772857666, 0.1399250030517578, 0.454461008310318, -0.7877449989318848, 0.25905901193618774, 0.3252840042114258]",8.7,189,0,0,0
"[-1.2966728210449219, -2.0263893604278564, 0.030678972601890564, 0.0639667809009552, 2.6714272499084473, 0.8421553373336792, -1.4457769393920898, 0.2160000056028366, 0.492406964302063, 1.9420171976089478, -0.6346072554588318, -0.7835562825202942, -1.6729581356048584, -1.3773584365844727, 1.494250774383545, 0.24300000071525574, 0.0]","[-1.0997862815856934, -2.0247583389282227, 0.12820515036582947, 0.21657195687294006, 2.440068483352661, 1.0387636423110962, -1.2226169109344482, 0.3734166622161865, -0.24157780408859253, 2.0625202655792236, -0.17778059840202332, -0.28979215025901794, -1.4786605834960938, -0.5468306541442871, 1.538479208946228, 1.0, 55.099998474121094, 16.375, -2.555999994277954, 2.190000057220459, 0.0430000014603138, 1.1380000114440918, -0.210999995470047, 20.69499969482422, -13.536999702453613, 46.60200119018555, 1.0720000267028809, 1.7380000352859497, 0.37700000405311584, 0.3240000009536743, 0.0, 0.07199999690055847, 0.012000000104308128, 0.1979999989271164, 0.11400000005960464, 0.19200000166893005, -2.196000099182129, -0.006000000052154064, 3.5399999618530273, 0.024000000208616257, 1.2480000257492065, -6.888000011444092, -2.8259999752044678, -0.14485399425029755, 0.4690049886703491, -0.053732000291347504, 0.2312619984149933, -0.9414979815483093, -0.15265899896621704, -0.19181300699710846, 0.5679000020027161, -0.03588299825787544, 0.0427279993891716, -0.6168349981307983, 0.13564999401569366, -0.7657740116119385, -0.12125500291585922]",3.033333333333333,257,0,41,0
"[-1.2501929998397827, -2.0263893604278564, 0.06626706570386887, 0.09019716829061508, 2.540426015853882, 0.8573420643806458, -1.2828679084777832, 0.2199999988079071, 0.43227478861808777, 1.9553636312484741, -0.5169506072998047, -0.6405893564224243, -1.65056312084198, -1.366315484046936, 1.2767313718795776, 1.0, 0.0]","[-1.3199180364608765, -2.02597975730896, 0.06590864807367325, 0.0672174021601677, 2.667703628540039, 0.8507573008537292, -1.4799869060516357, 0.37275001406669617, 0.5021411776542664, 1.950770378112793, -0.6435210704803467, -0.6579871773719788, -1.6761423349380493, -1.3220643997192383, 1.423187017440796, 0.5246666669845581, 55.099998474121094, 15.821999549865723, -2.3459999561309814, 3.434000015258789, 0.15700000524520874, 1.128999948501587, -0.2709999978542328, 25.87299919128418, -5.480999946594238, 30.625, 0.4390000104904175, 1.6369999647140503, 0.17399999499320984, 0.024000000208616257, 0.0, 0.0, 0.0, 0.0, -0.041999999433755875, 0.0, -0.024000000208616257, 0.0, -0.024000000208616257, 0.0, 0.0, 0.0, 0.006000000052154064, -0.07120099663734436, 0.477510005235672, -0.09483599662780762, 0.18814800679683685, -0.9545029997825623, -0.18156200647354126, -0.14338000118732452, 0.2831290066242218, 0.39291200041770935, 0.08553899824619293, 0.33865100145339966, -0.8517829775810242, 0.25478801131248474, 0.30799800157546997]",13.0,204,0,231,0
"[-0.11888253688812256, -2.02638840675354, 0.022548722103238106, 0.07132895290851593, 1.1696594953536987, -0.07270989567041397, -0.9575108289718628, 1.0, 0.03834838792681694, 2.0662708282470703, -0.18407638370990753, -0.04295080155134201, -1.4629566669464111, 0.05675636604428291, 1.722812533378601, 1.0, 0.0]","[-0.8474591970443726, -2.02597975730896, 0.6075217127799988, -0.004973249975591898, 1.6582037210464478, 0.82573401927948, -0.7797532677650452, 1.0, 0.03762219846248627, 2.0658531188964844, -0.18402768671512604, -0.050622452050447464, -1.461437463760376, 0.05669505149126053, 1.7220357656478882, 1.0, 55.099998474121094, 14.564000129699707, -2.1059999465942383, 2.2109999656677246, 0.12999999523162842, 0.9739999771118164, -0.22300000488758087, 13.435999870300293, -2.7209999561309814, 44.31399917602539, 0.125, 1.3639999628067017, 0.2029999941587448, 0.12600000202655792, 0.0, -2.388000011444092, -0.2639999985694885, 2.4059998989105225, -0.2759999930858612, -0.006000000052154064, 0.024000000208616257, 0.0, 0.0, 0.0, 0.0, 0.0, 0.0, -0.2518160045146942, 0.42140400409698486, -0.08193600177764893, 0.33338499069213867, -0.9040899872779846, -0.2107120007276535, -0.16454200446605682, 0.5600990056991577, 0.015409000217914581, -0.040518999099731445, 0.5352680087089539, 0.0291569996625185, 0.8441110253334045, 0.01063700020313263]",10.533333333333333,325,0,179,0
"[-1.322290062904358, -2.0263893604278564, 0.06749321520328522, 0.07976672798395157, 2.6752638816833496, 0.855961263179779, -1.4802908897399902, 0.2160000056028366, 0.5171042680740356, 1.951220154762268, -0.6442707777023315, -0.6545485258102417, -1.6781736612319946, -1.3192213773727417, 1.4351921081542969, 0.3230000138282776, 0.0]","[-1.2696096897125244, -2.0257880687713623, -0.027448849752545357, 0.059975650161504745, 2.6638994216918945, 0.8786249756813049, -1.3580461740493774, 0.2720833420753479, 0.47467488050460815, 1.924316167831421, -0.6333302855491638, -0.8785028457641602, -1.6056268215179443, -1.3365130424499512, 1.5509560108184814, 0.4181666672229767, 55.099998474121094, 16.56100082397461, -2.438999891281128, 2.4189999103546143, 0.17100000381469727, 1.0740000009536743, -0.27399998903274536, 25.547000885009766, -5.059000015258789, 28.54800033569336, 0.23000000417232513, 1.7089999914169312, 0.17599999904632568, 0.024000000208616257, 0.0, -0.08399999886751175, 0.041999999433755875, 0.0, 0.1080000028014183, 0.2759999930858612, 0.0, -0.17399999499320984, 0.0, 0.0, 0.5519999861717224, 0.09600000083446503, 0.029999999329447746, -0.08453699946403503, 0.47307199239730835, -0.09290099889039993, 0.1927189975976944, -0.9510030150413513, -0.17204099893569946, -0.16986000537872314, 0.2583490014076233, 0.39921700954437256, 0.14992499351501465, 0.38449499011039734, -0.834201991558075, 0.21202200651168823, 0.333638995885849]",11.666666666666666,175,0,356,0
"[-1.1731876134872437, -2.017951011657715, 0.12379109114408493, 0.24850350618362427, 2.429978370666504, 0.9714696407318115, -1.1750303506851196, 0.2199999988079071, 0.055682599544525146, 2.0630500316619873, -0.19481489062309265, -0.13008077442646027, -1.4715474843978882, 0.08252758532762527, 1.7202047109603882, 1.0, 0.0]","[-1.1624317169189453, -2.024967670440674, 0.12160904705524445, 0.2313171923160553, 2.4297902584075928, 0.9831678867340088, -1.2197550535202026, 0.3738333284854889, 0.041670601814985275, 2.0544931888580322, -0.28242823481559753, -0.18032829463481903, -1.5129848718643188, 0.048807647079229355, 1.7059295177459717, 1.0, 55.099998474121094, 17.79599952697754, -3.056999921798706, 0.5339999794960022, 0.13199999928474426, 1.1640000343322754, -0.25200000405311584, 17.288000106811523, -1.1239999532699585, 44.290000915527344, -0.010999999940395355, 1.5809999704360962, 0.15399999916553497, 0.13199999928474426, 0.0, 0.15000000596046448, -0.3240000009536743, 0.17399999499320984, 0.335999995470047, -1.0199999809265137, -0.7620000243186951, -0.035999998450279236, -1.2599999904632568, -0.4620000123977661, -0.9959999918937683, -1.781999945640564, -0.4860000014305115, -0.11997199803590775, 0.48726099729537964, -0.04662400111556053, 0.25779300928115845, -0.9380009770393372, -0.13011500239372253, -0.19174399971961975, 0.5794029831886292, 0.035041000694036484, 0.009813000448048115, 0.5934190154075623, -0.054659001529216766, 0.8029450178146362, -0.011978000402450562]",0.8,269,0,154,0
"[-1.322290062904358, -2.0263893604278564, 0.06595910340547562, 0.0704084262251854, 2.669586420059204, 0.8556543588638306, -1.4802908897399902, 0.2160000056028366, 0.5054466724395752, 1.951220154762268, -0.6412023305892944, -0.658076286315918, -1.6766396760940552, -1.3222895860671997, 1.4235352277755737, 0.24300000071525574, 0.0]","[-0.793172299861908, -2.026049852371216, 0.7709061503410339, 0.05137280002236366, 1.5122519731521606, 0.8917648196220398, -0.7757571935653687, 1.0, 0.03134020045399666, 2.0658531188964844, -0.18401025235652924, -0.05077950283885002, -1.461594581604004, 0.056939348578453064, 1.7222626209259033, 1.0, 55.099998474121094, 16.610000610351562, -2.2249999046325684, 0.42800000309944153, 0.11599999666213989, 0.9900000095367432, -0.3310000002384186, 13.458999633789062, -4.065000057220459, 44.11399841308594, 0.30399999022483826, 1.3179999589920044, 0.18199999630451202, -0.7200000286102295, 0.0, -0.3059999942779541, -0.4620000123977661, 0.0, -0.8100000023841858, -0.006000000052154064, 0.041999999433755875, 0.0, 0.0, 0.0, 0.0, 0.0, 0.0, -0.25943198800086975, 0.4147599935531616, -0.07213900238275528, 0.3353480100631714, -0.9041299819946289, -0.19535599648952484, -0.17867499589920044, 0.5602080225944519, 0.011862999759614468, -0.040467001497745514, 0.5353729724884033, 0.03189599886536598, 0.843966007232666, 0.0088900001719594]",1.3666666666666667,334,0,68,0
"[-1.322290062904358, -2.0263893604278564, 0.06749321520328522, 0.07976672798395157, 2.6752638816833496, 0.855961263179779, -1.4802908897399902, 0.2160000056028366, 0.5237000584602356, 1.9510667324066162, -0.6442707777023315, -0.6462652683258057, -1.683695673942566, -1.3124717473983765, 1.4436283111572266, 0.6729999780654907, 0.0]","[-1.278491735458374, -2.0254738330841064, -0.018654050305485725, 0.056450746953487396, 2.6692042350769043, 0.8503559231758118, -1.3880951404571533, 0.2749166786670685, 0.4782347083091736, 1.9378399848937988, -0.6328242421150208, -0.8676140308380127, -1.6444705724716187, -1.3546959161758423, 1.5464364290237427, 0.4195833206176758, 55.099998474121094, 15.47700023651123, -0.9679999947547913, 2.549999952316284, 0.07900000363588333, 0.8930000066757202, -0.2709999978542328, 25.750999450683594, -5.935999870300293, 29.240999221801758, 0.20600000023841858, 1.8229999542236328, 0.25200000405311584, 0.23399999737739563, 0.0, -0.36000001430511475, 0.0, 0.0, 0.11400000005960464, 0.36000001430511475, -0.09600000083446503, -0.029999999329447746, 0.0, -0.5759999752044678, 0.2639999985694885, 0.4560000002384186, 0.27000001072883606, -0.08387500047683716, 0.4760569930076599, -0.09331399947404861, 0.19942200183868408, -0.9490129947662354, -0.1815589964389801, -0.16322100162506104, 0.25981900095939636, 0.3966180086135864, 0.136586993932724, 0.3680950105190277, -0.8441749811172485, 0.21703900396823883, 0.3236759901046753]",9.033333333333333,472,0,324,0
"[-1.2816400527954102, -2.0263893604278564, -0.013805286958813667, 0.055835824459791183, 2.6718873977661133, 0.8530460596084595, -1.3917808532714844, 0.2160000056028366, 0.4798288643360138, 1.938795804977417, -0.6335334777832031, -0.8616358041763306, -1.6456538438796997, -1.3575700521469116, 1.5431846380233765, 0.23999999463558197, 0.0]","[-1.3130775690078735, -2.0261893272399902, 0.050482846796512604, 0.06430324912071228, 2.670233964920044, 0.849448561668396, -1.465922236442566, 0.37275001406669617, 0.4936954081058502, 1.946058988571167, -0.6389840841293335, -0.659435510635376, -1.6743099689483643, -1.3294107913970947, 1.4240072965621948, 0.4424166679382324, 55.099998474121094, 18.548999786376953, -9.439000129699707, -0.8849999904632568, 1.878999948501587, 1.6480000019073486, 0.07800000160932541, 25.097000122070312, -10.611000061035156, 36.78300094604492, 1.5019999742507935, 1.2640000581741333, -0.11500000208616257, 0.024000000208616257, 0.0, -0.006000000052154064, 0.0, 0.0, -0.006000000052154064, 0.0, 0.0, -0.07199999690055847, 0.05400000140070915, -0.1979999989271164, -0.017999999225139618, -0.2160000056028366, 0.1080000028014183, -0.07345300167798996, 0.4770509898662567, -0.09503199905157089, 0.18957200646400452, -0.9536550045013428, -0.18220800161361694, -0.14630000293254852, 0.2862040102481842, 0.3904379904270172, 0.08861999958753586, 0.34053900837898254, -0.8504949808120728, 0.256168007850647, 0.30833199620246887]",15.966666666666667,404,0,264,0
"[-1.0607465505599976, -2.0035316944122314, 0.12854687869548798, 0.2340848296880722, 2.3792033195495605, 1.0302211046218872, -1.0127345323562622, 0.2199999988079071, 0.0366608090698719, 2.0662708282470703, -0.18407638370990753, -0.04479176551103592, -1.4634168148040771, 0.056756392121315, 1.7241930961608887, 1.0, 0.0]","[-0.11700224876403809, -2.026014804840088, -0.04079810157418251, 0.09187424927949905, 1.1547712087631226, -0.08288750052452087, -0.9643742442131042, 1.0, 0.04001285135746002, 2.0658531188964844, -0.18402768671512604, -0.043241098523139954, -1.4631824493408203, 0.05664269998669624, 1.7223323583602905, 1.0, 55.099998474121094, 6.230000019073486, -3.507999897003174, 10.67199993133545, 0.2709999978542328, 0.6729999780654907, -0.028999999165534973, 12.553000450134277, -2.371999979019165, 44.2239990234375, 0.125, 1.2979999780654907, 0.1850000023841858, -0.11400000005960464, 0.0, 1.6859999895095825, -0.14399999380111694, 0.7979999780654907, 0.14399999380111694, 0.593999981880188, 0.0, 0.0, 0.0, 0.0, 0.0, 0.0, 0.0, -0.5717689990997314, 0.053762998431921005, -0.009510999545454979, 0.5513589978218079, -0.08879099786281586, -0.8285059928894043, 0.041179999709129333, 0.5589159727096558, 0.01621299982070923, -0.042927999049425125, 0.5322679877281189, 0.02780500054359436, 0.8460580110549927, 0.010100999847054482]",6.233333333333333,145,0,488,0
"[-1.3150804042816162, -2.0263893604278564, 0.051079604774713516, 0.06442701071500778, 2.672194242477417, 0.84829181432724, -1.4664851427078247, 0.2160000056028366, 0.49394094944000244, 1.9484589099884033, -0.6415092349052429, -0.658076286315918, -1.6766396760940552, -1.3236699104309082, 1.4235352277755737, 0.24300000071525574, 0.0]","[-0.11921839416027069, -2.0260672569274902, -0.005200100131332874, 0.08833189308643341, 1.1674399375915527, -0.07840284705162048, -0.9565392136573792, 1.0, 0.03990814834833145, 2.065870523452759, -0.18402768671512604, -0.043241098523139954, -1.4630603790283203, 0.05678229779005051, 1.7223323583602905, 1.0, 55.099998474121094, 5.961999893188477, -4.645999908447266, 10.522000312805176, 0.27300000190734863, 0.597000002861023, -0.06599999964237213, 12.793999671936035, -3.4649999141693115, 44.409000396728516, 0.210999995470047, 1.3220000267028809, 0.2199999988079071, -0.05400000140070915, 0.0, 1.0260000228881836, -0.1080000028014183, 0.2879999876022339, 0.19200000166893005, 0.1679999977350235, 0.0, 0.0, 0.0, 0.006000000052154064, 0.0, 0.0, -0.006000000052154064, -0.5713729858398438, 0.05661199986934662, -0.009957999922335148, 0.5509979724884033, -0.11446399986743927, -0.8248710036277771, 0.05372599884867668, 0.5589110255241394, 0.01613599993288517, -0.04293999820947647, 0.5322629809379578, 0.0279339998960495, 0.8460580110549927, 0.010046999901533127]",9.066666666666666,72,0,38,0
"[-0.8780494332313538, -2.02638840675354, 0.15646487474441528, -0.09663991630077362, 2.0612096786499023, 0.7352365851402283, -0.6778661012649536, 0.2199999988079071, 0.039729077368974686, 2.0662708282470703, -0.18254226446151733, -0.05061977729201317, -1.4618829488754272, 0.056756392121315, 1.7257270812988281, 1.0, 0.0]","[-1.3221864700317383, -2.02597975730896, 0.06744424998760223, 0.07917065173387527, 2.671926498413086, 0.8557130694389343, -1.4799344539642334, 0.37275001406669617, 0.5107091665267944, 1.9503166675567627, -0.6443063616752625, -0.6578999161720276, -1.6782013177871704, -1.321889877319336, 1.4304462671279907, 0.9582499861717224, 55.099998474121094, 15.3100004196167, -1.6679999828338623, 3.260999917984009, 0.06199999898672104, 1.100000023841858, -0.26600000262260437, 25.96299934387207, -6.064000129699707, 29.812000274658203, 0.30399999022483826, 1.6519999504089355, 0.2150000035762787, 0.0, 0.0, 0.0, -0.04800000041723251, 0.0, 0.0, 0.0, -0.09000000357627869, 0.006000000052154064, 0.006000000052154064, 0.0, 0.0, 0.0, -0.16200000047683716, -0.07069800049066544, 0.47933998703956604, -0.09229999780654907, 0.191102996468544, -0.9549810290336609, -0.17718100547790527, -0.14176300168037415, 0.2799679934978485, 0.395251989364624, 0.08533299714326859, 0.3358269929885864, -0.8525630235671997, 0.25418299436569214, 0.30942898988723755]",3.7333333333333334,37,0,155,0
"[-1.1589211225509644, -2.0187172889709473, 0.13038794696331024, 0.25341272354125977, 2.4229214191436768, 0.9978542923927307, -1.167819857597351, 0.2199999988079071, 0.039115410298109055, 2.0662708282470703, -0.18591737747192383, -0.04954726994037628, -1.466178297996521, 0.053995281457901, 1.7229658365249634, 1.0, 0.0]","[-1.0895605087280273, -2.0244617462158203, 0.11443710327148438, 0.09196150302886963, 2.4480254650115967, 0.964775562286377, -1.165502905845642, 0.3734166622161865, -0.011726399883627892, 1.9999967813491821, 0.005549099761992693, -0.6403277516365051, -1.5559990406036377, -1.5804290771484375, 1.3560220003128052, 1.0, 55.099998474121094, 17.488000869750977, -2.934999942779541, -0.20900000631809235, 0.375, 1.065000057220459, -0.3869999945163727, 26.62700080871582, -8.656999588012695, 32.604000091552734, 0.4959999918937683, 2.072000026702881, 0.4169999957084656, -0.5460000038146973, 0.0, -0.36000001430511475, -1.187999963760376, 0.006000000052154064, -1.3140000104904175, -0.012000000104308128, 2.436000108718872, -1.0379999876022339, -2.322000026702881, 0.017999999225139618, -1.565999984741211, 0.4560000002384186, -0.44999998807907104, -0.15136300027370453, 0.45358899235725403, -0.08226899802684784, 0.2129949927330017, -0.9459019899368286, -0.1645040065050125, -0.18121899664402008, 0.43825700879096985, 0.1553329974412918, 0.1805959939956665, 0.5996459722518921, -0.588953971862793, 0.3802039921283722, 0.3860050141811371]",5.6,382,0,394,0
"[-1.2989736795425415, -2.0263893604278564, 0.03129228577017784, 0.06442701071500778, 2.672194242477417, 0.8421553373336792, -1.453294038772583, 0.2160000056028366, 0.492406964302063, 1.9420171976089478, -0.6350674629211426, -0.7573251724243164, -1.6735717058181763, -1.377051591873169, 1.4761497974395752, 0.24300000071525574, 0.0]","[-1.231969952583313, -2.025648355484009, 0.08964065462350845, 0.0731329470872879, 2.5432851314544678, 0.8599709272384644, -1.234570026397705, 0.37308332324028015, 0.3767454922199249, 1.9565812349319458, -0.508074164390564, -0.6482849717140198, -1.653404951095581, -1.4133802652359009, 1.164229154586792, 1.0, 55.099998474121094, 15.121000289916992, -4.283999919891357, 2.382999897003174, 0.3070000112056732, 1.0759999752044678, -0.19499999284744263, 24.492000579833984, -3.8949999809265137, 29.690000534057617, 0.1469999998807907, 1.5789999961853027, 0.13099999725818634, -0.029999999329447746, -0.006000000052154064, 0.0, 0.16200000047683716, 0.0, 0.0, 0.012000000104308128, 0.5099999904632568, 0.0, -0.27000001072883606, 0.05400000140070915, 0.05400000140070915, 0.7799999713897705, 0.3479999899864197, -0.1020980030298233, 0.4752019941806793, -0.08851899951696396, 0.22011899948120117, -0.9548180103302002, -0.12922100722789764, -0.15221700072288513, 0.3275099992752075, 0.34752601385116577, 0.10541100054979324, 0.412678986787796, -0.8386099934577942, 0.19876199960708618, 0.2948240041732788]",12.266666666666667,259,0,219,0
"[-1.2319386005401611, -2.0263893604278564, 0.08896943926811218, 0.07807917147874832, 2.5422658920288086, 0.8605638742446899, -1.2307121753692627, 0.2199999988079071, 0.39315858483314514, 1.9573577642440796, -0.5108141303062439, -0.6441174745559692, -1.6481082439422607, -1.386411190032959, 1.1802445650100708, 1.0, 0.0]","[-0.3312184512615204, -2.0098037719726562, 0.6497681736946106, 0.29385799169540405, 1.3826333284378052, 1.306795597076416, -0.7737155556678772, 1.0, 0.032177798449993134, 2.0658183097839355, -0.18392300605773926, -0.04303169995546341, -1.4636884927749634, 0.05662524700164795, 1.7206921577453613, 1.0, 55.099998474121094, 20.31399917602539, -3.9820001125335693, -1.5820000171661377, 0.296999990940094, 1.3559999465942383, -0.2409999966621399, 13.340999603271484, -2.8499999046325684, 43.854000091552734, 0.19300000369548798, 1.3550000190734863, 0.18000000715255737, -2.25600004196167, -0.05400000140070915, 1.6019999980926514, 0.4440000057220459, 1.9800000190734863, -2.23799991607666, -0.6480000019073486, 0.0, 0.0, 0.0, 0.029999999329447746, 0.017999999225139618, 0.0, 0.0, -0.35395100712776184, 0.3149929940700531, 0.021500999107956886, 0.444925993680954, -0.8106840252876282, -0.2346400022506714, -0.2996230125427246, 0.5590000152587891, 0.011819000355899334, -0.04298299923539162, 0.5322409868240356, 0.030271999537944794, 0.8460180163383484, 0.007466999813914299]",7.033333333333333,284,0,191,0
"[-0.8357117772102356, -2.02638840675354, 0.15646487474441528, -0.08590157330036163, 2.060135841369629, 0.7731252312660217, -0.6689701676368713, 0.2199999988079071, 0.03681422770023346, 2.0662708282470703, -0.18254226446151733, -0.05061977729201317, -1.4618829488754272, 0.056756392121315, 1.7257270812988281, 1.0, 0.0]","[-1.1261706352233887, -2.025020122528076, 0.12717559933662415, 0.2109181433916092, 2.43652606010437, 1.0147873163223267, -1.2302075624465942, 0.3738333284854889, -0.10089590400457382, 2.0602691173553467, -0.3123549818992615, -0.2606157660484314, -1.5470471382141113, -0.20057030022144318, 1.6590063571929932, 1.0, 55.099998474121094, 17.763999938964844, -3.5360000133514404, 0.6159999966621399, 0.2409999966621399, 1.2380000352859497, -0.2809999883174896, 18.635000228881836, -2.931999921798706, 44.867000579833984, 0.1420000046491623, 1.722000002861023, 0.23999999463558197, 0.593999981880188, 0.0, -0.006000000052154064, 0.1860000044107437, 0.0, 0.6840000152587891, -0.041999999433755875, -2.2920000553131104, 0.07199999690055847, 0.6959999799728394, -0.8999999761581421, 0.5580000281333923, -4.811999797821045, -0.8100000023841858, -0.13427099585533142, 0.4747610092163086, -0.05415299907326698, 0.23603899776935577, -0.9407230019569397, -0.14892399311065674, -0.19273200631141663, 0.5806869864463806, 0.0014309999532997608, 0.024393999949097633, 0.5983949899673462, -0.1201149970293045, 0.7919080257415771, 0.019384000450372696]",7.633333333333334,179,0,102,0
"[-0.8347913026809692, -2.02638840675354, 0.2205851525068283, -0.05230731517076492, 2.0472493171691895, 0.7731252312660217, -0.7435206770896912, 1.0, 0.03681422770023346, 2.0662708282470703, -0.18254226446151733, -0.05061977729201317, -1.4618829488754272, 0.056756392121315, 1.7241930961608887, 1.0, 0.0]","[-0.8868438601493835, -2.026014804840088, 0.1344348043203354, -0.10515370219945908, 2.061368465423584, 0.7263213396072388, -0.6543575525283813, 0.37558332085609436, 0.03830274939537048, 2.065870523452759, -0.18247464299201965, -0.050587549805641174, -1.461594581604004, 0.05690445005893707, 1.7269916534423828, 1.0, 55.099998474121094, 16.31599998474121, -3.0969998836517334, 2.0399999618530273, 0.15000000596046448, 1.121000051498413, -0.1899999976158142, 13.265999794006348, -3.9590001106262207, 44.15999984741211, 0.25, 1.319000005722046, 0.21299999952316284, 0.05400000140070915, 0.0, -0.23399999737739563, 0.07199999690055847, 0.0, 0.17399999499320984, 0.46799999475479126, 0.0, 0.0, 0.0, 0.0, 0.0, 0.0, -0.006000000052154064, -0.2380480021238327, 0.42221999168395996, -0.1013529971241951, 0.3367609977722168, -0.9094570279121399, -0.19482000172138214, -0.14670699834823608, 0.5600730180740356, 0.0157299991697073, -0.040550000965595245, 0.5351840257644653, 0.03162499889731407, 0.8440520167350769, 0.012388999573886395]",10.4,467,0,316,0
"[-1.3130862712860107, -2.0263893604278564, 0.07178878039121628, 0.09556648135185242, 2.6614580154418945, 0.8360193371772766, -1.520942211151123, 0.2160000056028366, 0.4855042099952698, 1.9389503002166748, -0.5905809998512268, -0.647339403629303, -1.6617600917816162, -1.3353289365768433, 1.4060463905334473, 1.0, 0.0]","[-0.8401476740837097, -2.026049852371216, 0.7496345639228821, 0.01900305040180683, 1.5243797302246094, 0.8504431843757629, -0.7779558897018433, 1.0, 0.034987252205610275, 2.0658531188964844, -0.18401025235652924, -0.050692249089479446, -1.4614723920822144, 0.05669505149126053, 1.7223323583602905, 1.0, 55.099998474121094, 14.607999801635742, -3.619999885559082, 3.2049999237060547, 0.24699999392032623, 1.0460000038146973, -0.21699999272823334, 12.958000183105469, -3.1449999809265137, 44.20100021362305, 0.17499999701976776, 1.3329999446868896, 0.20100000500679016, -0.5640000104904175, 0.0, -0.5759999752044678, -0.5400000214576721, 0.4740000069141388, -0.4259999990463257, 0.017999999225139618, 0.05400000140070915, 0.0, 0.0, 0.0, 0.0, 0.0, -0.006000000052154064, -0.24921399354934692, 0.4228129982948303, -0.07771900296211243, 0.3337770104408264, -0.9056140184402466, -0.19760699570178986, -0.17148099839687347, 0.5601490139961243, 0.013937000185251236, -0.040495000779628754, 0.5353109836578369, 0.030378999188542366, 0.844048023223877, 0.010009000077843666]",0.9666666666666667,92,0,406,0
"[-0.11888253688812256, -2.02638840675354, 0.022548722103238106, 0.07132895290851593, 1.1696594953536987, -0.07270989567041397, -0.9575108289718628, 1.0, 0.03834838792681694, 2.0662708282470703, -0.18407638370990753, -0.04295080155134201, -1.4629566669464111, 0.05675636604428291, 1.722812533378601, 1.0, 0.0]","[-0.8957434296607971, -2.0259974002838135, 0.1481679528951645, -0.11120885610580444, 2.0612289905548096, 0.7219937443733215, -0.6744250059127808, 0.5630000233650208, 0.03872155025601387, 2.065870523452759, -0.18247464299201965, -0.05060500279068947, -1.4615771770477295, 0.05678229779005051, 1.725473403930664, 1.0, 55.099998474121094, 16.256000518798828, -3.9140000343322754, 1.843999981880188, 0.23499999940395355, 1.0410000085830688, -0.20800000429153442, 13.388999938964844, -3.303999900817871, 44.180999755859375, 0.17299999296665192, 1.3550000190734863, 0.21400000154972076, 0.0, 0.0, -0.2160000056028366, -0.05400000140070915, 0.0, 0.0, 0.1080000028014183, 0.0, 0.0, 0.0, 0.0, 0.0, 0.0, 0.017999999225139618, -0.23509900271892548, 0.4220690131187439, -0.10382899641990662, 0.33000901341438293, -0.9112100005149841, -0.1982250064611435, -0.14661499857902527, 0.5600699782371521, 0.01597999967634678, -0.04054399952292442, 0.5351939797401428, 0.030781999230384827, 0.8440799713134766, 0.012145999819040298]",14.8,427,0,330,0
"[-1.2707486152648926, -2.0263893604278564, -0.02607739344239235, 0.059978023171424866, 2.6648330688476562, 0.8788178563117981, -1.360487461090088, 0.2160000056028366, 0.4755331575870514, 1.9263705015182495, -0.6335334777832031, -0.8774362206459045, -1.6089916229248047, -1.337168574333191, 1.5505480766296387, 0.23999999463558197, 0.0]","[-0.12071910500526428, -2.026014804840088, 0.02601795084774494, 0.07081209868192673, 1.1722561120986938, -0.07271414995193481, -0.9535203576087952, 1.0, 0.03835510089993477, 2.0658183097839355, -0.18406260013580322, -0.042857199907302856, -1.4628684520721436, 0.05676484853029251, 1.7223323583602905, 1.0, 55.099998474121094, 8.01200008392334, -5.315999984741211, 10.552000045776367, 0.3490000069141388, 0.8230000138282776, -0.0729999989271164, 13.369000434875488, -3.26200008392334, 44.145999908447266, 0.18199999630451202, 1.3450000286102295, 0.20999999344348907, 0.10199999809265137, 0.0, -0.1080000028014183, -0.05400000140070915, -0.12600000202655792, 0.0, -0.15000000596046448, 0.0, 0.0, 0.0, 0.0, 0.0, 0.0, 0.0, -0.5690289735794067, 0.05874300003051758, -0.015283999964594841, 0.5447760224342346, -0.13385799527168274, -0.8255630135536194, 0.061202000826597214, 0.5588880181312561, 0.015242000110447407, -0.04304099828004837, 0.5321260094642639, 0.028673000633716583, 0.8461229801177979, 0.00964600034058094]",1.4666666666666666,42,0,201,0
"[-1.068263053894043, -2.0041451454162598, 0.1288537085056305, 0.23868674039840698, 2.3818113803863525, 1.0277667045593262, -1.031295657157898, 0.2199999988079071, 0.03758129104971886, 2.0662708282470703, -0.18407638370990753, -0.04586566612124443, -1.463570237159729, 0.056756392121315, 1.7241930961608887, 1.0, 0.0]","[-0.1091672033071518, -2.026049852371216, -0.11126119643449783, 0.09606225043535233, 1.1136590242385864, -0.08295730501413345, -0.9967265129089355, 1.0, 0.039698753505945206, 2.0658183097839355, -0.18399278819561005, -0.043241098523139954, -1.4631824493408203, 0.05678229779005051, 1.7223323583602905, 1.0, 55.099998474121094, 6.169000148773193, 1.8849999904632568, 11.956000328063965, -0.04100000113248825, 0.7089999914169312, -0.44699999690055847, 12.836999893188477, -2.7960000038146973, 44.17300033569336, 0.11400000005960464, 1.3559999465942383, 0.210999995470047, -0.33000001311302185, 0.0, 2.196000099182129, -0.07199999690055847, 1.5, -0.05999999865889549, 1.1820000410079956, 0.0, 0.0, 0.0, -0.012000000104308128, 0.0, 0.0, 0.012000000104308128, -0.5723239779472351, 0.0474420003592968, -0.009441000409424305, 0.5510609745979309, -0.025110000744462013, -0.834073007106781, 0.004701999947428703, 0.5589320063591003, 0.016033999621868134, -0.04290600121021271, 0.5322960019111633, 0.02795800007879734, 0.846036970615387, 0.009976999834179878]",1.8666666666666667,317,0,215,0
"[-1.3176881074905396, -2.0263893604278564, 0.06442665308713913, 0.06749358028173447, 2.6674392223358154, 0.8482919335365295, -1.4787567853927612, 0.2160000056028366, 0.49654898047447205, 1.951220154762268, -0.6442707777023315, -0.658076286315918, -1.6766396760940552, -1.3222895860671997, 1.4235352277755737, 0.24300000071525574, 0.0]","[-0.9483202695846558, -2.0259275436401367, 0.11902645230293274, 0.12197549641132355, 2.303574323654175, 0.9433993697166443, -0.8612098693847656, 0.374833345413208, 0.03589464724063873, 2.065870523452759, -0.18983854353427887, -0.040850453078746796, -1.4685221910476685, 0.05650309845805168, 1.7212679386138916, 1.0, 55.099998474121094, 17.906999588012695, -5.51800012588501, 1.1130000352859497, 0.414000004529953, 1.1549999713897705, -0.25999999046325684, 14.050999641418457, -2.240999937057495, 43.84299850463867, 0.1289999932050705, 1.4270000457763672, 0.1589999943971634, -0.7379999756813049, 0.0, 0.12600000202655792, 1.5959999561309814, 1.5479999780654907, 1.6019999980926514, -1.3680000305175781, -0.041999999433755875, 0.0, 0.05400000140070915, 0.08399999886751175, 0.017999999225139618, 0.0, 0.006000000052154064, -0.20879200100898743, 0.44613298773765564, -0.06440699845552444, 0.30011799931526184, -0.9322829842567444, -0.11629900336265564, -0.1650799959897995, 0.5586280226707458, 0.013850999996066093, -0.04365300014615059, 0.5315700173377991, 0.02436700090765953, 0.8466439843177795, 0.005696000065654516]",11.466666666666667,85,0,16,0
"[-1.3109385967254639, -2.0263893604278564, 0.07455023378133774, 0.10691758245229721, 2.64412260055542, 0.8255888819694519, -1.5293782949447632, 0.2160000056028366, 0.4594263732433319, 1.9389503002166748, -0.589814305305481, -0.647339403629303, -1.6597658395767212, -1.3377844095230103, 1.3816559314727783, 1.0, 0.0]","[-0.8298172950744629, -2.026014804840088, 0.15436269342899323, -0.08529560267925262, 2.0614209175109863, 0.7715866565704346, -0.6688235998153687, 0.9815833568572998, 0.03507449850440025, 2.065870523452759, -0.18247464299201965, -0.05055265128612518, -1.4615771770477295, 0.05676484853029251, 1.7254384756088257, 1.0, 55.099998474121094, 15.10200023651123, -2.7279999256134033, 1.9579999446868896, 0.15199999511241913, 0.9129999876022339, -0.27000001072883606, 13.260000228881836, -3.4110000133514404, 44.14400100708008, 0.20399999618530273, 1.319000005722046, 0.20399999618530273, -0.017999999225139618, 0.0, 0.0, -0.06599999964237213, -0.006000000052154064, 0.0, 0.10199999809265137, 0.024000000208616257, 0.0, 0.0, 0.0, 0.0, 0.0, 0.006000000052154064, -0.2576709985733032, 0.40852200984954834, -0.0980440005660057, 0.33441901206970215, -0.9066219925880432, -0.20951400697231293, -0.1493390053510666, 0.5601159930229187, 0.013938999734818935, -0.0405610017478466, 0.5351939797401428, 0.0323060005903244, 0.8440359830856323, 0.01116899959743023]",15.7,120,0,371,0
"[-1.322290062904358, -2.0263893604278564, 0.06749321520328522, 0.07976672798395157, 2.6752638816833496, 0.855961263179779, -1.4802908897399902, 0.2160000056028366, 0.5183315873146057, 1.951220154762268, -0.6442707777023315, -0.6519411206245422, -1.6781736612319946, -1.317840814590454, 1.4362661838531494, 0.32600000500679016, 0.0]","[-1.320546269416809, -2.02597975730896, 0.06587374955415726, 0.06747914850711823, 2.667703628540039, 0.8513855338096619, -1.4800043106079102, 0.37275001406669617, 0.5025076866149902, 1.950770378112793, -0.6424741148948669, -0.6579871773719788, -1.6761771440505981, -1.3220818042755127, 1.4232568740844727, 0.5819166898727417, 55.099998474121094, 15.39799976348877, -1.2690000534057617, 3.069999933242798, 0.054999999701976776, 1.0889999866485596, -0.28600001335144043, 26.02400016784668, -6.192999839782715, 29.885000228881836, 0.31299999356269836, 1.684999942779541, 0.23100000619888306, 0.012000000104308128, 0.0, 0.0, -0.017999999225139618, 0.0, -0.029999999329447746, -0.012000000104308128, -0.017999999225139618, 0.0, -0.05400000140070915, 0.0, 0.0, 0.0, 0.0, -0.07085999846458435, 0.47753000259399414, -0.09479500353336334, 0.18794000148773193, -0.9545869827270508, -0.18120799958705902, -0.14353999495506287, 0.2830590009689331, 0.3930389881134033, 0.08573900163173676, 0.33893299102783203, -0.8515629768371582, 0.25476598739624023, 0.3083130121231079]",14.433333333333334,2,0,288,0
"[-0.11888253688812256, -2.02638840675354, 0.022548722103238106, 0.07132895290851593, 1.1696594953536987, -0.07270989567041397, -0.9575108289718628, 1.0, 0.03834838792681694, 2.0662708282470703, -0.18407638370990753, -0.04295080155134201, -1.4629566669464111, 0.05675636604428291, 1.722812533378601, 1.0, 0.0]","[-0.12078890204429626, -2.0259974002838135, 0.01760704815387726, 0.08416134864091873, 1.1720466613769531, -0.07505245506763458, -0.9543579816818237, 1.0, 0.03990814834833145, 2.0658531188964844, -0.18406260013580322, -0.04310150071978569, -1.4629905223846436, 0.05664269998669624, 1.7223323583602905, 1.0, 55.099998474121094, 6.77400016784668, -3.6440000534057617, 10.760000228881836, 0.2939999997615814, 0.6899999976158142, -0.1770000010728836, 13.48900032043457, -2.5980000495910645, 44.30699920654297, 0.14000000059604645, 1.371999979019165, 0.1940000057220459, -0.024000000208616257, 0.0, 0.1979999989271164, -0.1080000028014183, 0.017999999225139618, 0.0, 0.035999998450279236, 0.0, 0.0, 0.0, 0.0, 0.0, 0.0, 0.0, -0.570838987827301, 0.05855700001120567, -0.010893999598920345, 0.5499650239944458, -0.12857599556446075, -0.8230680227279663, 0.05970599874854088, 0.5588939785957336, 0.016148999333381653, -0.04297700151801109, 0.5322039723396301, 0.027922000735998154, 0.846094012260437, 0.010103999637067318]",12.566666666666666,499,0,48,0
"[-0.8337182402610779, -2.02638840675354, 0.17962786555290222, -0.07316994667053223, 2.060135841369629, 0.7731252312660217, -0.6959672570228577, 0.4399999976158142, 0.03374593332409859, 2.0662708282470703, -0.18254226446151733, -0.05061977729201317, -1.4618829488754272, 0.056756392121315, 1.7257270812988281, 1.0, 0.0]","[-1.321244239807129, -2.02597975730896, 0.06742680072784424, 0.07941494882106781, 2.6764461994171143, 0.8560271859169006, -1.480405569076538, 0.37308332324028015, 0.5232906341552734, 1.9476991891860962, -0.6286711692810059, -0.6380243301391602, -1.6857572793960571, -1.3080694675445557, 1.447023868560791, 1.0, 55.099998474121094, 16.45599937438965, -2.8919999599456787, 3.7899999618530273, 0.1770000010728836, 1.180999994277954, -0.24799999594688416, 24.32900047302246, -6.386000156402588, 29.836000442504883, 0.2619999945163727, 1.5, 0.25, -0.017999999225139618, 0.0, -0.012000000104308128, 0.0, 0.0, 0.0, 0.017999999225139618, 0.09000000357627869, 0.012000000104308128, -0.2879999876022339, 0.0, 0.0, 0.0, 0.024000000208616257, -0.071602001786232, 0.4790849983692169, -0.0924530029296875, 0.19086599349975586, -0.955394983291626, -0.17669500410556793, -0.13988299667835236, 0.2811810076236725, 0.3987709879875183, 0.08516299724578857, 0.3372020125389099, -0.8463979959487915, 0.26815199851989746, 0.31304600834846497]",12.066666666666666,163,0,149,0
"[-1.1664376258850098, -2.0184104442596436, 0.13038794696331024, 0.2524922490119934, 2.428290605545044, 0.9857358932495117, -1.1738028526306152, 0.2199999988079071, 0.03650737553834915, 2.0671916007995605, -0.18315592408180237, -0.06442654877901077, -1.463110089302063, 0.04540512338280678, 1.7243465185165405, 1.0, 0.0]","[0.1425839364528656, -2.02597975730896, 0.04514314979314804, -0.03212545067071915, 0.9953654408454895, 1.2363324165344238, -0.8602501153945923, 1.0, 0.03919270262122154, 2.0658531188964844, -0.18406260013580322, -0.0438169501721859, -1.4627636671066284, 0.05666014924645424, 1.722350001335144, 1.0, 55.099998474121094, 12.689000129699707, 9.98900032043457, -0.18400000035762787, -0.6449999809265137, 0.8569999933242798, -0.5450000166893005, 13.484000205993652, -3.1510000228881836, 44.34700012207031, 0.21199999749660492, 1.3569999933242798, 0.17399999499320984, -0.2639999985694885, 0.0, 2.2739999294281006, -0.17399999499320984, 0.035999998450279236, 5.478000164031982, 2.6459999084472656, 0.024000000208616257, 0.0, 0.0, 0.035999998450279236, 0.006000000052154064, 0.0, 0.0, -0.5119289755821228, 0.058834999799728394, 0.07261999696493149, 0.731427013874054, -0.26791998744010925, -0.5425530076026917, -0.31443101167678833, 0.5590180158615112, 0.015796000137925148, -0.042743001133203506, 0.5324990153312683, 0.02830599993467331, 0.8458970189094543, 0.010045000351965427]",9.766666666666667,78,0,119,0
"[-0.84184730052948, -2.02638840675354, 0.5306029319763184, -0.015645645558834076, 1.7353912591934204, 0.8133153319358826, -0.7807968258857727, 1.0, 0.038348376750946045, 2.0662708282470703, -0.18407638370990753, -0.05061977729201317, -1.4618829488754272, 0.056756392121315, 1.7226591110229492, 1.0, 0.0]","[-0.8330804705619812, -2.0259974002838135, 0.1544674038887024, -0.08670904487371445, 2.0612637996673584, 0.7715866565704346, -0.6679685115814209, 0.9651666879653931, 0.036295998841524124, 2.0658531188964844, -0.18247464299201965, -0.050587549805641174, -1.4615771770477295, 0.05666014924645424, 1.7254384756088257, 1.0, 55.099998474121094, 15.517000198364258, -2.365999937057495, 1.4730000495910645, 0.13199999928474426, 0.9319999814033508, -0.2630000114440918, 13.286999702453613, -2.9509999752044678, 44.117000579833984, 0.16899999976158142, 1.340999960899353, 0.1899999976158142, -0.15000000596046448, 0.0, 0.0, 0.0, -0.006000000052154064, 0.0, -0.006000000052154064, 0.029999999329447746, 0.0, 0.0, 0.0, 0.0, 0.0, 0.0, -0.2561950087547302, 0.4090999960899353, -0.09838099777698517, 0.3336870074272156, -0.907139003276825, -0.20797400176525116, -0.1499910056591034, 0.56010901927948, 0.01464099995791912, -0.04054100066423416, 0.5352020263671875, 0.031762998551130295, 0.8440470099449158, 0.011540000326931477]",9.233333333333333,293,0,180,0
"[-0.8306498527526855, -2.02638840675354, 0.15937922894954681, -0.0803799033164978, 2.060135841369629, 0.7740456461906433, -0.6769461035728455, 0.2329999953508377, 0.03451300784945488, 2.0662708282470703, -0.18254226446151733, -0.05061977729201317, -1.4618829488754272, 0.056756392121315, 1.7257270812988281, 1.0, 0.0]","[-1.0656366348266602, -2.0029633045196533, 0.1284669041633606, 0.23791329562664032, 2.381401538848877, 1.0336333513259888, -1.022273302078247, 0.37450000643730164, 0.03667990118265152, 2.0658183097839355, -0.18383574485778809, -0.04523039981722832, -1.464595913887024, 0.056590352207422256, 1.723396897315979, 1.0, 55.099998474121094, 16.349000930786133, -7.019999980926514, 0.968999981880188, 0.42100000381469727, 1.0219999551773071, -0.164000004529953, 13.336999893188477, -2.4639999866485596, 44.612998962402344, 0.125, 1.3819999694824219, 0.19900000095367432, -0.7020000219345093, 0.0, 0.024000000208616257, 0.40799999237060547, 0.2460000067949295, -0.20999999344348907, -1.6380000114440918, 0.09000000357627869, 0.0, 0.0, -0.1080000028014183, 0.0, 0.0, 0.0, -0.15982800722122192, 0.47714298963546753, -0.032781001180410385, 0.2841239869594574, -0.9389209747314453, -0.07815399765968323, -0.1777389943599701, 0.5592910051345825, 0.014503000304102898, -0.04225299879908562, 0.5331419706344604, 0.029062999412417412, 0.8454729914665222, 0.00941499974578619]",1.1666666666666667,265,0,62,0
"[-1.1622964143753052, -2.024855375289917, 0.12118300050497055, 0.23331771790981293, 2.428597927093506, 0.9820546507835388, -1.2101577520370483, 0.2199999988079071, 0.04509805887937546, 2.0546135902404785, -0.2722809612751007, -0.176560640335083, -1.508209228515625, 0.059977758675813675, 1.7082407474517822, 1.0, 0.0]","[-1.250309944152832, -2.026102066040039, 0.06637980043888092, 0.09115879982709885, 2.5391321182250977, 0.8588890433311462, -1.2814232110977173, 0.37308332324028015, 0.43309155106544495, 1.9560925960540771, -0.5177764296531677, -0.6387048959732056, -1.647506833076477, -1.3645201921463013, 1.2752809524536133, 1.0, 55.099998474121094, 14.90999984741211, -3.181999921798706, 2.325000047683716, 0.17000000178813934, 1.0420000553131104, -0.2800000011920929, 26.045000076293945, -6.224999904632568, 29.139999389648438, 0.27900001406669617, 1.6419999599456787, 0.2770000100135803, -0.20999999344348907, 0.0, -0.23999999463558197, 0.0, 0.07199999690055847, -0.12600000202655792, -1.2960000038146973, 0.05400000140070915, 0.0, -0.16200000047683716, -0.09000000357627869, -0.017999999225139618, 0.0, 0.49799999594688416, -0.09222900122404099, 0.48211199045181274, -0.08253300189971924, 0.2267030030488968, -0.9477880001068115, -0.1479640007019043, -0.16854900121688843, 0.3134489953517914, 0.369268000125885, 0.10471600294113159, 0.3999119997024536, -0.826678991317749, 0.23454000055789948, 0.3188439905643463]",14.7,411,0,126,0
"[-0.8831115365028381, -2.02638840675354, 0.15646487474441528, -0.09924760460853577, 2.061516284942627, 0.73017418384552, -0.6780195236206055, 0.2199999988079071, 0.039882488548755646, 2.0662708282470703, -0.18254226446151733, -0.05061977729201317, -1.4618829488754272, 0.056756392121315, 1.7257270812988281, 1.0, 0.0]","[-0.8454176187515259, -2.0259974002838135, 0.1551654040813446, -0.08702314645051956, 2.060967206954956, 0.76788729429245, -0.6714062094688416, 0.9143333435058594, 0.03797120228409767, 2.065870523452759, -0.18245720863342285, -0.050587549805641174, -1.461594581604004, 0.056712500751018524, 1.725473403930664, 1.0, 55.099998474121094, 16.509000778198242, -2.822999954223633, 1.2109999656677246, 0.1770000010728836, 0.984000027179718, -0.2759999930858612, 13.112000465393066, -3.2360000610351562, 44.35900115966797, 0.19900000095367432, 1.3259999752044678, 0.20399999618530273, -0.27000001072883606, 0.0, 0.0, -0.012000000104308128, 0.0, -0.1979999989271164, -0.09000000357627869, 0.017999999225139618, 0.0, 0.006000000052154064, 0.0, 0.0, 0.0, 0.006000000052154064, -0.2517000138759613, 0.41226500272750854, -0.0984790027141571, 0.3330230116844177, -0.9079880118370056, -0.2045699954032898, -0.15100599825382233, 0.5600770115852356, 0.015572000294923782, -0.04055299982428551, 0.5351849794387817, 0.031078999862074852, 0.8440769910812378, 0.01197499968111515]",3.7666666666666666,384,0,332,0
