uid,url,text,original_width,original_height,clip_b32_similarity_score,clip_l14_similarity_score,face_bboxes,sha256
33e51d3a73b6ef0bbdd5685f4798a29b,https://shop12957.hstatic.dk/upload_dir/shop/07.w100.jpg,Laurel Leaf Table Runner Color: White,800,292,0.2548828125,0.350341796875,[],64ed1542d573a9421371238f181d2eed9a634e526c9d8aca61ff64e8d64980e2
bfc092c1c2da8b2cee6c9ea3078b1c96,https://cdn.trendhunterstatic.com/thumbs/rr-martin.jpeg,serjant urko leroy merlin 16 50 maquinetes xules. Black Bedroom Furniture Sets. Home Design Ideas,640,280,0.361083984375,0.1739501953125,[],1a1ee3f3fb94fe8a632ea9421100735b8c56b158498c066262ba8114714cf462
aec2f06655e77a0ad44b3c278cf78e55,http://www.wikidot.com/avatar.php?userid=2892920&amp;amp;size=small&amp;amp;timestamp=1505828393,Parallels Desktop 17,250,447,0.2464599609375,0.289306640625,[],83a8da0b2a985a182ff79b44c69a342ae5ff178d46e2ab4dab3e2f5265c381b7
2dc0985c2cbb658e70c963c717699c08,https://encrypted-tbn2.gstatic.com/images?q=tbn:ANd9GcSyeAofJ0iskKmMsA--nxHRGkTG2dk5ViDA3esJ3ofHCDfNLv-kww,"A$AP Rocky&nbsp;
photo credit Erez Avissa",240,507,0.30078125,0.1533203125,"[[0.13369868695735931, 0.22605611383914948, 0.17707328498363495, 0.3079741895198822], [0.6709772944450378, 0.2871747314929962, 0.701673150062561, 0.34538349509239197], [0.5558213591575623, 0.43084725737571716, 0.5793304443359375, 0.4752050042152405], [0.6390050649642944, 0.42242079973220825, 0.6658416986465454, 0.4751617908477783]]",d4dec855d4f904226e728399ff3236e58de84047fbd10ac73fde9504618e7f80
d194fdf6d7deb1b01e61b9cc050e4b8c,https://kitchencraft.images.blucommerce.com/kitchencraft/product/CWCHOPKIT3PC_02.jpg?auto=format%2Ccompress&bluhash=8b577bd1fee70a850030b3261223f02c&w=200&h=180&fit=fillmax&fill=solid&s=03c63c0d37adeb03947e42502fa30c67,"BMW car key holder, 寶馬車匙套",435,140,0.228515625,0.1531982421875,[],8cd1053d11c609f6a6160e0e384b6789258fdffd3c09e28afdcb824b1c775fee
b8fa7f7e300dfa276f610eb235e0ba14,https://o3schools.com/wp-content/uploads/2020/01/JAMB-Offices-in-Nigeria-o3schools-300x284.jpg,Dj Luke - &apos;For the love of house&apos; Radio show 15-4-2011/pt2,626,180,0.278076171875,0.19921875,[],12eb193012c09b79464d7a001e5ef6787e41e6ab2350a8ee22af6675a14f353d
6517458519939bfec4899a01e9c67713,https://wedding-photography.info/wp-content/uploads/2015/10/Manuela_Juergen-429-2.jpg,FullSizeRender (2) (1),626,280,0.318115234375,0.1474609375,[],c02bac89d2a769f88b36301218b7df3addd06b35c0410accfd99a93caa39d40a
bf812518da9f32818fdaeefc5eb6ac44,https://cdn.videvo.net/videvo_files/video/premium/video0018/thumbnails/327-1_327-4742_small.jpg,BOSNIA SERBIA(329) - Red Cross - MNH Set - 2015,600,80,0.280517578125,0.2183837890625,"[[0.38760098814964294, 0.09376289695501328, 0.6885684132575989, 0.5352991819381714]]",e6c28d9d547216df3cffdd75f6b6559f0655aebc8a15e7c7c6ea4731edbe7d7c
bb94b95a5b30a33d075d27e5ef9570b3,https://cdn.autodoc.de/groups/atd/84/370.jpg,إسرائيل تتسلم أولى مقاتلات «إف 35» الأميركية في ديسمبر - صفحة 3 31267741160_ca8e91e0a6_b,600,417,0.2130126953125,0.27783203125,[],eda1bfdf89c66def06a761b458afeb4537d16970be89264cae4ee60d53ba2fd3
7a7d469a22c5b23eaaf2142d8a7ccc27,https://s3.amazonaws.com/comparaboo/partners/amazon.png,COLD STEEL Knife FINN BEAR (item 20pcz) New In Package Bixed-Blade w/ Sheath,500,300,0.2626953125,0.112548828125,[],ead6d3d43f3948b3c2992493643c15aac5c7ac879d8ca739030821b1b17e4ab2
54a2d2b45ab92f4e1197d4705ed485bb,https://cdn.xxl.thumbs.canstockphoto.dk/cartoon-koala-cute-eps-vector_csp14799247.jpg, 瘋狂摩托駕駛 ,300,454,0.258544921875,0.2054443359375,[],faaae44a9a6df24675f6044665450ed62e7a65190b0210db56e99590a113011d
b2aeac41edc57573d167b0097b1f3f4e,https://shop-cdn-m.mediazs.com/bilder/sparpaket/herrmanns/bioreinfleisch/x/g/9/140/26231_herrmann_s_hundkatze_bio_putereinfleisch_24x400g_9.jpg,Showboat Dragster 101_6214,1000,180,0.167236328125,0.21142578125,[],06f149661548b6e2cee884caf713c8da78c45d98ed7045590cd6c44e3b8f9149
f1fe07a94e034e25a6860a3f0e0126b3,https://image.jimcdn.com/app/cms/image/transf/none/path/s36173c616be61c17/image/ia6567e1cbae20cbf/version/1592898347/image.jpg,ALUGUEL COM CONDOMÍNIO INCLUSO - 506 norte - Residencial Porto Bello 3 quartos,800,240,0.2313232421875,0.1705322265625,[],0f9213f9e18cb1757806fe2c4eca402a6c6da92f13fe1e2d7d949bfd737fb48a
e3e26d46429d046c7ecf14e488915b13,https://www.carpetparadise.com.au/wp-content/uploads/2020/10/Light-Malt.jpg,Gadgets 360 Picks: The Best Home Entertainment Gadgets of 2020,234,155,0.26953125,0.1441650390625,"[[0.23112070560455322, 0.06936010718345642, 0.31225132942199707, 0.1547834575176239]]",4c353ed37ae73a446a8a03c8a1b85876ab9240409a2e751e8020efae76d6e323
2b58eb510c4152e975b6205e861ac91b,https://dekorin.me/wp-content/uploads/2018/04/47-stol-loft-s-jivum-gazonom.jpg,Bisonte SP-900 Masina de slefuit beton,355,800,0.1988525390625,0.264892578125,[],e5fdddbf9c10faf0647d4d6596094fc18dfe29ccfd74915cb3736119f038bcba
21a5b67e9b5ea05a158d7072275b9abd,https://img.rnudah.com/largethumb/65/652814054068812.jpg,[ج-768ر] يطوي قابل للانكماش مقادة متّكأ قصّار متداخل,128,256,0.26904296875,0.2266845703125,[],bd6c60f1424384d18706783c0531ff250a7938e12ea350a2257b824bd798aa38
e2d7917496de6824c3a4b3660804fda2,http://image.made-in-china.com/74f64j00ZJwEbLmglDou/8-Digital-Outputs-with-Relay-222-1hf22-0xa0-PLC.jpg,Small Guest Bedroom Color Ideas Bedroom Small 2017 Bedroom Decorating Ideas Style Modern Small,511,150,0.2587890625,0.2880859375,"[[0.34506285190582275, 0.11519955098628998, 0.586624264717102, 0.3729533553123474]]",1b0cf547c2cd2a47f5efe9503a593311e8032baee69867153abbae1d46dc9d96
71f76573144ea56369ac00541716adbd,https://img.freepik.com/darmowe-zdjecie/sciereczka-kuchenna-na-niebieskiej-powierzchni-drewnianej_1339-112687.jpg?size=626&ext=jpg,Phyllis Weatherbee,800,450,0.2188720703125,0.1339111328125,[],5b5ae21f071f02ea49fff61d96c857c61700f67ea141630ada8ac74260324401
94a42e8966ec20f5904cd777d005a936,http://masevaux.fr/wp-content/uploads/2018/07/Capture5.jpg,Klik-klak driezitsbedbank in fluweel KERBI - Bordeaux Foto 6,320,265,0.2314453125,0.177734375,"[[0.0, 0.2757280170917511, 0.1215168908238411, 0.4658127725124359]]",518a03c2be6419a6dc3f965f1364bf03d8ca5797b146076a8303b5800a22eaf4
fb6bd1aa6834098011b0f15c464b889b,http://www.famouswhy.com/pictures/people/obba_babatunde_thumb.jpg,2020-1-25-66037.jpg,4608,600,0.249755859375,0.1455078125,[],f82080e520779d852d50b2837de1908ceee45df41e67cc16c9eb682c052e4495
987f9b3a8ef91b7a65e92f7a6cbcb8fd,https://sc04.alicdn.com/kf/Hebde795e7dd342b0af4b8c7fa9c98912N.jpg_50x50.jpg,main product photo,504,750,0.260498046875,0.2286376953125,[],7a457135b71a3d7f5668b5935d64012398103d6041a9866702eff36e47fa7b66
706f9bdc49c6afd99e06d84922808004,https://feuillesdardoise.files.wordpress.com/2016/06/armoiries-des-selliers.png?w=171&#038;h=205,Pneu gazon Deli S-366 - 18x9.50-8 TL 4PR,600,865,0.271240234375,0.282470703125,[],ad887b8f980ec5949ca66f9992bfbdee67a8c91c46bb46369fd1095768e25d79
211daf8f3acc6f1be60ec4bc3b207af3,https://i5.walmartimages.com/asr/48e87857-1411-4f55-92de-ad76e88e6652_1.d0d3953915097e1161ee63abb516ffb4.jpeg?odnHeight=450&odnWidth=450&odnBg=FFFFFF,2017120213432500.jpg,133,1365,0.311767578125,0.11798095703125,[],ea2c5be8059a7a96068fd103cb5d32d4f100c1fba067ab44930c619d970d5abf
c92fe38c13038e5176666a5f5b9241aa,https://static1.squarespace.com/static/500980bbe4b039e59660ea92/t/530bab7de4b0c194bcc02770/1393273731197/NATIONAL+ENGINEERS+WEEK+Future+Cities+Competition.png,"стол в стиле лофт, фото 5",1280,321,0.2265625,0.1611328125,[],5f687baac2792b3772c15fd5c2da534e952929a43f665641935e63aa441532ac
b611d8911f72d2e4716960a183920e37,http://d.gr-assets.com/books/1336173677s/13634290.jpg,دانلود idoo File Encryption,600,32,0.36962890625,0.328857421875,[],82b66e45d86fa79a26a972d19cf95cdb0a78aeba01e480411e98682bcb684243
2ebedbd046005ff038db98acdeb85625,http://images.slideplayer.gr/41/11184538/slides/slide_16.jpg,Listing N4907102 - Thumbmnail Photo # 19,512,975,0.357421875,0.1231689453125,"[[0.8828263878822327, 0.09767600893974304, 0.9152646660804749, 0.15042518079280853]]",1147caecd585e020e9198fae650daa9a09a37dfd0c34d716e3535044d0375ff7
42cdd8c972d8e0a7c4ea0efdde50d6d3,https://automanager.blob.core.windows.net/wmphotos/010796/f3511411ac6868499afecc94e16ed195/d109d77985_355.jpg,Achim Gunske,340,300,0.24462890625,0.166259765625,"[[0.4445132315158844, 0.44572481513023376, 0.6542242765426636, 0.8283352851867676]]",5afdee8598647982448b4724d23497b9cc24de04740e8f82fa48a74c5631da1f
807749e0e0ee21fc518007bb4aef31fd,http://pds.exblog.jp/pds/1/201507/11/98/c0172698_10444430.jpg,onlyfans.com vikt0ria23,320,144,0.188720703125,0.290771484375,[],5336399698678c031b9f8806b797427741f0acb6b809581ce877a5c0c6a4579d
5da19e2d741664b52a95000443033a06,https://www.buuyers.com/uploads/users-photo/613.jpg,BMW full-cell hydrogène - IAA2019,350,220,0.2158203125,0.2294921875,[],2d2a541a6d103b3af26b93f6bd24b7936e12cde8088dc0ca62310815cf08df6e
596006e677f65a6eea1395e3958ed9e8,https://www.staples-3p.com/s7/is/image/Staples/m002383236_sc7?$std$,"SimTower The Vertical Empire, Good Windows PC Video Game 1994 edition New sealed",1024,904,0.2039794921875,0.2384033203125,[],5a59a0ae208e460135489af071beb20e8605778e4886bf12f50154ce58eec36a
f065a53c2bc861e28e2728b312db8242,https://i.pinimg.com/236x/be/c4/05/bec405866a736e88c689216e6e0c6a82--kids-room-shelves-kid-bookshelves.jpg,DISCOVERY 1 Caster correction Avant et Arrière Suspension Bush Kit-SUPERPRO Poly,200,3456,0.21728515625,0.202392578125,"[[0.32538431882858276, 0.306315153837204, 0.38096883893013, 0.3713443875312805]]",235a8a8524905fd6b14061088dfc37d05bf69c256262886c58febaafe22f0c29
b63defa6443471eabd8ea9bd6b43918c,https://ae01.alicdn.com/kf/HTB1vGa.ayYrK1Rjy0Fdq6ACvVXaS/2019-Hommes-chaussures-de-course-Air-Mesh-tr-s-l-ger-Noir-chaussures-d-contract-es.jpg,Vehicle Safety Kits,1024,390,0.193603515625,0.1417236328125,[],8d6306f3e2964a6e0fae942e1cf5643abcd5eeacc81bbe71c51a7cbe21b23b5b
80f400b888b75c54076ad215aaa4254d,https://img.theepochtimes.com/assets/uploads/2020/11/20/Memorial-service-for-Roman-Bondarenko-2-700x420.jpg,Hp Zte Semua Tipe harga hp android vivo semua tipe triknews,290,250,0.2149658203125,0.1580810546875,[],1b142fc39520323d98ee209a691f8c72e80da242dec4db7bc214405804b7a2e9
91761f72631aef3819671e2ad3a466bd,https://wiucscdotorg.files.wordpress.com/2017/09/img_3787.jpg?w=556&h=417,Film do artykułu: Lech Poznań: Lokomotywa Nenada Bjelicy demoluje rywali!,700,531,0.29833984375,0.302978515625,"[[0.08240681141614914, 0.09173048287630081, 0.11401761323213577, 0.15837742388248444]]",3e9f914e29ca1de61f03431d5c5d81386d2778d8213f2aa56e3f7e980f0d7542
8b1dd9009b6f865baf2949fa2d09039f,https://s-media-cache-ak0.pinimg.com/564x/6b/49/1f/6b491ffecf81e82efd077ddb968963de.jpg,2018 CM RD 9&#039;4&quot;/84&quot;/60&quot;/34&quot; Truck Bed,840,400,0.327880859375,0.211181640625,[],c6e3e43f5b95dde2733c6575d0a22bc95cc0921ffabaae56d5e9897a3646c2f6
cfd25687f6db4caaddf42a81177e8fe9,https://i.pinimg.com/236x/6f/dc/46/6fdc46824e974a99235547385acce9f7--the-brick-bricks.jpg,IMG_20151008_110149_349,220,938,0.248779296875,0.30419921875,"[[0.17457690834999084, 0.7271054983139038, 0.34550321102142334, 0.8700264096260071]]",df16e1b4191875a5c170596230d4ac3ecb6cabc86f5ea647e71f18e9c6389e1c
fbf346441c998af301987dfda4b8f249,https://ui-avatars.com/api/?name=strips1,Larry&#039;s Mod - новая броня и дополнительные вкусняшки [1.8] ,60,300,0.2958984375,0.2017822265625,"[[0.29520362615585327, 0.24570652842521667, 0.42616671323776245, 0.7328734993934631]]",1e4f25db7014b07827316489ccf05a74a0bb6b8396225f360d6427dcd8920ab5
df277d410b9298b28af32c66e6976370,https://camppacs.com/wp-content/uploads/2019/05/theatre-300x302.jpg,luxury logo  vintage logo ... | Shutterstock .eps vector #796333513,320,60,0.28662109375,0.12310791015625,[],55a3651d810e4447ef4ae56e44fe80b48ee3870a2056571994f868344774854c
6ad465756aa5f8caba1de786a15d392e,http://giftofloki.files.wordpress.com/2011/12/011.jpg?w=300&#038;h=225,Intel estaría considerando rebajar aún más los precios de sus procesadores debido a la competencia,225,90,0.218994140625,0.188232421875,[],93d1491b19cc38e9f325c8427ae84541d58280dbd1cab96bbe067c1313b43baf
204917b7566ade9a7cd31116b3f3cc27,https://photos.smugmug.com/Training-Runs/2018/May-8-2018-Runners-Night-at-Salomon/i-TXZt5rZ/1/c38e9666/S/2018Kneeknacker_RunnersNightSalomon_KChow_DSC5680-S.jpg,IMG_6516.JPG,120,600,0.2685546875,0.174560546875,"[[0.32051005959510803, 0.2102828472852707, 0.5057229399681091, 0.5753397345542908]]",9d9567d37338f2ddc95179d96053ee81fcf65ed58eefa530c44690feb5627623
13ee5892267d758da0e08cbf3c2b048f,https://d118rjmjhbvwtc.cloudfront.net/uploads/45e92e1e6ff84b24abe3b367f7b28a39.jpg,Sungnyemun Seoul,800,245,0.311279296875,0.1629638671875,[],cab91197a31e3dfc81cf53ce31100970ec6c04e88a6440a509c8243ceb9de474
81149318180bad4851f6193401805d1f,https://farm4.staticflickr.com/3733/19324605298_b253735a35_c.jpg,舗装工事専用バーナー 岩田工業所 スマートバーナー ＳＲＥ－１２ 舗装工事専用バーナー NETIS登録済み(CB-120038-A),120,188,0.324951171875,0.2230224609375,"[[0.1754073202610016, 0.0, 0.26214954257011414, 0.11911242455244064]]",b9b358cafacd29cdeef47ae6410a567b948bb40974791ee543d7228d96af0903
e2458d9d52f8860a292432888f3ab5a5,https://imgv2-1-f.scribdassets.com/img/word_document/370510850/149x198/2f8a0b71a7/1552349423?v=1,Heaven's Gate,638,26,0.2220458984375,0.276611328125,"[[0.6626803278923035, 0.6249569058418274, 0.6843613982200623, 0.6538547277450562], [0.7037715315818787, 0.6357781291007996, 0.7239381670951843, 0.6614935398101807]]",c2ae8ded46bedf5edf2262a75a6d2a0a5acaaeb3c79c6abf607e39753707d2fb
ea6a4686acb2ed91c921068c521e39c2,https://images-eu.ssl-images-amazon.com/images/I/5198iWlQvwL.jpg,2931 Harmony Ct Court - Photo 8,676,500,0.25830078125,0.125732421875,[],f7da6a2c7e25abc289810e4d2aa607fa9b6d50b59bf023535d8d1557e2f8c403
0bd126aa481347dad169cc576c4d31d5,https://images.yoox.com/12/12096908vs_12_f.jpg,Plakat w ramie Kobieta z rękoma pod głową,300,232,0.2568359375,0.19384765625,"[[0.36560049653053284, 0.543500542640686, 0.40373507142066956, 0.6457624435424805], [0.12015169858932495, 0.5668758749961853, 0.18963010609149933, 0.7460154294967651], [0.8131349682807922, 0.5358625650405884, 0.8463634848594666, 0.6198603510856628], [0.5939339995384216, 0.5355014204978943, 0.62306147813797, 0.6086601614952087]]",e103473e8484c5a2d1eaea36e577e27f6223c820a772449b3cedbe31c54ace8a
795bd2e1d61e3b1e9a7cbd394c74c6a3,https://i2.au.reastatic.net/304x205/8d6f9bd0df3a60214cba33ba446c5c0fbb69a74fd00cc555bb8a935356a9aa80/main.jpg,", 邓东林",400,480,0.2237548828125,0.2379150390625,"[[0.4567541182041168, 0.18014460802078247, 0.4955179989337921, 0.24445068836212158], [0.3443097472190857, 0.1485242247581482, 0.36893993616104126, 0.19264525175094604]]",b57496ceb390b4bd7d918dd911bf97d521e6b9d658c7e268d8c401929bf097cb
0e3caf7382f10e7175893cba9902d11f,"https://res.cloudinary.com/lastminute-wegde/image/fetch/dpr_1,f_auto,fl_any_format.progressive,g_auto:subject,c_fill,w_320,h_240/https%3A%2F%2Fi.giatamedia.com%2Fi.php%3Fuid%3D606%26k%3DMTYzOTI1ODExOXzfX%252FQ%252FKAUPgGGM00iDTd8XFAmEiuVTQi%252BwObTddwYHbSP4AVmHUUM5IHYChhzwNblOjU%252F2LcO0E7eCew%252B%252FFcxtuEoHgQ5lb%252FGbVM6I6KsWCy%252BGRIQkv5ip06C8aXA7MMM",Listing Image 33,1171,512,0.22265625,0.30419921875,"[[0.07290230691432953, 0.01940949261188507, 0.11991435289382935, 0.10844031721353531]]",1ceda11ba541e13b3fe96b25dd47dfe46dfdbe2b86a2ab915c114c99c0c31c8a
43f23def2fba6d2410cfba53da0a85ac,https://images.squarespace-cdn.com/content/v1/5b4cba797e3c3a7871da902e/1544291104897-P2HTY9X2P0OCA8KR18WH/ke17ZwdGBToddI8pDm48kJiXTCP_g9266z9pw0e8mrRZw-zPPgdn4jUwVcJE1ZvWQUxwkmyExglNqGp0IvTJZamWLI2zvYWH8K3-s_4yszcp2ryTI0HqTOaaUohrI8PI3oeZGK6twUyAC-yPvc3fYwNUjBINLyNUbMHNql_H7hYKMshLAGzx4R3EDFOm1kBS/Grizzlybea-Arborcare-Tree-Services-Arborists-Clients-6.jpg,Аватар (Ірина),150,200,0.3466796875,0.184326171875,[],8f83060c2013de4aa129edf10a8bbe842ac3e7a32745482280649773e08a8440
36353df2a6e819b52d5da2a86c3e73e4,"https://img.pixers.pics/prd_pho(cms:2019/02/5c6ac1e63265e_dr-czarna-40x30-nowycien.png,400,302,s3:400/FO/41/17/81/85/400_FO41178185_b93ca4db22c817edc42b050f6578f2f2.jpg,367,367,dst_over,11,-33,jpg)/plakaty-w-ramie-kobieta-z-rekoma-pod-glowa.jpg.jpg",Epic Fixed Wall Upswept Shower [131721],100,202,0.239990234375,0.1688232421875,[],bde47ca166f8a44e53025b1e9e5a14b6061231f00f035050458c1c640d88ffd1
bdec3dae0e9f779e8ef4a00f7b28a8bd,https://www.hatchwise.com/entry/S1000696-20210616084424.jpg,送信完了|化粧品、雑貨、食品などの企画、通信販売なら｜ジャンワークス,683,336,0.251953125,0.126953125,[],f42e344fdd67a95775ec6422980097fa0d230c68897e321805be69af7057644a
dd519b2e1a7575a6e8c70197c904e0d2,http://vchaspik.ua/sites/default/files/styles/190x130/public/story/u12147/1_57.jpg?itok=j-tQdMM3,La manucure ethnique bleu marine,300,475,0.249755859375,0.1708984375,[],4e47ff3298c5b2ae45e82e8822eaa93d31bc8eb6705051bf1372bc71f682b7eb
5bdc6108d66ecd63333b50002ee6019e,https://images-eu.ssl-images-amazon.com/images/I/41OzisW0wjL._SL160_.jpg,"Ch&amp;acirc;telaine 18k Gold 14mm Turquoise Ring w/ Diamonds, Size 6",340,49,0.23876953125,0.213623046875,[],9acff009de151c00ed9309fa2ded6adb937be7c305af2255dcaf68fd0e8288f3
9658386a4b5b9f017a73682ef4ca2e78,"https://books.google.com.my/books/content?id=E8QUAAAAYAAJ&output=html_text&pg=PP1&img=1&zoom=3&hl=en&q=%22it+shall+be,+-when+he+sitteth+upon+the+throne+of+his+kingdom,+that+he+shall+write+him+a+copy+of%22&cds=1&sig=ACfU3U3rPHarUO_FojTb2_LudGnq5pZHhg&edge=0&edge=stretch&ci=0,0,1000,1717",Cannabis ,282,800,0.19384765625,0.1739501953125,[],a6e295869d496c3c2eb3ca7d8ecef82eff3a43a5c8ab59fe555c93ebf969e258
92559faa83614026890b054647af8f46,https://album.mediaset.es/eimg/2016/12/23/YmEtRbNsBRHHJVF66qsOK3.jpg?w=1024,Fragrance Men Spray pictures & photos,80,64,0.271728515625,0.1866455078125,[],3018210d68efbdfc1d3d8842b3822d5d919cd5be0c559cfd042a1aa2d87918dc
75a9dfdf600997ddae895715d6075f97,https://img.sideo.es/obeZ5Jfnk6NleKVLwbSmzw==,"Los mejores deseos, las mejores virtudes y los mejores gestos",592,402,0.1927490234375,0.2237548828125,[],961de7cddd0166ab069af1b3add0550524f2c6c79c58989f602f6dde191060a7
c40c2191611706c41176ee528bd656bb,https://i.ebayimg.com/thumbs/images/g/jrAAAOSwicpaVjAv/s-l225.jpg,AMORTIGUADOR DELANTERO IZQUIERDO FORD FOCUS BERLINA (CAK) Trend  1.8 TDDI Turbodiesel CAT (90 CV) |   08.98 - 12.04_img_2,225,80,0.232421875,0.1385498046875,[],6dee787fd61ab211715420acb03524adfe3fe1de74ab9c2ede334b4def08fae6
0e27e868182143af4ac49b94855185ad,https://media.timeout.com/images/102553654/60/45/image.jpg,64ビットのスケーラビリティ,454,400,0.293701171875,0.196044921875,[],85d8af9ab27052469749dcb5ec5d8517e90a727611671e3525edc0057ec569a0
ddd216496c1650c45f9491e2ac581a63,http://imagem.bahianoticias.com.br/fotos/principal_noticias/214128/IMAGEM_NOTICIA_5.jpg?checksum=1509359434,persuasive essay supporting the death penalty Get an answer for 'what would be a good thesis statement for an essay discussing capital punishment (the death penalty)' and find homework help for other essay lab questions at enotes.,200,128,0.3134765625,0.230224609375,[],fbf053c082acc85ead3456248ff7c37041da18a5dd38a33e43fd4a2b491b015d
8ab8ca75cbf5334eb12d417aed7f11c4,http://hb-themes.com/themes/highend/bloggera/wp-content/uploads/sites/15/2016/07/blogger-logo-cropped.png,"Morizon WP ogłoszenia | Dom na sprzedaż, Gliwice Brzezinka, 150 m² | 9096",50,202,0.2183837890625,0.326416015625,[],cfe834ab0b80391c366c939534a1b61e9763579397a61291cb3638e540eef7b0
05852f4b699006bbb6dd42ecc11b668e,http://fra.europa.eu/sites/default/files/fra_images/logoverticalslogan-cmyk-300dpi-web.jpg,"herring jump to escape hunting whales, norway - norway stock videos & royalty-free footage",940,185,0.228271484375,0.2271728515625,[],12a3da848fa78194dd67c98a85c1eb0b9aa4ec9c24b99fa504e2c03008027be2
418612b5de2f824f19494910b8c0f2e2,https://farm1.staticflickr.com/733/31267741160_ca8e91e0a6_b.jpg,Yashwant Deo,11,300,0.252685546875,0.1820068359375,[],e21aed3c791f4dff23b0f838d716d1f1a8dea89e4af7101795d18a3296039975
9e5fb58a646b85f8034549c8d48a29bc,https://picture1.goo-net.com/070/0707560/Q/0707560A30220415W00504.jpg,4 pneus de metal Planta Expositor de prateleira para casa ornamentos de jardim interno / externo,800,80,0.32568359375,0.273193359375,"[[0.3124701678752899, 0.20031176507472992, 0.6907086968421936, 0.7247727513313293]]",d9d50677fdf5426d4ab343b68c109d0139cdcef63198a0d4ae02adf5d1ab1820
dab66c8c355d891bbd8658b0205e7d25,"https://d-pt.ppstatic.pl/kadry/k/r/1/02/0b/58b4309d263dc_o,size,969x565,crop,0.0000x0.0515x0.9956x0.8707,q,71,h,0ec164.jpg",Men's Daniel Castano Miami Black Authentic Alternate Baseball Jersey (Unsigned No Brands/Logos),149,480,0.2423095703125,0.2406005859375,"[[0.6900045871734619, 0.10686703026294708, 0.7712902426719666, 0.19047263264656067]]",007939488f39670704f12bdf21a51b9efd15196bf1200be3a56ff0786c955e7e
f605f5e5e545930f726f2ed81765126f,https://bt-photos.global.ssl.fastly.net/swmich/160_boomver_1_21000173-8.jpg, Modello senza cuciture semplice con le foglie fatte nello stile piano lineare su fondo leggero Immagini Stock Libere da Diritti,600,107,0.2135009765625,0.1417236328125,[],a68fa572abb62e268761b88c2cfc54fe856c265c1dd5aa5c8360c8c2ad1b2a63
4273f07e4a1567723cc28e8d2d1a8f84,https://s-media-cache-ak0.pinimg.com/736x/e1/ca/fd/e1cafd11352da620d79862bd6346dcd6.jpg,Rid07,424,80,0.2071533203125,0.1583251953125,[],333d0563d313f684ea27e383067f5a2daf6cf12cb4cf9ee0a49cfc567750b679
f2a3dc964e5c9eaa646fb2ebc0ecfed8,http://flooringline.net/media/catalog/product/cache/1/image/9df78eab33525d08d6e5fb8d27136e95/i/n/innovations-oak-chateau-12-in-thick-x-1-34-in-wide-x-94-14-in.-length-laminate-t-moldin.jpg,ウォーキング with ダイナソー [DVD]の詳細を見る,350,300,0.2021484375,0.275634765625,[],9e6684480d446e173e8e80b2cf3b0edf56b08333fb2eeaff3af28878c5870afc
760945e9387182db4724197ce5fd4cf8,http://dtlon6z3v1kfl.cloudfront.net/wp-content/uploads/2017/09/05084106/02-Matt-and-Jodi-Parry-and-their-twins.jpg,Patrick Noel Daly,239,266,0.300048828125,0.207763671875,"[[0.46237391233444214, 0.10098353773355484, 0.5274643301963806, 0.16681574285030365]]",7948b0f4e81e17a5b9e98af992cad8798669f9a6818c7a64eb2de95528302d9c
724660be913c5f7250f4d0dac18423ac,https://item-shopping.c.yimg.jp/i/j/dorama_n33812152,Ordinary Magic (Kindle Edition),409,200,0.2734375,0.2734375,"[[0.3181360960006714, 0.24015529453754425, 0.4840534031391144, 0.4711652100086212]]",07e94511c17e304a39d630bc9a422fefe7b76b06e661856aad560ec656043580
5e79fd65e9d35090d5bf54d1f162e23b,http://www.globaltowne.com/media/catalog/product/cache/1/small_image/135x/9df78eab33525d08d6e5fb8d27136e95/M/a/Marey-GA16NG-Power-Gas-16L-NG_30.jpg,TB28tVoaMMPMeJjy1XcXXXpppXa_!!72687063,139,43,0.2364501953125,0.190185546875,[],95eed509e994d8dcada23c41178d04c335fb0bad362587994e50e897aee1826a
c98d16a8b3a1967326fe8f3624b6786c,https://pds.exblog.jp/pds/1/201603/18/57/d0143957_1243669.jpg,Corrinn Jusell Photo,100,176,0.21484375,0.271240234375,[],4f96bdede12666717998c5fcb35b57c13052883e48d0700ecfd4debe55808f74
66820f4ddf4a9bf40377c110ff2d63f0,https://www.zeenews.net/wp-content/uploads/2022/08/phelpsautowreckers.com_-780x470.jpg,Onyx-Marmor Waschbecken 43x41x15cm,324,190,0.201171875,0.1666259765625,"[[0.3157157301902771, 0.13694368302822113, 0.5972657203674316, 0.38045734167099]]",14b3054fc7dd39dd6e0b4384fd872e4c4eb7f58213ba8ad680e8984addcb2f8b
0ec8b223ada89d346b0196001ff56cd9,https://www.insidekentmagazine.co.uk/wp-content/uploads/2016/08/FullSizeRender-2-1.jpg,An-aerial-shot-over-a-California-christian-cross-over-the-city-of-Ventura,900,289,0.260986328125,0.1661376953125,[],c488fd8297bd099ad19bcee85e5160cda6b00d07b1bf0d58f296997ee7a02cc3
b10b70d00f26c6e99c08dabd8d576f45,https://www.bloodstoneonline.com/images/uploads/2021/09/10/DGKsite-Bloodstone-The-Ancient-Curse-1.jpg,quotes,45,160,0.27783203125,0.1593017578125,"[[0.28370609879493713, 0.15286950767040253, 0.7454742789268494, 0.7315358519554138]]",8e18f1a8f03c92ac565b084c4b361b9ecf16bd234d644be01d0e9e641f3ea626
09ba565b5aa21c368499fa19552cffa4,https://www.dhresource.com/300x300/f2/albu/g9/M00/A9/D1/rBVaVV2ldk-AX4DaAAKA4M3LFQI300.jpg,Ted Baker Red Wool Hat,50,227,0.276611328125,0.293212890625,[],83d7c27e26d99c866ec230ae2377251f3a626b0d377de34fe8352250e6df6fb9
3afca2369910796d4d76f1ac11fcbeb4,http://jonasholz.ch/wp-content/uploads/elementor/thumbs/farbpalette-069-o5ai10pn48wlrnmlzthwe11nacj4ueqqga1243320w.jpg,DMX Artnet 통제 LED 댄스 플로워 디스코 영상 댄스 플로워,91,200,0.2293701171875,0.1734619140625,[],a148c98e2cf178d2866efc0161d2f11347e7f715d05496875cc1a8697ccfa3de
f9f5c5d9a124a0e69a2ee4dd3d9a61b1,https://www.ecigarettedirect.co.uk/ashtray-blog/wp-content/uploads/2015/02/VisionChargingSafely.jpg,Rabljen računalnik Dell Precision T7810 Workstation / Intel® Xeon® / RAM 32 GB / SSD Disk,236,200,0.3203125,0.242431640625,"[[0.3170684278011322, 0.3675787150859833, 0.35355091094970703, 0.3994618058204651]]",7faf4554f209885c5be445dfbeb43e5f5872c42f727125ba69e81e4af94ee0b3
3aa9ba9676a4e117810580283b718b07,https://img.etsystatic.com/il/4b71fe/1547453635/il_340x270.1547453635_b72p.jpg?version=0,Atelier de modelage poterie tournage cours et stages adultes et enfants et expo vente - Idee de poterie ...,184,96,0.2191162109375,0.311279296875,[],41dca5992389659e32123e51f565332ea1eb50c93b454f38d108d0c188bef383
4e9711a8f4052b90732a827087b74e7f,https://sterlitamak.lauty.ru/images/products/384917/image-0-medium.jpg,20 Fairway Drive - Photo 13,1414,80,0.23388671875,0.1712646484375,[],df70f4260f141f4c7344d96fc8220be6fed617c4a1f2807c20a964ecd0db4893
9ec7ee87571294882af5eacb53e26bd9,https://data.pixiz.com/output/user/frame/preview/130x130/4/3/5/2/3632534_2460f.jpg,سرمربی سابق والیبال ایران بازنشسته شد,788,45,0.240478515625,0.1883544921875,[],90070c597275f045edf88127d0cc701910d75123db223242effc084367d9bb26
2181db4c381231a6f945524f2724d56a,https://i.ebayimg.com/thumbs/images/g/rxwAAOSwdU1W-7a0/s-l225.jpg,011,160,600,0.24560546875,0.2325439453125,[],d12f5e4334a3feb18e01d7d453ba2e892950c13828ce871625f5673983fadcc8
111e7add4361fa350a03b8c63cd24290,http://img1.liveinternet.ru/images/attach/c/2/74/580/74580837_2795685_716172.jpg,我的世界故事模式第二章攻略大全 图文视频攻略汇总,800,400,0.177490234375,0.1546630859375,[],ab393cf50ee68e607fd00d510f6cd3fce05175ef4e3846e45f94446d5f06336e
f76ede99a24d305a665586cf0debf1da,https://images.unsplash.com/photo-1559203236-228b264033a7?crop=entropy&cs=tinysrgb&fit=max&fm=jpg&ixid=Mnw5NjIwMnwwfDF8c2VhcmNofDF8fFNvdXRoYW1wdG9uJTIwQWlycG9ydHxlbnwwfHx8fDE2MjA2MDU4ODk&ixlib=rb-1.2.1&q=80&w=1080,"Logo of the podcast 113. saade (7.09.2019): Blondid püüavad teha autosaadet, välja kukub aga hoopis midagi muud",32,116,0.1650390625,0.185791015625,[],a318a4f9d61ba04fba7e98070ef553794916c950f631e6b3356fb43624168f1a
e3c6300d8bf0abd6ffeb31a11fcab380,https://media.karousell.com/media/photos/products/2019/06/06/180035_232226656_thumbnail_progressive_thumbnail.jpg,"611  Woodland,  Blacksburg, VA",650,300,0.184814453125,0.156494140625,[],9b221f5fb94470d2b20cc5c06ee4ae7e36ea4a288c96abefb1f77de3c75af998
7d1aca5284b8a14249e05be650256534,http://cdn.photos.sparkplatform.com/lou/20210304161318360838000000.jpg,Hot Wheels Special Custom 2016 Treasure Hunt DODGE CHARGER SRT8 with Real Riders,200,507,0.2120361328125,0.33837890625,[],052ebd3cd44ced9bff42f6deb9ac71435f6dccc8e09df2be42b6be701a11951e
7a42add3337407cb6adc5f3981d60646,https://books.google.com/books/content?id=ikwMAQAAIAAJ&printsec=frontcover&img=1&zoom=1&imgtk=AFLRE70P3E88t6xo44N6GcZMOOCDMsETZnR0im4AiOhMWfMkFpWTBY7vPf3_Fcv3D0R99cD2yNBsBf9s-MF64vRaWw97a6KLAZBJnAFsmv3vr7wpfzmSqkI,Reportage à Lutzelbourg (57) en 1966. Tournage sur une coutume de la région : le lancer des disques de feu pour célébrer l’arrivée prochaine du printemps. L’opérateur est Robert Vincenot avec sa caméra Eclair-Coutant film 16mm  dotée d'un magasin de 120 m.,708,239,0.3544921875,0.289794921875,[],19a65f7b6913c755d46d7adee58e3caba92c83f0c4abec3440635a1b0d831f46
da5ba1e2ccf59d0a02b2adb85f6a0a13,https://gzhls.at/i/62/43/706243-n0.jpg,theatre,439,225,0.276123046875,0.1705322265625,[],b95f432364ad1a6d862942dc0580118962ecb4329e3ba514c09318761eaf7c3e
1852f9eda9036863b6717220b05db924,https://secureservercdn.net/198.71.233.39/4fe.0df.myftpupload.com/wp-content/uploads/2021/09/Corrinn-cups-in-basket-150.jpg?time=1636830783,Nic,214,317,0.322998046875,0.275634765625,"[[0.3862885534763336, 0.3404327929019928, 0.5236513018608093, 0.6332622766494751]]",f3b00cb388aa6ec22974d02e3a6a03eec787245f608126ae684f196f8375f587
9afa6b313d8d7237a16d020c1e0af753,https://pclub.b-cdn.net/2022/01/dearden-montemesola-1331258-1647-1200x900.jpg,Jeanne Painting - Summer Memories - Blue Hydrangea N Butterflies by Audrey Jeanne Roberts,244,80,0.208740234375,0.1591796875,[],27b534f1072513f9695f9d97033e67bea3ed73f6c0b798a2a0835c7bbb871c3d
610d188830b266fecc79fbd3283bf6b2,https://www.persakademika.com/wp-content/uploads/2021/07/figur--345x265.jpeg,ZigZag Tijd voor Pasen - BK 2,45,200,0.1734619140625,0.1322021484375,[],4cc2b4f7a452df3f491d62f7ea20097868334b1dcd277f08d04f33ef9d2bb3e3
86f1e198911516b958dfa4b18f6e6b4c,"https://static.wixstatic.com/media/96113e_4970133217224fa9815254b07dcde3d8~mv2.jpg/v1/fill/w_498,h_498,al_c,q_85,usm_0.66_1.00_0.01/96113e_4970133217224fa9815254b07dcde3d8~mv2.jpg",for-page-about-as.png,800,200,0.39208984375,0.227294921875,[],226ac65abd3c13c20c5677e9e07a84ea66f4557a1b942b546979ebe220f03b97
3187fc1a84efb341edd7096a9fbaf5e0,http://images2.brbrokers.com.br/CRM/752440/Medium42433.8194046875_7d994b6957e7e311b75602bfc0a80045160304073208yara_27.jpg,Toto: Falling in Between Live,755,64,0.1634521484375,0.1800537109375,[],4a9fac10d5ecebf5d2fd3f8dccbd37a84ca565705ea444bab072d7b387e2baa2
d3735f68c6f85519e3a97c7d6be34741,http://pic.autotimes.com.cn/autopic/2016/0919/Sp_1731496813587.jpg,Temple Fork Outfitters Professional II TFO 9&#39; 6 weight Fly Rod Custom Built ,498,1280,0.274658203125,0.1876220703125,[],eb7df51d06e60f2d0f5028f146d6944b126b85567471697e857a38242abcd54c
da5564e8363f9bbce05ae4ad6ac07169,http://thumbs.ebaystatic.com/images/g/2AgAAOSwoydWpmAB/s-l225.jpg,Déco Dust+,202,493,0.2113037109375,0.159423828125,[],7d2aabaaaa7f4cbdabb21d5676df0f3e8d346053afbd30e3ce8acaea14fc5153
93aa5596d86bf2ddc37033aa78d50b03,http://polesie.org/wp-content/uploads/2015/09/Echa-3_2015_okladka.jpg,Increasing Point-of-sale Revenue with Product Recommendations,300,283,0.2900390625,0.27001953125,[],b63f73927b91337eb15c77bd7e68242e3c58f27da0c4389a55bf66e495270e90
442b88f94705301e9d8849f6c8dcaf52,https://i.pinimg.com/736x/ab/f8/61/abf861906ea3e32a22cabdc504fd2112--outdoor-living-rooms-garden-design-ideas.jpg,2003 Ford Falcon XR8 Ute - Manual - V8 (Boss 260) - Driveaway Cleveland Redland Area Preview,160,240,0.31884765625,0.279296875,"[[0.5875228047370911, 0.4880369007587433, 0.6305522322654724, 0.5368672609329224]]",2c51a73bfd1622cbc6f61ca4c8bd8abb953f5334befa621859eca60adf81b783
697b68b4092585b1a97fbb0f91e955c9,https://image.sggp.org.vn/w560/Uploaded/2020/qhjbuimsbvcobu/2020_10_23/img20201018073257_fhmk.jpg,"Factory, Warehouse & Industrial commercial property for lease at Building 3/71 Stradbroke Street Heathwood QLD 4110",640,889,0.1998291015625,0.34130859375,[],bccc6c66dcaed23051a4da602e7159d072316088f25786462192655203f50365
c4bd29f06ad9bf8ce645e9336a3b3cd4,https://d2qs8jo5daq3wi.cloudfront.net/photos/107745/square_medium/013B_3.jpg?1507891859,Trebbia (4),400,100,0.228271484375,0.1396484375,[],c25edbf214933612c181f9830c6927341854fc72bf98cc0b75ca735bdd00b2b0
4ac16c9fde57cb70a3351ecd088bce3e,https://photos.alphotoscdn.com/file/al-photos/TREB/N4907102/2233c490-54d9-44c7-9a8c-b16c4e50a938.jpeg,スーサイド・ミッション,163,377,0.2366943359375,0.263427734375,"[[0.7362882494926453, 0.11090247333049774, 0.7717722058296204, 0.17404776811599731]]",79da35c87a5232fc68795c5f6d9da4035ed8248427d85137fac6b5f09d5d2ffb
b8acbbc5b3e93814aafbae5e07b2051c,https://i1.wp.com/www.lacentraledellarte.org/wp-content/uploads/2019/09/greenbookhd51.jpg?fit=353%2C500&ssl=1,WESTLAND WESSEX,276,104,0.213134765625,0.2266845703125,[],569ea7daa4a859b2808961fba698146b69de08ffb7ace2a25dcf3d6b414c2ee5
22d17df68ac890967e75d260956f9229,https://i.imgur.com/Z114Dqs.jpg,Дом с видом на залив в Калифорнии,300,50,0.371337890625,0.19189453125,[],a567462f4edd496bdf5cd00da5bbde64131c283e3cf396bfd58c0fac26b13d9a
42b0c79da3c55d8d2b6d86d78b7d3861,http://thumb10.shutterstock.com/thumb_large/189578992/796333513/stock-vector-luxury-logo-vintage-logo-vector-logo-template-796333513.jpg,Minecraft - Szörnyek - Xiaomi tok (többféle),300,276,0.223388671875,0.20751953125,[],75258d21f50b1a48ebc8ee49936a46c7abdee0eae68ad44f56640fa97e02415a
242909837a2826beb0c638a67899401b,https://media.gettyimages.com/videos/herring-jump-to-escape-hunting-whales-norway-video-id1207279311?s=640x640,Photos Vivastreet Bapteme robe ou barboteuse ou costume NEUF Fabr. Portugaise,304,320,0.224853515625,0.11279296875,"[[0.4556761085987091, 0.5204957723617554, 0.4760153293609619, 0.5473464727401733]]",98774786f8bd7700d51b231e4da682aeba4843801dfb0594a455e9e66049f0cc
e7bff05cd6466941eebd37e8985c51fc,http://www.robothumb.com/src/?url=http://so-vietnam-travel.com/&size=320x240,Michael's Blog,90,500,0.214111328125,0.286865234375,[],87d833d802d8c99c6fded09a63516f9dd3755870e437ac94e9a52f238ed4e77b
e1d06565f7ec5335aecb7e9973520f73,"https://static.wixstatic.com/media/ed92df_6e669fad26e74c03a3606474f5c1c5f4~mv2.png/v1/fill/w_250,h_323,al_c/ed92df_6e669fad26e74c03a3606474f5c1c5f4~mv2.png",30-Inch-Round-Cocktail-Table,1000,120,0.2095947265625,0.2347412109375,[],353725afe8938c37519a8168293a5efcd6b0a0094f4de3f436aa3144fa37c2d5
9b97704014df3d0825724d5df4cb19da,"https://us03-imgcdn.ymcart.com/44405/2019/04/15/a/0/a079c3bbec6139d2.jpg?x-oss-process=image/quality,Q_90/auto-orient,1/resize,m_lfit,w_600,h_600",J+ Uniqlo by Jil Sander Black Long Sleeve Shirt Dress Size XS EUC,800,510,0.275146484375,0.312255859375,[],991b89e27049fdb8d2db1c46db95b9809e5f5a7d2afc3377634144cfea680f70
cab1ce52f37394c61f7bc73b3a048d8e,http://image.made-in-china.com/2f1j10hJoafMKnEDqu/Radial-Truck-and-Bus-Tire-with.jpg,Peanuts SNOOPY Pink LANYARD KEY CHAIN Ring Keychain ID Holder 19&#034;,97,367,0.251708984375,0.150634765625,[],ea4d8551377143807c583f910e5f137e5476901cc4b56ec1caf6be7af6332912
d2dc6471051378ec6f7b40ee969ccbd7,http://i.grenka.ua/shop/1/3/875/my-s-istekshim-srokom-godnosti_d2f_300_300.jpg,Elementar-Ereignis: Die österreichischen Nationalsozialisten und der Juliputsch 1934,425,60,0.29833984375,0.25537109375,[],8a2e4a0599e8dcf08d1e2ff199e5cd3128d90769164fa69ef4d0595a2d0d8fc3
dda213a484b40cb4a93ab61cd85d2bae,https://tshop.r10s.jp/tss/cabinet/white17/hcb2e6-44th.jpg,Szarvasmarha galandférgének következményei,60,3456,0.216796875,0.2919921875,[],5bb9b4d7807c3d016e09b3ef54511e6e33d20e5572abe4d263ee62acb549e71e
385b32edfd8ad353774d5af1af90ba42,http://photos1.meetupstatic.com/photos/event/4/3/1/e/global_316697182.jpeg,THE-ALLMAN-BROTHERS-BAND-Signed-Autograph-Guitar-by-All-4-Gregg-Butch-Trucks,80,400,0.210693359375,0.1541748046875,[],61a449a990cea0dcafff9f16c291948bd685bf1a0320a32038728d77a9fcdb93
7a2380c924db75e1ebe6d1f1ee2469f5,https://s-media-cache-ak0.pinimg.com/736x/ad/aa/1d/adaa1d1e55f291d087074bba4973e56f.jpg,things to buy for first home checklist home buying checklist pinteres,400,324,0.2120361328125,0.1646728515625,[],1043e2faa11cac565ce60579d2a8cabb43b10a9a36528364bf1f6e6dcc7f7a40
cd0e5bc240a31bc9acb85ebdc8e93935,http://akkey.air-nifty.com/photos/uncategorized/2009/08/10/rid07.jpg,برنامه کنترل گوشی همسر و فرزندان | نظارت بر گوشی موبایل همسر,160,76,0.257568359375,0.223388671875,"[[0.613429844379425, 0.0, 0.8846352696418762, 0.36370593309402466]]",cabaebaa2d70a1a8ffb44575dca1eb4471365a38db8c63de1871cc210b902a4d
b7aa9d97811b747214938a3ed48aec3f,https://bingeddata.s3.amazonaws.com/uploads/2021/02/35ijq8q5hKdbb5H9aKmyz1EMP0A-97x147.jpg,Card decorated with green bow on green background. Happy St. Patrick's Day - stock photo,530,36,0.1875,0.12176513671875,[],ee1b2443842109a6c28c6aa0171dbd87a81aa42fbd4c71bef1644506bd64ea82
9137d40ef3f592119346304a05e9571c,http://image.made-in-china.com/2f1j10amCEloedfrqk/Jy-768r-Folding-Retractable-Se.jpg,Metal Pendant Light (1/CN),100,770,0.224365234375,0.2066650390625,"[[0.6493717432022095, 0.2891322076320648, 0.6959251761436462, 0.4037684202194214], [0.2763679027557373, 0.38399696350097656, 0.32695692777633667, 0.5097700953483582]]",48c0b0c7576f4cf4be078e75658fb019668e2a61837db727be4f0d4249b812e8
a69ea4c5a51fd92782df3cd1e0f6dc71,http://va-ka.ru/sites/default/files/imagecache/w240/lyuk_santehnicheskiy_metall_59.jpg,日高屋 立川南口店 ,133,560,0.360107421875,0.359375,[],4141866bb80448220af1b4879d6348afd9ab385d6f97a5ba2f65d085b0f74b90
14b4f9122a5fabd3cacca6589bc23952,https://cazual.shufu.co.jp/wp-content/uploads/tcd-w/logo.png?1642372846,Chaussures Noir Glissement 2019 gray Air De Mesh Deportivas Formateurs Blue Sneakers Hommes Aérées Sur Très Hombre Décontractées Léger Course black 85PrqngW5,320,1150,0.20654296875,0.25537109375,[],2bb9fc60d95f910a43ba39fec15f92510e3cf8eadef47a32ade10f197b974f7b
b6c11d811d88b98a189124ce36f7be0c,https://bt-photos.global.ssl.fastly.net/brightmls/640_boomver_1_301941272814-1.jpg,Загадки про животных для детей с ответами,236,67,0.26904296875,0.136474609375,"[[0.4659093916416168, 0.1828586906194687, 0.5049382448196411, 0.26492083072662354], [0.3645764887332916, 0.11899013817310333, 0.40070614218711853, 0.1922418475151062]]",44de659dca48c79df23f9d2bbe3f5d358e64661d1fbf5b897e6307d8151591e3
fe41530ae8ee5f5c545a49f297f48b9e,http://1.gravatar.com/avatar/9825bc1609451f85177658d468bb18f5?s=32&amp;d=http%3A%2F%2Fwww.gravatar.com%2Favatar%2Fad516503a11cd5ca435acc9bb6523536%3Fs%3D32&amp;r=G,Naklejka na samochód sportowy,200,370,0.28515625,0.1622314453125,[],7e847e711e120725dbfc0a5d169fe0e607db57dcc8ff795a6b06f195d3057cb7
f5c8b31bcb0c3415baa47270fe9da5bb,https://files.hipcdn.com/listing-photos/5f7edf7fa12eda6eea0001ec/9dd52168-fbce-4a6e-aecd-34a0de1debf9_small@2x.jpg,strips1,100,150,0.26171875,0.1824951171875,"[[0.23155245184898376, 0.20533426105976105, 0.8086349368095398, 0.8940725922584534]]",da857cd1e1bce4f24f8aad1b4076dcd8045fa808366d06e9e4491de4824bd65d
e5676d86e212835b525c40734dc87fbe,http://rlv.zcache.co.uk/angry_bull_ceramic_star_decoration-rad6068d47538441baf914f7b0d6b70c3_x7s2g_8byvr_324.jpg,20180606025154264439000000 o,150,177,0.267333984375,0.314697265625,"[[0.35214343667030334, 0.10676656663417816, 0.6453427076339722, 0.39897090196609497]]",3ea3ae4165b1bc86ad870e53f7d89256c234f4a90640bc74469a980f6b507761
7e205d65ae7c8429527a0c4c0fbd0041,https://cdn.freeriderhd.com/free_rider_hd/tracks/prd/8/74/789653/250x150-v12.png,Agence de voyages sur-mesure au Vietnam,293,219,0.2420654296875,0.3076171875,[],36bd904faaf0e4521e5ffaf0e83235c95312b560de854fd061b2729aeaa84dd1
ecc6f4a5c5c15c4c8551facde5040a30,https://d36xftgacqn2p.cloudfront.net/listingphotos128/22019000-33.jpg?v=1610439700,Image Unavailable. Image not available for. Color  Jordan True Flight Men s  Basketball Shoes Black Gym Red-Metallic ... b08a2f841,70,417,0.2169189453125,0.30712890625,"[[0.4519003629684448, 0.6306955218315125, 0.5748915076255798, 0.7778930068016052], [0.17717276513576508, 0.4819181561470032, 0.28798484802246094, 0.6123856902122498]]",a6c2a9fe22da2b4df9cb98d9c9f7560dece2a18230920a1826b453956576532f
2db93566240d59e1a1b031f4f69901af,https://www.janworks.co.jp/admin/wp-content/themes/wp-one_set/wp-one-child/img/header_logo_after.png,Justin Cline,155,140,0.329345703125,0.3046875,[],28f954a8034fde63843ef5f987fa94bc3625cb746b0cbf056c48fea84e257cef
4d39755d8586291a8651b222c1a07ef7,https://leasanders.files.wordpress.com/2009/11/nov-bia-054.jpg?w=500&#038;h=333,alt,650,526,0.182373046875,0.1728515625,[],2f63550feb44aa6d9f7ab718bb7cd571d32f75bc98f99cfcd8318d6e80adde38
218ebaa6a4257a63b5ab8dc0e7dc13f8,http://pds.exblog.jp/pds/1/200910/05/51/f0124451_2359889.jpg,farbpalette 069,150,231,0.3515625,0.08758544921875,"[[0.6733415722846985, 0.2473064363002777, 0.8037850260734558, 0.3637753427028656]]",73bbc05777e1e841405ee2fbae57bd534a12778abf227e24ab0c0326286f4062
471dd30fe3273b49e2c29782ec4ea8e7,https://www.sic-inc.co.jp/wp/wp-content/uploads/2020/03/restaurant_7_img2.jpg,Nov BIA 054,300,450,0.2293701171875,0.30126953125,[],465d20f144bf88ba1de9f59a225962f6f93ec7984e46bb53a8aa5d41e735c715
27285ffea50fa242b40bc44e449cffe8,http://www.cadarmurah.com/wp-content/uploads/2016/09/periuk-elektrik.jpg,"2003 Chevrolet Silverado 1500 LS Z71 Off Road Lifted 4X4 Extended Cab (SOLD) - Photo 3 - Richmond, VA 23237",72,384,0.222412109375,0.07598876953125,[],6f8029d4868454c189a2f00d0ae2e4ba1644040e8ecbfce2e9ad9e97ff8edc8e
541086cd953d2a1555fd15cca4640373,https://i2.wp.com/i.dailymail.co.uk/1s/2021/05/05/03/42587132-9543895-image-a-45_1620183099465.jpg?resize=634%2C634&ssl=1,Account Lv263 – Vip 10 – 52 Heroes Awakened,300,180,0.32177734375,0.1734619140625,[],6b27d07359d69c9beecec42730cd7a8d1be40ec6e4f1a80f95f58cded5067a59
37f84daf4b1de9139121d88c11d6cff7,https://img.youtube.com/vi/YIT2eKXfbqY/hqdefault.jpg,world lap timer watch time watches alarm interval memory shop xonix digital,50,378,0.268798828125,0.123291015625,[],249271e617fe105c7dfab288a141470c281500e044fab095fd26d248774508ef
9cda097a00677e5a2cca0e16d1c4f499,http://cnstlltn.com/242x177/532a1a59-ba6c-4b91-a185-65154f0297b8/cuisine.jpg,9EEF1779-78AC-453F-B3EB-07208C4CF722.jpeg,626,400,0.3046875,0.20849609375,[],00a7569ad66eccbdfd05de676324bf0ee50fb3753c996bc6a0bd6e63353ac4e0
3a7f759928f73e81e391d57cb068eade,https://www.cartooningforpeace.org/wp-content/uploads/2018/12/IMG_3074.jpg,Used- Westfalia SA-160-06-177 Desludger Disc Centrifuge,60,120,0.3037109375,0.08905029296875,[],88ae1b4c0478f55b068dad88be002153ada4bff0c5a2041f38165fb9988127bf
9c051dd98773964fd0bcbe91059b8ea7,https://m1.35photo.pro/photos_main/291/1457939.jpg,Echa-3_2015_okladka,727,360,0.24072265625,0.11102294921875,[],957a2ec42691b1e8a3448c367a0468efaa756a5e7cf8753e6485427b8c000956
cd89ac11a858a9a35254cf630e87e780,https://cdn11.bigcommerce.com/s-s22mokao58/images/stencil/270x380/products/682/2528/a875f670-cdde-4d8b-acc8-9c7b74abce16-550-768__53372.1536909219.jpg?c=2,Polícia no DF e GO deflagram operação contra &#39;Máfia dos Concursos&#39;,90,667,0.3720703125,0.27197265625,"[[0.5442213416099548, 0.25757214426994324, 0.6231973171234131, 0.3910536468029022], [0.05947856232523918, 0.2477225959300995, 0.12843628227710724, 0.37255430221557617]]",089a8cf23978514adcae5f3779ac1d59fb9b969cff41f048c51ead10e94a4a85
ef72d2d1714d396846b62f594004ade7,https://urmokaina.lt/411296-home_default/atlosiamas-masazinis-kreslas-kreminis-dirbtine-oda.jpg,"WSMX 220857 Swirl Ring for Plasma Cutting 65 Series Torch, Plasma Cutting 85 Series Torch, Plasma Cutting 105 Series Torch (WeldingStop Aftermarket Consumables)",160,203,0.25,0.30810546875,[],bff8bb6906d783bb5196a3c43638bc95eb79889260eb9ac7d23287a40aba0e8e
ad3dff60e6dfb5f179fd7ba9e09d44c2,https://pds.exblog.jp/pds/1/201503/30/69/e0002769_23464521.jpg,5638005577 ERKEK BOT (938),177,130,0.2376708984375,0.1759033203125,[],d0a7d6c712d97db4c9a594fd274798df0f6279740419b5d5dafe2aba7b29b3b9
d130f8abba37225e3977a5fb441e8979,"https://static.wixstatic.com/media/f7802d_a942ed7c02694b9ca023dc7cab58f8f8~mv2.png/v1/fill/w_434,h_431,al_c,q_85,usm_0.66_1.00_0.01,enc_auto/for-page-about-as.png","1271 Marshall, Lakewood, CO",512,133,0.2225341796875,0.197265625,[],6add6d1b0e59f8bd81b5a5f50e06b3ffea5880f200c5e39cc1d1c431c85ef8ce
c8e28a58636fc2aa79682125f4ac9df7,https://img-cloud.ucebnice.cz/2992326-large/e2834e8043c3a6cd3c5a7d43a7a28452/madman-library-edition-volume-1.jpg,3ECAFE014.jpg,210,431,0.390380859375,0.1346435546875,[],eed7cb032127e37914aae23632bf9b0aa52d0143ef644e0604a26ea02afe9ad6
1299aaf614623b3bbbf619bb538b18ee,https://jobs.standardmedia.co.ke/motors-store/HhMbujPl5oOxruuRp42z.jpeg,Фен Polaris PHD 1667 TTi Violet-Silver шампунь,80,358,0.271240234375,0.180908203125,"[[0.12498459964990616, 0.20124906301498413, 0.40528208017349243, 0.46323007345199585], [0.6363704800605774, 0.2249920517206192, 0.8979735374450684, 0.46909505128860474]]",293e6ce09ba95a4ccd0d69084324d13a5992f693a1bf1966b638a06a5969fdd3
83336b2d5a8d41fefeb92c455c8354c8,https://imagescdn.dealercarsearch.com/Media/11473/16886885/637413045531432529.jpg,【cazual（カズアル）】日本の地方×アウトドアのプラットフォーム,144,251,0.289306640625,0.227783203125,"[[0.6488872766494751, 0.08663150668144226, 0.750512957572937, 0.2715257406234741]]",d4dbfd1b19be27e40e8afa73e82d2341da578d804f56bdd803501e0b308ffe1c
5ac2a55030468638caaf1d0636feff5d,http://tse1.mm.bing.net/th?id=OIP.-dSfPonK3mx43XThNDfMxAHaJl,SEV最新製品のダッシュON- 詳細動画。,234,60,0.198974609375,0.21728515625,[],66616b08e12b5eee997459ee98db7231dbbc3fafe6af5ba88f82ff2b6be6d6ee
623a3ba32dfcd2008fa3b2fe2970e4c2,https://i.pinimg.com/236x/7c/cd/72/7ccd727118675280c848b1d63f6499af--cotton-candy-wedding-cotton-candy-cart.jpg,【重要】本商品は委託品となり、取次店から直接手配となります。当店のお買い物ガイド(販売条件・支払い方...,100,576,0.29345703125,0.2174072265625,[],942cbfdc5498c65c97bc699631da18e38c531b30fbd28732697fe69d128e4f31
c0a023373dd3ac35d5a3519387d825c0,https://www.featuredstuff.com/upload/MG/LG/1/MGDisplayAd-81-ImageFile1.jpg?ts=01088a69-5e2c-4bf0-9231-31a65bdd94be,"An Uganda policeman batons a journalist in Kampala on 28 May 2013, outside the Daily Monitor and Red Pepper newspapers, which were closed on May 20 by armed police",120,333,0.345458984375,0.138916015625,[],a47f0809cd780ca473278d50767efbb0539c65ce026be59dc4fddde04679d217
feb2521dca768d81e2d484a71bfe534e,http://www.51vimeo.com/data/attachment/article/1708/598d5a7561fcb.jpg,Zack &amp; Zoey Aberdeen Sweater - Medium,700,250,0.276123046875,0.3544921875,[],c3103f0aa291ce3ef01ed8a8368d5f09bc3befc9788c36596e2e265aaaf3f9e0
217bcf80917b89a1e4e99c1e27cb7546,https://cdn.noithatxuanphu.vn/hinh-anh-san-pham/thumbs/ban-hop-svh3012ov.jpg,ESPRIT Collection Reloj de cuarzo Man Hector 40.0 mm,900,85,0.270751953125,0.29443359375,[],1404b2e71065ce69139692a5b56fe9e77c32063088f9c046017c868d8e823c62
02d736b236601e2c2ad4a266f7c718e1,http://25.media.tumblr.com/tumblr_m7zlexjtH31qaik2ho1_500.jpg,"I Nyoman Tinggal : Sesudah Erupsi, Tertimpa Pandemi",200,358,0.2274169921875,0.2978515625,[],df06317e9b74997b79fd28b650a3aeb44d57f6214258b3ee666ecbeae2520b1a
28a16cdc2a93b1d9bab934a51a077460,https://www.ikea.com/cz/cs/images/products/langfjaell-konferencni-zidle-s-podruckami-gunnared-bezova-bila__0852654_pe671678_s5.jpg?f=undefined,07 - Brosten,167,410,0.26708984375,0.1707763671875,[],7c2bad38a6721732c067dd9dda7b0a65f8d5d060f9ca50a6f1c0eadecc305641
9af1cbce6f106d753eb67506c5fb74f7,https://pic.pimg.tw/vivianwhy/4ba38e7108b07.jpg,1080P-HDMI-Male-to-VGA-Female-Video-Cable-Cord-Converter-Adapter-For-PC-Monitor miniature 2,109,360,0.28271484375,0.337158203125,[],419cfbbaa49db6e6ba6d3eb7c9b3a2d0154f0bb986efc4b4ca73f472169b54ee
e02f52c90c91ba9aecd2fac68627be8d,https://www.specsserver.com/CACHE/FRKCUNGBHYUY.JPG?width=220&amp;height=220&ccid=x41997402,For the sake of the world (DVD),145,400,0.2296142578125,0.140625,[],3aa81c43ebcd08e1e09e43be4784bb4440b632d15a2a2056c2696ea7008cc693
e056c24b8a3cb7ee22ec944511b95b4f,http://www.aaronequipment.com/Images/ItemImages/Centrifuges/Disc-Automatic/Westfalia-SA-160-06-177_13326009_ap.jpg,Люк сантехнический металл 75х120,498,600,0.281494140625,0.281494140625,"[[0.3201366364955902, 0.10063701122999191, 0.6929509043693542, 0.6429235339164734]]",408df29b693b3a8726db555eee34b016e3cccd9feb1a779ba820454b6944f824
8141c2e0443f478ee8d11c9cbabf6b50,https://static1.squarespace.com/static/50f888ade4b0cc1405269a78/t/52f7d82ee4b008f86b8d7f84/1424898694547/IMG_6516.JPG,koszulka DISTANCE IN EMBRACE - CYCLONEBLAU,220,744,0.26171875,0.2493896484375,[],56feba812a5bbe54d4e2f68d0243f9b8c4b24803ae8b46a91cc4eb7f375fbe0a
3a4bd6469d012c8eb9c0a66af999c40c,https://images-na.ssl-images-amazon.com/images/I/816NOtD1WML._UY395_.jpg,bases drape parts pipe assembly drapes fit goes a how and screw together system in,400,315,0.344970703125,0.2369384765625,[],a567462f4edd496bdf5cd00da5bbde64131c283e3cf396bfd58c0fac26b13d9a
e4ee25b7f5b0a30b29b86e46d6bf6f99,https://www.variationscreatives.fr/87981-home_default/papier-imprime-night-night-twinkle-twinkle.jpg,Kính chắn tránh tia lửa mài,170,309,0.26025390625,0.2325439453125,[],30531bba3e61c8032374cf7fe2f422f4434af31019fcecc4b42a6e5d75105495
72972c32070a6e7625a3cf5bfa16ad59,https://img01.ztat.net/article/TO/12/2S/08/RA/11/TO122S08R-A11@13.jpg?imwidth=156,LA MAISON  AU BORD DU CANAL,450,192,0.287353515625,0.198486328125,[],2543f2630d9f22d48f3bbfde9ef46b2faf89802c82af652fdc6898efec68d84e
c122ed02f83e8dc099dd71459a8bb231,https://images.amain.com/images/large/bikes/leatt/1018450111.jpg?width=475,TEXTAR Bremsbeläge OPEL OMEGA,370,261,0.271240234375,0.1778564453125,[],9e02aae3aaf236083d6ce720a745c96361d645ad160092400b9e7b129e1be407
61ea018493c3eace261c6f1f58757967,"https://static.wixstatic.com/media/83affe_2053fe645527466097c05322d4563dc2~mv2.jpg/v1/fill/w_963,h_618,fp_0.50_0.50,q_90/83affe_2053fe645527466097c05322d4563dc2~mv2.jpg",Front Cover,387,354,0.250732421875,0.1893310546875,[],885cd57c521ccbebe05fcb89f9cb9b384e162a68d9198e3a2646cc77b1f79ae8
11ccbc4e781432425be68ee21879fb47,https://peccatidigola568.files.wordpress.com/2017/01/limoncello.jpg?w=676,marq.JPG,60,169,0.27490234375,0.265869140625,[],97c525af67141cf83631376ddf7a37c68f28dbb0c24be2783e95343496553e2a
a9102d99042fb95037e1a86a8e45e3dd,https://di2ponv0v5otw.cloudfront.net/posts/2019/01/21/5c46ae17fe5151d7ef04aee6/s_5c46ae499539f7bda8d01ffd.jpg,Southern entertainment Service Bubble Machine,149,30,0.2464599609375,0.10479736328125,"[[0.4144022762775421, 0.08513911068439484, 0.6827437877655029, 0.44675952196121216]]",9b96aee2202f54cee3b180c2199439bdb391ab90aa0aa75a9b9441e461607f8e
aea7f55edf8967cd70788cebb4a1cb0d,https://thelinfieldreview.com/wp-content/uploads/2021/09/Top-3-Fashion-Statements-at-The-Met-Gala-475x475.png,5.5 ha antes de pueblo edén - nyp37745p,212,386,0.1796875,0.161865234375,[],1dfaaff2318343ebf7b8c541a709147dbcf49400949e43346fa504c4d75866ee
5e5a071dbc3942a96ec8f2eb0e7f9162,https://q-xx.bstatic.com/xdata/images/hotel/square60/37451172.jpg?k=cb436c094e9de494affceb0bc6c1251b4026e84505dfcbca320cc9a9c636e7f2&o=,Sparpaket Herrmann´s Bio-Reinfleisch 24 x 400 g,300,502,0.3466796875,0.1712646484375,[],7f6cd0378775449986bc6a96778bfb7b4928129197b2bce78d6aee4a2046ff91
fbf064d4df3984f9a0563eba5b1feaee,https://image.slidesharecdn.com/connectcon2015jwadolowski-150624233356-lva1-app6891/85/when-dispatcher-caching-is-not-enough-65-638.jpg?cb=1435189153,соцпомощь,637,300,0.267578125,0.183837890625,"[[0.946330189704895, 0.45369863510131836, 0.9764757752418518, 0.49362877011299133]]",7df536468b7bbdd8b7b8fc6215b29097ac7a328ad56df305ed6556a4bad9fc3e
677c4cb73932ab79b9fe0765f5b22351,http://g1.img-dpreview.com/63EE27D54FF148FB8046B6039EE63FBD.jpg,Generic In Car Air Vent Mount Stand Dock Review and Comparison ,1728,176,0.19921875,0.341064453125,[],f6203d1c436a2efe60a9c432f433cdc43f1aa6de5e431c61ac6ee3ca2f212058
bf8d288d059b571a94e5850c0fdc7f8f,https://barrfdn-prod.s3.amazonaws.com/image/27/large.jpg?1422072228,こだわり自家製デザートを常時３～５種類ご用意！,468,418,0.19921875,0.1282958984375,[],346960c019a76a53e5ffce119e7adb9818e0c4bc0caa077976a7dffe7e729ee0
de5c91a0bd08e5495846b2c8174c446f,https://secure.syndetics.com/index.aspx?isbn=9780316415736/MC.GIF&amp;client=913-495-2400&amp;type=xw12&amp;oclc=on1038518642,Watercolor Pet Portraits Drawing - Startled Cornish Rex Cat by Svetlana Novikova,157,150,0.279541015625,0.27783203125,[],7ac79ffe63e477f8d4b59cefce2aead74e71134395ee8b93535c3b191358da32
1cee93dcb95a483252f18896c575f7d9,https://i.ebayimg.com/images/g/1pQAAOSw3IxdEnms/s-l64.jpg,It&#039;s there...in the distance!!,769,82,0.28759765625,0.1536865234375,[],89221aceaaafb82ae57357f92952f98f569a80050404165601f224d2ec6743c4
5ebcd56f8adbf7e9535492f3623285b3,https://it.leco.com/media/k2/items/cache/665e3353c5a0a1298b58f0408e39e998_M.jpg,"Lifewit 23L (30-Can) Double Decker Soft Cooler Bag with Hard Liner, Large Insulate Picnic Lunch Bag Box Soft-Side Cooling Bag for Camping/BBQ/Family/Outdoor/Activities, Black",300,750,0.275146484375,0.25830078125,[],55bc6cb61536c9962cdacaa4ef2459031aa3afdd96d315c929b93ea2feac2630
a9b472de08b990cf278b6645f9bd9f97,https://photos.smugmug.com/Sports/Baseball/2016-Baseball/Ogden-vs-Orem-June-25-2016/i-w5XbdLD/0/01ed26c6/M/MiLB_062516_004_SS-M.jpg,1523,768,100,0.250244140625,0.2763671875,[],bc774d06a895930d91e0a43592d3fa2f960929d431c2de98e75ab2370fc96789
ff324cb1fd3a2d4b3a85c362ad2098a8,https://picsum.photos/800/622,Thumbnail Photo,568,981,0.207763671875,0.1009521484375,[],8129a4f88924f99a908e3bba529f3c3507e03287833e2ec5977ddbc10cd8b08e
2101f75d0d32f3f7b5c6b79da8c4f167,http://www.revistacambio.com.mx/wp-content/uploads/2019/11/images-31.jpeg,WinterOffSeason,400,670,0.1988525390625,0.146484375,[],349dc7470afbc0ecc645765fb3a3cf33ed994679386376ac8d321ffdfbdb9b71
6d80e87d82bd8e161c7334c10432a86b,https://bt-photos.global.ssl.fastly.net/metrolist/160_boomver_1_8520516-34.jpg,Publix Super Markets,615,720,0.268798828125,0.27880859375,"[[0.2693752944469452, 0.2296767681837082, 0.8121100068092346, 0.887735903263092]]",e89db33e0fbf57afd96a00f38f9b3e22dcc281ab6f6014e004ad1f8e5c3605a9
3e081c116a4e8ed48a3f17a7f1c49a4d,https://rlv.zcache.de/vintages_patchwork_mit_blumenmandalaelementen-r6c1de4ea9fcc460686a78a284d272aa5_2iibd_8byvr_324.jpg,スペイド Ｆ　ドラレコ・バックカメラ・ディスプレイオーディオ・片側電動スライドドア・ウインカードアミラー・プロジェクターヘッドライト・キーレス・パワーウィンドウ・ウィンカードアミラー,200,80,0.247802734375,0.1561279296875,"[[0.448874831199646, 0.2700400650501251, 0.8050251603126526, 0.6303462982177734], [0.21689686179161072, 0.33210378885269165, 0.2844903767108917, 0.38556864857673645], [0.24646878242492676, 0.29428741335868835, 0.3045762777328491, 0.3420678675174713]]",0cba00eb0613cf7b92d0cd1e2a86c59d8e05fd9ee2062274449563c67ae30d39
f413b0dcf9d8ecb5ffd1b22d1283fcb2,http://img.taotaobao.net/upload_pic/2013/11/12/4399_13395706644.jpg,image,118,697,0.253173828125,0.267822265625,"[[0.5872287750244141, 0.0305961724370718, 0.9629681706428528, 0.35516729950904846]]",8f7e316663dc2898196702fa1c63be48048a3d78d8c140ba0e53f4c1204cf933
6e9a79ff074097d2b9bdb2c45805d87d,http://altwall.net/img/albums/410724_7_11_2008_12_11_122008.jpg,GiftsAfterLife 5 Rose Flower Faux Bouquet,260,426,0.2181396484375,0.247314453125,[],73e583ef270617b1b0300cc62d94cd42f9e2829bab30d3ea6e4b559a6ac684ad
b31970a6f209afdd1319916cf5d94b9d,https://storage.googleapis.com/macrovector-acl-eu/previews/52188/preview_52188.jpg,timber,100,250,0.353515625,0.132568359375,[],c6a3d12d13a1711df1cf3e50a1999233911fe8dd7bfdf40e709f3a738fc48bdf
26309b1d75a1efafe2b03162e7b4a2b6,http://static.musiciansfriend.com/derivates/4/001/248/497/DV017_Jpg_Thumbnail_473049.jpg,Mayo College Pachranga Cufflinks (Fancy Triangles),400,150,0.28564453125,0.1712646484375,[],a578c291bf5cda08a8cd4d18e1e3b1da3d4a309a110da31f8933cc1edd72d46d
ce44d1d261ef4d3d3aae26cdbd0ad6cc,http://media-cdn.tripadvisor.com/media/photo-l/01/64/20/4e/yen-thai-guesthouse.jpg,"A successful person is one who can lay a firm foundation with the bricks that others throw at him or her - David Brinkley Quotes Success, Quotes, Nature, Quotations, Naturaleza",175,34,0.252197265625,0.165771484375,[],ede360e6a61b6cc25e9d07922f7b25788dc86de68eecf5894019d06e9f681573
596d4c97cc0fe36c8800dd7a7bc8eb65,"https://m.media-amazon.com/images/I/61W5QiVKW-L._AC_SR110,82_.jpg",PICT0007_0004,1000,432,0.32421875,0.278564453125,[],9369a69aebdecd5541e78863405a049e640ade1b9db8c3f625df80f32162d148
22397b1b77cdcf71f72dc4db1de88290,https://www.tadaima.com.mx/wp-content/uploads/2019/10/digimon2020.jpg,日東工業 オール電化住宅用 蓄熱回路用 HCB形ホーム分電盤 THタイプ(ドア付)露出・半埋込共用型主幹3P60A 分岐4＋4HCB2E6-44TH,512,324,0.2059326171875,0.2890625,[],e45155f863709b9abe14147a7bbe12328776624d948d72273baacac01d2baa18
67b2fdc5890c55f02fa11be8bcd8ecd7,https://aws-origin.image-tech-storage.com/gameRes/sq/350/EuropeanBlackjackTurbo.jpg,View EPC Rating Graph for this property,520,357,0.2242431640625,0.1983642578125,"[[0.04044955223798752, 0.5691297054290771, 0.14663639664649963, 0.7453929781913757]]",adddf882e265b97ba03543cb6f5b149805baa784c2283ded3cd9af677ba202d2
68bfd40442a2df5309406e1157fe302a,https://i.ebayimg.com/thumbs/images/g/560AAOSwxg5XyEzQ/s-l225.jpg,Karl Lagerfeld Fullbody Silicone Iconic - Etui Samsung Galaxy S21 Ultra (Czarny),1024,613,0.26611328125,0.301025390625,[],4ad66181f004d8e52544a46c7d55935fd0d6f5e8b7d7fc2c4dfae45f19d3ba44
3cabed7dcb8b5041d50c1dce2b6555b0,https://web-back.perfectgym.com/sites/default/files/styles/900x/public/bright-close-up-color-221247.jpg?itok=A-A5FPd5,Outside the Jukebox,1024,498,0.260009765625,0.1380615234375,[],816cc37b62c906d79685ffb6088aef82c4b0017fc141a394c9fd56128d7dfefb
e49d5c30685983a2362297b931fa807d,http://www.kyleecooks.com/wp-content/uploads/2017/12/Savory-Chicken-Rice-Turnovers-8-683x1024.jpg,ナプキン 002,200,600,0.188232421875,0.2139892578125,[],a567462f4edd496bdf5cd00da5bbde64131c283e3cf396bfd58c0fac26b13d9a
0a767f211387ce993fd83ff6445b6560,http://media.peterhahn.de/is/image/peterhahn/A/uta-raasch-rundhals-pullover-mit-1-2-arm-cappuccino-888214_PACK_SL_150615_151155.jpg,"10285 E. Boulder Bend Rd., Scottsdale, AZ 85262 Photo 32",960,220,0.26318359375,0.22900390625,[],2238d9eece40316a41abff1916b7d93c9e0fabfa6ef980f0e545c7e635724d8b
644f75bcf260d3dc57960f8fe03d31be,https://crossroad-guide.com/wp-content/uploads/2016/06/20160606-222704.jpg," 1.0 kpl Pellava Other,Tulostus",682,240,0.286865234375,0.267822265625,[],e561c8eedd1f4c648940a30a333486442c6521622a71665b9d1899a1da67f945
dbbcb8048bb6042b50bd59f5a8fc7145,https://ae01.alicdn.com/kf/H9b7bce67a6c246d09aa1681a46e52401J/Profesjonalny-bezprzewodowy-mikrofon-Bluetooth-g%C5%82o%C5%9Bnik-mikrofon-r%C4%99czny-mikrofon-Karaoke-odtwarzacz-muzyczny-rejestrator-%C5%9Bpiewu-KTV-mikrofon-tanie-i-dobre-opinie-selectec-Mikrofon-pojemno%C5%9Bciowy-Karaoke-mikrofon-Pojedyncze-Mikrofon-CN-%28pochodzenie%29-Dook%C3%B3lna-wireless-WS858L-LED-Handheld-Microphone.jpg_350x350.jpg?mini,[Image: Z114Dqs.jpg],720,240,0.25634765625,0.1982421875,[],99e2069c56161cfe6b8a791284df7d34d23d3cb36e5f69c3f48f167765935131
bc2592aa8a702e376b83e901b9fac3d9,https://onelavka.ru/image/cache/80-89/data/IMG_0660.jpg,Darkfaderus  Pretty Can I Remove The Tax Column On An Invoice  Zipbooks With Extraordinary Can I Remove The Tax Column On An Invoice With Amusing Read Receipts Outlook  Also Salvation Army Donation Receipt Form In Addition Receipt For Pancakes And Kindly Acknowledge Receipt Of This Email As Well As How To Print Fake Receipts Additionally Babies R Us No Receipt Return Policy From Zipbookscom With Darkfaderus  Extraordinary Can I Remove The Tax Column On An Invoice  Zipbooks With Amusing Can I Remove The Tax Column On An Invoice And Pretty Read Receipts Outlook  Also Salvation Army Donation Receipt Form In Addition Receipt For Pancakes From Zipbookscom,50,461,0.253173828125,0.1934814453125,[],9e01ea6498bc019f6b6e72ba44b3a991e2c68d7990dd62ea6d392c991f3f3dab
0808cffeaec7e5cfd71be1efb0421bdf,https://professorit.com/wp-content/uploads/2016/01/Kim_Shapira_On_Nutrition_And_Diabetes.png,Saint-Germain   0 m²  pièces Terrain,700,160,0.2137451171875,0.25244140625,[],676488c3634f238622946dfcd48be1c47ce05cf0c31533d5e00b1a6ad4da028f
0d0cd5c068fe7d17706e141a9bf52b92,https://france3-regions.francetvinfo.fr/image/SM25njH-NXV7FKVxq79inwjUdhg/600x400/regions/2020/06/08/5ede8718c4424_1966_06_la_coutan_16mm_120m_film.jpg,Foto: Hotel Astras 76/83,250,236,0.224853515625,0.1507568359375,[],8dfe2769633042e4e6654374ec9b924d4215d55817214203d682e1d144be701c
6fa83f93a4d2aa23e71aefa57a169353,https://www.mmfanstoreonline.com/images/mens-daniel-castano-miami-black-authentic-alternate-baseball-jersey-unsigned-no-brandslogos-340-887.jpeg,Holokost Sırasında Seferad Yahudileri,80,900,0.2427978515625,0.1473388671875,[],6a9ea9ba5463afa61684d5ef1c5b4cb9fcecd95065d367b32f8b7f1467bf2092
79f96e25364854265cb9e3dfc7ad630c,https://ishiharaseiji.net/wp/wp-content/uploads/edward-van-halen-ripley.jpg,Karczek z grilla,344,300,0.185302734375,0.10369873046875,[],da7abec20855ef127244b341c497233c81718c708907a80cf517fd3da33aa235
0fc64e2a042f9cb692a3c60fd701981f,https://thumbnailer.mixcloud.com/unsafe/160x160/extaudio/4/1/1/3/2bf3-fa8c-45f4-a5b3-e840981110a8.jpg,Electrolyte plus pasta 40g,150,800,0.223388671875,0.2022705078125,[],fbf6e05296c8eb66dab03fee19391e4e569334e1a63f9d8d0a66c47cff7fbb38
5d31b82c56051cdd975f62cc2721a19d,https://www.here2start.nl/wp-content/uploads/2020/06/patrick-400x400.jpg,Speck Apple iPhone 4/i4S Rubber Skin Case Black Cover Shell Protector Guard,80,470,0.1788330078125,0.2349853515625,"[[0.39526528120040894, 0.1259268969297409, 0.585461437702179, 0.40609970688819885]]",4bb65155d6b681939880c4c710f2a56d261830cfaefd7a4447490b7049c51f76
6b25a46256354b2b310870e9fac2cfda,https://farm8.staticflickr.com/7676/16469058693_8271ae1779.jpg,Grilled Pizza 4,150,456,0.2413330078125,0.1859130859375,"[[0.3652181029319763, 0.18184731900691986, 0.40489667654037476, 0.23604312539100647]]",b5dae7e7104c269c177b93b5cd16df22dbedfea7101c62e665895648b89ffd0f
799796bee65cb07a1e4ae1e1299f2467,http://www.ushmm.org/lcmedia/photo/wlc/thumb/97/97282.jpg,John Murray Butcher&#039;s sausages for breakfast at Billy&#039;s on the Road,232,11,0.314697265625,0.13330078125,[],306d2d5ef11a1149778ae317b930f2bed6954e73f963730036585b495345225b
d74422e78d701a1b5d5ec5fb52a8393f,https://www.autopartsonline.nl/media-products/abs-sensoren-kia---_31815.jpg,Law justice legal assistance judicial penitentiary system concept 4 flat compositions with fingerprint handcuffs detective vector illustration,600,618,0.31396484375,0.335205078125,[],9ace82415160078ca3c4def4941b1abf01ae4f58a7558cfec340b68870953514
465e7ee459893b5aac264c75e2345afd,https://i.pinimg.com/236x/bf/fe/1c/bffe1ceca991e70ddb1a482798b3b971.jpg,"A shelf that can adjust to be whatever you need it to be, whenever you need it to be that.",360,107,0.2012939453125,0.23046875,"[[0.12841449677944183, 0.6273607015609741, 0.15214048326015472, 0.6725966930389404], [0.7375050783157349, 0.21506282687187195, 0.7849910259246826, 0.34245166182518005], [0.3357163667678833, 0.6057793498039246, 0.36022117733955383, 0.6529979109764099], [0.0684126764535904, 0.6216019988059998, 0.09130725264549255, 0.6646015048027039], [0.22586354613304138, 0.6058135032653809, 0.2504633069038391, 0.6511071920394897]]",b8ee2846f6ae866cb5ebd388a9d3ab4744b05b97c0e6f7ebb1da547deb410109
6a4866ce175cf67f47bce7bd9bd1e85c,http://www.tokomesinblitar.com/wp-content/uploads/2019/10/MKS-ERG001-Mesin-Pembuat-Egg-Roll-Listrik-1-150x150.jpg," Atlošiamas masažinis krėslas, kreminis, dirbtinė oda ",40,1154,0.20166015625,0.219482421875,[],242fcc34fa9bf98eb099e944cd74fa6119e257fd7517b656375c7e1edcfd1556
fe3d30a723d07291a6e6f40344e728a3,https://www.mac-geiz.de/media/catalog/product/cache/dcf9e70c1d23ee8080743c3987538aac/0/0/0030004757_01_mg_6e51.jpeg,14.jpg,150,360,0.295654296875,0.29541015625,[],b7506f18e2717a6f6b68ec171d70379352f89230806f609d6210d02931a49cf8
8d13e8d5c3a62730aa279038fcb33960,"https://images-na.ssl-images-amazon.com/images/I/91EsacIUsxL.SR160,240_BG243,243,243.jpg","67 Branchwood Drive B-21, REHOBOTH BEACH, DE 19971 (#DESU145566) :: The Allison Stine Team",175,626,0.1939697265625,0.208251953125,[],56da63455a15b41a2c7ff47c5b4fd8f8db0194a0aaacb163890275c65f00cbee
c59c008f215fc43f4a8aa9a512119cc0,"http://i4.ypcdn.com/blob/ce4809fc18e0eb86ddca0954404b53061868d774_50x50_crop.jpg?698a034
",HOW TO GET A JOB IN THE TECH INDUSTRY,640,245,0.311279296875,0.1905517578125,"[[0.1747446060180664, 0.18056708574295044, 0.6882069110870361, 0.656879723072052]]",73197bf71302abfff5918222711be3293260dfe684603b63b8dbb239a4852e80
068c742727d4a9e8644f431d3b1a9efe,https://s-media-cache-ak0.pinimg.com/216x146/19/dd/ee/19ddee099ec4310008b5ebac271e3273.jpg,"Homeless Shelter Receives Unusual Donation: $25,000 Worth Of PB&J Sandwiches",300,192,0.294189453125,0.16796875,[],2ef350f48b21c2775a48f5f643093ed7bb47c388dd8b3d4931adb9e3599d82e9
fb69c8cd830978586828878c50e96dda,https://r.saregama.com/resources/images/no-image-150x150.jpg,Pearl Izumi Men's PI / BLACK Jersey,300,347,0.262939453125,0.2239990234375,"[[0.3357098400592804, 0.12632784247398376, 0.4178833067417145, 0.258804053068161]]",8873515409337bb98ab2f194ebf7b28d233623c9759101a4e6e739dfc9207ab2
198e52233f8c8d3ca1634a1f15aa3a33,https://m.media-amazon.com/images/I/41t6D-JSk1L._SL160_.jpg,Table à manger palette,524,100,0.330078125,0.1651611328125,[],4085d8de664e1965cc2e83b4e17f2049bf6a9099acc8211d7695049aa8040a5f
7451d0b7cc2a6ad0dad36d8b58210cf9,http://media.rightmove.co.uk/112k/111257/56858398/111257_CSV152942_EPCGRAPH_01_0000_max_135x100.png,New orleans police arrest man suspected of killing cop for Police orleans,150,70,0.2548828125,0.31005859375,[],2c588b68dfdafd1f2b677b08d0deb330828b8df43886c4f19bd3b72a1c6c6154
0137d2dee828f1b555917e113f4d2211,https://img.freepik.com/vrije-vector/borstkanker-examen-illustratie_176516-946.jpg?size=338&ext=jpg,delonghi-ecam-45760w-eletta-bean-to-cup-flat-white,320,480,0.416748046875,0.216552734375,"[[0.5384079813957214, 0.9235971570014954, 0.5824024677276611, 0.9938505291938782], [0.8135442137718201, 0.5815948843955994, 0.8407956957817078, 0.6257209777832031]]",3196e88845eabb4a8e3f7f6c2fa29c47d50a7d34f23ea7844818fce22b0d2156
82d82bf200348d29c4628f0b6305a18c,"https://static.wixstatic.com/media/928d17_912a5947fa2844888677232bd72ecc09~mv2.jpeg/v1/fill/w_498,h_665,al_c,q_85,usm_0.66_1.00_0.01/928d17_912a5947fa2844888677232bd72ecc09~mv2.jpeg",صورة فوتوغرافية لـ ‪Yen Thai Guesthouse‬,64,675,0.227783203125,0.371826171875,[],4572182bd649ee6a7ed1b46a227e73510f4ed2db925720afe8e21b36a488401e
c3eb60b736befbabe234afc39924e3bf,https://static1.squarespace.com/static/54c9a517e4b0a3c0e5964af8/t/581e0e18cd0f684c3036fee0/1478364708365/devachan-short-easy-curly-haircuts.jpg?format=1000w,periuk-elektrik,345,300,0.289306640625,0.1585693359375,[],0537a2e27ac97a366e969b6ec983f291e97382918c08f8dda0c72a483aaef78a
1b6fc93415bb14ec90c2d6f6c258b3d3,https://tnimage.s3.hicloud.net.tw/photos/2021/AP/20211218/d6ee3d9236ab45abb0679def138e321d.jpg,Экс-глава СССР Михаил Горбачёв,728,300,0.2259521484375,0.2474365234375,[],36aaa736b0ea3c218ccfba3695e4e5e97f05d709b5bac6af65b9c800eadb79d7
e115306330ab52bc98610c1bc2d5d052,http://www.danpink.com/wp-content/uploads/2009/09/vet_invoice.jpg,Литературный навигатор. Василий Белов &#8220;Привычное дело&#8221;.,97,75,0.14013671875,0.3466796875,"[[0.4232074022293091, 0.08790692687034607, 0.5274392366409302, 0.17502564191818237]]",f61b160a8aab4e66656da860df99241841f201315b88697f910e6b6db56bd4cc
0064781b07611cf2da0df12337646acb,http://res.mefair.com/Images/308e26e3-bdbb-4197-b67c-05ec3fe54610/100/75/image.jpg,Primary photo for Todsünden - Die zwei Gesichter einer Frau,762,264,0.28662109375,0.1422119140625,[],be6b82042dd73442246215a21b6f62a2358c68563321271921c9c00e30563b03
ff3b9487ff18011a1a4602b3641ce0a9,https://mytoysgroup.scene7.com/is/image/myToys/ext/11205016-01.jpg$mt_ru_feed$,"Pilars per Janio Marti • <a style=""font-size:0.8em;"" href=""http://www.flickr.com/photos/31274934@N02/6286363877/"" target=""_blank"">View on Flickr</a>",600,600,0.240966796875,0.2587890625,[],15f15f14dca754b5aa6f9cd4057a04a9d333781cb52a145aed7ef16f17cf06db
e8efef90d9b1bcbd2e2257b76b3bc0dd,https://www.mobilesmspk.net/user/images/wallpaper_images/thumbnail_images/2019/07/13/www.mobilesmspk.net_purple_4382.jpg,Ediblewildsus  Remarkable Craft Beer  Excel Bottling  Excel Brewing With Excellent Logo  With Endearing Title Bar Excel Definition Also Using Arrays In Excel In Addition Balance Sheet Example Excel And Protect Columns In Excel As Well As D D  Character Sheet Excel Additionally Link Excel To Access From Excelbottlingcom With Ediblewildsus  Excellent Craft Beer  Excel Bottling  Excel Brewing With Endearing Logo  And Remarkable Title Bar Excel Definition Also Using Arrays In Excel In Addition Balance Sheet Example Excel From Excelbottlingcom,75,466,0.1845703125,0.1871337890625,[],d6562970faf1106d6608ad4ea3e50533403716bcefea589d6cde90964523d331
9959b07f0eb14a0b7532e2002c3c9a84,https://m.media-amazon.com/images/I/513qTSxDOGL.jpg,private left hand drive cars sale,900,600,0.3623046875,0.18212890625,"[[0.8341597318649292, 0.5524389743804932, 0.911857008934021, 0.6149251461029053], [0.7077106237411499, 0.559611439704895, 0.774789035320282, 0.6115113496780396], [0.46958741545677185, 0.625735878944397, 0.5398774147033691, 0.6803700923919678], [0.17035362124443054, 0.6177010536193848, 0.24087567627429962, 0.670417845249176], [0.3116056025028229, 0.6131899356842041, 0.38330909609794617, 0.6713379621505737]]",6a18636eef03aec92ed62245d62d974aa30111067493a5a10586102ce5d124ab
aab9651ef2a40c44823d1dfc357d7356,https://desyankson.files.wordpress.com/2013/02/20130210_150426.jpg?w=558&#038;h=744,meta3,48,255,0.315185546875,0.2249755859375,"[[0.5908644795417786, 0.194672629237175, 0.7194355130195618, 0.5399542450904846], [0.27890723943710327, 0.20351696014404297, 0.40952005982398987, 0.4894688129425049], [0.6715392470359802, 0.5696361660957336, 0.8488427400588989, 0.953900933265686], [0.4146655201911926, 0.6100454330444336, 0.5779711008071899, 0.9766077995300293], [0.12351948022842407, 0.5504342317581177, 0.2812515199184418, 0.8989686965942383]]",1ac700875390f654d0df1af829c4dfe5320ae7aa6b72f98c595396fceb3f1c35
54450d3a1488c57d3c2feba963345db5,http://i.imgur.com/8FJQKvQ.jpg,Bienenschaukasten an der OGS Lichtenau ,480,375,0.255615234375,0.123291015625,[],c6c5527f2f31f73d94b85ab407014a0f37440a96f187c045dff674b840e244e7
da582ad0799b8301f0be4d068f593e27,https://cubicup.com/wp-content/uploads/2020/07/cocina-mirocemento-industrial.jpg,How To Prepare For JAMB UTME Within Three Weeks,400,159,0.2381591796875,0.246337890625,[],2f4a91175f61eb6a51fe72692501067bfa6bdb8cb9ccf909b493dfc940e0f338
92bf7097662fe774ce52e1dd8a8b33e0,http://drivertalent.club/wp-content/uploads/2018/11/plan-best-interior-christmas-lights-with-places-to-see-in-boston-1200x757.jpg,Yaos Le Yaourt à la Grecque Pulpe de Citron (offre découverte) - Produit - fr,130,80,0.332763671875,0.1724853515625,[],550340a345478c970bedc416fe73fe3a7bb4210b897f0c734c2417240c55f4ff
e17ec7ecf9a86f0a924a7625f8d8caf4,https://static.openfoodfacts.org/images/products/302/329/001/0464/front_fr.16.400.jpg,633.104 resmi,1200,150,0.28369140625,0.321044921875,[],7ac8f5b08e107eb626dee63da0c3ddf44aa91d26a17c25a87aa775d3be200e46
519106a4a3825d4d7cdc1fa9262db12a,https://s3-eu-west-1.amazonaws.com/clcint/_CLCNL/images/products/large/88728.jpg,Asheville NC tree solutions arborist professional care client testimonials,168,150,0.290771484375,0.2744140625,"[[0.31173449754714966, 0.3183417320251465, 0.3982712924480438, 0.4701271951198578], [0.5939247608184814, 0.04945627227425575, 0.6632997393608093, 0.1900838315486908], [0.05406152456998825, 0.2737266421318054, 0.1509038209915161, 0.4443158805370331], [0.4452681839466095, 0.3446098566055298, 0.5345270037651062, 0.5078328251838684], [0.5409428477287292, 0.24105101823806763, 0.6235875487327576, 0.3922359347343445], [0.7596351504325867, 0.0537862665951252, 0.8165884613990784, 0.1651086062192917], [0.7011321783065796, 0.04659644141793251, 0.7548078298568726, 0.16755171120166779], [0.4577499330043793, 0.0500369630753994, 0.5123112797737122, 0.17409054934978485], [0.8795410990715027, 0.1457182765007019, 0.9338255524635315, 0.25064221024513245], [0.5312969088554382, 0.0, 0.5951427221298218, 0.11506512761116028], [0.23883745074272156, 0.010514616034924984, 0.31448307633399963, 0.1282387524843216]]",7aa58425f73657cfc52fd630535359c809d0ce1d4c8495848dd67c0de117117d
02d04d2748f5ead7360cdcb442ff6f2a,https://cytaty.ebooki24.org/sites/default/files/styles/blok_60x60/public/zdjecia/nic_nie_potrafi_nadac_naszemu_zyciu.jpg,Gomma radiale del bus e del camion con il contrassegno di estensione dell&#039;ECE,640,243,0.227783203125,0.2342529296875,[],7747b9f8bee8cbe80d1c0b13ba4ac0f7d75ac10babacc007f11fe7b0e9aa1bd4
d92add57c9caf2e0f18a0752de9c9f21,https://i.ebayimg.com/thumbs/images/g/KA8AAOSwB-1Ywxo9/s-l225.jpg,Венеция кафе у канала,68,341,0.308349609375,0.1290283203125,"[[0.32659095525741577, 0.5112429261207581, 0.8029214143753052, 1.0]]",a4b74665b72f0edfe675ef1ec21b96bf1b2ea45a7d88d465fc588e1ace1310e2
a2bedc1c129d71216f629b393e8d2bc9,http://www.auderset.com/wp-content/uploads/ame8-color-sp-sans-tx-sign-w.jpg,Get on the bus in Southampton Airport,100,98,0.325927734375,0.25732421875,[],9984b0c9404749f04fcae7cc09a6669f83a40d08ee3fe6c51ceab212ad01b9c8
dfdddcb242c280cf26e0d88676542c6e,https://static.vecteezy.com/system/resources/thumbnails/000/170/313/small/happy-new-year-2018-design-with-floral-decoration.jpg,Johan T.,91,100,0.304931640625,0.1226806640625,"[[0.3474230170249939, 0.22963806986808777, 0.4541800618171692, 0.37772348523139954], [0.5366330146789551, 0.20526573061943054, 0.6402233839035034, 0.3553498089313507], [0.7370616793632507, 0.26100456714630127, 0.7601743340492249, 0.2907555401325226], [0.8847644329071045, 0.4001357853412628, 0.9095845818519592, 0.4315185248851776], [0.817403256893158, 0.4013945460319519, 0.8419703245162964, 0.4335891306400299], [0.8975189328193665, 0.4550218880176544, 0.9298525452613831, 0.49686866998672485], [0.7300301194190979, 0.313800573348999, 0.7584106922149658, 0.3498483896255493]]",1f9ce1f48b078cca3e96802e888abede3fe7df46346361ac56a253b0150dc9b9
bd1376a38c1a1482429fcc793fe68c64,http://i2.cdn.cnn.com/cnnnext/dam/assets/130709172832-lead-george-zimmerman-case-analysis-00011012-story-top.jpg,KESS InHouse &#039;&#039;Peony N White Black&#039;&#039; Woven Comforter Duvet Cover; King,50,323,0.270751953125,0.163330078125,[],642a053bff8fcaaf81e8aab17df14f66aa222cca891b5177f84c531e25665a26
55bbd9a480e64acfc9e596a7a83e3cf9,https://static.runnea.com/images/202104/puma-speed-sutamina-2-black-white-luminous-pink-400x400x80xX.jpg?1,20160606-222704.jpg,341,75,0.1962890625,0.181396484375,[],cf1159e5b8924387304e95de85162c87dc7ed6e6333653e37df81ab6dc0d61d9
2e8ff026ddc133000f81e0eec6deaefe,https://render.fineartamerica.com/images/rendered/search/print/images/artworkimages/medium/1/startled-cornish-rex-cat-svetlana-novikova.jpg,02-Matt-and-Jodi-Parry-and-their-twins,100,420,0.2373046875,0.1390380859375,"[[0.805641770362854, 0.4494583010673523, 0.88272625207901, 0.5846573710441589], [0.3945797383785248, 0.31171804666519165, 0.4887923002243042, 0.47598958015441895], [0.23997025191783905, 0.1486750692129135, 0.35711967945098877, 0.33886927366256714]]",25c68df4d79e561fc454f8c91c589b7221d2559c4dc67068afd8fe941549300d
56b6656e328f0a2ea44e6c26bdc4d01f,https://cdn.riastatic.com/photosnew/general/adv_photos/akkordeon-meinel-herold-120-bass-50e-g-v-otlychnoe-sostoyanye__51144763l.jpg,seaspray aqua coastal vase,420,970,0.213134765625,0.151123046875,[],7a854eb642a25f805272f152d2fb305633a4e2da470315fa2714504db1d09676
617eff193a3d52ff7e8f569e04334e6e,http://centerofthewest.org/wp-content/uploads/2012/09/A_Oakley_Video_Screen.jpg,Conferncia + Vida (Primeira Igreja Batista de Campo Grande) Tags: adolescentes adorao brasil campogrande comunho confernciavida confernciajovem congregao corpodecristo deus editorapmelasampaio fotografiadanielmenichelli god jesus jovens jovensemcristo juventudecrist louvor msica orao pibcampogrande pibcgrj prcsarbaruk prneilbarreto pray primeiraigrejabatistadecampogrande riodejaneiro teatro worship,200,1000,0.25830078125,0.25634765625,"[[0.0, 0.1266440898180008, 0.12326429039239883, 0.4259439706802368]]",cc0e7eaefe362d80a0fed66e26e301039ffe815bf96aafbe39aa6670fc9f35cd
6a1b93f7b947c1212145a0fbd97e10a6,https://sep.yimg.com/ay/entirelypets/zack-zoey-aberdeen-sweater-medium-8.jpg,Image ID: 88267,130,175,0.25927734375,0.219482421875,[],6e9e060a7a9300060ae631d39d7eae4ed6afde063cd9e949156c9a4c0ee46962
24ed75c3468eafbb0493dba4930b10da,https://cdn.vente-unique.com/thumbnails/rs-default/nl/be/70/default.jpg,radar online,1000,18,0.313232421875,0.2164306640625,[],a95db01f0da9af0f6911ea98b6c3007dff365e52d7d6433f8c39c59d4e7442cd
dfeeb2f0e5456aa1015dc177fe29fd51,https://static.wikia.nocookie.net/metroid/images/b/b3/Weakened_Column.png/revision/latest?cb=20130924055154,Long Run Recovery Tips,960,48,0.30810546875,0.1348876953125,[],34147d3067ac71ebbdae3412cf4b0edec46eb8d948e1afb1b2f29ab6318486fa
c4228f06c6ff5b02b6f91dec49af1668,https://i0.wp.com/makeyourlifehealthier.com/wp-content/uploads/2021/03/Manage-and-Improve-Your-Health-With-a-Professional-PICC-Line-Placement-in-Texas.jpg?resize=400%2C400,protection civile Algérienne,500,107,0.25341796875,0.327392578125,[],001f402afd98d0a73c2c384c4c773e86803c22d75e03237ccf96a15c44cbc7a9
599e2be62d362be7176db5e01b8a95c1,https://szupicuccok.cdn.shoprenter.hu/custom/szupicuccok/image/cache/w210h210/2020/Szeptember/15/2163%20Xiaomi%20Redmi%206%20tok%20Minecraft.jpg?lastmod=1610098284.1603182316,Big Textured Three Section Bronze Plate Statement Bib Necklace Adjustable,190,80,0.2130126953125,0.302978515625,[],33ce059d91c2de17f1986452077b5325279b3d0f2f2b030ab0f5fdfb332b8f7f
49ee6dc87677ea3dce7d3a2d21d90f3f,https://www.telefoonboek.nl/images/show-tel.png,Owens Corning Roofing Materials Richmond,736,370,0.297119140625,0.1546630859375,[],694a7b4cc9653397602609bb5a4919f31cd009e9c5653a2fc2c2c4ef57c781ad
013476c320fad937d2a44b48ab7189d6,http://t0.gstatic.com/images?q=tbn:ANd9GcTly0dcJKuD4Mle8uN-MKMaBf44-TRCyhCrzCarMf2nFMgZYX1h,咨询易德铭律师,560,960,0.308349609375,0.1834716796875,[],8de81779e632ad186d5f45d6068ba7a6f6ddf7bfa44bcb1a85fbc477275fa641
0f32c684503bb93ebd10fdb0c7fc5b1f,https://cdn-dmod.akinon.net/products/2019/02/05/59703/6eb6b0d1-f9dd-4f5a-aa0d-1eddfd1ed7d4_size370_quality90.jpg,Lykke ILS,160,160,0.2467041015625,0.150634765625,[],c7d2e0ef977d496234367737d3dfcad08a7deb00ed019aa5a2171ce6befd94ab
96b883a225660f3deedda3f2ba0c11c8,https://radiovera.ru/wp-content/uploads/2014/01/38-300x252.jpg,  NAT'L ENGINEERS WEEK  Future Cities Competition ,182,533,0.156982421875,0.2083740234375,[],b49a3963fda60dbbb96f89852134e96c779324efcfa25adfe4023eed540ca95f
7cdb594310d9ae460b6758f872012802,https://upload.wikimedia.org/wikipedia/commons/a/a4/Colorado_Christian_University_Campus.jpg,Taqueria la fiesta,500,300,0.2646484375,0.31298828125,[],a3b26bd69923385967b02cf13ace868a76b86d994bccbcbbb56052110038359b
5fb3da30631d324f330baf4de07e4cb5,https://i.servimg.com/u/f73/18/12/67/42/101_6214.jpg,Profepa asegura m&aacute;s de 40 toneladas de residuos peligrosos ,80,683,0.28271484375,0.2607421875,[],98c62473b42861eb4b0b69eab2a3818391aa1155a9d810a631b1819890a2c024
9d60206de71a75100bf2660ee01d2ad8,https://bcnexcplorer.blob.core.windows.net/images/ARJPZEa1v52mHTc2HyKeFBcwz2QzTgtSci.png,critical disposition Critical thinking is a key element of complex problem-solving and professional behavior an ideal critical thinking measurement instrument would be able to accurately predict which dental students are predisposed to and capable of thinking critically and applying such thinking skills to clinical situations.,207,180,0.195068359375,0.2462158203125,[],b150925619479983e36789642d0d6a9c5dfb7162de33788c4d15728ec2ce335e
edcce78f6020a5f10506bc2cc3a85466,https://www.jeancoutu.com/catalogimages/644007/viewer/1.png,Samsung Galaxy Case/Skin,50,175,0.2222900390625,0.173583984375,"[[0.7947797179222107, 0.23428764939308167, 0.8389571905136108, 0.28778353333473206]]",35230679f3d5c1d852e5f2c287ab3d9987eb6f74dfeebd7814523a177aa815f9
d7f16286807e6a24ba926781272a5512,https://i.ebayimg.com/images/g/XOwAAOSwcqBZwVLm/s-l80.jpg?rqid=p3.f2d85497119b3ef1f303&rqt=SRS&a=1&c=44&dealId=1WqV2W9_e5YzU8vvUbShmg%3D%3D&l=8051094&linkin_id=8051094&r=10&pr=10,В Новосибирске расследуется уголовное дело по факту незаконной организации и проведения азартных игр,670,198,0.2060546875,0.097900390625,"[[0.28176766633987427, 0.0, 0.5601394176483154, 0.3418552577495575]]",a567462f4edd496bdf5cd00da5bbde64131c283e3cf396bfd58c0fac26b13d9a
289cf2ea9005b08aec83cadf1ac49c19,http://www.educatout.com/images/Dessin-a-completer-Le-partage.jpg,HEVC to Premiere Pro Converter - Properties,375,150,0.2222900390625,0.27685546875,[],f9b69e2fb132897c12e3d33db25719566f127749d9dcf575aaeeff33391c93c7
f53ef5bbea4733770aebe9b90794dc1f,https://t3.realgeeks.media/thumbnail/9mLG_SeWOCSzL5F24IZ7xyZOeWA=/182x144/https://property-media.realgeeks.com/382/2ec7a56a7bc60b118e2645d39d8b3beb.jpg,geizhals.de,1140,600,0.26708984375,0.1602783203125,[],6a00f5fbd2941fa626a62635f189f9efa6411d14f56f3f016136e88055cb255a
123adec1b31dc29b0fd20aa5dfab9b2c,https://secure.gravatar.com/avatar/028e89d464d6f556c9d2c0bd526f8cd9?s=80&#038;d=mm&#038;r=g,marks single hispanic girls This year marks the first say that more teenage girls having babies is the pew hispanic center conducted seven focus groups during the summer of.,160,160,0.228515625,0.2200927734375,[],863b62c5aeb4ba701195ce11d281d50e90544f807f610c8012dcfbe6c9d19832
c020f0cecfb7642ff908eb749f477431,https://img2.staticmorizon.com.pl/thumbnail/aHR0cDovL2ltZy5kb215LnBsL3RyYW56ZXgvYy90cmFuemV4X2RzX1RYTi1EUy04OTgyXzEzLmpwZyN2PTFfMTA5NzI1NTc0NA==/91/64/4/thumbnail.jpg,Eniro nummer,330,225,0.30322265625,0.1494140625,[],b22816a257f8c33d1fdc8ce7dc635fd5854af57b76d536fa498f2b4a09ec6614
ddbee81046fef15c4e1c446ad75b454f,https://image.tubefr.com/thumb/110x68/0/39/039eaeac11dd24f2a3d69b1376345f01.jpg,Courroie pompe haute pression,85,200,0.1865234375,0.221435546875,[],f701079c93a70268a76fbdd072b0f148edd14d92597cd1633c58bfcfd9006e89
ec2c0f03a8e753f9cf5fb844b9e63ba6,http://render.fineartamerica.com/images/rendered/search/print/images/artworkimages/medium/1/1-summer-memories-blue-hydrangea-n-butterflies-audrey-jeanne-roberts.jpg,Wertgutachten Immobilie Hilden,197,70,0.24658203125,0.320556640625,[],df0a5df080b57212936e114abd9670cb4f5cfd627b45f5c0e3233d43ddb2765d
693e6b6de62c0d2f759bc71eeca3403c,https://valerialonso.files.wordpress.com/2009/10/img_20151008_110149_349.jpg?w=252&h=336,Домик &quot;Арагон&quot;,5184,118,0.2705078125,0.10968017578125,[],2a184f5e4729ecc8e653be146af71a7b910df49d33a04c05afee1e4d52395173
8ba446c80ce8e9c787828ba61853e960,https://377d7fa067.clvaw-cdnwnd.com/0a317a4dfc5ec3616fcbe8c866d00e86/200000027-0ef850ff21/dscf3183.jpg?ph=377d7fa067,livre miroir -4000074_1920.jpg,160,634,0.2125244140625,0.1343994140625,[],96d15fd8e444b590e8dbda42e2467653e0d6686ec41cc2d76f4d7c2731384314
1753ad78926521b2cc0ef9639e736717,https://images.dealer.com/autodata/us/large_stockphoto-color/2016/USC60TOS071A0/1G3.jpg?impolicy=resize&w=320,Igreja? To^ Fora!,700,301,0.2322998046875,0.1357421875,[],d5e048e19999624b6e10529119f613a086cf092aec120cfc492edc48002ee8d8
1fecd3b001d3333493462be25fcfe558,https://hamyargps.ir/wp-content/uploads/2020/08/2020-08-17-04.16.47-min.jpg,Gear Oil Pump 10 Liter,182,500,0.2264404296875,0.1910400390625,[],44c8e52a927d15f8a9aa86381df67f51c739b5d3ebd158112f60635c8ef00231
89dee0844085e0ca786a103b5d379776,https://occ-0-993-988.1.nflxso.net/art/3e871/471049d3cb183be8240d36166568f3cd8d13e871.jpg,Ogden Orem Baseball,904,340,0.297119140625,0.108642578125,"[[0.47146108746528625, 0.7101889252662659, 0.549582302570343, 0.7448219060897827], [0.5415240526199341, 0.2695140838623047, 0.6230740547180176, 0.3053309917449951], [0.4937422573566437, 0.4877108335494995, 0.5698379874229431, 0.5217628479003906], [0.701940655708313, 0.27407944202423096, 0.7735806107521057, 0.3066229820251465], [0.6994311213493347, 0.49787449836730957, 0.7763758897781372, 0.5304710268974304], [0.6798788905143738, 0.7192575931549072, 0.7537551522254944, 0.7523066997528076], [0.35762858390808105, 0.29049551486968994, 0.4359545409679413, 0.32805103063583374], [0.37042662501335144, 0.2744120657444, 0.44844090938568115, 0.3114679753780365], [0.3320636749267578, 0.4989802837371826, 0.4101971983909607, 0.532519519329071], [0.30613934993743896, 0.7161122560501099, 0.399490088224411, 0.7558510899543762]]",6d8a6bd3c7db7beb6a29f3d915ce293f0e2f234232f83652bb388c8897745536
a8694b611401dbd18e5d81cf64abf1bc,http://www.keiyama.eu/media/catalog/product/cache/1/thumbnail/50x/9df78eab33525d08d6e5fb8d27136e95/s/-/s-366_zoom.jpg,"Survey Membuktikan, Manny Pacquiao Diminta Bertarung Ulang dengan Floyd Mayweather Jr",1401,360,0.191162109375,0.1768798828125,[],aa279adee78ac35524f064285032f6e228f60b5f3640d86a168214ebc0ab9f04
fd2f068819295f4cf725bded3abe459a,https://i0.wp.com/i1108.photobucket.com/albums/h403/magstdupizza/cava03.jpg,Masmorra de Kuromancers,1280,264,0.283447265625,0.293212890625,[],053415366d23d4207c2468b222fa4bb64e47fe2036e9199d5b7ea9617a0bf2d7
adcc99496b40661bc279a6ae4067440d,"https://s7d7.scene7.com/is/image/GTMSportswear/1012TL-2?qlt=80,0&amp;resMode=sharp2&amp;fmt=png-alpha&amp;hei=380&amp;wid=380&amp;layer=1&amp;op_colorize=181818",У ребенка синдром кошачьего крика фото,558,50,0.2288818359375,0.263916015625,"[[0.45108887553215027, 0.23648817837238312, 0.545998752117157, 0.32817065715789795], [0.2995642423629761, 0.16210202872753143, 0.39518630504608154, 0.24014069139957428]]",8a6b633a2687a329540abeeae61fcd7f25c4f649b7d2606ed520c821f8703db4
af2e368314a4c04356be90551fadaf8d,https://i1.wp.com/blog.hellofresh.de/wp-content/uploads/2017/08/HF170830_298_ExtraShot_HealthyNuts4_low.jpg?resize=330%2C220&ssl=1,8 Digital Outputs with Relay 222-1hf22-0xa0 PLC,800,450,0.236572265625,0.1634521484375,[],e4a54d8930f580ac6f196acb1de43689f6950fdeae6611ffa8337a1c534be003
431e1844f280a69bf6ddda6fd7af8080,https://c.ndtvimg.com/2020-12/6rttj3bo_home-entertainment-gadgets_640x480_21_December_20.jpg?downsize=234:176&output-quality=80,продам Аккордеон Meinel &amp; Herold 120 bass. 50е г.в. отличное состояние. бу в Краматорске,324,622,0.2039794921875,0.1689453125,[],98afdff75e6d672916540d89300b57c24f36fa18c229a49d4c3f6a8801e28874
59500357c20e62f556c848c2d680a9cf,https://jobsnet.in/wp-content/uploads/2020/03/amazonintern-300x300.jpg,jetonrecords,595,89,0.3173828125,0.39990234375,[],69d221fa8a3b75e8e07a4a192f8fdd9aad46b97c8e671108df17bffb4ba06207
c44587d4edd635d3f33efeec6f004d1b,https://i.imgur.com/gVJ5Ibd.png,NBP1-83144 - CYB5R1,699,565,0.201416015625,0.36181640625,[],63fc3ee49a79c66e583c97973dd3e9eb23df374260c90ef18680dcd41d7c5a93
71489e341524a70d48ef77967d4544b2,"https://static.wixstatic.com/media/ead6fe_35471e6de69d4fe89066961a9d4cb2a6~mv2.png/v1/fill/w_498,h_283,al_c,usm_0.66_1.00_0.01/ead6fe_35471e6de69d4fe89066961a9d4cb2a6~mv2.png","Scenic image of spruces tree. Frosty day, calm wintry scene. Location Carpathian, Ukraine Europe. Ski resort. Great picture of wild area. Explore the beauty of earth. Tourism concept. Happy New Year!",300,160,0.2431640625,0.1636962890625,"[[0.5961399078369141, 0.06620582938194275, 0.6206028461456299, 0.10421113669872284]]",cf591fe32809e79e12637299b6f7dc9ee8e2e7fe24aad7fb06d75ca720e5917d
95dc57a08d494be462c83a3276be3944,https://st3.depositphotos.com/3875813/16495/i/450/depositphotos_164955400-stock-photo-children-with-bouquets-of-flowers.jpg,Single Hole/Single Handle Lavatory Set,240,150,0.309326171875,0.254150390625,[],33b2572436b7f68e48a477d7321dfbb7577fba3943ff7eaff825381f85f64e6e
3b8fd97acc6e1fe351ffc531e9656a75,http://tse2.mm.bing.net/th?id=OIP._KvL3NKtbwaY8eCtXLL70QAAAA,"Best Web Page Design Company in Virugambakkam, Best SEO Company in Virugambakkam",557,801,0.300537109375,0.165283203125,[],da9a649c92de8eb6b6b1e80b6e681cee207f0bcde79e9c64930b22b5921d0e71
152d20fcf51187e0b133ba6e4bf7ed40,https://cdn.awsli.com.br/800x800/140/140340/produto/136680788/6edb05a17a.jpg,Bàn họp SVH3012OV,351,146,0.19482421875,0.309326171875,"[[0.17919978499412537, 0.19499962031841278, 0.22303274273872375, 0.2725104093551636], [0.3520415425300598, 0.18524591624736786, 0.39057913422584534, 0.2499057501554489], [0.5205276012420654, 0.0784485712647438, 0.5590126514434814, 0.1414041519165039], [0.5240113735198975, 0.1820215880870819, 0.5653161406517029, 0.24857911467552185], [0.4348127841949463, 0.032234400510787964, 0.4706270694732666, 0.08851158618927002], [0.4649260938167572, 0.2028455138206482, 0.504707932472229, 0.27154648303985596], [0.38615524768829346, 0.38215285539627075, 0.41774436831474304, 0.43683648109436035]]",4f16f865f5b6fe2823d034e0351c04c2a9a632d77070b4f6805ac52a1c957672
b64c5e39fbd2c42de0861e083e8ead2f,https://cdn2.voltag.ru/50/7e/fd87931b49068708b0e79f7114d5.jpg,28 Absolut verträumte böhmische Gartengestaltungsideen,105,64,0.226806640625,0.2347412109375,[],3473657381b53ce5bd7ddb4deda3e7bea6f47a6b41c9214cef31ce495a9d7519
42fce24846dddb297cd184bdb998e509,https://rimage.gnst.jp/rest/img/70h7wrt40000/t_0n6b.jpg?t=1556330052&g=157,Obrazek,410,56,0.271484375,0.27783203125,"[[0.16859808564186096, 0.41273120045661926, 0.20116783678531647, 0.46642744541168213], [0.4925457239151001, 0.402222603559494, 0.5216960310935974, 0.4525095224380493], [0.34298428893089294, 0.4319784641265869, 0.36808472871780396, 0.4731091260910034], [0.3874557614326477, 0.44043320417404175, 0.4144461750984192, 0.4833320081233978], [0.7559082508087158, 0.3801177740097046, 0.7932633757591248, 0.44234827160835266]]",6694e0ee204c5f859ccf132297f97fe979ebefa47c3d4e6e2ac852408400367f
245b6a90653ac68eebde1a217a36dd64,https://dreambaked.com/uploads/articles/RawMatsImg.png,PS2/70000型屏幕,163,300,0.302490234375,0.34326171875,[],0fd125ebecf19a60b5fc9cae54ee9b868b00cc036708b9f475df1fea77807efe
412a81e61897f225abeff4f857315456,http://imgeditor.bf35.com/Thumb/2/20150408/635641101395948693968.jpg,Borstkanker examen illustratie,220,263,0.290771484375,0.260009765625,[],ed8a421a26823d03bc900b5d7490f976d57c16fdfe827ed6743dbfb7123c45f3
dc99520f5de52cb06b5d7e7598ce5489,https://www.britishbryologicalsociety.org.uk/wp-content/themes/cgit-bbs/dist/images/images/bbs-logo.png,Turtle RICE KRISPIES® TREATS™,840,93,0.2127685546875,0.15869140625,[],8639f88c64818928a2d80e683d7c0c3f2cd6d9cf41d390211b96333210a63e82
c51c83caeee704ffc6c51b752f1cc72a,https://www.flooringsuppliescentre.co.uk//media/inv/i/512/OSMO3164D_10244.jpg,معزا هولنديه فاخره والد للبيع,1024,570,0.180419921875,0.18505859375,"[[0.27369022369384766, 0.13663792610168457, 0.7455171346664429, 0.7885103821754456]]",4a7600819e8b9ac3b07da5cde74218094f5daa5ec5f68aabcf65ff6bcba625d2
edd8ef62365f20bfe095c01f67a027f1,https://www.sefiles.net/images/library/large/pearl-izumi-pi-jersey-329816-1.png,Çocuklar Kapşonlu Ceket Bebek Bebek Karikatür Dinozor Boş Kıyafetler Çocuk Casual Giyim Boys Kamuflaj Kapüşonlular Gençler Fermuar Coat 2-8T 06,80,350,0.262451171875,0.2406005859375,"[[0.2184775322675705, 0.20494668185710907, 0.26216229796409607, 0.3083234131336212], [0.27002671360969543, 0.2581522762775421, 0.32181525230407715, 0.3760453760623932], [0.749043345451355, 0.18154102563858032, 0.7965901494026184, 0.27989694476127625]]",91322c7a012fe37a17d206d413722b2f27933390901aed82c405c38220657921
5b82107da9b508e172260b792650a6c7,https://books.google.com/books/content/images/frontcover/TTetDwAAQBAJ?fife=w200-h370,In-Game Hosting the Toronto Marlies,512,377,0.333984375,0.1298828125,"[[0.8423882126808167, 0.13654792308807373, 0.9182616472244263, 0.31771114468574524]]",5fe50ab644c4d86856aebea498c5a8046759e8eed40109d82bd70f3528e8b1dd
2b4ba9e1eed7a21ef3dc9185995dca3a,http://thumbs.dreamstime.com/t/gothic-church-new-england-good-shepherd-episcopal-53663577.jpg,wpdiscuz_captcha,98,251,0.367431640625,0.197265625,[],078bf598fd17b2d24778e5f81f8b8fc68bd3d6959106e42d9e1f616e9b569266
4efba4edddc2ed69e13593722ae5b084,"http://29e5534ea20a8.cdn.sohucs.com/c_fill,w_155,h_103,g_faces/c_cut,x_22,y_0,w_597,h_398/os/news/cf403176e46e084c84745c481f74b076.jpg",Profesjonalny bezprzewodowy mikrofon Bluetooth głośnik mikrofon ręczny mikrofon Karaoke odtwarzacz muzyczny rejestrator śpiewu KTV mikrofon tanie i dobre opinie selectec Mikrofon pojemnościowy Karaoke mikrofon Pojedyncze Mikrofon CN (pochodzenie) Dookólna wireless WS858L LED Handheld Microphone,180,320,0.35205078125,0.253173828125,[],f6737f035d93ca9d0a124b119fac32084702f907535ff24984122e966440e955
1d233c40ecfac8d3bd66bd53d54605b4,http://image.slidesharecdn.com/essaywritingworkshopfornursingstudents-130809015618-phpapp01/95/essay-writing-workshop-for-nursing-students-4-638.jpg?cb=1376013390,Navy blazers,400,247,0.2978515625,0.11248779296875,[],91af9afb3cdf501af255ac41e88d2564466735783f600c5178cdf3435a8e1571
02296804e8fb93d411f93ba7c7f73c2b,http://test.excelbottling.com/www/wp-content/uploads/2016/02/Excel_Beer_Logo.png,edward van halen &quot;Blood and Fire&quot; &quot;Ripley&quot;,474,394,0.30908203125,0.274658203125,"[[0.18238778412342072, 0.1143132895231247, 0.5416523814201355, 0.7229686379432678]]",f8720109c3ef3b255a6fcb8cd8e05871371536dc77b3528da15cb68114876df9
b768521b0a34370a0e162a51492b7c12,http://cdn-2.tstatic.net/default-2.jpg,Image of Sakumo Hatake,80,50,0.260498046875,0.251953125,[],b6e4039e46e4c065e2f3bc9d25a0f59ee469564f9bb4249459393e0e497da859
bae994bb1ce3d5d3f52b82078e944997,http://www.neonsigns.hk/media/upload/2014/04/instagram1a-200x300.png,8615543709664,160,160,0.2213134765625,0.27294921875,"[[0.32331618666648865, 0.057632409036159515, 0.6335934996604919, 0.5715494751930237]]",609810849dc2f5ee2169cec1f0052081c20205cdb494fc239ae24ccda6410992
9c41314f6c83b2867571593a803b60f1,https://imgaz.staticbg.com/thumb/grid/oaupload/banggood/images/FC/25/66bd08ad-9a9a-4033-9669-78917e57a14f.jpg,Leatt DBX 2.0 XC Helmet (Granite/Lime),750,182,0.2491455078125,0.22119140625,"[[0.08600305765867233, 0.051743168383836746, 0.19613716006278992, 0.20401860773563385], [0.7474800944328308, 0.045130614191293716, 0.8594080209732056, 0.20279428362846375], [0.4296818971633911, 0.04942960664629936, 0.5284044742584229, 0.19945590198040009]]",cae89222e1552e0c5a4b4c4f56a9e991b260a009b138bf6b1ea45f73df2d0fcb
318d71851694b1dba169682ec9e57a36,https://encrypted-tbn0.gstatic.com/images?q=tbn%3AANd9GcQF-8foKfKpZb1IHqoV0WxBJo6agvO0yBV23F5Z5KE9QyyN_Kru,Генератор ALM0481,110,336,0.1876220703125,0.10638427734375,[],4ec26ded1bb01077d950825f1b9269314f25121d56d2156e4930e5338b6a94e9
7f3a152124a070520e8a7413ea4f228c,https://images.squarespace-cdn.com/content/v1/550780c1e4b0931cd38502d6/1427779945337-D9ZAXBDX4KD6BEZQ5E5Y/ke17ZwdGBToddI8pDm48kCh0XF9UwKb4666FoWo_zGhZw-zPPgdn4jUwVcJE1ZvWEtT5uBSRWt4vQZAgTJucoTqqXjS3CfNDSuuf31e0tVHbQo6Gy9TRCBDTgSGaNi0oF_ooISPGc0EHH-b8W1KKnFTL3NBKIiKtV-X3R_Kydsk/Nic,羊山公園,130,236,0.322509765625,0.2078857421875,[],48ddc2ac3160b122d0405e3d66c75999e262dcaf35d9e9d7b1b823984778eabb
c8648adf13eb8c5327649ed95e8204f9,https://driver.gianhangvn.com/image/cau-dao-aptomat-tu-dong-dang-khoi-mccb-abb-3p-70ka-1250a-t7h-m-1780031j30580x200x200.jpg,[graphic][subsumed][subsumed],788,135,0.23095703125,0.2509765625,[],1ab756dbde13dfd83db439c04b7e2b1cd88a939ce5d3622ee3d9a995525c27e0
1a3cd93dfd15acb46754cfb638a7065d,https://img.youtube.com/vi/lKLExoAqL0M/hqdefault.jpg,photo by Kyrenian     Altug ,600,901,0.20263671875,0.1043701171875,[],2e916caa7083a55724b0d069894f4ca3487dd3bcac08a625140fb392b63fb92d
c62a95c2ad38fb7e095db2ba43ef600f,http://static2.rockmetalshop.pl/pol_il_koszulka-DISTANCE-IN-EMBRACE-CYCLONEBLAU-72609.jpg,Wolf Shadows,252,1000,0.25146484375,0.16943359375,[],4323a880172c3db8fec004f5580773d492a06e2a889e9b5cb311b55d8aac6233
6a50bc38841df907de1d2e8e5f90f461,https://cache.legacy.net/legacy/images/cobrands/Telegram/photos/photo_084929_WT0057736_1_image_20180917.jpgx?w=140&amp;h=140&amp;fc=f5f5f5,"Image 2 of product Marcelle - I-Bronze Bronzing Powder, 16.8 g Light Bronze",240,479,0.226318359375,0.2587890625,"[[0.3761295676231384, 0.014468451961874962, 0.6031643152236938, 0.34657424688339233]]",59808b0200bd49bc9c8343cb2eb2cb541ac030b2a394ead70ec1dbf90fb4d9dd
58c0b5a5a173beceb292a452f9c8579e,https://s-media-cache-ak0.pinimg.com/originals/12/71/3e/12713e1fa1b7b4ec3f120b97492e0b9d.jpg,ixo-1-43-porsche-919-hybrid-no2-gagnant-24h-lemans-2017-bernhard-hartley-bamber-ixosp919-4316/,80,103,0.37158203125,0.19384765625,[],1d720abbb8f99becc062d40303205605caaaec1da2fbcd79c65ccaa662bc94cd
0acf759bf85b1d48004901718c74208c,https://image.shutterstock.com/image-photo/scenic-image-spruces-tree-frosty-260nw-736331731.jpg,Sorcières (Star),400,740,0.279541015625,0.25341796875,[],b479db43780cc0c416d8a87355fdf3541d874594e35046cfcdeaf83bc57d65aa
fe1b165dc769b150d5e3b9e73945df10,http://www.mensusa.com/images/icon/image1873.jpg,Uta Raasch - Rundhals-Pullover mit 1/2-Arm,80,163,0.30859375,0.212890625,[],b879aff53b21c69dbe67d86d087bebe1a4c7a82ae1d04b7fb43b4095b16aaf40
e49968a1facbee588cbe726c0f4a8b03,https://cdna.lystit.com/200/250/c/photos/balenciaga/6fc45b89/balenciaga-NOIR-BLANC-Sneaker-Speed-Clear-Sole.jpeg,100 % Kosteloos https://winoramacasino.be/ Koningsgezin Casino Opzeggin Paypal,260,100,0.18212890625,0.1884765625,"[[0.43009519577026367, 0.17808204889297485, 0.5185403823852539, 0.26909947395324707]]",2bd989b0be5482d0a6187c86d67b8d426c320c84f77c39199619ec1ce0d3bbee
4f761811239d063469e6291ecc9959ac,https://bigtenrentals.com/wp-content/uploads/2016/04/Pipe-and-drape-along-the-walls-at-Old-Capitol-Mall-in-Iowa-City-IA-01.jpg,Weakened Column,500,393,0.2314453125,0.246826171875,[],a567462f4edd496bdf5cd00da5bbde64131c283e3cf396bfd58c0fac26b13d9a
60bdc5351cab091440a3c604412b38df,https://www.calendarpedia.com/images/months/2020/december--2020--calendar.png,Comment fonctionne la transmission familiale,150,1400,0.233642578125,0.2183837890625,[],9d2c5c3dac0d05154c035c0e19fc8d5c8cab177b7e82921658c63feb4dc2c048
4eef5a6fbf088dad3a6aaeec3c040104,https://i2.wp.com/www.trucsdepro.fr/wp-content/uploads/2018/08/IMG_20170430_090528-1024x575.jpg?resize=769%2C432,a0075455_823579.jpg,50,96,0.286865234375,0.1480712890625,[],e29ae06bdb173b89f55e67c48835bb050ddbf2fb8871ce4382af95da8c223e2a
d3b8ecd810e7de6d571feb2f31b43222,https://www.surlatable.com/dw/image/v2/BCJL_PRD/on/demandware.static/-/Sites-shop-slt-master-catalog/default/dw055bc59b/images/large/4639613_02i_0718_01.jpg?sw=360&sh=360,LABEL51 Eetkamerstoel Bink - Army green - Microfiber,160,665,0.2127685546875,0.25244140625,[],002921619d1a5b305fd2c3b873e92fdc28c66fbd955f6b9ac794ac2d97508a4a
38fbe25c848b54183ac941f2ddbf216e,"https://r.r10s.jp/ran/img/1001/0004/904/710/412/381/10010004904710412381_1.jpg?fitin=400:400&composite-to=*,*|400:400",大谋神,500,300,0.22314453125,0.372314453125,[],919b08c6d16e80a5c94f9d254db3b9e3c7935b1582b7d81b81d412e5f702a03f
9cfbea1ee1761078670e1c3712237bc4,http://img.110.com/lvshi/37/4999337.jpg,Cushion1,440,720,0.26025390625,0.126708984375,[],a99edf3faf284cfa43cb2cb77e29402129e31f686395f343a6bfdde52a5cd5a9
6960402b4fb836eb7904ee244735983a,https://www.spotlightstores.com/medias/BP80391779.jpg-SPOTWF-productHero?context=bWFzdGVyfGltYWdlc3w3ODI1NnxpbWFnZS9qcGVnfGltYWdlcy9oZWEvaDQ5LzEwMTMxMTU0NzYzODA2L0JQODAzOTE3NzkuanBnX1NQT1RXRl9wcm9kdWN0SGVyb3w2ZWU3ZjE3ZTE1YzQzMmFmYTc0NmIyMjkwZDUzYWVjNzA2ZmY2YjZkN2MxYmNhMTUyMTE4OGI1MGIzNTM3MTg5,Crafthouse by Fortessa Tritan Mixing Glass,300,125,0.2203369140625,0.254638671875,[],bcc606429d8b603d797c48a4573f765a0303e02926732aa32d857b562b64bf93
f143ac7975079bbb8485e51eb38f68df,http://kapitalis.com/tunisie/wp-content/uploads/2016/06/Mohamed-Zinelabidine-Carthage.jpg,Airbnb ,475,284,0.2216796875,0.11065673828125,[],7a05886364e9e1ad8e215d091261638f539aa2709e97089208dcb6f8d6fb6b47
975d75a41b982b2645799c7f6f679a0d,https://www.senetic.ci/i/norm/low/60131465_9192254531.jpg,"Laufrolle mit Halterung, Lauffläche Kunststoff Lager Kugellager Rolle ø 25mm EP vorne",360,960,0.1871337890625,0.1973876953125,"[[0.9134532809257507, 0.2559348940849304, 0.9396243095397949, 0.3035510182380676]]",c7c3fa869817cd42e806cd85fe4d68a4ac75af16aa6828b37a84b12f9b4e4af6
9117d64a0fbc336b7a1d8414ba62fa38,https://acf.geeknetic.es/imgr/imagenes/noticias/2020/18189-intel-bajada-precios-muestra.jpg?f=webp,Sandiegolocksmithsus  Heavenly Invoice  Freewordtemplatesnet With Captivating Auto Repair Invoice And Ravishing Business Invoices Free Also Template Of An Invoice In Addition Sample Invoice For Consulting Services From Freewordtemplatesnet,517,200,0.24609375,0.160400390625,"[[0.38078320026397705, 0.16893167793750763, 0.6393896341323853, 0.5394138693809509]]",b789e6b63035da92170c89cff930f163987528ca146dc2ef32e0a441f645273b
d31b83ee9b32fbc3e6f1d7f2fc06e31d,https://image.made-in-china.com/2f1j10KnDTzAePHauH/DMX-Artnet-Control-LED-Dance-F.jpg,Visit our Berlin Lab – Online,280,600,0.257080078125,0.0986328125,[],4b836795d427fe8487dfaedf137d38141aa0b10addeb0c409907a65078eb32bd
fd84802095b9109e74ec2d02d3460fdb,"http://ecx.images-amazon.com/images/I/41zyn0EkqWL._UY200_CR0,0,149,200_.jpg",ドア ハンドル 送料0円 カバー 皿 サラ 新商品 新型 シェル プロテクター アウター ガーニッシュ フィニッシャー DHC－SARA－085 BRIGHTZ フリードプラス GB6 フリード メッキドアハンドルカバー GB5 フリード+ プラス,250,77,0.36474609375,0.262939453125,"[[0.7098276615142822, 0.4642866849899292, 0.749108612537384, 0.5278423428535461]]",091bd284a816c55b47fda479a14a864caa0f6c9168f01ecde8b1b3275c3dd415
2232d2e5979ba7dc36e1ac64fcf14476,https://steamuserimages-a.akamaihd.net/ugc/849340042670609596/995C77B99B7EF5FE58BC696B0C70CB5999502F7C/,Jual Mesin Pembuat Egg Roll (Listrik) di Blitar,300,170,0.250244140625,0.2330322265625,[],042fcfe5c7add5671052d7209824140e3448cbecb961c666ff0f1191043c7b9d
ea80df58d0a2296120a32fa2d2ead23b,https://i1.wp.com/www.30somethingmotherrunner.com/wp-content/uploads/2014/08/Long-Run-Recovery-Tips-.png?resize=150%2C150,khalid,640,163,0.3173828125,0.22216796875,[],cd0d1a055fa745a9560d44a6062bb53e85926356e27ca055d940351e938929f3
bbd587b239974f67a0a2e0799c342477,http://st2.depositphotos.com/4507219/7369/v/380/depositphotos_73695581-Panorama-of-Istanbul-city-and-Bosfor-on-November-10-2012.-Istanbul-is-the-largest-city-in-Turkey-constituting-the-countrys-cultural-and-historical-heart..jpg,"Ethnographic Museum, spring, Tbilisi, The Country of Georgia",444,150,0.191650390625,0.2247314453125,[],c69eaf49a1296fd347fedbbcc76c0879a42dbc78b5aa66185edcb5adab2a17c5
82d28eedd4cb4aac39bb3037685166a3,https://www.cdn-docs-ck.com/ck_img/zoom_ck/402706/ixo_1_43_porsche_919_hybrid_no2_gagnant_24h_lemans.jpg,Les Ch&ecirc;nes avis 1977,110,400,0.2320556640625,0.2474365234375,[],2a8f37593ef9d99e0cbb9ff4d9c75d839d6b207a6e5116d4a25520156ef0d212
5337ca4fe7d0719d2439a10e8e318baf,https://media.cdn.kaufland.de/product-images/200x200/01a374d135df4b815d2557d1bf574030.jpg,DSC01809_1024x685.jpg,300,369,0.2105712890625,0.2237548828125,[],7ad869931745aab78cfc62471d2f96a18e82037376d9bec6aa8bd32748217e47
b9e6c368b758ae07310f042fb3ebd979,http://thumbs.ebaystatic.com/images/g/zZIAAOSwKrhVdNGQ/s-l225.jpg,Mohamed-Zinelabidine-Carthage,110,300,0.2081298828125,0.301513671875,"[[0.3879714608192444, 0.18641544878482819, 0.8533251881599426, 0.7959544658660889]]",163254a61be82a8e1b3e3915148023861fb29767568bbb2c1a11fae94e21f443
f8d557434f6ca8a8dd5bc0fe4ee1539d,https://www.osobnosti.cz/img/placeholder/osobnostholka-214x321.png,"Mount Vesuvius Naples, Italy",120,550,0.31787109375,0.1636962890625,[],18c670ee5f1bec9625c79ca70560af97274ad1dc51fcbe66a3e4e9603885d953
5b0faa777795dd45f96c36732fd1da85,https://de.lzstatic.com/img/upload/reskin/img_placeholder.png,Kim Shapira On Nutrition And Diabetes,357,900,0.27490234375,0.1461181640625,[],f5620d095e714fe6f5943c0467cfd4000c941a545dc51be255415815736c0c69
30265117776ea898f2ac2890c324d577,http://farm9.static.flickr.com/8368/29168861972_2ef94c8b43_m.jpg,自分の「ニガテ」を知っておく【ある日のきのした】,456,169,0.25,0.353515625,[],c12e88b86fe8c75f690c640c9421cff89cc7e88e03e139d85489bd07a39ff5ec
d998a8ba39d01d9f896a85990499dc02,https://zipbooks.com/wp-content/uploads/2015/11/invoice.png,Plan Best Interior Christmas Lights With Places To See In Boston 1200x757,315,498,0.3447265625,0.1209716796875,[],a5b269eaec8a23dc2af610f9419696f28ebf8369ba009f39dd619a3e1feee542
a5dde2144ebc2a9dded1745c0d8f36f8,https://www.beurer.vn/wp-content/uploads/2018/09/35452-1210201410132-400x400.jpg,d5a5b478659 Wedding Party Dresses - Flower Girl Dresses - In Stock Flower Girl ...,395,507,0.342529296875,0.202880859375,"[[0.5844310522079468, 0.10265715420246124, 0.6626436114311218, 0.19529829919338226], [0.4548381567001343, 0.37233033776283264, 0.5248734354972839, 0.4567249119281769]]",3a10a34ddba2f5a8db523f22ee8e1472b5a14aebf0512a6902d70887bbe7a368
29daab4d3c17ec79e53d678cb8df2ab9,https://blog-imgs-58-origin.fc2.com/c/o/c/cocochida/20131024195223d1f.jpg,Love &amp;The Russian Winter [Import],1080,600,0.2227783203125,0.1541748046875,[],4724836cb53651b63968c42ced4d7473d0706592b6c5ede2cd91053dd6b19112
dce37b2833439ba6cd3e9cdc13b0ad2d,https://auto.aaa.by/wp-content/uploads/2020/12/1523-1-260x160.jpeg,"800503ZN - Volvo Penta KAD42P-A Diesel Engine 1"" Zinc Shaft Anode",100,500,0.2230224609375,0.2138671875,[],e7d686ea24d945b4fa86f14779bfec35d31d9805596e40a8840f88edfadaa822
e9725718459ab7bd3495167160aea5a6,https://images.longandfoster.com/Viewers/Property_Photo.aspx?MlsNum=409014&coId=16384&size=0&order=1,Madman Library Edition Volume 1,1493,507,0.321044921875,0.20068359375,[],c61dcbcc82653d8dc24fb0f3d35827d3d0b6d8866b45476985bdc58c26da7994
1e2cd64f923d69ceabfeb366b4ab6aa6,https://tshop.r10s.jp/brightz-shop/cabinet/01947648/02404396/imgrc0082108657.jpg,"Osmo Wood Wax Finish Transparent, Oak, 2.5L Image 3",640,600,0.352294921875,0.1669921875,[],998f6d463397c057cc05844bef81f043defc5d411ae3eb2ce8cd5d2ac074f17e
d05eb07dc5f07824ec0b31acc2a3f0e0,https://www.robbies-meubelen.nl/uploads/webshop/product/image/overview_10292_si-48.007_1_.jpg,"3637 Snell Ave 212, San Jose image",595,727,0.26171875,0.310791015625,[],a38b5dcaf680538821080d0277e0f71e5eb62b911a9d6f94c0cb0fb6ad5ec264
2e2553c519271683ee051f3b91836cdb,http://pds.exblog.jp/pds/1/200903/09/55/a0075455_823579.jpg,Writing for Publication By Mary Renck Jalongo,2048,499,0.2095947265625,0.2391357421875,[],f5e84eba254e9702acc25fcce85d6ab1b9149b2acccca353555b02a343714da4
0b02ee52298996ad8b915d46c81b4158,http://cdn.eyeem.com/thumb/h/400/c142244089b685d76e131c43c7901ed0a4292f1e-1358373737,BAZÉNY - DLAŽBA,300,194,0.3515625,0.13037109375,[],ebf0e85c10bb8905b91ad23cc7affa492b6b44746bf494b16761a837c94a1d86
493bd0fb8338a80f3914f1bfeceec2a6,https://farm7.static.flickr.com/6094/6286363877_f6bba61dc7_m.jpg,Elodie Details Игрушка-обнимашка Blinkie Blue «Зайчик»,320,480,0.2379150390625,0.1551513671875,[],15eb6e66b40d9dda0b46e93c67738e378dc8d27104bf3f8a6511051f9e5d7b89
0ec82d83b46334c1b89969846934dd0a,http://static.cena.com.cn/attach/image/20190601/155935406446335747.jpg,Manuela_Juergen-429-2,128,450,0.333740234375,0.18896484375,[],605dfad9a95ea4fe36b8803348e947c1ddbb4e5bf13599f7e282c50830db2a75
480a559db62a1d63728c52bb176d71bb,http://www.realadventures.com/listingimages/1197/1197935/s_1197935b.jpg,... und darum sind Nüsse gesund!,80,800,0.295166015625,0.159912109375,[],31eb7e3caf755c8b267fa88d28a3fd4227e3a04a234354f3223c2d95d2bbef4d
981fa8c617be4ca35c36e56ba8e1adff,https://s2.wklcdn.com/image_186/5594020/59125683/39444722_tn.jpg,Fantasy Helicopter Tours,100,132,0.251953125,0.2391357421875,"[[0.8316699862480164, 0.47067907452583313, 0.9808468818664551, 0.6149148344993591], [0.3173440992832184, 0.0009742532856762409, 0.47168850898742676, 0.178359717130661]]",a567462f4edd496bdf5cd00da5bbde64131c283e3cf396bfd58c0fac26b13d9a
a994cabfd83f8f63c026c11ef98fe21a,https://photos.smugmug.com/photos/i-JkkWdL8/0/L/i-JkkWdL8-L.jpg,Dessin &agrave; compl&eacute;ter-Le partage,347,120,0.252197265625,0.3603515625,"[[0.6262516975402832, 0.5553996562957764, 0.6473545432090759, 0.582690954208374], [0.5961940288543701, 0.5974763035774231, 0.6148233413696289, 0.6212048530578613], [0.449646532535553, 0.47924816608428955, 0.47750943899154663, 0.5137650370597839]]",221711c6aaef689d0bd0f78d88617e750dd5b64cfeed91a6efe51849e48dab69
8df9e7275359aa11d353ecd2320743ae,https://photos.mp4.ir/image/2021/5/132202-509421344/1-m.jpg?v=08CC21BD-DB23-48B6-A00D-2E3483D022F4,"Panorama of Istanbul city and Bosfor on November 10, 2012. Istanbul is the largest city in Turkey, constituting the countrys cultural and historical heart. — Stock Video",60,777,0.209228515625,0.2430419921875,[],fd3390fe5b53d49b22cf4519a2fb517fa15180854758bad50573597c911d3b7c
ebff54adf1c408d25bc04424e52d569f,https://www.webmountindia.com/assets/images/common.jpg,Purple Lenovo Tab3 10 Wallpaper,300,98,0.252685546875,0.2161865234375,"[[0.41618895530700684, 0.14558985829353333, 0.6886422634124756, 0.3999645411968231]]",e456747bed761288cb54e51fcc3bd142014340764e449411035e360cbe544bcc
1e2e19d723c0d4c5bf8bcccada744d4d,https://madampodari.ru/wp-content/uploads/e/5/7/e57ba1257f1d30e361f8f18db5c8262d.jpeg,カルラ舞う!　～外伝　安倍晴明編～（３）,615,565,0.31591796875,0.1678466796875,"[[0.12521955370903015, 0.8568593263626099, 0.14655406773090363, 0.8942602276802063], [0.7065955996513367, 0.9090074300765991, 0.730275571346283, 0.9512873291969299], [0.17271535098552704, 0.868902862071991, 0.19358786940574646, 0.9062718152999878], [0.1257234662771225, 0.9453839063644409, 0.1524132341146469, 0.9899109601974487]]",4a1531057190a24403d180d00e30cc13c6b13540c46a228929ef29c8f7de02ee
01a88818c6e0d78259ccd94a523eca79,https://i.gr-assets.com/images/S/compressed.photo.goodreads.com/books/1175381628i/510087._SY75_.jpg,ame8-color-sp-sans-tx-sign-w,1600,270,0.349853515625,0.12091064453125,"[[0.4382345378398895, 0.12105754762887955, 0.5502040982246399, 0.21101541817188263]]",4c20f12fede8b3fc52cd8bdbacb09fc909964cd929624c568f88013a13526658
a4212809701335686614e1316eb536cf,"https://m.media-amazon.com/images/M/MV5BODA3NTJhODAtZmI4My00YjAwLWIwMTEtNmMzZmQ5ZTdmMWRlXkEyXkFqcGdeQXVyMTAyNDU2NDM@._V1_UY100_CR36,0,68,100_.jpg",cocina con pared de microcemento ,244,480,0.27783203125,0.32373046875,"[[0.4868101477622986, 0.23007360100746155, 0.5697647333145142, 0.4221397638320923]]",3d46478f3116c0e48f26269ecbfff347408e9114149f9dd5848fe3ec0400335c
64822844e092883b8647cc4403961e4f,https://media4.s-nbcnews.com/j/newscms/2015_25/1084996/150620-police-shooting-daryle-holloway-mn-1405_3d6b94d24a3f35a469afd285f568e520.nbcnews-ux-2880-1000.jpg,图片14.jpg,640,179,0.2432861328125,0.208740234375,[],0ca3b84399205c661d12c354b8bd387c9761b31ce1bd95a658b0868ecd82a6ce
927be21799b1e80f87d8b939722003f1,https://blog.acculynx.com/hs-fs/hubfs/Blog%20Images/WinterOffSeason.jpg?width=900&amp;name=WinterOffSeason.jpg,Perrelet A1075/3 - Worldwide Watch Prices Comparison & Watch Search Engine,900,180,0.2442626953125,0.275146484375,[],8a9587720f8c25b024052773ffc43d9b29c21d960c24b1b77f4fb265ebdd64be
4e3c90359f37f25d603d5df16a79af89,https://tshop.r10s.jp/acetech/cabinet/04943225/0.jpg,"College, School, and Political Correctness: James Damore. @JamesADamore . 1 h
 Elites traditionally use rules of etiquette to
 differentiate themselves from the masses
 and maintain the status quo
 This generation&#39;s rules of etiquette is political
 correctness and college is their finishing
 school
 , 264
 1,069",300,350,0.2379150390625,0.186279296875,[],6765274f7ace0751fede511316e4b21f06d2bb53d5384cc67d67e2e5f0a0268a
12797bbe02653f255f41148f37c31d4d,http://mlsphotos.idxbroker.com/107e/e701e02bd89bb47a8c9dabc06c2bed5d/a462,Tiger　タイガー海外向け電気ポット　PDU-A40W　KZ　（220V）,800,80,0.2471923828125,0.392578125,[],d2ccf3094e1a52cc9a368b7805407a4f8a4f5d4fce4d28c69beb95d728508599
e1143193f47e3e79bb2cb1af6012b078,https://bt-photos.global.ssl.fastly.net/brightmls/160_boomver_1_801316382988-12.jpg,"Perry Bickel, M.D.",960,220,0.274169921875,0.1646728515625,"[[0.26929333806037903, 0.18055014312267303, 0.7201530933380127, 0.6056768298149109]]",3f5a552dff0dafcd58deb019e4dffd89e7092212012efec2cb498407e768833c
378e4489aee6bcc12cedd2d1d321407d,https://media.router-switch.com/media/catalog/product/cache/b90fceee6a5fa7acd36a04c7b968181c/u/b/ubiquiti-pbe-5ac-iso-gen2.jpg,9b9052a0d67711e1a7f71231380ff15b_7.jpg,155,400,0.29736328125,0.1529541015625,[],a567462f4edd496bdf5cd00da5bbde64131c283e3cf396bfd58c0fac26b13d9a
de26ec3797c8d54020f053ba1f12c960,https://oxglow.com.gh/preview_uploads/1-toyota-corolla-se-2017-model-621881749622794.jpg,greenbookhd51.jpg?fit=353%2C500&ssl=1,187,312,0.268310546875,0.12060546875,[],ffd50cb29ebd3380f72100965ad42cc769054305f8edb9efc61ea8def0717ed9
66b0d3694a3ac6bf9d0399e165fd9c2d,"https://ctl.s6img.com/society6/img/RufTjOlYjYrE9VXZ9MwjgB_RSSE/h_232,w_232/framed-prints/10x12/scoop-black/~artwork/s6-0063/a/26328366_6290307/~~/zebra-ubm-framed-prints.jpg",Chicken and rice turnover with salad on white plate with more turnovers in background on white serving dish. ,353,80,0.341796875,0.307861328125,[],5c9a2586a8fa064f6f9929d2758aa2535fb821e977b280dad4a4c0114285c32a
e5f1d1a9e21c1a5c7058dfa0c3c59eb3,https://86bd04aee645f41c2005-510904abdc95bfe9a6b152d3edc0036b.ssl.cf5.rackcdn.com/Public/img/2016-739165/content/events/invasion-2017/gallery/invasion-2017/en/123-en.jpg?v=luhjEwgwlCAL_CV9pQ5VbH9dULTr8Pq5uoimqoucX481,"Luxusné ubytovanie, 220 Metrov štvorcových, S terasou",148,1122,0.374755859375,0.1658935546875,[],79169ce5933784196f498ac2513b93d7feee8787bcfcd0b5d68abe1439f02a9d
c91830da2e92b1304663a89f40260361,http://thumbs.ebaystatic.com/images/g/RHwAAOSwo4pYQOmI/s-l225.jpg,Download Big Girls Don't Cry - The Wild and Wicked World of Paula Yates' Mother PDF,234,720,0.16259765625,0.12371826171875,"[[0.09162447601556778, 0.18719469010829926, 0.11625589430332184, 0.24394676089286804]]",ab6debf008972864342f62727b49bb5a10e4d0662d7ba603cc35df5306299349
0f3eaea36978f72b2d7ca5abd8ba6004,http://image.made-in-china.com/43f34j00BSCQenvGfjrp/Fragrance-Men-Spray.jpg,instagram1a,300,168,0.21826171875,0.2037353515625,[],06f10f1a0438a533b5c6542532a0fbe847a59c2c6278fea6c03860b5024a6018
25e9def967608e47dcaaabd13d52d3cf,http://static3.redcart.pl/templates/images/thumb/11375/432/600/pl/0/templates/images/products/11375/0b39a7a671519e94522e965981019f9c.jpg,plum branch senior singles There are retreats in this directory of retreat centers view all retreats all employment and volunteer opportunities retreat centers by location.,64,450,0.193115234375,0.2281494140625,[],2b2a961b5004f627ef77096f0bce25e30ca4e26d924e251cc8d64d4d55a0f602
69236e7875e8f3ad6ccdc16f37d49f6b,https://s-media-cache-ak0.pinimg.com/736x/8c/6e/9a/8c6e9a9bcfb434c4088679c2df89d684.jpg,foto Cova del Garrofet,510,459,0.21630859375,0.3349609375,[],70135fe05c671436ff3557ec1e99ac2d221a5b7288d819a499b5de546e3fa942
1a6dcdf9c45a111995cc8ae57cbd6d26,https://smartlightinghome.com/wp-content/uploads/2021/02/diseno-interiores-351x185.jpg,回收亞克力邊料,250,225,0.35546875,0.1802978515625,[],afe51f6272df7462ff2599176f8d2d1d1ec358704e91581f9e907f51665786ce
afdf9660f5b4c5004419a3a902092818,https://cdn11.bigcommerce.com/s-13ufylmnbu/images/stencil/50x50/products/1914/4576/apirzxant__24554.1602651118.jpg?c=1,10099元网购苹果手机，快递来一盒苹果酸酸乳,498,150,0.328857421875,0.31640625,"[[0.3453807532787323, 0.8495963215827942, 0.3742578327655792, 0.8866408467292786]]",98fa7c68ce5ef845e8473126e95a621737b5193bb01a7e8974a23e458245bc7d
fbbefcfe9199857f30f1b61d70d008f9,https://media-eu.viva-images.com/vivastreet_fr/clad/9c/e/137502426/large/9.jpg?dt=528f05e213625cff8dec034213df7b09,トランク補強プレート　追加バー,1000,160,0.265625,0.26708984375,[],9dfaa0a5dd19d00689abac7600de2b01bed654ea36a6c6b57bd2b028cb870658
1ece66cec71a2b6d19ef9e1a3bdaea9a,http://gravatar.com/avatar/144100cd2513a957b8a61c8400c79a19?d=wavatar&amp;s=32&amp;r=G,Walentynkowe inspiracje Instrukcję Poproszę,990,500,0.347412109375,0.10296630859375,"[[0.0, 0.01772032491862774, 0.869064450263977, 0.8377978801727295]]",6e4239b2b7cfdce0a6eb5753cceb1e9fc25daf03e275516768144301c49941c3
25383b4fd975ebf76f3c95ca884a0c75,https://ae01.alicdn.com/kf/HTB1onP0gUUIL1JjSZFrq6z3xFXaB.jpg?size=103962&height=800&width=800&hash=d94a6a00b8e27668803dc84326b67886,Pbe share price,150,684,0.234375,0.315185546875,[],330f32981a1e26c8c242678d0a9b1f58860081d451332a9080d0eb72e0a2f9f4
7b3cfb744207312c58f6c912a42d9bd5,https://upload.wikimedia.org/wikipedia/commons/thumb/5/57/HUN_Tardos_C%C3%ADmer.svg/110px-HUN_Tardos_C%C3%ADmer.svg.png,entryImg,80,200,0.2451171875,0.1278076171875,[],dd8e0f288a51807240246091a4cae763050c4609f9a99c8727246d48d0a07d40
4e2f2e5818d77adb776f17c83cf8d7db,https://image.cn.made-in-china.com/prod/000-146093085.jpg,sDSC_1640.jpg,400,100,0.2548828125,0.216552734375,[],231ccaf5ff4ece24315dc9823e3806334f426f3e223d7ee98387fab2d060ed08
bf5dbcb971a8b189b61401564f1eabbd,http://t0.gstatic.com/images?q=tbn:ANd9GcSgqmM4x5GBdH6Oe8hV9QRafWE-mnGKyfcdf1KpuPMtEkbBNjEl,Afectează nicotina erecția,80,500,0.262451171875,0.1737060546875,[],5c02ecb17b4345ef077230988d023652411859fc86a49d3542e45eb3fd6a4ebd
c60cfec10208d3bce220eb57c3036d90,https://d15mj6e6qmt1na.cloudfront.net/i/23611630/768x512/c,Vandoren Tenor Sax Reeds,1200,302,0.294189453125,0.154541015625,"[[0.4698875844478607, 0.32000425457954407, 0.6530494689941406, 0.6058012843132019]]",0cddce5d7c82ed458ab7001c2f3977f19c68b7806b25992a2ae450b062aff4ea
8390f158aca5d741de6c963202325845,https://thegildedthistle.com/wp-content/uploads/2017/10/original-132-600x450.jpeg,Foldable Laptop Desk Portable Notebook Comuter Table Study Table Bed Tray Home Office Furniture,600,300,0.28369140625,0.325927734375,[],9398f2a3b4f5222fbfc931fe684d195796001775ed564ead7154928c97c32421
21277c520ed0ced269173d9f957df1f6,https://vidamir.com/wp-content/plugins/wpdiscuz/utils/captcha/captcha.php?key=c5b7a552e5120c,2555 Jennings Chapel Road - Photo 12,160,426,0.2044677734375,0.1807861328125,[],b3475a5ab41b78e76e0cf7f955cec8c1d124082db009ac3aebebe18f13045826
4b788ceb56f7a8e3f84a57b6c8b37e42,https://kitchentime.cdn.storm.io/adfeea5b-3684-479d-8bca-64fd88e04fdb.jpg?preset=66,（施工例）・プランニング無料・資金計画無料・各社ハウスメーカー紹介無料・地盤調査費無料・請負相談何…,98,600,0.2359619140625,0.25048828125,"[[0.42746543884277344, 0.42563310265541077, 0.5393981337547302, 0.5196294784545898]]",b8f9e185c43ea870b9d4c86ca702baa3051eff2e4b9fdd9ffc18d5f1aeffb62a
c71fcb52a66410083833f2c7fa9d4b03,http://blog-imgs-36.fc2.com/m/o/k/moko0308/2210316.jpg,5 Pages Downloadable Coloring Book Funky Fairy Ballerinas Adult Digita,216,395,0.2249755859375,0.196044921875,[],ee649a3252308e7560669e350ff32b326c73c0fad3555690745f7bd6b7a16588
6d281d2362a25e26bc96740db5c50286,http://funnybeautiful.com/wp-content/uploads/2015/04/NO1_0007-682x1024.jpg,"Skärmaskin med 27,5 cm klinga Inbyggd slip",500,300,0.2763671875,0.2315673828125,"[[0.47574952244758606, 0.0620025098323822, 0.6161813139915466, 0.2364369034767151]]",b32612b19a510fba097224878ccb3a74b40ffcbf4961942d891df7150a853147
48ac21dfefdc70238db8d7eac4462b82,https://lh3.googleusercontent.com/-O3UwaYd6wLk/UZFiOcj-VDI/AAAAAAAAB1s/No_AfdXJlpI8ytNTqxPq2NNr9Mi73kcogCHMYBhgL/s144-c/DSC01809_1024x685.jpg,"Colourworks Chopping Knifes and Board, 3-Piece Set, Cherry Red",404,321,0.25634765625,0.2900390625,[],16f2a0e8180cb803ac20673301ba21118f338dc25af42093f9844b40038bc51a
eacdbd893bf7cc2cec4c147d089e690d,https://www.acrok.com/images/blog/properties.jpg,"The Laughing Girl &amp; The Trees by Nilotpal Sinha, Naive, Naive Painting, Mixed Media on Canvas, Brown color",400,242,0.2310791015625,0.1263427734375,[],595eea21cff67464a264810b4b5a7b00f024e6586dc515ca65df9e1d173ae8c3
108ff5324343eecaa0c1be1b1dcee3ef,http://assets.kraftfoods.com/recipe_images/opendeploy/123193_MXM_K59542V3_OR1_OH_300x250.jpg,June 19 Traffic Advisory Details,226,135,0.1944580078125,0.1943359375,"[[0.4573899209499359, 0.3316800594329834, 0.7019166350364685, 0.6665315628051758]]",74a4e661b7c7ba6111cb5c632b50936fd81f9e9d0b3ccc21ffea53e9960a6cc7
2a7e096025f5de758ada293aa85e4248,https://imagesus-ssl.homeaway.com/mda01/eaa9ff12-840c-483e-8199-63c6b73cfe8e.1.10,The 50 Best Online Schools For A Graduate Degree In,75,252,0.2076416015625,0.1298828125,[],468e453f4e5e784561fdcea18bcaeb4e55de0ea57fc672bf22d7662ab593c187
2d4511c7dcef0a07866b6b952546aa7c,https://www.miss280ch.com/wp-content/uploads/2019/09/bmw_fullcell-800x600.jpg,Monogram Bra Top,530,375,0.2152099609375,0.2489013671875,[],cc408e0f717dc0a7437369a481bb0485a7a09042ab1bacf77e4a6764b37813d2
11789df648e697307a5ba8fc3185dbb6,http://lh3.googleusercontent.com/2132yW38uJamk70WR9AXR14GyYFXzw15RHn4dsKVIi_YICnU9xLHJwwQz9atuRbxIUi5GL5j8zDdBV9oabbrUA=s300-c,"В аренду: Кондо 28 кв.м. в районе Khan Na Yao, Bangkok, Таиланд",1500,338,0.25146484375,0.1451416015625,[],ab109aea94c5953e141a7c483ae6803303698fe698fbda2fba7d9dca75a00875
c1fa7b25055ad8c5d6518a1f78904303,http://cdn.healthyplace.com.s3.amazonaws.com/images/stories/seroquel/14-does-exercise-really-make-a-difference-healthyplace.jpg?javer=1704240916,cute kitchen,272,210,0.2064208984375,0.253173828125,[],259de5a466a8382f8f7f9aa1a3a86d2d048ee3a07a759f1da4c033eeb35c0377
b3742347ea93d636726b225d7c51a77d,http://www.tusciaweb.eu/wp-content/uploads/2018/11/DSC1493-300x200.jpg,Property Picture,800,515,0.2215576171875,0.20361328125,[],4108047cc09906d919e379e2aea317fba6a658cfd7327136baa45298abd23555
5d020fa762c301ba5ab17f58ccc89309,https://img.wook.pt/images/igreja-to-fora-ricardo-agreste-da-silva/MXwxODE0NDM3OHwxNDAyNTI4MXwxNDY4NjIzNjAwMDAw/150x,Vision Charging Safely,120,260,0.1968994140625,0.303955078125,"[[0.5338836908340454, 0.05474048852920532, 0.8134387135505676, 0.5553700923919678], [0.3777884840965271, 0.5120149850845337, 0.48919278383255005, 0.7174313068389893], [0.25234293937683105, 0.4451403319835663, 0.3622031807899475, 0.6377342343330383], [0.14923095703125, 0.43016573786735535, 0.24485282599925995, 0.608695387840271]]",9a0edce5c15e06e9214fb7e0f1b07f6ed530cf99204dd2959bde73df489aa67b
2bf6b62e405fc3546904fd0eb62a269d,https://s.meta.com.vn/Data/image/2018/08/10/may-mai-2-da-maxpro-mpbbg150-kinh-bao-ve.jpg,Photobucket,634,72,0.285400390625,0.21435546875,[],e63873b1ffc64aa0099f55ce743cc8a8e246d2444553be59cb6b72881dad8214
4e80d12b79effa725ead8b5c37000111,https://amandaweldon.com/wp-content/uploads/2017/07/Screen-Shot-2017-06-20-at-1.37.51-AM.png,Ściereczka kuchenna na niebieskiej powierzchni drewnianej,170,600,0.298828125,0.147705078125,[],dbe35f05b6bf274dadcd19dd69fdac92809d77ba2e7735f57e87a1fcf45f1ec8
b1d8ffd645524fe002c344b106af3f47,https://images.tcdn.com.br/assets/store/img/icons/formas_pagamento/pag_peqdinerstraycheckout.png?6ab79e4ada07ca89c0b764a65f805b68,Puma Speed Sutamina 2,100,350,0.1885986328125,0.21923828125,[],5ae4dbc415b7b99f27601de28a3217e464091be4573ce6ef985ae047648d4dcd
64910c092cff9d854d39ca868a116d9e,http://static.pleer.ru/i/gp/45/359/frame.jpg,government jobs cover letter government jobs cover letter  sample    government jobs cover letter government jobs cover letter  sample application letter for government employee  sample application letter for governm…,400,200,0.2158203125,0.2152099609375,"[[0.07552819699048996, 0.28296536207199097, 0.1783447414636612, 0.4984705150127411], [0.6503342390060425, 0.1858932375907898, 0.6974895000457764, 0.290467768907547], [0.9093272686004639, 0.37774866819381714, 0.9497936367988586, 0.46090608835220337], [0.7733080387115479, 0.31213223934173584, 0.8077711462974548, 0.38961443305015564], [0.5962399244308472, 0.2680554687976837, 0.6245611310005188, 0.32881584763526917], [0.4556456208229065, 0.2824566662311554, 0.48348766565322876, 0.3410819172859192], [0.41156551241874695, 0.27543509006500244, 0.4359329342842102, 0.32786205410957336], [0.3455682396888733, 0.604530394077301, 0.386449933052063, 0.6878321170806885], [0.9365206360816956, 0.31315258145332336, 0.9702757000923157, 0.38897138833999634], [0.8494607210159302, 0.2666577100753784, 0.8753373026847839, 0.3224562704563141], [0.8718311190605164, 0.2952388823032379, 0.901223361492157, 0.35491126775741577], [0.3552972972393036, 0.2650277316570282, 0.38072851300239563, 0.3223539888858795], [0.5618523359298706, 0.28370630741119385, 0.5844523310661316, 0.3352024257183075]]",fac07ca280c3d5f58736616a3533ac11ed5e924d02a568d9170ade88a182e577
74a19d1fd8a76955777f29fcb123068c,https://bt-photos.global.ssl.fastly.net/nefar/640_boomver_1_1055438-1.jpg,پروژه آماده موشن گرافیک ساخت کاراکتر کارتونی Outline Charact,35,683,0.27587890625,0.144287109375,"[[0.29552075266838074, 0.5377368927001953, 0.4343389570713043, 0.892744243144989]]",f8b024e4e758da664c4fd6a3ac298db2e0f9e29bba67123f1d609569ef0dae75
a5b2c8d2b37d26864df4e22f30afea30,http://newsimg.5054399.com/uploads/userup/1606/21153A151a.jpg,"2795685_716172 (700x466, 124Kb)",350,340,0.2020263671875,0.255859375,"[[0.0, 0.3788315951824188, 0.45019444823265076, 0.8089945316314697], [0.5159682035446167, 0.014432039111852646, 0.9852029085159302, 0.4920009970664978]]",77d0737f168cf971e7c142dbb18b3a7208c10c7eff015296dbc754b32c4f40a8
cecf7b03b9620f4ca15ff135aabf0513,https://www.specsserver.com/CACHE/FRVHUNMXUJHN.JPG?width=220&amp;height=220&ccid=x205f21f1,NO1_0007,400,377,0.2296142578125,0.24951171875,"[[0.3492933213710785, 0.02995983511209488, 0.7240170240402222, 0.8077797889709473]]",b50413b71c593dc3ecd8c2fc4136e56551dfad4e76979603263b8f20b6f77b21
a33c6779621bddc7fd75c143ea86bec8,http://novosibirsk-news.net/img/20220519/20a123eaec3a40a482abea46e5981ab3.jpg,"The future of digital marketing. London, Poland, Copenhagen.
© 24/06/2015 Page 68
Summary
www.flickr.com/photos/andrewhurl...",888,80,0.2493896484375,0.3134765625,"[[0.27193328738212585, 0.25915029644966125, 0.4473647475242615, 0.4790259301662445]]",9f24e11eedc9938d07d040aa8ea3492844b34ea25f2f9fd16a8cde7e6908b434
cca4b09f013c5b7a9dd794066fb43ae1,https://img.evbuc.com/https%3A%2F%2Fcdn.evbuc.com%2Fimages%2F63569656%2F160588527554%2F1%2Foriginal.20190607-175635?w=512&auto=compress&rect=0%2C8%2C1920%2C960&s=3898a3a4b26fc38faa72636aab2df502,Listing Image 22,283,886,0.2152099609375,0.1468505859375,[],fd506cc6eb0e1b9d884e1f4d0b743f8c861a71e70c396278019286a09fb678f5
0a81aef46c6bcd320bad2471948429ef,https://pds.exblog.jp/pds/1/200701/13/80/f0100480_1514053.jpg,CẦU DAO/APTOMAT TỰ ĐỘNG DẠNG KHỐI MCCB ABB 3P 70KA 1250A ( T7H-M ),600,359,0.2469482421875,0.203369140625,[],c416a7d9f01c79d5f296b50f80ede9133548a09f739850f80afc4aee4f44faf5
cf3e2aca9e3c1d94a3e1c72f6bda3f55,https://i.pinimg.com/236x/5c/f0/1d/5cf01d08cd20014db3b38dc58f8bb3da--kur-arabic-art.jpg,生花,216,433,0.220703125,0.1395263671875,"[[0.46044859290122986, 0.06752666085958481, 0.5491408705711365, 0.16251540184020996]]",a5e7e11049ec41a37daf3a06887fce8eaa040f6de5f7480456e9ae5a411de91b
2d0febb6af287fe900778d2fbaf12037,https://picfiles.alphacoders.com/882/thumb-88267.jpg,Obba Babatunde,600,146,0.266357421875,0.281494140625,[],0b4b05731595f02bb8c2846c5ddc96851420d07fb59e74b0256914c2b2401db2
d928fedfac70256bea22eb854f671eae,http://schier-cdn.com/img_products/NL_Auto/20180613863911001528857853.jpg,2016 Toyota 4Runner SUV,1732,37,0.2489013671875,0.2578125,[],80526bc516799172ef693d60c4db40a4a66fa7460f99ab63629e723ef2018c99
4387af505e4f3fd371c1aff521f7cc73,http://blog-imgs-64-origin.fc2.com/f/c/2/fc2shio/20140502174727e58.jpg,Waves,500,397,0.3369140625,0.1539306640625,[],167e046c115b84a71d3966446fd8714b40932dd7f2c46e5d016566c783bf203a
d25e9fe16b8348daf6358d3561533b91,https://cdn.iconscout.com/icon/premium/png-128-thumb/trusted-shop-3495547-2926588.png,"Add a little Whimsy with a  Cotton Candy Cart  Chic Unique Vintage Rentals Birthday Decorations, Wedding Decorations, Table Decorations, Decoration Party, Party Centerpieces, Candy Table, Dessert Table, Candy Cart, Sweet 15",118,220,0.2076416015625,0.19140625,[],397c0add999abfc32ca929ca98591796b0e9232b90333501fdb4090568114e47
c7cb3364c551ecdebfa937e3ff976582,https://imgcdn.haraj.com.sa/cache2/781x1024-1_-GO__MTYxMDgxMTA5MjU0MDU2MjExMzY3OQ.jpg,"2020 Calendar Printable August - December December 2020 Calendars for Word, Excel & PDF",1280,80,0.29833984375,0.1888427734375,[],ea84eb80b65e7b27fc64f3622790bafa16e433252d044148d2c40a0851bf5cab
3975952ac670384eb65a37a61a7700f7,https://i.ytimg.com/vi/Ew6dbpcg0eo/mqdefault.jpg,Game Color (72105) Mutation Green 17 ml.,736,450,0.2357177734375,0.1904296875,[],4220e002e654c3261f74b032af596fcfb2eb197ced4e0bfd47fd706c070e10ff
9b5eefd62afbd99488210b5a15cf8310,https://dearmissfletcher.files.wordpress.com/2016/07/trebbia-4.jpg?w=640,happy new year 2018 design with floral decoration,249,700,0.341064453125,0.26611328125,"[[0.3073081970214844, 0.10909993946552277, 0.6249534487724304, 0.5238224864006042]]",88817dcbaa54935ecea8a30d7ec9c9280760b063a492216407305351bfa01bdc
eabc3dc1cb53db07c331170af965439e,https://media.littlewoodsireland.ie/i/littlewoodsireland/4GCMH_SQ1_0000000013_WHITE_SLf1/delonghi-ecam-45760w-eletta-bean-to-cup-flat-white.jpg?$266x354_standard$,"raw materials A raw material, also known as a feedstock or most correctly unprocessed material, is a basic material that is used to produce goods, finished products.",236,853,0.336669921875,0.29931640625,[],6e0da4e6196309628f3e94bd3f597a48a7d3aecd94ccea2bec06a3007999ebde
c5d6ffe3acf0bb3950e3479d62874a11,https://photos.smugmug.com/Weddings/JustinSarah/i-R6hBBVq/0/c2c592e8/S/hIMG_0670%20copy-S.jpg,Manslaughter more likely?,500,354,0.30908203125,0.21240234375,[],12aa8f30e3194e58a8d55cf5c8b8ed0d722dc22774599a4f069b575ccbe34c4b
5f7c746ff0495c156c0b85f8cb9fc02f,https://yt3.ggpht.com/a/AGF-l7_s_-s4IXNp8yGZRB16JCW5Z6Q_A2vjNFZ86g=s100-c-k-c0xffffffff-no-rj-mo,"Casa de 3 dormitórios à venda em Planalto Paulista, São Paulo",500,75,0.384765625,0.195556640625,"[[0.3193747103214264, 0.7673336267471313, 0.34017762541770935, 0.8018631935119629]]",16728be5cc2a067be45b4284536afb8c759307dd037692d75c117be98acda1af
a66173b71114e4110e1840e576dc8df6,https://pethome.sk/8127-small_default/vetoquinol-electrolyte-plus-pasta-40g.jpg,Modern Home Design Ideas Fancy Modern Game Room Furniture 74 With Additional Modern Home,900,68,0.222900390625,0.248046875,"[[0.1820235699415207, 0.043974436819553375, 0.2538181245326996, 0.12280679494142532], [0.6245672702789307, 0.30509254336357117, 0.731180727481842, 0.41352933645248413]]",4e86adb08bba956268be8a665f47645e9abee988672610deae73dac22581505e
2a3d265b9d6dd8c02987580a991af291,https://www.kasperini.de/media/catalog/product/cache/1/small_image/500x500/9df78eab33525d08d6e5fb8d27136e95/Super/11427_small_foot_Legler_Backset_c.jpg,Shock Pink,259,300,0.3486328125,0.198974609375,[],c15742e795506265cbca60d191daebf32f41cb823b0432e5437b9819ffb6d6cc
473cc58b137c7009a3c72ac089c99f72,http://pauline-caudrillier.com/assets/dist/img/cat1/vignettes/image47.png,"diseño interiores, decoración",240,332,0.3017578125,0.247314453125,"[[0.24059922993183136, 0.5466292500495911, 0.2611638307571411, 0.5866336822509766]]",16d6c5a8fc3ff3fdc37f1c32fa18032a5e9346df88497f1ef74b77970be94e85
74feca1eea78e6d768b59883806cd8d0,"https://static.wixstatic.com/media/f6abb6_49a4b5b2527341159301540363889f80~mv2.png/v1/fill/w_118,h_118,al_c,q_85,usm_0.66_1.00_0.01,enc_auto/2%20Personen%20icon%20Kopie.png",Reduzierte Blaue Marvelis Businesskleidung für Herren Übergröße ,300,275,0.25634765625,0.271484375,[],cfa051d7c53510eae68f3c5fe23cfaf8a58c50cba5974446e046b5ea8ea85e41
3d3a53c8abdf3b01f5fca5241a3f04f6,https://img.house.goo.ne.jp/la/4/https%253A%252F%252Fimage3.homes.jp%252Fsmallimg%252Fimage.php%253Ffile%253Dhttp%25253A%25252F%25252Fimg.homes.jp%25252Flt9j2rqxg9p3abi.jpg%2526width%253D500%2526height%253D500?91x91,Top 10 Oster Toaster Tssttrjbs4,963,500,0.2169189453125,0.19287109375,[],123aeb21f6850388754110564dd12fe4abdd77cfab8562e6a6ffe551d484bbde
6c07c11aee40083d94bf433ddc4a6360,https://ichef.bbci.co.uk/news/464/mcs/media/images/69144000/jpg/_69144001_169588345.jpg,e0002769_23464521.jpg,300,360,0.303466796875,0.280517578125,[],b1ad2a37bf2a1f1697001b8835f2837ccbe812f831efdaf17c4fbd882403b9d2
733601ad80dcccfb7646dac548dd7e34,https://i.ebayimg.com/00/s/MTIwMFgxNjAw/z/pDoAAOSw175b5DcM/$_35.JPG,invasion-2017 123,600,400,0.2149658203125,0.2171630859375,[],0bc64baff73dc2b32c7e9f4da65f252da6ad575473cf34d9ae0e2e7b006a8f93
67cb47ff2b3650ff036cd225871bedca,https://cdn.store-assets.com/s/289549/i/20035175.jpg?width=1024&format=webp,blob world 2,380,135,0.30322265625,0.1904296875,[],3acc41165a8bf9f8b54beea14a3b9a32f1bccee906e5d18a017eca30062f31b5
5cff154a8c426db36e75085b3611dca7,https://giftsafter.life/wp-content/uploads/2020/10/296-2mzpqk-510x510.jpg,IMG_3787,160,280,0.2861328125,0.2369384765625,[],bba16cdd738650f82457b03f03cfa45476b6568badb5c48e24985a7079da706a
5a10bb77380013ac040f44aaa4b9f708,http://ir-dl.com/wp-content/uploads/2016/11/idoo-File-Encryption.jpg,"Бальзам для губ вишня TONY MOLY Mini berry lip balm Cherry 7,2г: фото",350,1024,0.273193359375,0.16748046875,[],4829beb065a8621591a351dfa3a9298d71b16f78bf5ffeb42b73ae54ad49b685
d99d1e65e35e6f31efeb6a41898b4380,https://static-cdn.storeden.com/secache/5bacd2c9ffe48e6964540f8f,Luke Wendling,140,384,0.235595703125,0.1549072265625,[],f917af168315deadee5fb665e153bb3230fb23c5982b614e9a243f92a3db6948
b803568d5d8d2aff4a4b1dbf34369ad1,http://i00.i.aliimg.com/photo/463763989/Vehicle_safety_kits.summ.jpg,PKN Orlen: hot-dogi kupuje trzech na dziesięciu Polaków,163,160,0.2012939453125,0.1134033203125,"[[0.4488537311553955, 0.24329006671905518, 0.5220135450363159, 0.3042842149734497]]",a567462f4edd496bdf5cd00da5bbde64131c283e3cf396bfd58c0fac26b13d9a
3e844ca9d2942eb268e34854b8ed31fb,"https://res-2.cloudinary.com/cre/image/fetch/w_35,h_18,fl_progressive,q_auto,c_fill,f_auto,d_placeholder_viubzx.png/https%3A%2F%2Fcre.domainstatic.com.au%2F15333756_1_1_210819_020753-w1200-h899",Screen Shot 2018-05-07 at 12.16.28 AM,300,213,0.2435302734375,0.271240234375,"[[0.2322145700454712, 0.1044497862458229, 0.32540321350097656, 0.3982434868812561], [0.256900429725647, 0.5258792638778687, 0.35493549704551697, 0.8175802826881409], [0.059485454112291336, 0.41670477390289307, 0.1473953127861023, 0.6631709933280945]]",da4789bf5553a5e0a829f6a39d1c3567f175a2c5f23cfdad9211e8416a43b672
cfc267efee9398172afc89a02989ba4c,https://images.gr-assets.com/users/1453568623p2/29208370.jpg,Vintages Patchwork mit Blumenmandalaelementen,362,315,0.322265625,0.1649169921875,[],58e9ce4fe7bc23d0c197787a6412f5323159193b4e9b3c2bd6bffa2a50d309ea
180b02025e0f072631a562260b4b8d5a,https://pliki.portalspozywczy.pl/i/10/95/70/109570_r0_940.jpg,ひるねこBOOKS,670,75,0.2413330078125,0.2083740234375,[],54d51de237324310c94eb5a6b5b0b32c1a0ea9cde7455b090caa3e212968927b
d6a996b2a61051363583413d57fdbb1e,http://ami.animecharactersdatabase.com/uploads/chars/thumbs/200/12602-12421901.jpg,c0172698_10444430.jpg,450,97,0.1800537109375,0.193359375,[],08a0416dee125c2e78aee4d31e5a8e9fe2e392527db2a8dd3c92d2128a1b8ee3
1bd70b26ce4b7b0ac9978000c15e6c2a,https://www.medanos.com.uy/f/192/3/5/1/0/0/d67653ceb55d6aa63e8a5f9d3ed34351.jpg,Womens Long Sleeve Holiday Sleep Shirt Christmas Decoration Themed Nightgown (),640,209,0.286376953125,0.1273193359375,"[[0.08587673306465149, 0.43458473682403564, 0.15101848542690277, 0.5869325399398804], [0.2608278691768646, 0.24278251826763153, 0.34709465503692627, 0.46299999952316284], [0.7037084698677063, 0.3392413258552551, 0.7703407406806946, 0.5256040692329407], [0.7736425995826721, 0.44977259635925293, 0.8391467928886414, 0.6155635714530945], [0.519291877746582, 0.3426329493522644, 0.5642282962799072, 0.47297054529190063], [0.06450989097356796, 0.3163551986217499, 0.11449423432350159, 0.4272839426994324], [0.46489644050598145, 0.3043402433395386, 0.5070616006851196, 0.4209548830986023]]",1f18c9d9ed92ee50b9b979ff6ebedf2187e107272bb1a26b2644547b8f5641ec
dcedd6d106e1ba1169aa854fe9145541,http://mononews.gr/wp-content/uploads/2017/02/meta3.jpg,"Tutti gli appassionati di cucina conoscono Pellegrino Artusi. Scrittore, gastronomo e grande critico letterario italiano. Il suo testo “La Scienza in cucina e l’Arte di mangiar bene – Manuale pratico per le famiglie compilato da Pellegrino Artusi” fu pubblicato nel 1891 a spese dell’autore stesso e, nonostante le iniziali difficoltà di distribuzione, è",236,200,0.1878662109375,0.291015625,[],04007c768ea3ed915287bcff24952b042f7e91043f5e966d1b34c77443dcc485
186559d653a6fc839a8e612c90a60d60,https://www.specsserver.com/CACHE/FRJKHABGWBWK.JPG?width=220&amp;height=220&ccid=x64072360,的照片 云栖竹径-龙井 yungqizhujing - Longjingcun,171,150,0.269775390625,0.1429443359375,[],19e59c519703c81723e545173c5bb4e245869ac65e275c43658baf9ead96f1ca
72dae281e333a41af8beaa13251fbf65,https://images.squarespace-cdn.com/content/v1/5b1eb5eaf79392ce5ab32cf3/1528762268287-ZOX451O50JS0FNA4IMYJ/ke17ZwdGBToddI8pDm48kOCyVlDvbASH0SC65vEiRztZw-zPPgdn4jUwVcJE1ZvWQUxwkmyExglNqGp0IvTJZUJFbgE-7XRK3dMEBRBhUpw6XAABukOPWirOEF5Xs3Lx7r-RQIrl26K72YFGmUuDRJ2jJaabIg3q4GhgNy53Rgs/marq.JPG,Beaming father: Tristan also appeared on Studio Ten from his home via video link on Wednesday morning,801,158,0.31201171875,0.1527099609375,"[[0.5051100850105286, 0.11020994186401367, 0.6677919030189514, 0.270979106426239], [0.5490201711654663, 0.0, 0.6534402370452881, 0.05642309784889221]]",1ed8aac898f684dbeb332c201b001e245f9570290a9cdd90393047c556792f2e
a85f6f4d2e1cfc2b969f1b680b3ea1d8,https://nagrzyby.pl/galeria/d/1108610-2/brodaczka+xd1a.jpg,Fjeancourtg ,640,250,0.293701171875,0.2474365234375,[],86174e55748706adeec87e977148a2286cae45004e26007897fe21a47325f132
a2b793e02d853ecd9652bf38a0ced19e,https://images-eu.ssl-images-amazon.com/images/G/30/shopping_engine/nav2/buttons/checkbox_unselected_enabled._CB341434323_.png,Angry Bull Ceramic Star Decoration,1200,412,0.30029296875,0.203857421875,"[[0.293982595205307, 0.49994415044784546, 0.3274051249027252, 0.5571131110191345]]",4bd381d0d4707af307ba912b101e74fdd024acc46dc6b3fead8d2e412aad7c28
000ee44515e79b661017ca5547183226,https://m.wenzigu.com/files/article/image/84/84959/84959s.jpg,Al Mughni by AsfourElneel on DeviantArt,160,147,0.1785888671875,0.204345703125,[],111d9f02b79a733a45f6f0e7b8b20569665e76c3f14ee4162a78c4044d084417
4da1a0f52060bdaa33d1d5af4a847b47,https://m.psecn.photoshelter.com/img-get2/I0000kA5Xga.zPuE/fit=1000x750/Ethnographic-Museum.jpg,Papier imprimé Night Night TWINKLE TWINKLE,800,330,0.1961669921875,0.3037109375,[],ffcfa8f8c1be46f2b264af2a65257d9537b9027e45156c0c2f8c7af36486d4f4
04347cdf27bd25bff74dd9e4a63e2a15,https://thumbs.dreamstime.com/t/modello-senza-cuciture-semplice-con-le-foglie-fatte-nello-stile-piano-lineare-su-fondo-leggero-99885229.jpg,Coloană / Teacă Bijuterie Mătura / Trenă Dantelă Bal Seară Formală Bal Militar Rochie cu Dantelă Pliuri de TS Couture®,901,170,0.1865234375,0.287841796875,[],3cca8f4acd6e3341c513935eddb23e3e6d3c6520444309e2b0dcbfc15fe2ee20
8d1ce9a89f600b3483e3651425bea2f4,http://thumb9.shutterstock.com/display_pic_with_logo/137002/428199712/stock-photo-card-decorated-with-green-bow-on-green-background-happy-st-patrick-s-day-428199712.jpg,haz hannover bekanntschaften für sie.jpg,434,157,0.1964111328125,0.10980224609375,[],ce5831ce1a1f76b0eba6680b869cff18f61968b49c8bc1ae6ae3f72a4985663d
fc8e5b0562dfb182244ac95658e8a7ca,https://rimage.gnst.jp/rest/img/ahr6fee60000/t_003q.jpg?t=1569921608,Zebra. Framed Art Print,236,480,0.342529296875,0.31689453125,"[[0.7031580209732056, 0.28872430324554443, 0.7484245896339417, 0.3678279221057892]]",d31dc9d5ed27e6750d8e2117b27e92769913a0f50ae8e6ab92875c82e0f3b41f
04c2e65766c904fad16bbe331e33a5f8,http://img.hnmdtv.com/2019/0922/thumb_282_175_20190922113326451.jpg,"Capri Excursion Sant'Agnello, Italy Sailing & Yacht Charters",100,546,0.248046875,0.1285400390625,[],080ed3219ffdb1e19e8647f060140d1fbf857ade2ee1648a8664c7cac2fbb6aa
492a4d4962a6a5fbbc18bab3cb4144c9,"https://static.wixstatic.com/media/627bea_c52383d5cc6946b08c033902a60727b1~mv2.jpg/v1/fill/w_498,h_498,al_c,q_85,usm_0.66_1.00_0.01/627bea_c52383d5cc6946b08c033902a60727b1~mv2.jpg",Manage and Improve Your Health With a Professional PICC Line Placement in Texas,120,75,0.2626953125,0.181396484375,[],4d2b170a72d4fdde0d4503070d30b7cf675ec2964455d0fd44c9c7518fb689b7
af0a1973a8af2dd648451780aaebf4ba,http://cdn.galapagosstore.com/cdn/b/i/1101006/1C/485054/sstb-25326236004560003000.jpg,TrueAllele Deployment,300,200,0.241943359375,0.2156982421875,"[[0.3072773516178131, 0.4834071099758148, 0.3293119966983795, 0.5106710195541382], [0.1353861689567566, 0.4944346249103546, 0.15952333807945251, 0.5210821628570557], [0.2810670733451843, 0.45288336277008057, 0.3051552176475525, 0.4824271500110626], [0.13577324151992798, 0.6928101778030396, 0.15999238193035126, 0.7220126390457153], [0.13491128385066986, 0.6230465769767761, 0.15759027004241943, 0.6522976756095886], [0.13480786979198456, 0.37003299593925476, 0.15757066011428833, 0.40032488107681274], [0.20071949064731598, 0.41990193724632263, 0.22370441257953644, 0.4485253095626831], [0.2688130736351013, 0.4894333481788635, 0.29260677099227905, 0.5197314620018005], [0.13399659097194672, 0.3022662401199341, 0.1537703573703766, 0.3288927674293518], [0.23709900677204132, 0.41673916578292847, 0.25970351696014404, 0.4440681040287018], [0.16640536487102509, 0.6229958534240723, 0.18963362276554108, 0.6506460905075073], [0.1989983171224594, 0.6256312131881714, 0.22290362417697906, 0.653793454170227], [0.16578376293182373, 0.5590362548828125, 0.18810303509235382, 0.5867122411727905], [0.34785348176956177, 0.4562312662601471, 0.36999672651290894, 0.48142102360725403]]",72886eac1687321f552a6759a9e245cef4c00d9bf6841d13c4be5dc88eed147c
d8cb6744d286ce4c7a7e9dae47ae4c8f,https://m1.acris-antibodies.com/catalog/product/cache/resize/187x260/Novus%2FCYB5R1%20Antibody-Western%20Blot-NBP1-83144-0005.jpg,Arrow Impianto Scarico Completo Extreme Alluminio Kymco Bet e Win 50 2002&gt;2006,200,640,0.212646484375,0.3466796875,"[[0.03110814094543457, 0.29792308807373047, 0.08848487585783005, 0.34663546085357666], [0.7340641617774963, 0.30394887924194336, 0.7969075441360474, 0.35446012020111084], [0.14831286668777466, 0.30026790499687195, 0.20267240703105927, 0.34325042366981506]]",382f578dac5c43e899e0f96cf2d59ab658227216e2d63819e9d8fbc833af1e70
e5eca53ec7ef90afd2bd3f3fcdd68aff,https://s3-media3.fl.yelpcdn.com/bphoto/qQIKMq9yad4e6uRSVMEYQw/o.jpg,Balenciaga Speed Sneakers for Women ,480,270,0.3896484375,0.141845703125,"[[0.5169270038604736, 0.2697540521621704, 0.6251253485679626, 0.41323229670524597], [0.39610564708709717, 0.3954333961009979, 0.44717177748680115, 0.45712950825691223], [0.7521675229072571, 0.38769859075546265, 0.7989424467086792, 0.44767850637435913], [0.12092551589012146, 0.3416080176830292, 0.1754835546016693, 0.4069821238517761], [0.9576120972633362, 0.3987515866756439, 1.0, 0.45385733246803284], [0.8579949140548706, 0.40850260853767395, 0.8974437713623047, 0.45613518357276917]]",6acccb0cf571c8c5c322fc3f5267ef54cc74a2c2109aa1b6298be2a6d9410fac
87b01388d3b595e3b9c37f7f2f068952,https://storage.canalblog.com/83/88/482416/42394805_q.jpg,Innovations Oak Chateau 1/2 in. Thick x 1-3/4 in. Wide x 94-1/4 in. Length Laminate T-Molding-TMF50003 206442855,320,490,0.316650390625,0.1983642578125,[],b8a54c586f8bd88a263cafbe407d9aa235808be8914e0503027c7ca2d22f5c3c
365de83aae5fcf11284b030b6e36649a,http://edge.shop.com/ccimg.shop.com/op/802280000/802283700/802283760/image__175x175__.jpg,Póster de Digimon Adventure: Last Evolution Kizuna,200,300,0.293701171875,0.261962890625,"[[0.42714205384254456, 0.6259351372718811, 0.5258992910385132, 0.8655228018760681], [0.2367987185716629, 0.5704176425933838, 0.28825125098228455, 0.6984216570854187], [0.8060993552207947, 0.462014377117157, 0.8539987802505493, 0.5931795239448547], [0.30959030985832214, 0.6326519846916199, 0.36102044582366943, 0.7476403117179871], [0.7268507480621338, 0.5530647039413452, 0.7718756794929504, 0.6572170257568359], [0.8703223466873169, 0.9165193438529968, 0.9115222692489624, 1.0]]",bd2c55851b482c81fba60e107ef2e71699e04b7fea2d22700c3e70f15c552be6
5cc21b13a1ea0b48a082c5ed2a67f1a0,https://imagesx.practo.com/providers/dr-manu-chaudhary-general-surgeon-karnal-009fc724-09f1-41b7-865f-bf90e040bd5a.jpg?i_type=t_100x100,hIMG_0670 copy,700,400,0.234130859375,0.304443359375,"[[0.4230945408344269, 0.1958351582288742, 0.5872007608413696, 0.5821335315704346]]",38e658d7a1143508f805827125b3a52d5dd4258ad88c2f67b179d2f71ebaabca
6662118116e671997e7b74a6fe3bb958,https://dw3i9sxi97owk.cloudfront.net/uploads/thumbs/409cea5d11c326d8168aaf4ed6167c77_70x70.jpg,2 Personen icon Kopie.png,780,167,0.262939453125,0.1376953125,[],abddfb31b8bc98f27adb74087b2a820a99570e05498d903160c5f87c7a4dc894
08906fea42748f51513edc1cc624734d,https://bt-photos.global.ssl.fastly.net/wpmls/160_boomver_1_H6110568-13.jpg,amazon off campus drive,140,1066,0.1624755859375,0.15087890625,[],62576886530bb445f0be8979de7fba373db522046333e4a57fe82cee78789b5d
2713177b3505ddee5cd0d7ff13bfc4be,https://i.ebayimg.com/thumbs/images/g/rwsAAOSwi0RX0J7j/s-l225.jpg,Viterbo - Farag Negmaldin,500,400,0.1639404296875,0.2479248046875,[],ca98f40d36dc620a3f27347b7b1c09a4fb2a037ed03602add7ef107c4aa3727f
4c726829ad103e37a767f3cc0eb4608a,https://img.olx.com.br/thumbs/88/888826010374100.jpg,Primo piano di un cavallo islandese sotto la luce del sole in islanda,273,120,0.208984375,0.28125,[],991977b97b08d35e1eb062cab84b2659fb974e87b84ee2f98d57e9404f8497c4
d9ab3c56700090dfe690c8394301dfd5,http://image.slidesharecdn.com/criticalthinking22-08-55-120823205537-phpapp02/95/critical-thinking-22-0855-29-728.jpg%3Fcb%3D1345765356,13880-M2-25,309,1152,0.2125244140625,0.19775390625,[],81a57044f8157245da5c45af1e827c886e0e107f927f5f4f327aa2137a96169f
0f6a5778903d27ce122cabb9477a9bfd,http://san-diego-locksmiths.us/images/en-invoice-template-of-receipt-of-payment_0-72-1024-728-image-invoice-freewordtemplatesnet-san-diego-locksmithsus.jpg,Cách viết sơ yếu lý lịch tự khai,200,168,0.262939453125,0.2010498046875,[],a81846221bde6c90314240bcacc679bc272b88d68b8e63aa228b1063a8e1ffd9
f892fc3928e570971e97b54a0020de6c,https://i.ebayimg.com/thumbs/images/g/tosAAOSwc1FXX9Sh/s-l225.jpg,Urlaub New York City im Fairfield Inn & Suites New York Manhattan/Central Park,353,576,0.2232666015625,0.1785888671875,"[[0.8769475221633911, 0.4929944574832916, 0.9113933444023132, 0.5476439595222473]]",b1f5be288dcc1324f21aac440b065e45404669187fa1182a377bc1f912d80b85
29d1c5e34c1be81420485d832ee571c9,https://cdn02.plentymarkets.com/ida51e68228c/item/images/40055/middle/40055_4.jpg,Marey GA16NG Power Gas 16L NG (Natural Gas) Whole-House Tankless Water Heater,200,300,0.2442626953125,0.081298828125,[],85ecdd560e6941bdf265a95e40c3920a6b0ef2b42d351be7f04bc0f747214324
0febb334ab5056f172cdd858882440ba,https://p1.akcdn.net/thumb/270925051.bisonte-sp-900.jpg,"Annual General Meeting 2015: Preston Montford, Shrewsbury - British Bryological Society",225,750,0.265625,0.323974609375,[],03894a5cbc032fde00d753de4f3a0f925f9f872a88eca07d8f716469207ec27c
78269cb03b300ff9063a2cce080e5cf6,https://i1.wp.com/learnengineering.in/wp-content/uploads/2020/07/Writing-for-Publication-By-Mary-Renck-Jalongo.jpg?resize=100%2C70&ssl=1,"Kia ABS-sensor achterzijde, links",1066,800,0.36962890625,0.339111328125,[],a567462f4edd496bdf5cd00da5bbde64131c283e3cf396bfd58c0fac26b13d9a
7883438c7cac26c3dfaddb52bb9b64b8,http://www.billysontheroad.co.uk/wp-content/uploads/2013/01/IMG_1773_blend-788x340.jpg,Coming Soon - The Healer of Briarwood + Audiobook Giveaway,85,213,0.293212890625,0.32275390625,[],980ff9cd9b02e76bc9fad34cd072f7b107c7bfcf4ddbbd69b981d48fee0ad981
159167765c335f66b1da2915536fbec1,https://i.ebayimg.com/thumbs/images/g/iFUAAOSw5cNYk14v/s-l225.jpg,Trusted Shop Trusted Store Finance Icon,700,106,0.260498046875,0.16650390625,[],251b819b130e865ba8a7e6bef2c8a71035cbcf653d3415719f2d77459d0b452c
a969bc743fba7b951491e2ed65186231,https://aduparosnie.pl/files/112/miniature/40290.jpg,"LÅNGFJÄLL Konferenční židle s područkami, Gunnared béžová/bílá",500,800,0.312255859375,0.18603515625,"[[0.5233519077301025, 0.2547740936279297, 0.7676658630371094, 0.499214768409729]]",44fcb3cfefc6eed7100c295cc5383ff070e3393dd3f7fc8355b141bcd5002526
48911b8edb933cc742d8b873c1dd92ef,https://www.emailsetting.org/wp-content/uploads/2017/12/radar-online-1-1-1.png,Web Series Streaming Online,333,150,0.308349609375,0.191650390625,[],3a932058252abd152f07ba06ed019071b9a912f346fec775681b804236d96c9f
c00b058a3a575f57df20c3304d07f1a1,https://vitalplan.com/wp-content/uploads/2015/07/Screen-Shot-2015-07-14-at-1.36.19-PM-e1436895453103-1.png,2014 Toyota  Land Cruiser,70,400,0.2154541015625,0.1639404296875,"[[0.45145297050476074, 0.22160910069942474, 0.5033254623413086, 0.32772427797317505], [0.3186911940574646, 0.05993621051311493, 0.37520962953567505, 0.18431542813777924], [0.6544674634933472, 0.23578113317489624, 0.6867241263389587, 0.3168680667877197]]",9bc5518e2975c457380d49dc9811f1d31cc772030e064c6145ef76ec5259455e
ae3580afce27ca3a3739f503c6ae5de3,https://gadgetnews.net/wp-content/uploads/2018/11/useful-apps-1.jpg,WORKS,80,512,0.4287109375,0.188232421875,"[[0.21887701749801636, 0.17506082355976105, 0.26545387506484985, 0.2668389081954956], [0.4810274839401245, 0.16682615876197815, 0.5315865874290466, 0.26150667667388916], [0.4372711479663849, 0.19425161182880402, 0.47612863779067993, 0.27336248755455017]]",289b21fba18193a4d6fa98bb1f3bf4b6010f84cd894fb1f5a0c61316f1191f34
47f1d34c296ce80fbb48a8c2d619c365,"https://images.kaartje2go.nl/k2go-html5thumbs-fra/410xautox85/zigzag-tijd-voor-pasen-bk/zigzag-tijd-voor-pasen-bk-1.jpg,hash=122f4cd7175205f04c49da1eb000909c",Propionato de la testosterona del CAS No. 57-85-2,250,244,0.2247314453125,0.362060546875,[],2a55fd0f32bb9192c76d18378689c96fd14184ce3f750f4b6529d47d931711ee
15acc13797234d18ad9c7b73b5f5b3ac,https://so-doo.si/image/data/81dcu93cb5l._ac_ss350__1.jpg,Coachoutletonlineplusus  Fascinating Emotionally Intelligent    Invoices  Daniel H Pink With Likable Vetinvoicejpg With Adorable Uscis Receipt Notice Also Return Receipt Usps In Addition Word Receipt Template And I Lost My Receipt As Well As Autozone Return Policy No Receipt Additionally Receipt Software From Danpinkcom With Coachoutletonlineplusus  Likable Emotionally Intelligent    Invoices  Daniel H Pink With Adorable Vetinvoicejpg And Fascinating Uscis Receipt Notice Also Return Receipt Usps In Addition Word Receipt Template From Danpinkcom,1400,180,0.2337646484375,0.30224609375,[],4edd1700d6a8fa1825e57d62efb61d41b204ce26ae5368343f2d9b0c06583893
970eca1b2117b6615b665e9f1a039693,https://cdn.dribbble.com/users/2183470/screenshots/7092378/media/02debbdceed905daf4b67160c9df1669.png?compress=1&resize=400x300,دستگاه دفع کننده ساس، کک و کنه در آشپزخانه صنعتی مدل UAW927-M,600,354,0.296142578125,0.220703125,[],581dcb974c4fdec2f55e0b8132771bd3a29ef5f0d78a0e71f4575c0534c49d30
fbeeac6ee9b8e77e94da5647129847ee,https://www.landtreff.de/resources/image/thumb/135763,Cartão Diners - Yapay,640,100,0.273681640625,0.2352294921875,[],1fce968aec928c93d17d8527836e6b0f97c1de14e6f732bbee9f8727d612ed0a
69ba57525fe0d47c7bc1aa1d0603e727,https://i.ebayimg.com/thumbs/images/g/6bAAAOSwwE5WbKY8/s-l225.jpg,"&#x41a;&#x432;&#x430;&#x440;&#x442;&#x438;&#x440;&#x430; 90m&sup2; , 14m&sup2; &#x442;&#x435;&#x440;&#x440;&#x430;&#x441;a &#x43d;&#x430; &#x43f;&#x440;&#x43e;&#x434;&#x430;&#x436;&#x443; &#x432; &#x410;&#x43d;&#x434;&#x43e;&#x440;&#x440;&#x430; &#x41b;&#x430; &#x412;&#x435;&#x43b;&#x44c;&#x44f;",688,105,0.360595703125,0.1817626953125,[],c4488759aac013098b7e37f72f1cf5021f5b237eceedb72b252f3101a1b55537
5b5b422ea808bb1c2a1505cc9178be78,https://img.freepik.com/darmowe-wektory/naklejka-na-samochod-sportowy_111297-44.jpg?size=626&ext=jpg,06-11306356,575,630,0.2216796875,0.1566162109375,"[[0.7866300344467163, 0.2778514623641968, 0.8301870226860046, 0.36970803141593933], [0.6667318940162659, 0.28618323802948, 0.6980291604995728, 0.3654983639717102], [0.7347272634506226, 0.3205493092536926, 0.7713118195533752, 0.40025949478149414], [0.4324088990688324, 0.3560800850391388, 0.4719339907169342, 0.44501543045043945], [0.5891172289848328, 0.47702544927597046, 0.6168630719184875, 0.5412259697914124]]",f74f725411aaf359c49b7e4430e4da4421b11412824357c1e8c2dfe2b1c992f8
ae84e56e49eb98ee086472e6bb6ac8c1,https://pics.awwmemes.com/james-damore-jamesadamore-1-h-elites-traditionally-use-rules-42333433.png,phelpsautowreckers.com similiar websites information sitelike domains,800,14,0.2366943359375,0.257568359375,[],1582ac32eba31f62471a851e864aaf5216ea8470e6a01af20901edbf71ce5470
c9b3f7a6ed87d7ec2eadbf3bf193e81e,https://aentmedia.azureedge.net/prod-img/180/64/1033264.jpg,Canada &#8211; Formation des dessinateurs,300,70,0.237548828125,0.26416015625,"[[0.361564040184021, 0.21918605268001556, 0.5228168964385986, 0.605588972568512]]",8c2e344aba56acc08852e5f38829997dadbbbee83dba88839548a3fc0cf63b96
6f378ca900e84d2130e6bef3c46737c2,https://vdb-immobilien.de/wp-content/uploads/2020/05/wertermittlung_resized.jpg,Mother&#39;s Day Gift 14K Real Solid Gold MOM Ring With Garnet Amethyst Emerald Peridot Color CZ Band Size 5 to 9,300,300,0.261962890625,0.2066650390625,[],71f35442ed4367aacda8cdac2e4bcd7d29fe53af132f12a2bbe117907eec4899
3e9fdb33978ebb89d76e6d5c7c1e48bf,https://s-media-cache-ak0.pinimg.com/236x/b2/30/ae/b230ae7e4bc8f2ab326e6b39c4738c9f.jpg,Capture,267,504,0.35791015625,0.340576171875,[],13a2758f0ba1c4aae28d8f665e31bb0eef505e2e1530204d12add4fe7d6301be
ef2bf9ba72c8db581de6366905656373,https://keypart.blob.core.windows.net/stock/thumbnails/800503ZNv1.jpg,Annie Oakley video anecdote,400,590,0.24853515625,0.16796875,[],1301e0bb0bf562d100a2af26e97e060635bb0d884111bce0037a6229ee48b322
843b84fc93b77f5d392f8c540a21432b,https://mermaiddigital.com/wp-content/uploads/2018/08/Cushion1-100x100.jpg,Bild importiert,969,667,0.351806640625,0.228271484375,"[[0.4611910283565521, 0.7060049772262573, 0.5270558595657349, 0.7845929861068726], [0.16723868250846863, 0.7354349493980408, 0.24574419856071472, 0.8485013246536255], [0.8163841366767883, 0.7133843898773193, 0.8570816516876221, 0.7674058079719543]]",c98954eb712705c323a993645d2f4791507a8b653337ca138115b991e5feef12
dda4654dbc38fea10ef95fb4c549cdc7,https://d2ixgfiq0ivxig.cloudfront.net/idx_images/recolorado_residential_sold/recolorado2019207345/xl/7.jpg,"Trực thăng tiếp cận vùng bị cô lập ở Quảng Trị, đưa 2 người bị thương nặng ra ngoài ảnh 1",600,300,0.261474609375,0.279052734375,[],5813a8304551a78424bed918bbbe766f83e2fe7185fd27bd9d5e1779de780df0
67044a8e9130148de324d97708cd2f6f,http://tauon.up.n.seesaa.net/tauon/image/sDSC_1640-thumbnail2.jpg?d=a2,783d74763 CHAMPION REVERSE WEAVE. CREWNECK SWEATSHIRT MULTI LOGO. Sports T-shirt,576,50,0.17626953125,0.16845703125,[],d0a7d6c712d97db4c9a594fd274798df0f6279740419b5d5dafe2aba7b29b3b9
e5d0106bd00a80379b7dc7d291837e18,https://dbs.radioline.fr/pictures/podcast_62cb0fad32d8907b2ba371ff0961dc5d/logo200.jpg,Best Fashion Statements at The Met Gala,400,100,0.2371826171875,0.271240234375,[],ecdedcec074edb3da34ae17da5afdf691ca86f2338c99424003fdb591416e0ed
5def97aa28fe1efad76d72b4bc249edf,"https://static.wixstatic.com/media/5a3c63_7391517a0f674bb1b870a6fb2188c838~mv2.jpg/v1/fill/w_347,h_347,fp_0.50_0.50,q_90/5a3c63_7391517a0f674bb1b870a6fb2188c838~mv2.jpg",Avengers Marvel Avengers Sticker Book,140,200,0.238037109375,0.2357177734375,[],a3fe2f25035c6dd66199679d233d7a5906f0dd65204ce612ed43a9efd5eb6714
229eb5cf75b8e58cc0718c8d93df3701,https://o.vdoc.vn/data/image/2017/08/03/cach-viet-so-yeu-ly-lich-tu-khai-200-size-168x168-znd.jpg,"Cartão Postal Antigo Original, Comemorativo Ano Novo - A Joyous New Year, Não Circulado",185,60,0.2362060546875,0.260498046875,[],721911cdf16e9481410798d64484828e5065284c184c88569879408a9ab5e566
54aa1e6f110231cb81e39402393d1ec3,https://d34ra0wvwxc5ex.cloudfront.net/OiwCF9/q98ECe/2018_CM_RD_94976034_Truck_Bed_w2q55s_overlay_1533837688.jpg,2210316.jpg,300,50,0.315185546875,0.257568359375,[],f427480b5f3befc23db33969cc80988094305c0ad253a1fe47a4126207ecba02
ba15f5cfd8d95577faabee5247fceb78,https://d36xftgacqn2p.cloudfront.net/listingphotos86/8853738-22.jpg?v=1603924121,Post image,768,183,0.3017578125,0.05035400390625,[],9c3c6da520a64479aa4aa3247198b6216f4009162c57f93d8932ba56c1ab95ad
2794e193b09c5466886d36d52f488518,https://i.pinimg.com/236x/06/d1/56/06d15603e87a4f5688f1ce0766b5d31e.jpg,f0100480_1514053.jpg,200,120,0.1766357421875,0.2091064453125,[],1ae489753340de6d14e13ee4617cd9cc5bc4f70a83601f6bfe14ae96ef98254c
e1c34c892074a29fc4308780496e39db,http://cdn.tvc.ru/pictures/o/931/55.jpg,"Система внутренней связи , в телефон/ Hoistcom системы для строительства ЭЛЕВАТОРА СОЛОМЫ//подъема подъемника",435,334,0.261962890625,0.31884765625,[],8a92ba4bd546a22eb9e32c78671e99335fb8ed0adc693b9969ef75684011bffd
ed2da7541d4513e0467a348bab4c0217,http://itpro.nikkeibp.co.jp/article/COLUMN/20100407/346768/zu05.jpg,粉丝们为特斯拉做了一些广告 这里是最受欢迎的三支   ,800,1005,0.1885986328125,0.281005859375,[],64cf73c7b9fae24933331468f759f113da94e91f8976039697f4e2cb05694b15
b605ec5d4931eded328c9a75f768d6de,https://i0.wp.com/www.atpeaz.com/wp-content/uploads/2021/08/parallels-desktop-17-about.jpg?resize=512%2C354&ssl=1,limoncello.jpg,300,178,0.28857421875,0.2269287109375,[],a567462f4edd496bdf5cd00da5bbde64131c283e3cf396bfd58c0fac26b13d9a
4ce104b597b303866a8b50b86d2db45d,http://fotooboikin.ru/fotoshtoryi/img/1050.jpg,AutoStyle wieldoppen Pennsylvania 14 inch ABS zilver set van 4,180,300,0.2039794921875,0.2322998046875,[],59e2262436df4515dc4e5733e740a70d1cb99df2847fb336a101a0c2449247f0
d1faabed6ad79fb94f32d05b158943f5,https://actoria.com/fr/wp-content/uploads/2019/04/transmission-familiale-FR-300x242.jpg,Quick Task Management App UIUX clean mobile ux minimal ios app design uidesign ui appinterferance,308,428,0.2362060546875,0.0892333984375,[],ada64404b517785856613663809b174bc767af3f8350aa3025ba818312c60848
be177f7a22c8e691f54b99fc05828970,https://images-na.ssl-images-amazon.com/images/I/61hLF74lyNL._SL700_.jpg,2017款 1.6L 自动舒适版,200,144,0.2432861328125,0.2257080078125,[],a567462f4edd496bdf5cd00da5bbde64131c283e3cf396bfd58c0fac26b13d9a
84fde3941bca4580a78b4e566b9c1178,https://avatars.githubusercontent.com/u/12628?size=120,avatar,116,360,0.30859375,0.241455078125,[],b08d2d33ad17cd9873827c2e367d86b5dcba4ca72db2be18f154a4230ab2e4df
9e801713c67f41aedd76071b6cfd7cef,https://image.made-in-china.com/43f34j10kYTfbpuFvMcR/Intercom-System-Inter-Phone-Ho.jpg,Mystery Flowers Kindle Edition,500,302,0.203125,0.1318359375,[],044fb1e527a8627bb62d7dc1a95ebf6059160fc3cdaa86d0f0c8276affe9b1ca
e272b306de0fb12652d46c954aaa0071,https://1.bp.blogspot.com/-cVD8JVnC3Jg/WJoEq2BR1WI/AAAAAAAAQcE/y6qDJ6gmyeYEjIu2IDDwb2VX9VpiC8gGQCLcB/s400/InstrukcjePoprosze_Pin6.JPG,"1/1-5 Greenhills Street, Croydon, NSW 2132",556,303,0.2418212890625,0.111083984375,[],12cf1389f18a13a1c0480b6138b935af286e3c1c7f32530093a536a3a5cd07b8
13a9850c109b21099a30bda8ef86f219,"https://ih1.redbubble.net/image.12067492.1975/mwo,220x200,samsung_galaxy_s7_snap-pad,220x200,ffffff.u2.png","In this screen grab from video, former Brooklyn Center Police Officer Kim Potter becomes emotional as she testifies in court, Friday, Dec. 17, 2021 at...",380,643,0.251953125,0.258056640625,[],23bc8e2189347870dc86722f8341999de99262608a4ff935f3233895a3569215
7a0f3e9b55aac47a1ee234a166f211a0,https://cdn.photos.sparkplatform.com/somo/20180606025154264439000000-o.jpg,Armoiries des selliers,777,420,0.2381591796875,0.279052734375,[],8f45d5185f25bdcb8055a43c3b6f2fdbdca7210ae7ee2bbad5f5b9b3c4ddcbb0
59057d680911e5cca6336adef3ffbd50,https://i.ebayimg.com/images/g/TbsAAOSwWHBaCWi~/s-l300.jpg,85 Starlight Circle - Photo 34,1280,555,0.1947021484375,0.095458984375,[],ca5c50f74e392f25446af17257bf7f2fa73e8cbb89b2b340b7763b8f205d220c
bff4551428815d2619cb1686d3191ba1,https://5.imimg.com/data5/SELLER/Default/2020/8/WV/CC/IU/113172/mayo-college-pachranga-cufflinks-fancy-triangles--250x250.jpg,untitled image,1184,1024,0.230712890625,0.195068359375,[],b522cb8bcdf84a21e81cea0370ef265107cc4e254e33c9d328e537fb50338b4e
57b6ff95cb3ff59f30235273b599d228,https://img.freepik.com/free-photo/closeup-icelandic-horse-sunlight-iceland_181624-15657.jpg?size=626&ext=jpg,HUN Tardos Címer.svg,400,150,0.26123046875,0.10809326171875,"[[0.5346218943595886, 0.6611994504928589, 0.5743941068649292, 0.6932975053787231]]",ef97d06e89e5e2047e44d291556539c7bd5007ce70d43ae26171f364fabd99d8
7f1fcdd260cc4cd68370549b39e650ab,"https://static.wixstatic.com/media/451135_839e233d4b3e4d678dec511cc7166536~mv2.jpg/v1/fill/w_708,h_472,al_c,q_80,usm_0.66_1.00_0.01/livre%20miroir%20-4000074_1920.jpg",Tommy Hilfiger - UNISEX LEWIS HAMILTON FLAG NECK - Sweatshirt - white - 1,350,1024,0.338623046875,0.274169921875,"[[0.5798318982124329, 0.16647958755493164, 0.649574875831604, 0.3368719518184662], [0.3397330045700073, 0.12856192886829376, 0.40763726830482483, 0.3082217574119568]]",a0a412f811dac28a13087a23a8459e037a1c31afe1b6525bffcf763db7315201
4d54e09a7203d09d53104601a13d18df,https://new-docs-thumbs.oneclass.com/doc_thumbnails/new_mobile/141602-class-notes-ca-uoit-educ-4380u-lecture9.jpg,A meditating nun at Shwedagon Paya.,330,700,0.31689453125,0.1611328125,[],7c3817ccd742e47bf179658911ce7f8134fbcc5f63af4c61b4a35768085ba967
353d96cc1ba2702fcc346ada15e5b928,https://cdn.mashreghnews.ir/d/2017/08/28/2/2032876.jpg,サラダバー_d0143957_1243669.jpg,640,205,0.3466796875,0.281005859375,[],1d9c51e6962e297e5395fd24366e7b361da748434b3676202766eff25eb64911
bbaa79758a59bc558a681cb15b76296a,"https://static.wixstatic.com/media/a3c9e0_2bd584408a9d46ed8496e868484a0c90~mv2.jpeg/v1/fill/w_454,h_341,fp_0.50_0.50,q_90/a3c9e0_2bd584408a9d46ed8496e868484a0c90~mv2.jpeg",фото страниц Мы с истекшим сроком годности #11,637,146,0.245361328125,0.168212890625,[],30952f5173afd4ae77c335139acedebfc0ef0f5519a561ee5e6913a6c23c5f8a
bf992cf02950190bcff074da37806678,https://cdn.watchsignals.com/watchimages/57665_Perrelet_A1075_3_.jpg,4 Slice Toaster Knobs - Brushed Stainless,1024,217,0.36474609375,0.2091064453125,[],677c786244a11747b757c3f3846d2d5c2d7b07e0ecd356b9372310b7f0eb1458
aedfbf2a7af0fbca38c494a10a02746c,http://images.lucasfox.com/property/4x3_420w/EFECE40FD6.jpg,Gothic church in New England Royalty Free Stock Photography,220,100,0.222900390625,0.2052001953125,[],0524a9710aef85f43653b602f275941187d1074020ec5a8be98b10453869c1ec
0e1653f9bc9d00be497325b0cf131b3f,http://origin-images.ttnet.net/pi/cprv/40/11/04/66/NP240110466-3b.jpg,Máy triệt lông chuyên nghiệp BEURER IPL10000,800,87,0.275634765625,0.228759765625,[],c6eec9f19414c35c3055e1af59968f543b50ec1ddad2035a807b268ff09a20f4
1c63865c6c9cfd172b693ff874695fa1,http://slideplayer.com/256962/1/images/23/TrueAllele+Deployment.jpg,13 اپلیکیشن رایگان برای زندگی پربارتر و تولیدمحورتر,200,80,0.2420654296875,0.12237548828125,[],527dccd5b3e2685534a0af2e4928aa6e30a323f10f74b0032447fe9b1b88368b
2887ce9f1d746f931167abff990b8618,https://market4gamers.com/wp-content/zbal-uploads/afs/5085_images_14_170x96.jpeg,"For people with bipolar disorder, exercise can help manage moods, possibly reduce the amount of medications you need and end social isolation. Read more.",300,80,0.310302734375,0.2210693359375,[],9be367d382332ba449280927475d2218f063ffa2ae39b63f9a054a84455f7771
3b6a05e7f3da882da2f9b33d20aeba19,https://li3.rightinthebox.com/images/e/201406/epggpg1403256874940.jpg,f0124451_2359889.jpg,270,128,0.2066650390625,0.189697265625,[],d61769c698784bf2ae625cedf4755d9f202217bf2b1dc68fa1e65e0af64c35ea
3f11b0e97cf125cef27550d4d25db190,http://image-ali.bianjiyi.com/1/2019/0612/18/1560334933742.jpg,Nido Quebein cytat o skupieniu na ograniczonej liczbie celów,480,472,0.41845703125,0.242919921875,[],1d035052b447621a0ddfcff92857b7c39ff191f7d502f74da2020825956c3f31
c26d8a8dc2032d72664f7598d7da11d0,https://akces.mobi/wp-content/uploads/8054165-300x300.jpg,Chipotle,638,50,0.233642578125,0.283447265625,[],8e14054b151c3ff4369f6ed66c62878c20d925e17d400a280c53b23ae29ab823
a76a995f856d6773cae44fd0d7801649,http://images.neimanmarcus.com/ca/1/product_assets/P/8/0/8/4/NMP8084_cu.jpg,.Toyota Corolla SE 2017 Model.,961,324,0.290771484375,0.2841796875,"[[0.03840919956564903, 0.8750482797622681, 0.17381314933300018, 0.9730563163757324]]",a47cba8c41f358c33eaa82d652ce04b51342e7fbfd0a4606a0e0852e025a8478
fae61b27f52d1e5fc6db9782c4375c08,https://www.placegrenet.fr/wp-content/uploads/2014/01/SeriePhotoCreditMuseeGrenoble17.jpg,Infiniti G35 Coupe 2dr Cpe Auto w/Leather 2004,135,24,0.203125,0.2159423828125,"[[0.6871810555458069, 0.5985830426216125, 0.7522968053817749, 0.7665449976921082], [0.29024186730384827, 0.7596395015716553, 0.35177701711654663, 0.8801534175872803], [0.9266209602355957, 0.4041879177093506, 1.0, 0.587925910949707]]",084ddeb0ffe20c7b14019923a3b3daa5aa6a9b43b29bbb8eda654a6a248ca98f
c44ec80a90ff8031758bfd2d844c8e92,https://cdn.snsimg.carview.co.jp/minkara/note/000/004/676/793/4676793/p3.jpg?ct=904001175582,http://altwall.net/img/albums/410724_7_11_2008_12_11_122008.jpg,1024,175,0.25927734375,0.1795654296875,[],93e60a3c9a2e3aec16003bdeedea5b3a1170316ccc04428b392d5a9b5eb6195c
efcf21dec0df329ffccb604fd46b6ec0,https://li8.rightinthebox.com/images/50x50/201706/xexfya1498554168284.jpg,Dr. Manu Chaudhary General Surgeon in Karnal,240,205,0.236083984375,0.1910400390625,[],f1012c38f227da3df4384c074dfd9b3aa3927e4dd6a9901556a069de152d5e6a
82adf577539a4728c3bf7ad08faf79c2,https://mananarm.blob.core.windows.net/images/2018/05/21/cropw0h0capturadepantalla20180521alas14.36.11-focus-0-0-150-125.png,The Style Boro,80,66,0.2015380859375,0.1375732421875,[],57324b7d6916ca148c77828e00b4b1155b303eae221081925eec11ad02260b83
0bc5ed1724805d9695b309f79e4dd083,https://n1s2.hsmedia.ru/07/a9/4e/07a94e41be2a4f2d2935184150e82165/727x515_1_cc75b7050e78f3e3fdbbc8330224ea90@5000x3540_0xac120003_18344517831627901262.jpg,Untitled photo,180,120,0.321533203125,0.244873046875,[],8045bb2c0dfab46982ea7f1de9d7d17162d6e2f3a8f558fbc479e13dcb4173fb
efad6512b473aa97c3360e8bb38d6a9f,https://s3-us-west-2.amazonaws.com/utsw-patientcare-web-production/original_images/bickel-perry-87331-200x200.jpg,SeriePhotoCreditMuseeGrenoble17,50,500,0.302734375,0.2093505859375,[],958d627e585b20db736c43c78981ad791f406aacb2607871a64c0274a83b8983
8a798be2362db20ab1536c34f813cff0,https://storage.googleapis.com/espeleoworld.appspot.com/espeleo/52e661_garrofer-5.jpg,[PT-BR]My Roommate is a Fairy Fox  Ep  19 [BL],266,394,0.299560546875,0.2568359375,[],91fe8b76f96d8f4cb515b69b705b6284ef5076b73bae07020046dacc8d960383
c638095b2313d2508053718f4959b42b,https://img.netty.immo/product/immoval88/VT138/terrain-saint-germain-vente-1626182609-VT138_26_s.jpg,"cartoon, koala, cute",468,400,0.26171875,0.2154541015625,[],ae5020eba5a72a1ac2601243f2296b35679587bb8a1cc945a23c7b7098a150a4
553059d8279c4975a33c06885cb6d25b,http://img01.tamaliver.jp/usr/j/e/t/jetset/%E3%82%86%EF%BC%90%E3%81%A1%E3%82%85%E3%83%BC%E3%81%B6_1-s.jpg,Produktfoto Thumbnail 2,464,373,0.2315673828125,0.255126953125,[],63bef5657fbc978d7e81140c729fbfb234142c21ac138ecd6ffedc8190dcf0eb
3eb726fb935ed035e36cfe9db43e6e57,http://img4.homefinder.com/i/701c8f98-25d8-11e7-aaaa-ecf4bbed67d8/w592-h-q,"Η ταύτιση με τον ίδιο γονέα επιλύει τη σύγκρουση με την έγκριση των αξιών, των τοποθετήσεων, των προτύπων, του σεξουαλικού προσανατολισμού, και των ιδιομορφιών Στάδιο λανθάνουσας σεξουαλικότητας (6-12) Όχι πραγματικά ένα στάδιο, αλλά μια υποχώρηση από τις ευχάριστες βιολογικές δραστηριότητες Πτώση σεξουαλικού ενδιαφέροντος Τα κοινωνικά και γνωστικά ενδιαφέροντα αναπτύσσονται",390,1024,0.18994140625,0.1265869140625,[],2e821a21eb9dea4e227380c86e932c95ff8d967cb8c1f18a0cdce04849095ea4
fc7dbd7e73e7270c73e4623def0e0d20,https://images-fe.ssl-images-amazon.com/images/I/51U1kEF3BpL.jpg,Y230自力式�毫�控制�y|自��毫�控制�y,150,2000,0.320068359375,0.2418212890625,"[[0.2264128029346466, 0.7421044111251831, 0.26180848479270935, 0.7834137082099915]]",b80df62c510e238ab905a8eff93f96321fc26b7886bc11dd43474423096ba631
fea962582e4d7299cf245f5f8da8f725,https://media-cdn.tripadvisor.com/media/photo-l/09/db/32/3b/20151226-110943-largejpg.jpg,3个小学生捡光一车垃圾 到站后默默下车,275,338,0.1522216796875,0.10247802734375,"[[0.6597298383712769, 0.6006819009780884, 0.7159193158149719, 0.6572707295417786], [0.3296090364456177, 0.5834949612617493, 0.3594747483730316, 0.6205262541770935], [0.347967267036438, 0.6544433832168579, 0.37959036231040955, 0.6913908123970032]]",bf5d05ee65f6ea7b02c117401b382bd29f97363c4452159712c5f5120cd31464
c0d435e7e093ef19508d4cb8ef5ea826,https://imgaz.staticbg.com/thumb/grid/oaupload/banggood/images/61/A9/df0f6b60-0c72-4456-82f2-9608f150b405.jpg,Business Income Coverage Guide,1000,120,0.274169921875,0.3154296875,"[[0.5229218006134033, 0.6939517259597778, 0.5466228723526001, 0.736817479133606]]",bb9adf68308118907ac45e52fabeeb580d28d773f2301e4532808710d7905e94
7372c1d9b3ba0f0a56dccfaad7301a52,https://cdn.image.st-hatena.com/image/square/0a7cf54d51b90d644538c3e4e8aaa807b088cfe6/backend=imagemagick;height=100;version=1;width=100/https%3A%2F%2Fcdn-ak.f.st-hatena.com%2Fimages%2Ffotolife%2FL%2FLONGSLEEPER%2F20210501%2F20210501174955.jpg,MutecTraditional Aluminum Trumpet Wah-Wah Mute,80,600,0.259765625,0.217041015625,[],822604e60f88f5540e067f6efbd44ae88c0f7c4b1db660338483ea47846b90c1
4161940d8cddf6470b3b251f69636296,https://www.aaapartyrentals.com/wp-content/uploads/2018/12/30-Inch-Round-Cocktail-Table-300x300.jpg,Superfood Breakfast Bar Recipe | Vital Plan,200,600,0.30517578125,0.2132568359375,[],9d9215cbac3e2b7ba6bbbd728b49c11444ccb5a1a75c1f2a20b0c51942d571e5
c0f9000514b150cb66640f0502c30c2a,https://s-media-cache-ak0.pinimg.com/216x146/74/1a/37/741a37fe653930e27e4b5e9c61f30ca0.jpg,"People hold flowers as they gather outside a church during a memorial service for Roman Bondarenko, an anti-government protester who died in hospital following what witnesses said was a severe beating by security forces, in Minsk, Belarus, on Nov. 20, 2020. (BelaPAN via Reuters)",498,184,0.204833984375,0.1976318359375,[],edd277f10889ab54b7b147199e37029e40e760e5f83803298c9afe6a1fdd0aa5
1ab951a8bbef32c94f9e69f4e0defaeb,http://image.made-in-china.com/2f1j10ZNBTceuzLJbP/CAS-No-57-85-2-Testosterone-Pr.jpg,"Jujutsu Kaisen 1080P, 2K, 4K, 5K HD wallpapers free download",236,450,0.2169189453125,0.1376953125,"[[0.5647789835929871, 0.14645256102085114, 0.6839458346366882, 0.33208367228507996]]",87128e38b27176e10db8056d540285f37afcb1ea3fa1f1dd21d8196af1db8387
456a9d89d0c7343c88aff8de700de6be,https://storage.googleapis.com/xpert-allassets/alassets-xpert-aws/mw/img/Owens-Corning.jpg,"5685 Cibola St, Keystone Heights, FL 32656 (MLS #1055438) :: The Hanley Home Team",800,180,0.19970703125,0.228271484375,[],14d725a6ba1e789141f9232ef70d4415ddad27b16252c1612d3d8e4e92d3a09f
