observation.state,action,timestamp,frame_index,episode_index,index,task_index
"[0.5203806757926941, -0.25848713517189026, 0.7510892748832703, -0.64960777759552, 0.7448246479034424, 0.0922991931438446, 0.12135393172502518, 0.0]","[0.04894126206636429, -0.022108472883701324, -0.025292569771409035, -0.0494547002017498, 0.014140618033707142, -0.06053905189037323, 0.0]",12.0,54,5,394,0
"[0.5838914513587952, -0.09428837150335312, 0.21517346799373627, -0.5587162375450134, 0.6877979636192322, 0.34321045875549316, 0.3114108145236969, 0.0]","[-0.0007933294400572777, 0.008557867258787155, -0.053217511624097824, 0.0789707824587822, 0.12403262406587601, 0.03231576830148697, 0.0]",10.666666984558105,19,3,94,7
"[0.5749186873435974, -0.2031272053718567, 0.4267154633998871, -0.6833025217056274, 0.6859254837036133, 0.07044979184865952, 0.24008482694625854, 1.0]","[0.0, -1.3877787807814457e-17, 4.163336342344337e-17, 0.0, -0.0, -0.0, 0.0]",12.0,34,7,63,5
"[0.5184183120727539, 0.011083600111305714, 0.158781036734581, -0.43031737208366394, 0.7796987295150757, 0.27873483300209045, 0.35944923758506775, 0.0]","[0.06265656650066376, -0.08136842399835587, 0.02919275499880314, 0.15501689910888672, 0.18605287373065948, 0.23359394073486328, 0.0]",15.0,73,6,18,2
"[0.5534826517105103, -0.1504332721233368, 0.9299203753471375, -0.5678061246871948, 0.7685250639915466, 0.12427547574043274, 0.2674342095851898, 1.0]","[0.0, 0.0, 0.0, 0.0, 0.0, 0.0, 1.0]",6.666666507720947,16,0,20,0
"[0.49889180064201355, -0.12273265421390533, 0.709601640701294, -0.4089604318141937, 0.8281869292259216, 0.20747804641723633, 0.3221966028213501, 0.0]","[0.01857858896255493, -0.02074361778795719, -0.02634960040450096, -0.0009575886069796979, 0.08900968730449677, 0.013652816414833069, 0.0]",5.333333492279053,9,0,66,5
"[0.4165206849575043, -0.1378326714038849, 0.8990654945373535, -0.6500507593154907, 0.711243748664856, 0.13069483637809753, 0.2334207445383072, 0.18956899642944336]","[0.012079770676791668, -0.032060764729976654, -0.06343082338571548, 0.05192283168435097, -0.031913455575704575, -0.018611397594213486, 1.0]",20.33333396911621,62,7,308,6
"[0.476314902305603, 0.07202347368001938, 0.12886570394039154, -0.5092518329620361, 0.801371157169342, 0.19320645928382874, 0.24726112186908722, 1.0]","[-0.031154394149780273, -0.03399337828159332, 0.14934450387954712, 0.23573625087738037, -0.2655380666255951, 0.03386044502258301, 0.0]",2.3333332538604736,10,0,44,7
"[0.6125057339668274, -0.18367473781108856, 0.44030001759529114, -0.6733481287956238, 0.7065984606742859, 0.053014472126960754, 0.2109748125076294, 1.0]","[-0.011338477954268456, 0.04986525699496269, -0.22347016632556915, 0.14817936718463898, 0.23656019568443298, -0.033226367086172104, 1.0]",10.333333015441895,55,2,267,5
"[0.5310432314872742, 0.08677423000335693, 0.6318350434303284, 0.646486759185791, -0.5917568802833557, 0.14044563472270966, -0.46060144901275635, 1.0]","[-0.009750292636454105, -3.803993240580894e-05, -0.03193133696913719, -0.019525086507201195, 0.011066052131354809, -0.0012643925147131085, 0.0]",10.0,17,8,402,0
"[0.5705762505531311, -0.10925671458244324, 0.11542599648237228, -0.11830749362707138, 0.9538468718528748, 0.20163799822330475, 0.18847180902957916, 0.18182945251464844]","[0.058775894343853, -0.03359592333436012, 0.013981695286929607, -0.12422680109739304, -0.24987520277500153, -0.19254295527935028, 1.0]",12.0,20,8,141,4
"[0.5764284729957581, 0.04491633549332619, 0.8594788312911987, 0.7191833257675171, -0.6050595641136169, -0.22907939553260803, -0.2533789873123169, 0.9938820004463196]","[0.006127782166004181, -0.0022815591655671597, 0.018775304779410362, -0.009863900020718575, -0.06210571154952049, 0.011342564597725868, 0.0]",22.0,98,1,290,0
"[0.3651365339756012, -0.20209549367427826, 0.7464120984077454, -0.5890216827392578, 0.8017433881759644, -0.03118637017905712, 0.0963766947388649, 1.0]","[0.0, 0.0, 0.0, 0.0, 0.0, 0.0, 1.0]",11.0,64,8,401,5
"[0.750089168548584, -0.019176039844751358, 0.8733588457107544, 0.6722815036773682, -0.542924165725708, -0.16461068391799927, -0.47557783126831055, 0.0]","[0.02241344563663006, -0.0026230087969452143, 0.0028712062630802393, 0.004259837791323662, -0.03128143027424812, -0.02312280237674713, 1.0]",3.3333332538604736,48,7,406,0
"[0.7701483368873596, 0.010482019744813442, 0.9213913679122925, -0.6086162328720093, 0.5139307975769043, 0.05249812453985214, 0.6022502183914185, 0.7871627807617188]","[0.04038386419415474, 0.024528227746486664, -0.025794705376029015, 0.08257422596216202, -0.06661292165517807, -0.07597915828227997, 0.0]",2.6666667461395264,39,2,343,5
"[0.4819985032081604, 0.05875123664736748, 0.10181454569101334, -0.5000199675559998, 0.807294487953186, 0.20744237303733826, 0.23499631881713867, 0.8746584057807922]","[0.0, 0.0, 0.0, 0.0, 0.0, 0.0, 1.0]",7.333333492279053,30,7,351,8
"[0.5021523237228394, -0.20130041241645813, 0.46407371759414673, 0.7193255424499512, -0.6374035477638245, -0.09235307574272156, -0.2603044807910919, 0.0]","[0.04835207015275955, -0.04057629778981209, -0.010208513587713242, -0.07675760984420776, 0.22825004160404205, 0.12161116302013397, 0.0]",21.66666603088379,2,4,356,0
"[0.6134611368179321, -0.21784676611423492, 0.6828150153160095, -0.3446154296398163, 0.8598305583000183, 0.124534472823143, 0.355559766292572, 0.0]","[-0.02110029011964798, 0.057447511702775955, -0.05525081232190132, 0.20319616794586182, 0.04918244108557701, 0.15163283050060272, 1.0]",1.6666666269302368,14,5,348,8
"[0.504335343837738, -0.11408749222755432, 0.672257125377655, -0.3847239315509796, 0.8286266326904297, 0.22939123213291168, 0.33577537536621094, 0.0]","[0.0033367581199854612, 0.0025962002109736204, -0.0036067459732294083, -0.0035401051864027977, 0.0015274876495823264, 0.006738841999322176, 1.0]",1.3333333730697632,28,7,435,7
"[0.6219247579574585, -0.17949534952640533, 0.48323854804039, -0.671222448348999, 0.7002878189086914, 0.02415526658296585, 0.24181394279003143, 0.0]","[-0.017835360020399094, -0.009199493564665318, -0.01551616471260786, 0.012941259890794754, 0.05397598445415497, -0.0908232182264328, 0.0]",8.666666984558105,36,6,118,8
"[0.509631872177124, -0.2433634251356125, 0.877866804599762, -0.5777409672737122, 0.8056033253669739, 0.04069351404905319, 0.124750517308712, 0.0]","[-1.3191394828027114e-05, 1.4739913240191527e-05, -2.5428447770536877e-05, 9.106620382226538e-06, 4.310098665882833e-05, 2.1901087166043e-05, 0.0]",17.66666603088379,6,5,371,3
"[0.49713215231895447, -0.1629258245229721, 0.6013467311859131, -0.5465431809425354, 0.8173782229423523, 0.12135498225688934, 0.13585445284843445, 0.8640000224113464]","[0.05685407295823097, 0.06539463996887207, -0.019186832010746002, 0.20138655602931976, 0.01968054659664631, 0.1411312073469162, 0.0]",10.0,86,2,30,5
"[0.8195177912712097, -0.05150376632809639, 0.8353646993637085, 0.751371443271637, -0.4746246337890625, 0.06056409701704979, -0.4544275403022766, 0.9997391104698181]","[0.0, 0.0, 0.0, 0.0, 0.0, 0.0, 0.0]",34.33333206176758,25,0,306,8
"[0.5186343789100647, -0.2190587967634201, 0.6244155764579773, -0.6572208404541016, 0.7273935079574585, 0.101645827293396, 0.16919685900211334, 0.0]","[0.012159943580627441, -0.005180372390896082, 0.008253198117017746, 0.013535674661397934, -0.0394122377038002, 0.0040390766225755215, 0.0]",8.333333015441895,13,7,215,6
"[0.5245255827903748, -0.25536638498306274, 0.7071061134338379, -0.6676379442214966, 0.7270162105560303, 0.11740423738956451, 0.10919376462697983, 0.0]","[-0.032839469611644745, -0.03053826093673706, -0.06355801969766617, 0.027441253885626793, 0.15006110072135925, -0.1710021197795868, 0.0]",12.333333015441895,32,7,242,7
"[0.645287275314331, -0.1847144514322281, 0.41599908471107483, -0.6652050018310547, 0.7216107845306396, 0.02925170212984085, 0.18953755497932434, 0.1756279021501541]","[0.028960559517145157, -0.06687178462743759, -0.05593045800924301, -0.039426885545253754, 0.0717349499464035, -0.2248101383447647, 1.0]",2.0,17,1,370,5
"[0.5349310636520386, -0.1319848895072937, 0.38780030608177185, -0.3267441391944885, 0.9163617491722107, 0.10200144350528717, 0.20764175057411194, 1.0]","[0.002786363707855344, 0.0011564891319721937, 0.021537113934755325, -0.016351904720067978, -0.051023758947849274, 0.03392695635557175, 0.0]",8.333333015441895,5,0,256,1
"[0.8414051532745361, -0.06892460584640503, 0.8836783170700073, -0.577207088470459, 0.7531968355178833, 0.005851732566952705, 0.3154239356517792, 0.11602484434843063]","[-0.08799272030591965, -0.006461729295551777, 0.03005915693938732, 0.14030146598815918, -0.06994106620550156, 0.09151740372180939, 0.0]",33.0,81,4,496,3
"[0.8413744568824768, -0.06898085027933121, 0.8837561011314392, -0.5771824717521667, 0.753204345703125, 0.005823048297315836, 0.3154516816139221, 0.8147826194763184]","[0.0651269480586052, 0.015014206990599632, 0.023375138640403748, 0.12117656320333481, -0.11958546191453934, -0.1475248634815216, 0.0]",12.666666984558105,8,4,129,0
"[0.823210597038269, -0.06816273182630539, 0.8853017091751099, 0.7451080679893494, -0.4614114463329315, 0.13129079341888428, -0.4633316099643707, 1.0]","[-0.047133494168519974, 0.00970593374222517, -0.10185912251472473, 0.045850660651922226, 0.06139976158738136, -0.008531427010893822, 0.0]",16.33333396911621,77,5,57,1
"[0.8223143219947815, -0.09215414524078369, 0.8755003213882446, 0.7253583073616028, -0.4894009828567505, 0.15147258341312408, -0.4597804844379425, 1.0]","[0.013165472075343132, 0.0019252869533374906, -0.018045321106910706, 0.04679218679666519, 0.01524641364812851, 0.007396713364869356, 1.0]",7.333333492279053,26,0,374,0
"[0.5102047920227051, -0.2471892237663269, 0.8375711441040039, -0.5871878862380981, 0.799456000328064, 0.04869413748383522, 0.11708679795265198, 0.0]","[-0.008007713593542576, 0.053529202938079834, -0.05593184381723404, 0.29691872000694275, 0.058844223618507385, 0.1964971423149109, 1.0]",0.6666666865348816,4,4,130,8
"[0.6023799777030945, -0.05749494954943657, 0.1134985089302063, -0.5287608504295349, 0.7735034227371216, 0.2280372977256775, 0.26477062702178955, 0.0]","[-0.016571981832385063, -0.028032492846250534, -0.09678837656974792, 0.04104968532919884, 0.2218768447637558, -0.007475071121007204, 0.0]",36.0,92,6,333,0
"[0.41109567880630493, -0.22757405042648315, 0.947870135307312, -0.6196062564849854, 0.7624784111976624, -0.0690903589129448, 0.1730353832244873, 0.0]","[-0.016222506761550903, -0.01972239278256893, -0.010434122756123543, -0.0036108200438320637, 0.057914528995752335, -0.027927672490477562, 0.0]",4.333333492279053,15,7,1,4
"[0.6039931178092957, -0.0629277154803276, 0.4094618260860443, -0.32594841718673706, 0.897089958190918, 0.10880012810230255, 0.27775853872299194, 1.0]","[0.0, -1.3877787807814457e-17, 1.1102230246251565e-16, 0.0, -0.0, 0.0, 1.0]",20.0,5,1,135,1
"[0.7456689476966858, 0.016281217336654663, 0.9263482093811035, -0.6238633990287781, 0.49165645241737366, 0.04782319441437721, 0.605624794960022, 1.0]","[-0.015022608451545238, -0.01048138365149498, -0.0331604927778244, 0.05547516793012619, 0.051375579088926315, -0.0786690041422844, 1.0]",30.33333396911621,22,1,456,0
"[0.5418573021888733, -0.07420390844345093, 0.3332175612449646, -0.6650130152702332, 0.6733289957046509, 0.261841356754303, 0.18927471339702606, 0.0]","[-0.036653485149145126, -0.012583094649016857, 0.2004394233226776, -0.2256343960762024, -0.45322805643081665, 0.037380822002887726, 0.0]",9.333333015441895,52,0,176,0
"[0.47398295998573303, -0.22820371389389038, 0.9594491720199585, -0.6006553173065186, 0.7806435227394104, -0.024968603625893593, 0.17083740234375, 0.0]","[-0.02891925722360611, -0.03689824044704437, -0.03194444254040718, -0.06277692317962646, 0.02604772336781025, -0.09515380859375, 1.0]",18.66666603088379,17,5,89,4
"[0.5119750499725342, 0.01957993023097515, 0.14633232355117798, -0.41853785514831543, 0.7796175479888916, 0.27290400862693787, 0.3775526285171509, 0.0]","[-0.027709124609827995, 0.01883506402373314, -0.02565881423652172, -0.04244082048535347, 0.04271417856216431, -0.04627581685781479, 1.0]",37.0,18,6,7,1
"[0.5763543844223022, -0.04903312772512436, 0.35903894901275635, -0.3085164725780487, 0.8285155892372131, 0.29803991317749023, 0.35993292927742004, 0.0]","[0.02035856992006302, 0.02294185198843479, -0.059418246150016785, 0.32990697026252747, -0.07823210954666138, -0.05532003939151764, 1.0]",2.3333332538604736,12,7,275,0
"[0.7511085867881775, -0.029308155179023743, 0.8850027322769165, 0.6637935042381287, -0.5461156964302063, -0.1498734951019287, -0.48854249715805054, 0.0]","[0.0, 0.0, 0.0, 0.0, 0.0, 0.0, 1.0]",22.0,22,7,2,1
"[0.6606767177581787, -0.19518299400806427, 0.43411192297935486, -0.6751688718795776, 0.7078939080238342, 0.034150417894124985, 0.20461413264274597, 0.0]","[0.04621433839201927, -0.022320419549942017, -0.06791055202484131, -0.017804866656661034, -0.0009582111379131675, -0.1284978836774826, 1.0]",6.0,1,0,397,0
"[0.5900511145591736, -0.06438129395246506, 0.09710219502449036, -0.4974321126937866, 0.7755637764930725, 0.2597019374370575, 0.2891661822795868, 0.6510558724403381]","[0.020956462249159813, 0.01806877739727497, -0.07795606553554535, -0.07461510598659515, 0.02581598237156868, -0.01386084035038948, 1.0]",2.3333332538604736,20,8,444,7
"[0.5604873895645142, 0.015574309043586254, 0.20959171652793884, -0.4941074848175049, 0.7717044353485107, 0.2557103931903839, 0.30812692642211914, 0.0]","[0.03030185028910637, 0.034540265798568726, 0.01267197448760271, -0.024298178032040596, -0.07328882813453674, 0.08039280027151108, 0.0]",20.33333396911621,13,5,178,7
"[0.5872322916984558, -0.0627351924777031, 0.2797756791114807, -0.2384902536869049, 0.8708488941192627, 0.2804328203201294, 0.32573309540748596, 0.0]","[0.020295916125178337, 0.002469569444656372, 0.03615742176771164, -0.007854295894503593, -0.09414734691381454, -0.03308618441224098, 1.0]",3.6666667461395264,10,7,76,6
"[0.49644508957862854, -0.163185715675354, 0.5920405983924866, -0.5465556979179382, 0.8176227807998657, 0.12169065326452255, 0.13401959836483002, 0.39888373017311096]","[0.03067600540816784, 0.017530614510178566, 0.013425246812403202, 0.05246073752641678, -0.02718379907310009, 0.03965700417757034, 0.0]",3.0,7,7,19,7
"[0.5012233853340149, -0.1887277513742447, 0.6057555675506592, 0.7752578854560852, -0.5849844217300415, -0.16641944646835327, -0.17050790786743164, 0.0]","[-0.008167102001607418, 0.00853562168776989, -0.010709765367209911, -0.03374972194433212, 0.01487447414547205, 0.01758110709488392, 1.0]",14.666666984558105,9,1,288,2
"[0.619389533996582, -0.12462791055440903, 0.9204998016357422, -0.5723403692245483, 0.7689259052276611, 0.12450066953897476, 0.2562791407108307, 0.3577178418636322]","[-0.015495466068387032, 0.06418327242136002, 0.26614880561828613, 0.47052115201950073, -0.6318977475166321, 0.3183436095714569, 0.0]",7.666666507720947,56,0,304,0
"[0.46407634019851685, -0.2421828955411911, 0.8211230039596558, -0.39593374729156494, 0.8627743124961853, 0.16273649036884308, 0.2690238356590271, 0.0]","[0.08947101980447769, 0.007970577105879784, 0.04034293070435524, 0.0572788342833519, -0.15696489810943604, -0.11934403330087662, 0.0]",9.666666984558105,40,6,443,0
"[0.687444806098938, -0.23913811147212982, 0.6203091144561768, -0.37011784315109253, 0.8545685410499573, -0.020027611404657364, 0.36376404762268066, 0.0]","[-0.11659657955169678, 0.03049490414559841, 0.009824573062360287, 0.15021413564682007, 0.1967526227235794, 0.22411637008190155, 0.0]",9.0,34,0,153,1
"[0.5365352630615234, -0.13239891827106476, 0.4499780833721161, -0.29652175307273865, 0.8140655755996704, 0.340351939201355, 0.3654211759567261, 0.0]","[0.020768938586115837, 0.07339108735322952, 0.246292382478714, 0.48497888445854187, -0.5887647867202759, 0.23007617890834808, 0.0]",25.66666603088379,31,0,262,1
"[0.601169764995575, 0.021670063957571983, 0.22697488963603973, -0.5268137454986572, 0.7617178559303284, 0.2601056396961212, 0.27312666177749634, 1.0]","[0.0, 0.0, 0.0, 0.0, 0.0, -0.0, 0.0]",16.0,59,2,138,4
"[0.7070088386535645, -0.2360721230506897, 0.598312497138977, -0.3377317786216736, 0.8720282912254333, -0.028193432837724686, 0.3531416058540344, 1.0]","[-0.023133309558033943, -0.0004002094210591167, 0.0058547756634652615, 0.045604269951581955, -0.015187952667474747, 0.09860572218894958, 0.0]",13.333333015441895,11,0,300,5
"[0.6147183179855347, -0.17749494314193726, 0.4793930649757385, 0.735035240650177, -0.6283131837844849, -0.16521330177783966, -0.1940367966890335, 0.0]","[0.0217778068035841, 0.023478463292121887, -0.03995233401656151, 0.06614220142364502, -0.004922028165310621, 0.06698669493198395, 1.0]",25.33333396911621,26,1,103,0
"[0.36971232295036316, -0.26093724370002747, 0.4874332547187805, -0.5934953689575195, 0.7757003307342529, 0.13808566331863403, 0.16426995396614075, 0.0]","[0.008182055316865444, 0.010161865502595901, -0.0948747843503952, 0.11125217378139496, 0.1138310357928276, -0.029855778440833092, 1.0]",20.66666603088379,71,5,481,6
"[0.537237286567688, -0.03684176877140999, 0.8315666913986206, -0.5886967182159424, 0.5325260758399963, 0.09025254100561142, 0.601420521736145, 1.0]","[0.009095357730984688, -0.004671319853514433, -0.01754724606871605, -0.00610814755782485, -0.02389683574438095, -0.06436145305633545, 1.0]",24.33333396911621,45,1,244,4
"[0.42743587493896484, -0.2240772396326065, 0.9443368315696716, -0.5826005935668945, 0.7940336465835571, -0.05529402941465378, 0.1644069105386734, 1.0]","[0.07842375338077545, 0.00231085903942585, -0.012791886925697327, -0.035582542419433594, 0.025861479341983795, -0.04521007835865021, 0.0]",2.3333332538604736,70,4,15,4
"[0.4381179213523865, -0.2166590690612793, 0.9761547446250916, -0.6033326387405396, 0.7807295322418213, -0.03446250408887863, 0.15894490480422974, 0.0]","[0.04721381142735481, -0.019544173032045364, -0.01864173263311386, 0.03894427791237831, -0.006122954655438662, -0.0052517130970954895, 1.0]",2.3333332538604736,11,0,281,5
"[0.6019598841667175, -0.18323490023612976, 0.4510962963104248, -0.675108015537262, 0.7029193639755249, 0.05633872002363205, 0.21670140326023102, 0.0]","[-0.005109697580337524, -0.00327568338252604, -0.028707707300782204, 0.056842926889657974, 0.08053978532552719, -0.010974956676363945, 1.0]",5.666666507720947,15,1,457,5
"[0.5648295283317566, -0.20836560428142548, 0.5089131593704224, 0.7178469300270081, -0.6646820306777954, -0.12125290930271149, -0.16790273785591125, 0.0]","[8.120853181026177e-07, 3.1910312827676535e-06, 1.2090255040675402e-05, 9.364245556753303e-07, -4.959847865393385e-05, -2.2860078843223164e-06, 0.0]",1.0,8,7,187,1
"[0.443330854177475, -0.07582522928714752, 0.41769033670425415, -0.45197832584381104, 0.857144832611084, 0.18607330322265625, 0.16246561706066132, 1.0]","[0.004543003160506487, 0.0013838433660566807, -0.009141996502876282, -0.04739588871598244, 0.002505233511328697, -0.1061459481716156, 1.0]",7.333333492279053,12,1,127,6
"[0.4854084849357605, 0.13114573061466217, 0.20898064970970154, -0.5373442769050598, 0.7725175619125366, 0.16954046487808228, 0.29280325770378113, 1.0]","[-0.012638614512979984, -0.008717210032045841, -0.02067699283361435, 0.09030508249998093, 0.010894699953496456, -0.04528786987066269, 1.0]",0.6666666865348816,34,7,228,0
"[0.46825462579727173, -0.09297361224889755, 0.9734926223754883, -0.6748643517494202, 0.6931599974632263, 0.051903821527957916, 0.2477768063545227, 0.0]","[-0.03873411566019058, -0.05709931254386902, -0.047509100288152695, 0.2299894541501999, -0.04067856818437576, -0.25862058997154236, 1.0]",12.666666984558105,85,8,106,5
"[0.556969165802002, -0.058560412377119064, 0.436551034450531, -0.3873301148414612, 0.8681814074516296, 0.1372455507516861, 0.2782086133956909, 1.0]","[0.015429067425429821, -0.007631085347384214, -0.010650375857949257, -0.053456299006938934, -0.05626101791858673, -0.06818922609090805, 1.0]",20.66666603088379,38,4,136,5
"[0.4171432852745056, -0.13967329263687134, 0.9046292304992676, -0.6534560918807983, 0.7097554802894592, 0.12659306824207306, 0.23068684339523315, 0.00034728681202977896]","[0.023984232917428017, -0.010118624195456505, -0.0852886363863945, -0.055393073707818985, 0.06188911199569702, -0.1790897250175476, 1.0]",11.666666984558105,1,1,234,4
"[0.43477752804756165, -0.2418404519557953, 0.8644590973854065, -0.4416899085044861, 0.851472020149231, 0.0993853360414505, 0.26462793350219727, 0.0]","[0.03530566394329071, 0.06190185248851776, -0.28181207180023193, 0.20631659030914307, 0.23858898878097534, 0.026717886328697205, 1.0]",3.0,53,0,334,5
"[0.5541406869888306, -0.06854496896266937, 0.416616827249527, -0.33312007784843445, 0.8028026223182678, 0.334218829870224, 0.36446771025657654, 0.0]","[0.02822129987180233, -0.02254016138613224, -0.03635912016034126, -0.10769829154014587, -0.045937664806842804, -0.2249360829591751, 1.0]",2.6666667461395264,27,0,419,4
"[0.7673224806785583, 0.022065605968236923, 0.9174342751502991, -0.6136093139648438, 0.5090855360031128, 0.05930762737989426, 0.6006647348403931, 0.0]","[-0.026259679347276688, -0.07478126138448715, -0.049991000443696976, -0.07179111987352371, 0.12572512030601501, -0.23300567269325256, 0.0]",2.0,27,1,151,3
"[0.516650915145874, -0.10272999107837677, 0.41815313696861267, -0.35890352725982666, 0.8994918465614319, 0.13964790105819702, 0.20640048384666443, 1.0]","[0.0, 0.0, -5.551115123125783e-17, -0.0, 0.0, 0.0, 1.0]",8.0,20,5,193,2
"[0.5230435132980347, -0.09364905208349228, 0.4368717670440674, -0.31730371713638306, 0.9100548028945923, 0.15517115592956543, 0.2168881893157959, 0.9986976981163025]","[0.04754472151398659, 0.022766022011637688, 0.0024957279674708843, -0.004571138881146908, -0.0024542168248444796, 0.016688870266079903, 1.0]",15.666666984558105,22,3,3,5
"[0.4971661865711212, -0.147649884223938, 0.3988803029060364, -0.32266712188720703, 0.9193997979164124, 0.14973007142543793, 0.1678415983915329, 1.0]","[-2.3101296392269433e-05, 3.419544009375386e-05, -1.7640537407714874e-05, 2.593572025944013e-05, 4.066364635946229e-05, 3.761451444006525e-05, 0.0]",8.333333015441895,28,7,52,3
"[0.5031098127365112, -0.06824874877929688, 0.4428269565105438, -0.4226437509059906, 0.8611119985580444, 0.1735752820968628, 0.22300218045711517, 1.0]","[-0.010969709604978561, 0.03427526354789734, -0.03994540870189667, 0.11136410385370255, 0.038573186844587326, 0.06575290113687515, 1.0]",15.0,58,0,10,5
"[0.3469383120536804, -0.19694672524929047, 0.704201340675354, -0.5616832971572876, 0.8235799670219421, -0.0002408768341410905, 0.07891679555177689, 1.0]","[0.01978900097310543, 0.015386993065476418, -0.033282242715358734, 0.02242118865251541, -0.0003580482443794608, -0.018794232979416847, 1.0]",0.6666666865348816,35,3,427,7
"[0.5354094505310059, -0.12474984675645828, 0.39069539308547974, -0.33119267225265503, 0.9132270812988281, 0.10688012093305588, 0.2119065374135971, 1.0]","[0.014004272408783436, 0.07776811718940735, -0.012292645871639252, 0.015072033740580082, 0.0531875416636467, 0.23518280684947968, 1.0]",25.0,50,5,159,7
"[0.6086459159851074, -0.1999872922897339, 0.41688627004623413, -0.6802507042884827, 0.6929851174354553, 0.059922050684690475, 0.23117081820964813, 1.0]","[0.039199698716402054, -0.03941069915890694, 0.02708733081817627, -0.1720278412103653, -0.21967579424381256, -0.16927404701709747, 1.0]",27.0,83,3,499,8
"[0.4942377209663391, -0.014836440794169903, 0.64820796251297, -0.557870626449585, 0.5830288529396057, 0.23546403646469116, 0.5416774153709412, 1.0]","[-0.013472223654389381, 0.02267845720052719, 0.049793943762779236, 0.05916649475693703, -0.051774658262729645, 0.12431367486715317, 0.0]",4.0,46,1,33,6
"[0.5453101992607117, 0.012259752489626408, 0.9986430406570435, 0.7157191038131714, -0.519504964351654, -0.22825323045253754, -0.40713784098625183, 1.0]","[8.249170946328377e-07, 3.2159559850697406e-06, 1.2099603736714926e-05, 9.329431804872002e-07, -4.962238745065406e-05, -2.214243522757897e-06, 0.0]",3.6666667461395264,13,5,398,6
"[0.4120038151741028, -0.2243158370256424, 0.8946171402931213, -0.5854148864746094, 0.7960407137870789, -0.055858053267002106, 0.14313791692256927, 1.0]","[0.01319856196641922, -0.01796124316751957, -0.08582057803869247, -0.04967150092124939, 0.08592133969068527, -0.15503011643886566, 1.0]",1.0,107,7,322,7
"[0.6863601803779602, 0.020730307325720787, 0.933454155921936, -0.6534322500228882, 0.4511723816394806, 0.033885203301906586, 0.6068950295448303, 1.0]","[0.018054606392979622, -0.015685783699154854, -0.0629182755947113, 0.026583731174468994, 0.022369246929883957, -0.12885724008083344, 1.0]",8.0,54,7,196,8
"[0.5453599095344543, 0.042543675750494, 0.5659414529800415, -0.5710592865943909, 0.6661370396614075, -0.07568015158176422, 0.4737354516983032, 1.0]","[0.023022031411528587, 0.002325923414900899, 0.010475965216755867, 0.01399165764451027, -0.04058176651597023, -0.028501957654953003, 0.0]",6.333333492279053,10,7,21,0
"[0.690811812877655, -0.23784992098808289, 0.6141015887260437, -0.3653135895729065, 0.857109546661377, -0.02110951766371727, 0.3625790774822235, 0.0]","[0.034866075962781906, -0.005918361246585846, 0.043620169162750244, -0.030492113903164864, -0.055547360330820084, 0.014305653050541878, 0.0]",20.0,12,1,169,4
"[0.7422298789024353, -0.02776717022061348, 0.8692268133163452, 0.6700968742370605, -0.5581883192062378, -0.15528318285942078, -0.4639861285686493, 0.7313488125801086]","[0.0, 0.0, 0.0, 0.0, 0.0, 0.0, 1.0]",9.333333015441895,23,4,448,0
"[0.5520293116569519, -0.07516379654407501, 0.20745781064033508, -0.559683620929718, 0.6884139776229858, 0.36020368337631226, 0.288259893655777, 0.0]","[0.1251998394727707, 0.056041449308395386, 0.06691702455282211, 0.1873568743467331, -0.1455388069152832, 0.1307670921087265, 0.0]",2.0,51,8,69,0
"[0.44434571266174316, 0.07340336591005325, 0.43742436170578003, -0.5541883111000061, 0.7186539769172668, 0.0026028070133179426, 0.4200059473514557, 1.0]","[0.10410648584365845, 0.07219048589468002, -0.013980337418615818, 0.07843338698148727, 0.04694594815373421, 0.11638078838586807, 0.0]",10.333333015441895,50,0,375,1
"[0.7463318109512329, -0.015030182898044586, 0.8677877187728882, 0.6777955889701843, -0.5425488948822021, -0.16887138783931732, -0.46660077571868896, 0.2693333327770233]","[-0.009465757757425308, 0.003529276931658387, -0.03588702529668808, 0.0784190371632576, 0.042483896017074585, -0.08833670616149902, 1.0]",6.333333492279053,78,7,478,7
"[0.339995801448822, -0.13361357152462006, 0.45599108934402466, -0.503653347492218, 0.8503991365432739, 0.144817054271698, 0.046718258410692215, 1.0]","[0.03329038992524147, 0.04747266694903374, -0.1321297436952591, 0.21585984528064728, 0.10712877660989761, -0.15934744477272034, 1.0]",7.666666507720947,7,6,354,4
"[0.5183621048927307, -0.007787496317178011, 0.467902272939682, -0.43185824155807495, 0.6642031073570251, 0.38404327630996704, 0.4741766154766083, 1.0]","[0.014402012340724468, 0.01845744252204895, -0.06880985200405121, 0.17216402292251587, 0.20937052369117737, 0.039978332817554474, 1.0]",15.0,32,1,269,7
"[0.7070095539093018, -0.23609726130962372, 0.5983392000198364, -0.33771735429763794, 0.8720272183418274, -0.02820994146168232, 0.35315680503845215, 0.6541615128517151]","[-0.04641115665435791, 0.10547103732824326, 0.1922915130853653, -0.10331716388463974, -0.3289860486984253, 0.06933382898569107, 0.0]",5.0,114,1,439,7
"[0.5972077250480652, 0.005624671466648579, 0.9867918491363525, 0.6790363788604736, -0.6476816534996033, -0.06014039367437363, -0.34029579162597656, 1.0]","[0.0, 0.0, 0.0, 0.0, 0.0, 0.0, 1.0]",2.0,24,1,81,7
"[0.5461552143096924, -0.09133824706077576, 0.4356437921524048, -0.3238404393196106, 0.7993648052215576, 0.3425525426864624, 0.3725600838661194, 0.0]","[0.012265108525753021, 0.10087914019823074, 0.14053523540496826, -0.02475193701684475, 0.03961107134819031, 0.07687785476446152, 0.0]",9.666666984558105,34,0,144,7
"[0.6451826691627502, -0.18460921943187714, 0.43152138590812683, -0.6652508974075317, 0.7215784192085266, 0.029397444799542427, 0.1894771307706833, 1.0]","[0.004916945938020945, 0.0366763137280941, -0.09336014837026596, 0.013512738980352879, 0.05210268124938011, -0.01755451038479805, 0.0]",15.333333015441895,24,2,124,8
"[0.5645816326141357, 0.020434759557247162, 0.9174730777740479, 0.7039391398429871, -0.6042413711547852, -0.1969306319952011, -0.31714412569999695, 0.2502608597278595]","[0.03723636642098427, 0.007243865169584751, 0.007101401221007109, -0.03140382096171379, 0.011873635463416576, 0.03213445842266083, 0.0]",11.666666984558105,27,1,382,1
"[0.5117682814598083, -0.10330069065093994, 0.6380442380905151, -0.36250725388526917, 0.8294463157653809, 0.2617889642715454, 0.3347742259502411, 0.0]","[0.015718400478363037, 0.009844092652201653, -0.004316824022680521, 0.10093187540769577, -0.03364647924900055, 0.019223138689994812, 1.0]",5.666666507720947,76,7,37,4
"[0.6370555758476257, 0.05139956250786781, 0.8638548254966736, -0.6415669322013855, 0.4612780511379242, -0.3158482611179352, 0.5252183675765991, 1.0]","[0.19617901742458344, -0.08164418488740921, 0.021038053557276726, -0.040994320064783096, -0.09309298545122147, -0.20836499333381653, 0.0]",3.3333332538604736,24,4,440,7
"[0.38206496834754944, -0.22304701805114746, 0.4308338761329651, -0.597946047782898, 0.7613248229026794, 0.1844395101070404, 0.16978539526462555, 0.0]","[-0.016936976462602615, 0.006649178918451071, -0.021355241537094116, -0.0655955970287323, -0.12257430702447891, -0.16815657913684845, 1.0]",2.6666667461395264,32,6,107,8
"[0.5087039470672607, -0.15188278257846832, 0.6228296756744385, -0.5677250027656555, 0.8060036897659302, 0.0978546068072319, 0.13590764999389648, 0.0]","[0.011605046689510345, 0.006909330375492573, -0.04043541103601456, 0.07372850924730301, 0.04184967279434204, -0.029432173818349838, 0.0]",5.0,43,0,34,7
"[0.6306481957435608, -0.18073491752147675, 0.4401942193508148, -0.6701553463935852, 0.7110949754714966, 0.03608802333474159, 0.20960299670696259, 1.0]","[0.08982027322053909, 0.06115267053246498, -0.11074726283550262, 0.036525141447782516, -0.055169060826301575, 0.08276430517435074, 1.0]",28.0,19,4,97,0
"[0.6961016654968262, -0.239576056599617, 0.7110618352890015, -0.33291223645210266, 0.8191025257110596, 0.03724841773509979, 0.46567481756210327, 1.0]","[0.012322449125349522, -0.04972117394208908, -0.07587040215730667, 0.07624548673629761, 0.02002321556210518, -0.015146153047680855, 1.0]",13.0,100,7,179,0
"[0.46885064244270325, -0.23330920934677124, 0.7966309785842896, -0.3892253041267395, 0.8632370233535767, 0.20607177913188934, 0.24669811129570007, 0.0]","[-0.010530143976211548, -0.0023817892652004957, 0.10232143849134445, 0.0660146102309227, -0.10567089915275574, -0.026780808344483376, 0.0]",7.333333492279053,27,0,210,7
"[0.565032422542572, 0.020426886156201363, 0.2125162035226822, -0.5072316527366638, 0.7709173560142517, 0.2502804398536682, 0.2928518056869507, 0.0]","[0.09265635162591934, -0.010766220279037952, 0.03849727660417557, 0.056633878499269485, -0.059192098677158356, -0.13704290986061096, 0.0]",17.33333396911621,12,6,123,0
"[0.43814021348953247, -0.2166537046432495, 0.9761679768562317, -0.603318452835083, 0.7807459235191345, -0.034388210624456406, 0.15893402695655823, 0.0]","[0.01955149695277214, 0.0034794718958437443, -0.0419132374227047, 0.017111768946051598, -0.12462495267391205, -0.011736656539142132, 1.0]",27.66666603088379,33,8,336,0
"[0.38584235310554504, -0.21550774574279785, 0.8450493812561035, -0.5844742059707642, 0.7982429265975952, -0.03622230142354965, 0.14101795852184296, 1.0]","[0.070013128221035, 0.04520506039261818, 0.02106359601020813, 0.035840071737766266, -0.09084834158420563, -0.033552806824445724, 0.0]",1.0,16,6,171,7
"[0.5022412538528442, -0.2014748752117157, 0.46424123644828796, 0.7192777395248413, -0.6374685764312744, -0.0921417698264122, -0.26035216450691223, 0.9817674160003662]","[-0.009383405558764935, 0.018341345712542534, 0.06170373409986496, -0.04208463430404663, -0.10488054901361465, 0.05657670274376869, 0.0]",27.0,67,8,119,0
"[0.43832501769065857, -0.216080442070961, 0.9783539175987244, -0.6029654741287231, 0.7801539897918701, -0.03708479553461075, 0.1625334620475769, 0.1601240336894989]","[0.007911100052297115, -0.014493158087134361, -0.07546152919530869, -0.17947353422641754, 0.12379460781812668, -0.08207779377698898, 1.0]",0.6666666865348816,29,7,177,7
"[0.8187209367752075, -0.04984574392437935, 0.8330628275871277, 0.752849280834198, -0.47394150495529175, 0.05713043734431267, -0.45313745737075806, 0.3489440977573395]","[0.0, 0.0, 0.0, 0.0, 0.0, 0.0, 1.0]",21.0,0,0,388,0
"[0.5900281667709351, -0.06433990597724915, 0.09721183031797409, -0.49744105339050293, 0.7755556106567383, 0.2597275674343109, 0.28914958238601685, 1.0]","[0.003594702808186412, 0.036508314311504364, 0.02682233601808548, 0.028047198429703712, -0.12752486765384674, 0.07973431050777435, 0.0]",4.666666507720947,19,1,315,1
"[0.6131118535995483, -0.04988875612616539, 0.1364988386631012, -0.5519385933876038, 0.7649204134941101, 0.2062011957168579, 0.2602721154689789, 0.0]","[0.005313127767294645, -0.0037443912588059902, 0.0002585533366072923, 0.006421259604394436, -0.07503683120012283, 0.014201715588569641, 0.0]",19.0,52,7,236,1
"[0.438327431678772, -0.21607087552547455, 0.9783902168273926, -0.6029598116874695, 0.7801439762115479, -0.03712913766503334, 0.16259223222732544, 0.8577984571456909]","[0.03269243612885475, 0.0187712199985981, -0.08573468029499054, -0.07869930565357208, 0.03282436355948448, -0.1377321034669876, 1.0]",8.666666984558105,110,4,338,7
"[0.8187252283096313, -0.049773722887039185, 0.8330114483833313, 0.7528702616691589, -0.4739248752593994, 0.05707935988903046, -0.4531264007091522, 0.0]","[0.08972403407096863, -0.03714565187692642, 0.1021898090839386, -0.04955384135246277, -0.1525862067937851, 0.011321078054606915, 0.0]",18.66666603088379,0,2,416,1
"[0.5958974361419678, -0.1416521817445755, 0.926413357257843, -0.5672667026519775, 0.7730293869972229, 0.11704113334417343, 0.25871872901916504, 0.8228341341018677]","[0.05730133503675461, 0.05817202851176262, 0.03013250045478344, 0.010706684552133083, -0.19314636290073395, 0.08736000955104828, 0.0]",3.0,14,2,474,4
"[0.5913304686546326, -0.05265701562166214, 0.6510867476463318, -0.6420646905899048, 0.7027948498725891, 0.14796102046966553, 0.26821616291999817, 0.6541615128517151]","[0.03550693765282631, -0.030561678111553192, 0.20600691437721252, -0.1806609332561493, -0.3900560140609741, -0.05184474587440491, 0.0]",22.33333396911621,37,0,400,2
"[0.6452606320381165, -0.1846853345632553, 0.4159480631351471, -0.6652175188064575, 0.7216044068336487, 0.029291126877069473, 0.18951180577278137, 0.6185178160667419]","[-0.0008033189224079251, 0.001549971173517406, -0.0022245694417506456, -0.00012127046647947282, 0.005830197595059872, 0.005258701741695404, 1.0]",5.0,33,1,88,0
"[0.5203453302383423, -0.2584725022315979, 0.7712011337280273, -0.6315383315086365, 0.7619315385818481, 0.0731000304222107, 0.12359648197889328, 0.0]","[0.07470279932022095, -0.061250410974025726, -0.015164566226303577, -0.062410224229097366, 0.3597085177898407, 0.19530540704727173, 0.0]",25.33333396911621,1,6,316,7
"[0.6201180219650269, -0.1785132884979248, 0.47651535272598267, -0.6721079349517822, 0.7007871866226196, 0.03122274950146675, 0.23705142736434937, 0.0]","[0.17707709968090057, -0.03081333264708519, 0.017643123865127563, -0.03397132083773613, -0.13223779201507568, -0.17904528975486755, 0.0]",7.666666507720947,17,1,393,6
"[0.6084377765655518, -0.07313307374715805, 0.18204514682292938, -0.5665633678436279, 0.746446967124939, 0.23643270134925842, 0.25675368309020996, 0.0]","[0.001241972902789712, -0.0035608350299298763, -0.06378966569900513, 0.0769456997513771, 0.059443920850753784, 0.168278768658638, 1.0]",5.0,15,3,206,7
"[0.50433748960495, -0.11408514529466629, 0.6722480058670044, -0.38471081852912903, 0.828627347946167, 0.22940653562545776, 0.3357781767845154, 0.0]","[0.046931177377700806, 0.023961350321769714, -0.01732379011809826, 0.08396175503730774, -0.0015140643808990717, 0.07382150739431381, 1.0]",5.333333492279053,13,1,38,6
"[0.635828971862793, -0.17921806871891022, 0.482047438621521, 0.6823859214782715, -0.6811791062355042, 0.0016872414853423834, -0.2652199864387512, 0.9446201324462891]","[-0.039129551500082016, -0.03931621089577675, -0.07584117352962494, 0.3391769528388977, 0.007048200350254774, -0.1496933251619339, 1.0]",5.333333492279053,97,4,198,7
"[0.6451916694641113, -0.1846158504486084, 0.4158194661140442, -0.6652465462684631, 0.7215906977653503, 0.029389843344688416, 0.18944700062274933, 1.0]","[-0.06217717379331589, 0.0023237825371325016, 0.10760064423084259, 0.07432927936315536, -0.050896722823381424, 0.06347470730543137, 1.0]",3.3333332538604736,47,5,152,7
"[0.4355420172214508, -0.1875932514667511, 0.9473221302032471, -0.628330409526825, 0.751168966293335, 0.042940299957990646, 0.19774286448955536, 0.0]","[0.035056959837675095, 0.010659506544470787, -0.11427096277475357, 0.38343730568885803, -0.02443033456802368, 0.012034240178763866, 1.0]",8.0,4,6,379,7
"[0.686543881893158, -0.24254034459590912, 0.6261072158813477, -0.3719446361064911, 0.8528038859367371, -0.0193148385733366, 0.366073340177536, 0.0]","[-0.008064886555075645, 0.0237350445240736, 0.15386760234832764, 0.18664580583572388, -0.3220664858818054, 0.12474633008241653, 0.0]",5.0,13,0,453,1
"[0.5905848741531372, -0.1916433721780777, 0.49072399735450745, 0.7275429368019104, -0.6429312229156494, -0.15108934044837952, -0.1857222318649292, 0.0]","[0.010211859829723835, 0.03852790966629982, -1.0150894013349898e-05, 0.06656238436698914, -0.002434892812743783, 0.09205792844295502, 1.0]",10.0,3,8,55,3
"[0.6539610624313354, -0.22662201523780823, 0.652686357498169, -0.3751673996448517, 0.8495556712150574, 0.03602895885705948, 0.369061678647995, 0.0]","[-0.0033513682428747416, 0.031047901138663292, 0.0733705386519432, -0.216098353266716, -0.06819453090429306, 0.05847453698515892, 0.0]",3.6666667461395264,32,1,284,7
"[0.47273877263069153, -0.17611469328403473, 0.8525944352149963, -0.6310908794403076, 0.7406376004219055, 0.05411544442176819, 0.22416897118091583, 0.0]","[0.08203539252281189, -0.0237051360309124, -0.016867848113179207, 0.05690784007310867, 0.12200933694839478, -0.12509697675704956, 1.0]",7.666666507720947,30,4,6,6
"[0.7037226557731628, -0.23723532259464264, 0.5974227786064148, -0.34086698293685913, 0.8701674938201904, -0.02789335325360298, 0.3547396957874298, 0.0005217391299083829]","[0.03527209162712097, 0.13316836953163147, -0.01788841187953949, 0.22692906856536865, -0.047765977680683136, 0.25227320194244385, 1.0]",8.0,20,2,100,1
"[0.4201206862926483, -0.14831432700157166, 0.9140782952308655, -0.6521173715591431, 0.7144958972930908, 0.1136603057384491, 0.22653891146183014, 0.0]","[-1.1102230246251565e-16, -1.3877787807814457e-17, 1.1102230246251565e-16, 0.0, 0.0, 0.0, 0.0]",6.0,28,0,446,2
"[0.46808546781539917, -0.15175031125545502, 0.9207207560539246, -0.596946120262146, 0.7483853101730347, 0.13662321865558624, 0.2547720670700073, 1.0]","[-0.03584161773324013, -0.007401435170322657, -0.12841378152370453, -0.0625830888748169, 0.04681384935975075, -0.03589772805571556, 0.0]",4.333333492279053,15,3,221,1
"[0.5453627705574036, 0.04251233860850334, 0.565950334072113, -0.5710635781288147, 0.6661528944969177, -0.07563652843236923, 0.4737149178981781, 1.0]","[-0.10254630446434021, -0.08962278068065643, 0.027956286445260048, 0.05869576707482338, 0.24047672748565674, -0.02419767715036869, 0.0]",5.666666507720947,101,2,391,5
"[0.360006719827652, -0.20154356956481934, 0.7387474179267883, -0.5830168724060059, 0.8067959547042847, -0.02337649092078209, 0.09287184476852417, 1.0]","[0.050181057304143906, 0.06703319400548935, -0.14767661690711975, 0.23297607898712158, 0.0630468800663948, 0.027218135073781013, 1.0]",3.0,39,5,282,5
"[0.5916799902915955, -0.054165031760931015, 0.6557568311691284, -0.6418546438217163, 0.7027842998504639, 0.1445775330066681, 0.2705811858177185, 0.188322976231575]","[0.06396207958459854, -0.04653472825884819, -0.03311790153384209, -0.013613398186862469, 0.35350435972213745, 0.22799992561340332, 0.0]",29.66666603088379,31,0,378,7
"[0.3855551481246948, -0.2518198788166046, 0.8857346177101135, -0.6283020377159119, 0.7532878518104553, -0.0650886744260788, 0.18318675458431244, 0.0]","[0.00022178300423547626, 0.013686048798263073, -0.04198284074664116, 0.07265862077474594, 0.0002553268859628588, 0.015239848755300045, 1.0]",15.333333015441895,6,1,464,1
"[0.553467333316803, -0.16972889006137848, 0.8368583917617798, -0.6355423927307129, 0.6660319566726685, 0.05170126631855965, 0.38705840706825256, 1.0]","[0.0, -1.3877787807814457e-17, 1.1102230246251565e-16, 0.0, 0.0, 0.0, 0.0]",7.333333492279053,111,6,28,4
"[0.5621151924133301, -0.20400148630142212, 0.43140652775764465, 0.6853529810905457, -0.6821090579032898, -0.07426343113183975, -0.2439333200454712, 1.0]","[0.037141069769859314, 0.0358448326587677, -0.08602124452590942, -0.09128136187791824, 0.013728093355894089, 0.04783695936203003, 1.0]",5.0,74,7,39,4
"[0.5210801362991333, 0.10511507838964462, 0.7057969570159912, 0.6637703776359558, -0.5389105081558228, 0.1806400716304779, -0.486162006855011, 1.0]","[-0.002275265986099839, 0.011065335012972355, -0.026018057018518448, 0.05253631994128227, 0.025153040885925293, -5.507248715730384e-05, 0.0]",7.666666507720947,58,1,59,0
"[0.6560343503952026, -0.19144979119300842, 0.42612916231155396, -0.6836288571357727, 0.693048357963562, 0.028376543894410133, 0.22700293362140656, 1.0]","[0.036488115787506104, 0.052016157656908035, 0.2638288736343384, -0.08572210371494293, -0.16987797617912292, 0.09137245267629623, 0.0]",36.66666793823242,15,7,22,0
"[0.841414749622345, -0.06890814006328583, 0.8836473226547241, -0.5772126913070679, 0.753197431564331, 0.005862991791218519, 0.31541207432746887, 0.0]","[-0.0432196669280529, 0.0229378379881382, -0.15523827075958252, -0.0286235474050045, 0.11486057937145233, 0.01102001778781414, 0.0]",23.66666603088379,4,7,62,0
"[0.591314435005188, -0.05265503004193306, 0.651223361492157, -0.6420525908470154, 0.7027784585952759, 0.14794519543647766, 0.2682967782020569, 0.887080729007721]","[0.008867698721587658, 0.0036897941026836634, -0.08297258615493774, 0.09872407466173172, 0.04939941316843033, -0.04412941634654999, 1.0]",17.66666603088379,32,4,431,6
"[0.43832340836524963, -0.21608683466911316, 0.9783297181129456, -0.6029692888259888, 0.7801606059074402, -0.03705524653196335, 0.16249428689479828, 0.0]","[0.01261831447482109, 0.0011840439401566982, -0.030412090942263603, 0.013184420764446259, -0.03760072961449623, -0.04104287549853325, 1.0]",8.666666984558105,41,8,241,1
"[0.5890933871269226, 0.02407289296388626, 0.22873187065124512, -0.5244967937469482, 0.7616316080093384, 0.25965172052383423, 0.2782111167907715, 0.11913043260574341]","[0.042854078114032745, 0.039306625723838806, -0.02531769871711731, 0.11097556352615356, 0.047004763036966324, 0.08131296187639236, 0.0]",9.666666984558105,12,0,48,0
"[0.5911551713943481, -0.09076586365699768, 0.1591683328151703, -0.18163330852985382, 0.9375916123390198, 0.19701360166072845, 0.221623495221138, 0.0]","[-0.07733280211687088, -0.09488780796527863, -0.046334702521562576, -0.03647102788090706, 0.2775055766105652, -0.12354453653097153, 0.0]",25.0,5,0,143,0
"[0.5437829494476318, -0.20497196912765503, 0.4392881393432617, 0.6901717782020569, -0.6743958592414856, -0.07892665266990662, -0.25024735927581787, 1.0]","[0.03644492104649544, -0.007614772766828537, -0.03311243653297424, -0.008035803213715553, 0.049954116344451904, -0.028397822752594948, 0.0]",13.666666984558105,2,6,277,7
"[0.5133370161056519, -0.14634987711906433, 0.6506950855255127, -0.5966272354125977, 0.7878234386444092, 0.07435282319784164, 0.1335735023021698, 0.0]","[-0.0306242685765028, -0.0659903883934021, -0.037001483142375946, -0.03204048424959183, 0.1357845962047577, -0.11240793019533157, 0.0]",1.3333333730697632,95,5,161,1
"[0.6451826691627502, -0.18460921943187714, 0.42387717962265015, -0.6652508974075317, 0.7215784192085266, 0.029397444799542427, 0.1894771307706833, 1.0]","[-0.009133554063737392, -0.008116232231259346, -0.04162716865539551, 0.0637073814868927, 0.05128011852502823, -0.09201119840145111, 1.0]",8.0,40,5,122,2
"[0.5844214558601379, -0.05416326969861984, 0.3210235834121704, -0.2766343057155609, 0.8486806750297546, 0.280571848154068, 0.35283714532852173, 0.0]","[0.013288120739161968, 0.07106070965528488, 0.10405190289020538, -0.038158148527145386, 0.024493860080838203, 0.027424966916441917, 0.0]",3.3333332538604736,24,8,102,4
"[0.45373886823654175, -0.1971210092306137, 0.919112503528595, -0.5574088096618652, 0.784390926361084, 0.053213365375995636, 0.2668231427669525, 0.0]","[0.08158646523952484, 0.05582180619239807, 0.10116840898990631, -0.18491755425930023, -0.23476646840572357, 0.17103427648544312, 0.0]",23.0,14,5,352,0
"[0.7792313694953918, -0.05810380354523659, 0.9546298384666443, -0.6297433972358704, 0.7047806978225708, -0.0078258216381073, 0.3265672028064728, 1.0]","[0.012034027837216854, -0.004190174397081137, 0.024940332397818565, -0.010237817652523518, -0.057427871972322464, 0.0029078866355121136, 0.0]",11.0,6,7,349,4
"[0.43814244866371155, -0.21663089096546173, 0.976159930229187, -0.6033338308334351, 0.7807261347770691, -0.03434627875685692, 0.158982053399086, 0.0]","[0.023907333612442017, -0.012930076569318771, -0.07760144770145416, 0.04542545974254608, 0.17446716129779816, -0.047551389783620834, 1.0]",7.0,16,2,368,6
"[0.688150942325592, 0.07748384773731232, 0.8828570246696472, -0.6811820864677429, 0.427293986082077, -0.29228249192237854, 0.5176695585250854, 1.0]","[0.00943900365382433, -0.014847191981971264, -0.06726045906543732, 0.06950630992650986, -0.07422950118780136, -0.07752691954374313, 1.0]",6.0,23,0,175,7
"[0.5764768123626709, 0.04469786956906319, 0.8596332669258118, 0.7190636992454529, -0.6052122116088867, -0.22888968884944916, -0.25352540612220764, 0.3700869679450989]","[-0.044593580067157745, -0.10489698499441147, -0.06932295113801956, -0.12447606772184372, 0.21542102098464966, -0.21584144234657288, 0.0]",15.666666984558105,6,7,212,0
"[0.5032503008842468, -0.15536873042583466, 0.6126255393028259, -0.5561071634292603, 0.8128880858421326, 0.10828284919261932, 0.13502806425094604, 0.0]","[-0.0037180969957262278, 0.007007421460002661, -0.0024279721546918154, -0.08675801008939743, 0.01200893148779869, 0.044411059468984604, 1.0]",1.3333333730697632,42,5,279,1
"[0.7678070068359375, 0.016792723909020424, 0.919209361076355, -0.6118558645248413, 0.5106586217880249, 0.05602800473570824, 0.6014324426651001, 0.32204651832580566]","[0.009441949427127838, -0.007671182509511709, 0.02889268286526203, -0.012020560912787914, -0.06710134446620941, -0.024797948077321053, 1.0]",18.33333396911621,31,4,385,8
"[0.4649559259414673, -0.19124048948287964, 0.8847464323043823, -0.5455155372619629, 0.7749919891357422, 0.09890154749155045, 0.30334582924842834, 0.0]","[0.01919848844408989, -0.013381574302911758, -0.008551438339054585, 0.007843044586479664, -0.03937990590929985, -0.031547289341688156, 1.0]",14.333333015441895,57,1,17,3
"[0.5824969410896301, -0.07797841727733612, 0.4131317436695099, -0.3194481432437897, 0.9036858677864075, 0.12058909237384796, 0.25838541984558105, 1.0]","[0.13136613368988037, -0.0579322911798954, -0.014570591039955616, 0.2557321786880493, -0.20606373250484467, -0.046646080911159515, 1.0]",19.0,49,7,216,6
"[0.5249220728874207, -0.09848149120807648, 0.5195344090461731, -0.3119339346885681, 0.826104998588562, 0.31573987007141113, 0.3472118079662323, 0.0]","[0.023298488929867744, 0.0012271287851035595, 0.0006135799339972436, -0.06633022427558899, -0.034747906029224396, -0.016797944903373718, 0.0]",18.33333396911621,113,5,114,8
"[0.4184022545814514, -0.08290793001651764, 0.40965619683265686, -0.47556737065315247, 0.8516652584075928, 0.18016019463539124, 0.12666605412960052, 1.0]","[-0.022657880559563637, 0.01596081256866455, -0.019588790833950043, -0.04466761276125908, -0.12553907930850983, -0.10516953468322754, 1.0]",5.0,57,4,92,8
"[0.4814368784427643, 0.056109968572854996, 0.09398861974477768, -0.5004965662956238, 0.8074402213096619, 0.2067137062549591, 0.23412150144577026, 0.6510558724403381]","[0.024126173928380013, 0.03162015974521637, -0.08164408057928085, 0.09773233532905579, 0.0635964497923851, -0.1512506902217865, 1.0]",8.333333015441895,42,5,202,1
"[0.5192102789878845, 0.10421361774206161, 0.7448249459266663, -0.6567539572715759, 0.5185247659683228, -0.20484809577465057, 0.5077829957008362, 1.0]","[0.027951952069997787, 0.03780131787061691, 0.01571817509829998, 0.058076515793800354, -0.0883784145116806, 0.018201321363449097, 0.0]",5.666666507720947,82,7,40,7
"[0.5885044932365417, -0.00990391056984663, 0.8798973560333252, -0.663009762763977, 0.6710630655288696, 0.08513837307691574, 0.32069286704063416, 1.0]","[5.551115123125783e-17, 0.0, 0.0, -0.0, 0.0, -0.0, 0.0]",10.666666984558105,19,1,231,1
"[0.6250959634780884, -0.1788681447505951, 0.4853035807609558, -0.6784690618515015, 0.6863696575164795, 0.008276679553091526, 0.2617400586605072, 0.6345426440238953]","[-0.0924493819475174, 0.03300198167562485, 0.19931776821613312, -0.2215421348810196, -0.4761476516723633, 0.29865753650665283, 0.0]",4.666666507720947,38,1,91,8
"[0.5471300482749939, -0.11573826521635056, 0.3878682851791382, -0.3224709928035736, 0.9160746932029724, 0.1078978180885315, 0.21255026757717133, 1.0]","[0.0030400659888982773, 0.007288062945008278, -0.02991586923599243, 0.05213696137070656, 0.005954019725322723, -0.02496374398469925, 1.0]",7.0,41,7,32,5
"[0.37295597791671753, -0.12723301351070404, 0.4100196659564972, -0.4475542902946472, 0.8707841038703918, 0.18725170195102692, 0.07979326695203781, 1.0]","[-0.009433981031179428, 0.022267600521445274, -0.005875712726265192, -0.310492604970932, 0.031002501025795937, 0.16277018189430237, 1.0]",18.66666603088379,11,5,24,0
"[0.6101369261741638, 0.055964890867471695, 0.8565735816955566, -0.6303098201751709, 0.47258129715919495, -0.3072332739830017, 0.5338390469551086, 1.0]","[0.015711767598986626, -0.020679064095020294, 0.00805861409753561, 0.028862563893198967, 0.06220206245779991, 0.05482536181807518, 0.0]",4.666666507720947,58,5,189,7
"[0.6236959099769592, -0.178352490067482, 0.48713067173957825, -0.6768909096717834, 0.6912689805030823, 0.014173728413879871, 0.2525171935558319, 0.39888373017311096]","[-0.0030743004754185677, -0.014690086245536804, 0.02306479588150978, 0.03783513233065605, -0.09405624121427536, -0.014709757640957832, 0.0]",2.6666667461395264,10,0,417,7
"[0.6635192632675171, -0.18510989844799042, 0.45561787486076355, 0.6862000823020935, -0.684898316860199, -5.398829671321437e-05, -0.24503827095031738, 1.0]","[0.0038047735579311848, -0.002826526528224349, -0.0008856891072355211, -0.04991159215569496, -0.028747260570526123, -0.013196428306400776, 1.0]",26.66666603088379,47,0,485,0
"[0.4363548159599304, -0.221455380320549, 0.9651668071746826, -0.5842323303222656, 0.7906671762466431, -0.02005241997539997, 0.18197767436504364, 0.0]","[0.015000551007688046, 0.0240505188703537, -0.059112101793289185, -0.049610745161771774, -0.024281807243824005, -0.10271578282117844, 1.0]",19.33333396911621,28,0,223,5
"[0.4426302909851074, -0.14557087421417236, 0.9073980450630188, -0.6186310648918152, 0.7350524663925171, 0.13885095715522766, 0.24023716151714325, 0.8841426372528076]","[0.020062468945980072, -0.004298117011785507, -0.005147682037204504, 0.012955937534570694, 0.03183417767286301, -0.028731180354952812, 1.0]",24.66666603088379,39,2,259,6
"[0.4637015759944916, -0.19241270422935486, 0.8893786072731018, -0.6312780380249023, 0.7469614148139954, 0.02574928291141987, 0.20705947279930115, 0.0]","[-0.002101936610415578, -0.007131109945476055, -0.012218802236020565, -0.02340724691748619, 0.012318874709308147, -0.03877686336636543, 0.0]",3.6666667461395264,26,0,319,6
"[0.5308416485786438, -0.11690762639045715, 0.7566859722137451, -0.6526609659194946, 0.7058621048927307, 0.10814852267503738, 0.253172367811203, 0.0]","[0.017014063894748688, 0.024041738361120224, -0.06723851710557938, -0.07137931138277054, 0.1381734311580658, 0.06603444367647171, 0.0]",6.0,22,0,422,2
"[0.608378529548645, -0.19946955144405365, 0.41729480028152466, -0.6802698969841003, 0.6927729249000549, 0.06047530099749565, 0.23160582780838013, 1.0]","[-1.3878058780392166e-05, 2.3783148208167404e-05, -2.5034736609086394e-05, 1.5991803593351506e-05, 5.319105548551306e-05, 3.781238410738297e-05, 1.0]",6.333333492279053,79,6,291,7
"[0.5363225936889648, -0.07026053965091705, 0.3041076958179474, -0.6453830599784851, 0.6897504925727844, 0.26006755232810974, 0.20022447407245636, 0.0]","[0.01538411621004343, -0.017405599355697632, -0.06185636296868324, -0.008786012418568134, -0.018485017120838165, 0.10977903008460999, 1.0]",18.66666603088379,4,0,199,8
"[0.5560368895530701, -0.027555542066693306, 0.3949708044528961, -0.3243996798992157, 0.7279309034347534, 0.400328665971756, 0.45234763622283936, 1.0]","[0.036377761512994766, -0.023606112226843834, 0.037403654307127, -0.02147175371646881, -0.07651251554489136, -0.030185723677277565, 0.0]",9.666666984558105,30,0,350,0
"[0.4459817707538605, -0.20305250585079193, 0.9464781284332275, -0.5750594735145569, 0.7861807942390442, 0.018980665132403374, 0.22553513944149017, 0.0]","[0.0, -1.3877787807814457e-17, 1.1102230246251565e-16, 0.0, -0.0, -0.0, 1.0]",8.666666984558105,57,5,75,6
"[0.534122884273529, -0.2527313530445099, 0.6807854771614075, -0.6783633232116699, 0.7149681448936462, 0.11131015419960022, 0.12749016284942627, 0.0]","[-0.00851545762270689, -0.016646962612867355, -0.005221647210419178, 0.07402017712593079, -0.0318165048956871, -0.06854108721017838, 1.0]",0.0,44,7,468,7
"[0.7086832523345947, -0.2310558706521988, 0.6537466645240784, -0.34077689051628113, 0.8497631549835205, -0.01505902037024498, 0.4019290506839752, 1.0]","[0.015338271856307983, 0.017884215340018272, -0.07052049785852432, 0.11552915722131729, 0.0735275074839592, -0.028622647747397423, 1.0]",9.333333015441895,16,3,392,7
"[0.5610733032226562, 0.040423423051834106, 0.9149981737136841, 0.7180463075637817, -0.5691941976547241, -0.23523744940757751, -0.3241771459579468, 1.0]","[-0.000605827837716788, -0.006518187467008829, -0.06051560118794441, 0.03729824349284172, 0.08736520260572433, 0.0024420307017862797, 1.0]",24.0,105,0,414,7
"[0.748976469039917, -0.05211081728339195, 0.9478968977928162, -0.6416985988616943, 0.7005093693733215, 0.0073765479028224945, 0.3121780455112457, 1.0]","[-0.009832560084760189, -0.04135938361287117, 0.1751747876405716, 0.3130502998828888, -0.42888185381889343, 0.13609421253204346, 0.0]",4.333333492279053,4,7,197,1
"[0.6055383086204529, -0.18410097062587738, 0.44493526220321655, -0.6740090250968933, 0.7045571804046631, 0.056021515280008316, 0.2148779332637787, 0.6476278901100159]","[0.007269249297678471, 0.009227585978806019, -0.011802935972809792, -0.14135947823524475, 0.00132549402769655, -0.008544058538973331, 1.0]",12.666666984558105,61,5,134,7
"[0.5220955014228821, -0.06645525991916656, 0.2303634136915207, -0.5701568722724915, 0.724031388759613, 0.3115791976451874, 0.23155584931373596, 0.0]","[0.02633507363498211, 0.01882968470454216, -0.08755809813737869, 0.37025317549705505, -0.08058485388755798, -0.046331699937582016, 1.0]",12.0,27,0,286,0
"[0.5022298097610474, -0.20145340263843536, 0.46422016620635986, 0.7192834615707397, -0.6374607682228088, -0.09216820448637009, -0.2603462338447571, 0.5235968828201294]","[0.04422120377421379, 0.02191307581961155, -0.0197478998452425, 0.1006932407617569, -0.0020224833860993385, 0.0692850723862648, 1.0]",3.0,25,3,160,7
"[0.6296983361244202, -0.11688415706157684, 0.9093747138977051, -0.5763089656829834, 0.7663109302520752, 0.12918007373809814, 0.2528795003890991, 0.0]","[0.0, 2.7755575615628914e-17, -2.7755575615628914e-17, 0.0, 0.0, -0.0, 0.0]",7.666666507720947,51,6,493,4
"[0.604073703289032, -0.06287151575088501, 0.40944862365722656, -0.32597213983535767, 0.8970642685890198, 0.10875573009252548, 0.2778310179710388, 1.0]","[0.1138853132724762, 0.03030433878302574, 0.04057430848479271, 0.00032320673926733434, -0.043862584978342056, -0.009148238226771355, 0.0]",11.333333015441895,1,2,487,2
"[0.5555211901664734, -0.09904903918504715, 0.7187948822975159, -0.657052755355835, 0.6987351775169373, 0.11138889193534851, 0.26008340716362, 0.0]","[-5.368532129068626e-06, 2.2230438844417222e-05, 2.1964289771858603e-05, 1.3614048839372117e-05, 3.896522684954107e-06, 4.1266412154072896e-05, 0.0]",28.33333396911621,91,3,455,8
"[0.35163092613220215, -0.14090827107429504, 0.500622570514679, -0.49011945724487305, 0.8612134456634521, 0.11407589167356491, 0.0712813213467598, 1.0]","[0.009845089167356491, -0.10823962837457657, 0.1530148833990097, -0.1195407286286354, -0.3199005424976349, -0.2144632637500763, 0.0]",20.66666603088379,96,0,255,5
"[0.8187187910079956, -0.04988177865743637, 0.8330886363983154, 0.7528387308120728, -0.4739497900009155, 0.0571560338139534, -0.45314303040504456, 0.5818633437156677]","[0.07102454453706741, -0.031633395701646805, -0.004654503893107176, -0.09221416711807251, -0.23328888416290283, -0.19881285727024078, 1.0]",1.6666666269302368,75,6,222,1
"[0.5428186058998108, -0.0962035059928894, 0.4113787114620209, -0.35523512959480286, 0.8946492075920105, 0.12302316725254059, 0.24140450358390808, 1.0]","[0.0018389647593721747, 0.0008052229532040656, -0.05975767597556114, 0.0448836088180542, 0.061028268188238144, 0.11062413454055786, 1.0]",4.666666507720947,32,8,253,2
"[0.6303549408912659, -0.1808391660451889, 0.44075703620910645, -0.6701553463935852, 0.7110949754714966, 0.03608802333474159, 0.20960299670696259, 1.0]","[0.054961197078228, 0.03598838299512863, 0.020420609042048454, 0.062406498938798904, -0.09478004276752472, -0.02292197197675705, 0.0]",12.333333015441895,65,3,309,1
"[0.5372411012649536, -0.03687461093068123, 0.8315500617027283, -0.588668704032898, 0.5325608253479004, 0.09024252742528915, 0.6014186143875122, 1.0]","[0.02414480410516262, -0.05422292649745941, -0.04765944927930832, -0.014006423763930798, 0.04839995130896568, -0.20218926668167114, 1.0]",6.333333492279053,40,0,471,0
"[0.6296789646148682, -0.11695361882448196, 0.9094379544258118, -0.5762767791748047, 0.7663304805755615, 0.12913887202739716, 0.2529146671295166, 0.0]","[0.024196945130825043, 0.023419851437211037, -0.07232432812452316, 0.1288285106420517, -0.026339886710047722, -0.090025395154953, 0.0]",12.666666984558105,81,0,310,0
"[0.3660968542098999, -0.2018439769744873, 0.7479666471481323, -0.589320719242096, 0.8013877868652344, -0.03149024769663811, 0.09740166366100311, 1.0]","[0.0008169962093234062, -0.0048002381809055805, -0.018295714631676674, 0.010040194727480412, 0.05557805672287941, -0.027270527556538582, 1.0]",0.3333333432674408,15,1,35,2
"[0.5899227857589722, -0.06592654436826706, 0.25486645102500916, -0.22041290998458862, 0.8890405893325806, 0.25849151611328125, 0.3069317936897278, 0.0]","[-0.03635040670633316, 0.08833681046962738, 0.15575094521045685, -0.07287203520536423, -0.23640033602714539, 0.03254513442516327, 0.0]",2.0,10,4,185,0
"[0.4322151839733124, -0.21798042953014374, 0.9726231098175049, -0.6070265173912048, 0.7764225006103516, -0.052844248712062836, 0.16091719269752502, 0.0]","[0.09555163979530334, -0.06098010018467903, 0.09693621844053268, -0.07532782852649689, -0.18039502203464508, -0.06258808821439743, 0.0]",12.666666984558105,31,0,98,3
"[0.5900277495384216, -0.06434755027294159, 0.09708449989557266, -0.4974372386932373, 0.7755571603775024, 0.25972747802734375, 0.289152055978775, 0.8839751482009888]","[-0.02319682016968727, -0.058184944093227386, 0.13370101153850555, 0.22560879588127136, -0.2046511173248291, 0.02886226773262024, 0.0]",29.33333396911621,26,3,211,1
"[0.5998245477676392, 0.024472074583172798, 0.23476774990558624, -0.5311091542243958, 0.758956789970398, 0.2599668800830841, 0.27262595295906067, 0.8178882002830505]","[0.04595372825860977, -0.026985997334122658, 0.20056910812854767, -0.1218407079577446, -0.33433404564857483, -0.08039090782403946, 0.0]",13.333333015441895,12,1,367,4
"[0.5452063679695129, 0.01198482234030962, 1.002650499343872, 0.7149009108543396, -0.517471432685852, -0.2284579575061798, -0.4110316038131714, 1.0]","[0.04174042120575905, 0.0014591190265491605, -0.06551304459571838, 0.09483817219734192, -0.02472991682589054, 0.14079630374908447, 1.0]",4.666666507720947,1,0,467,3
"[0.7179542779922485, 0.020162921398878098, 0.9307421445846558, -0.6402441263198853, 0.4699922502040863, 0.04030259698629379, 0.6062759160995483, 1.0]","[-0.019005829468369484, 0.0482124462723732, 0.10074461996555328, -0.04295000433921814, -0.14927037060260773, -0.008043218404054642, 0.0]",1.6666666269302368,43,5,497,7
"[0.5837476253509521, -0.07868780195713043, 0.24439658224582672, -0.20332778990268707, 0.8721842765808105, 0.29977187514305115, 0.3287692070007324, 1.0]","[0.011152934283018112, 0.02142607420682907, -0.011582113802433014, 0.06159071996808052, 0.006886093877255917, 0.03579883649945259, 1.0]",14.333333015441895,54,0,380,8
"[0.43815702199935913, -0.21662572026252747, 0.9761109352111816, -0.6033403873443604, 0.7807395458221436, -0.03429301828145981, 0.15890291333198547, 0.0]","[-0.044214196503162384, 0.023238448426127434, -0.05644580349326134, 0.07430391013622284, -0.022029273211956024, -0.03803418576717377, 1.0]",18.0,74,0,268,0
"[0.5231521725654602, -0.07237664610147476, 0.3313295245170593, -0.6683952808380127, 0.6697545051574707, 0.270946741104126, 0.17681775987148285, 0.0]","[0.042121775448322296, -0.01566941663622856, -0.058364249765872955, 0.04840714856982231, 0.12716889381408691, -0.02760409191250801, 1.0]",1.0,12,7,297,2
"[0.6031094789505005, -0.07440764456987381, 0.19110794365406036, -0.5793631076812744, 0.7315292954444885, 0.2572772800922394, 0.25102123618125916, 0.0]","[-0.009244175627827644, -0.0033946943003684282, 0.03357486054301262, 0.11331669986248016, -0.041037239134311676, 0.018069026991724968, 0.0]",13.666666984558105,2,7,194,0
"[0.5151233077049255, -0.06266108900308609, 0.23526963591575623, -0.5727047324180603, 0.723183810710907, 0.3149707019329071, 0.22317691147327423, 0.0]","[0.03118589147925377, 0.015296806581318378, -0.02904672548174858, 0.07534850388765335, 0.016783906146883965, 0.05551544949412346, 1.0]",4.666666507720947,69,0,200,0
"[0.5765455961227417, 0.037468355149030685, 0.8734146356582642, 0.7142777442932129, -0.6066347360610962, -0.22170662879943848, -0.26953259110450745, 0.3402608633041382]","[-0.023234661668539047, 0.0670023187994957, -0.06509150564670563, 0.28994640707969666, 0.07955484837293625, 0.22010250389575958, 1.0]",3.3333332538604736,0,0,477,0
"[0.5021523237228394, -0.20130041241645813, 0.46407371759414673, 0.7193255424499512, -0.6374035477638245, -0.09235307574272156, -0.2603044807910919, 0.0]","[-0.22934788465499878, 0.04499410092830658, 0.0313955582678318, 0.4400751292705536, 0.4112560749053955, 0.37529557943344116, 0.0]",5.0,21,3,472,3
"[0.6101019978523254, 0.05596248060464859, 0.8563008308410645, -0.6304771900177002, 0.47260600328445435, -0.3071496784687042, 0.5336676836013794, 1.0]","[-0.0323050431907177, -0.10341536998748779, -0.07183824479579926, -0.1445491462945938, 0.20281296968460083, -0.21193444728851318, 0.0]",9.666666984558105,6,6,250,0
"[0.6570282578468323, 0.017976893112063408, 0.9321218729019165, -0.6632032990455627, 0.4384099245071411, 0.030206387862563133, 0.6058430075645447, 1.0]","[0.03379114717245102, -0.01218479499220848, -0.03404099866747856, -0.20396287739276886, -0.11152400076389313, -0.020753618329763412, 1.0]",8.333333015441895,35,2,149,0
"[0.6398658156394958, -0.18654420971870422, 0.44654786586761475, 0.698676586151123, -0.6823336482048035, -0.08864331245422363, -0.19599534571170807, 0.0]","[0.017962777987122536, -0.03589383885264397, -0.1584569215774536, 0.5698496103286743, 0.0030308899004012346, -0.4104567766189575, 1.0]",14.333333015441895,59,6,298,0
"[0.48583412170410156, -0.00568871945142746, 0.585983157157898, -0.5298309922218323, 0.6049831509590149, 0.29011473059654236, 0.5187561511993408, 1.0]","[0.0241117961704731, -0.07398171722888947, -0.055196817964315414, -0.05600428953766823, 0.08824608474969864, -0.2296506017446518, 1.0]",8.666666984558105,19,0,358,0
"[0.599801242351532, 0.024502204731106758, 0.23475006222724915, -0.531116783618927, 0.7589491605758667, 0.25999030470848083, 0.2726099491119385, 0.5849689245223999]","[-0.10723642259836197, -0.015036032535135746, 0.036034826189279556, 0.14797841012477875, -0.07029648125171661, 0.07150853425264359, 0.0]",23.0,30,1,278,7
"[0.6248876452445984, -0.0009838067926466465, 0.9927724599838257, 0.6732479929924011, -0.6499278545379639, -0.057110924273729324, -0.3479500412940979, 1.0]","[-0.013181772083044052, -0.04899241402745247, 0.21636506915092468, 0.31140804290771484, -0.5321884751319885, 0.18529675900936127, 0.0]",17.66666603088379,12,2,252,5
"[0.4328581988811493, -0.20442329347133636, 0.8855512142181396, -0.5880445241928101, 0.7984746098518372, 0.016171034425497055, 0.1279861479997635, 0.0]","[0.002821340225636959, -0.03816162422299385, 0.03957035765051842, 0.027276331558823586, -0.0931636393070221, -0.10779552906751633, 1.0]",16.66666603088379,44,0,64,8
"[0.5230187177658081, 0.010219727642834187, 0.9641472101211548, 0.71047043800354, -0.5951159000396729, -0.16245977580547333, -0.3386378884315491, 0.1302236020565033]","[1.687587541709945e-06, 5.890916781936539e-06, 1.5193804756563623e-05, -3.4409051750117214e-06, -2.3538215828011744e-05, 1.787210385373328e-05, 1.0]",15.333333015441895,22,8,285,5
"[0.5219906568527222, -0.25627386569976807, 0.7172162532806396, -0.6570413112640381, 0.7375176548957825, 0.11019879579544067, 0.11054698377847672, 0.0]","[0.0, 0.0, 0.0, 0.0, 0.0, 0.0, 1.0]",9.0,5,7,436,7
"[0.623883068561554, -0.18094244599342346, 0.46151408553123474, 0.7216528058052063, -0.652019202709198, -0.13443081080913544, -0.18978038430213928, 0.0]","[0.05335654690861702, 0.09437471628189087, -0.007473086938261986, 0.04668790474534035, 0.05292077735066414, 0.22345778346061707, 0.0]",1.3333333730697632,9,5,112,8
"[0.511959433555603, 0.019612614065408707, 0.14632627367973328, -0.4185436964035034, 0.7796100974082947, 0.27292725443840027, 0.3775445818901062, 0.0]","[-0.0481695719063282, -0.011544615961611271, 0.019005298614501953, 0.02967892773449421, 0.08311023563146591, 0.01759966090321541, 1.0]",4.666666507720947,3,3,205,1
"[0.36589348316192627, -0.13624896109104156, 0.5255330204963684, -0.4996940791606903, 0.8569949865341187, 0.08434479683637619, 0.09354878962039948, 1.0]","[0.1612692028284073, 0.14132024347782135, -0.07985252887010574, 0.08501220494508743, 0.009887528605759144, 0.3265039920806885, 1.0]",10.0,78,8,466,5
"[0.49784329533576965, -0.15257318317890167, 0.9321519136428833, -0.5827868580818176, 0.7552769780158997, 0.13109494745731354, 0.26968544721603394, 1.0]","[0.007575602736324072, 0.0025547901168465614, -0.025638511404395103, -0.11128793656826019, 0.18334682285785675, 0.00608906801789999, 1.0]",2.0,30,5,25,1
"[0.5445795059204102, 0.016723116859793663, 0.947206437587738, 0.7046859860420227, -0.5956387519836426, -0.18168437480926514, -0.3400336802005768, 0.2199999988079071]","[0.0003936869907192886, 0.02745269052684307, -0.03330877795815468, 0.17406606674194336, 0.05495735630393028, 0.1025935560464859, 1.0]",11.333333015441895,60,5,181,1
"[0.5219879150390625, -0.25626102089881897, 0.7171912789344788, -0.6570475101470947, 0.7375114560127258, 0.11021709442138672, 0.11053337156772614, 0.0]","[-0.00032979558454826474, 0.0014541170094162226, -0.004625530447810888, 0.0015945759369060397, 0.007527105510234833, 0.002691233064979315, 0.0]",1.3333333730697632,26,1,120,4
"[0.5683977007865906, -0.052234355360269547, 0.3831740617752075, -0.32608944177627563, 0.8173906803131104, 0.30882126092910767, 0.3607874810695648, 0.0]","[0.0, 0.0, 0.0, 0.0, 0.0, 0.0, 1.0]",21.66666603088379,11,5,302,1
"[0.43813595175743103, -0.21666575968265533, 0.976121187210083, -0.6033262610435486, 0.7807583212852478, -0.034330133348703384, 0.15885639190673828, 0.0]","[-1.1102230246251565e-16, -1.3877787807814457e-17, 0.0, 0.0, -0.0, 0.0, 1.0]",16.33333396911621,103,4,335,0
"[0.7651392817497253, -0.03341909497976303, 0.9274206757545471, -0.6971209645271301, 0.4407547414302826, -0.22287990152835846, 0.5196942687034607, 1.0]","[-0.007627483457326889, 0.02056773006916046, -0.07495620101690292, 0.06955072283744812, 0.2162397801876068, 0.08566761016845703, 0.0]",15.666666984558105,46,1,87,7
"[0.5538442730903625, -0.08850178122520447, 0.4148329794406891, -0.35090917348861694, 0.8954811692237854, 0.1414642482995987, 0.2344442456960678, 1.0]","[-0.022460050880908966, -0.0055432403460145, -0.011948207393288612, 0.01586776226758957, -0.015193084254860878, -0.04510752111673355, 1.0]",5.666666507720947,0,6,207,5
"[0.5175929665565491, -0.1913943588733673, 0.580739438533783, 0.7707436680793762, -0.5891244411468506, -0.16960738599300385, -0.17355090379714966, 0.0]","[0.008505274541676044, -0.026624856516718864, -0.09219930320978165, -0.2006414234638214, 0.1626868098974228, -0.06284286081790924, 1.0]",13.666666984558105,68,5,344,1
"[0.7068495154380798, -0.23607878386974335, 0.6060936450958252, -0.3377150297164917, 0.8719871640205383, -0.028154265135526657, 0.3532622754573822, 1.0]","[-0.0017481592949479818, -0.1391720473766327, 0.18449613451957703, -0.14008693397045135, -0.3383983075618744, -0.0653238445520401, 0.0]",19.66666603088379,39,3,301,8
"[0.5901209115982056, -0.06448280066251755, 0.09715524315834045, -0.4974164068698883, 0.7755836844444275, 0.25962528586387634, 0.2892085313796997, 0.00026086956495419145]","[0.032214779406785965, -0.008938801474869251, -0.03187577426433563, -0.02822957932949066, -0.03256386145949364, -0.09065382182598114, 1.0]",10.333333015441895,29,5,287,0
"[0.5616874098777771, -0.18868088722229004, 0.671657383441925, -0.37762588262557983, 0.8512450456619263, 0.2455063760280609, 0.2692716419696808, 0.0]","[0.04468320682644844, 0.037332046777009964, 0.030305178835988045, 0.034267719835042953, -0.09816236048936844, 0.01674375683069229, 0.0]",13.0,44,0,387,1
"[0.841414749622345, -0.06890814006328583, 0.8836473226547241, -0.5772126913070679, 0.753197431564331, 0.005862991791218519, 0.31541207432746887, 0.0]","[-3.381572605576366e-05, -0.0031105417292565107, 0.0027276682667434216, -0.026913654059171677, -0.04921410232782364, 0.04883258044719696, 0.0]",16.0,5,0,0,3
"[0.490453839302063, -0.23250678181648254, 0.9446093440055847, -0.5977959036827087, 0.7837592363357544, -0.012462899088859558, 0.16794687509536743, 0.0]","[0.03415466472506523, 0.02292654477059841, -0.008541213348507881, 0.012502500787377357, 0.01343548484146595, 0.021198492497205734, 1.0]",2.6666667461395264,35,4,405,7
"[0.5516470670700073, 0.03012520633637905, 0.9615228772163391, 0.7196766138076782, -0.5414510369300842, -0.22761769592761993, -0.37025195360183716, 1.0]","[0.07403254508972168, 0.037790447473526, -0.0904281735420227, 0.09019261598587036, -0.019541919231414795, -0.029762351885437965, 1.0]",21.33333396911621,53,5,93,0
"[0.39443689584732056, -0.1830112189054489, 0.39800238609313965, -0.6065992116928101, 0.7496838569641113, 0.21026630699634552, 0.16062240302562714, 0.0]","[-0.10458142310380936, -0.05106848478317261, 0.12551169097423553, 0.3470272719860077, -0.015301169827580452, 0.2142225056886673, 0.0]",10.333333015441895,102,7,167,7
"[0.5184176564216614, 0.011082969605922699, 0.15878187119960785, -0.4303137958049774, 0.7796971797943115, 0.27874523401260376, 0.35944876074790955, 0.0]","[0.07939887046813965, 0.06487587094306946, -0.12938445806503296, 0.1500416100025177, 0.09504679590463638, 0.09611385315656662, 1.0]",11.333333015441895,56,7,47,8
"[0.43814942240715027, -0.216629296541214, 0.9762609601020813, -0.6033033132553101, 0.7807210087776184, -0.03450378030538559, 0.15908904373645782, 0.0]","[-0.18337586522102356, -0.14889441430568695, 0.07028277218341827, 0.10229754447937012, 0.2845234274864197, -0.11697465181350708, 0.0]",33.66666793823242,9,8,219,5
"[0.5022484064102173, -0.07073181867599487, 0.4410264790058136, -0.4191373288631439, 0.8634706139564514, 0.17259596288204193, 0.22125330567359924, 1.0]","[0.03892805427312851, 0.1574999839067459, 0.0034299653489142656, 0.28719085454940796, -0.0256143007427454, 0.37021127343177795, 1.0]",24.0,59,5,251,0
"[0.5052016377449036, 0.03697599470615387, 0.141866996884346, -0.4867382347583771, 0.7812923192977905, 0.22461679577827454, 0.3197115957736969, 0.0]","[0.1390567123889923, -0.06554242223501205, 0.17329588532447815, -0.09867710620164871, -0.34127557277679443, -0.06828027963638306, 0.0]",3.3333332538604736,52,5,407,0
"[0.6019690632820129, -0.1832551807165146, 0.45112839341163635, -0.6750982999801636, 0.7029255032539368, 0.05630594864487648, 0.21672014892101288, 0.17631007730960846]","[-0.02126086689531803, 0.03336188569664955, -0.115789495408535, 0.05273612588644028, 0.11203131824731827, -0.10169408470392227, 0.0]",3.6666667461395264,21,7,318,6
"[0.6987195014953613, -0.23984552919864655, 0.5993187427520752, -0.3451157212257385, 0.8679664134979248, -0.027433358132839203, 0.356057345867157, 0.0]","[0.0, 0.0, 0.0, 0.0, 0.0, 0.0, 1.0]",2.6666667461395264,76,7,8,0
"[0.4383084177970886, -0.2161371409893036, 0.9783134460449219, -0.6027952432632446, 0.7802701592445374, -0.03731483966112137, 0.1625545620918274, 1.0]","[0.00719933956861496, -0.044662006199359894, 0.04690654203295708, -0.04054555669426918, -0.11476332694292068, -0.10544516146183014, 0.0]",1.0,3,1,41,7
"[0.49663522839546204, -0.16310817003250122, 0.5973572731018066, -0.546554446220398, 0.8175503611564636, 0.12159726768732071, 0.13455024361610413, 0.6314418315887451]","[-0.09422900527715683, -0.012516546063125134, 0.031767312437295914, 0.06997551023960114, -0.011748164892196655, 0.0473967120051384, 0.0]",12.666666984558105,21,0,430,0
"[0.5359477996826172, -0.07187735289335251, 0.21899345517158508, -0.5633347630500793, 0.7143273949623108, 0.328883558511734, 0.2534283399581909, 0.0]","[-2.1273694073897786e-05, 3.0103727112873457e-05, -1.6276911992463283e-05, 1.6892992789507844e-05, 3.775431105168536e-05, 4.2245181248290464e-05, 1.0]",13.0,90,4,71,0
"[0.8413858413696289, -0.06895768642425537, 0.8837403059005737, -0.5771958231925964, 0.7531957030296326, 0.005829188507050276, 0.3154476583003998, 0.5818633437156677]","[0.07717637717723846, 0.06953758001327515, 0.01854638196527958, 0.03464064374566078, -0.180815652012825, 0.015196497552096844, 0.0]",8.666666984558105,17,0,470,3
"[0.5772005915641785, -0.19871200621128082, 0.49631068110466003, 0.7236632108688354, -0.6526054739952087, -0.1399216651916504, -0.17561185359954834, 0.0]","[0.17360998690128326, -0.005209991708397865, 0.04127868264913559, -0.3557111918926239, 0.17812426388263702, 0.178228959441185, 0.0]",11.0,29,6,186,0
"[0.505538284778595, -0.16526734828948975, 0.7210479974746704, -0.5459840297698975, 0.7745535373687744, 0.13565923273563385, 0.2890757918357849, 1.0]","[0.0, 0.0, 0.0, 0.0, 0.0, 0.0, 0.0]",6.333333492279053,48,7,324,7
"[0.44057607650756836, -0.21725477278232574, 0.9704923629760742, -0.6062684655189514, 0.7774429321289062, -0.033232517540454865, 0.1640630066394806, 0.0]","[-0.005468820687383413, 0.015072007663547993, -0.007819291204214096, 0.030937213450670242, 0.0027159748133271933, 0.16340316832065582, 1.0]",14.0,31,0,14,5
"[0.43814462423324585, -0.21665865182876587, 0.9761232137680054, -0.603329062461853, 0.7807530760765076, -0.034335628151893616, 0.158870130777359, 0.0]","[0.0, 0.0, 0.0, 0.0, 0.0, -0.0, 1.0]",31.33333396911621,69,7,475,1
"[0.6905521750450134, -0.025484176352620125, 0.9760348200798035, -0.6580359935760498, 0.674037754535675, 0.03448588028550148, 0.33387500047683716, 1.0]","[-0.006839626468718052, -0.008986828848719597, -0.010993395932018757, 0.05801238492131233, -0.01739180088043213, -0.05878559127449989, 1.0]",6.666666507720947,1,6,155,0
"[0.7632772326469421, -0.05950745567679405, 0.961439311504364, -0.6324859857559204, 0.700815737247467, -0.003454019548371434, 0.32985880970954895, 1.0]","[-0.02201886661350727, 0.0036528140772134066, -0.13955296576023102, 0.2536545395851135, 0.15364696085453033, -0.3397345244884491, 1.0]",21.66666603088379,83,7,86,5
"[0.4381570518016815, -0.2166636884212494, 0.9761049747467041, -0.6033430695533752, 0.7807278633117676, -0.03435320034623146, 0.15893687307834625, 0.0]","[0.005267450585961342, -0.01763051003217697, -0.0471775196492672, 0.08276050537824631, 0.0388677604496479, -0.1331012099981308, 1.0]",19.0,18,1,438,6
"[0.6452739238739014, -0.18469996750354767, 0.4159735441207886, -0.6652112007141113, 0.7216076850891113, 0.029271425679326057, 0.18952466547489166, 0.38285890221595764]","[0.0036771525628864765, -0.020178599283099174, -0.06426699459552765, 0.01133381761610508, 0.16014160215854645, -0.10254443436861038, 1.0]",14.666666984558105,71,7,357,5
"[0.5934069752693176, -0.07437294721603394, 0.40605348348617554, -0.3214123249053955, 0.9018245935440063, 0.11745299398899078, 0.26383960247039795, 1.0]","[0.019316453486680984, -0.018132144585251808, 0.053244397044181824, -0.052819687873125076, -0.1170857697725296, -0.02430189959704876, 0.0]",11.333333015441895,53,8,126,8
"[0.6252254247665405, -0.2204814851284027, 0.6693395972251892, -0.3569694459438324, 0.8577356934547424, 0.08761270344257355, 0.3594249486923218, 0.0]","[0.0013756389962509274, 0.0007177004590630531, 0.004105530213564634, -0.1843719780445099, 0.0032257663551717997, 0.07191498577594757, 1.0]",13.333333015441895,2,1,418,5
"[0.5706064105033875, -0.1092490553855896, 0.12646175920963287, -0.11829613149166107, 0.953826904296875, 0.20168258249759674, 0.18853208422660828, 0.8795038461685181]","[-0.2181243598461151, 0.046161141246557236, 0.03047627955675125, 0.5435333847999573, 0.43866193294525146, 0.38770708441734314, 0.0]",0.3333333432674408,60,8,441,1
"[0.8012193441390991, -0.07106504589319229, 0.9044755101203918, 0.7100487351417542, -0.4740979075431824, 0.195753812789917, -0.48243385553359985, 1.0]","[0.030552100390195847, 0.06642010807991028, 0.16779004037380219, 0.3489426374435425, -0.4148162007331848, 0.17198508977890015, 0.0]",9.333333015441895,36,7,11,1
"[0.5900745391845703, -0.06441465765237808, 0.09711991995573044, -0.4974272847175598, 0.7755701541900635, 0.2596764862537384, 0.289180189371109, 0.4181366562843323]","[-0.04190896824002266, 0.007437191437929869, 0.11129762977361679, 0.029815375804901123, -0.04549962282180786, 0.040530454367399216, 1.0]",9.0,15,7,270,0
"[0.5954400300979614, -0.0846586599946022, 0.20488715171813965, -0.5618724822998047, 0.7053332328796387, 0.31583598256111145, 0.2950458228588104, 0.0]","[0.016985200345516205, -0.0019210061291232705, -0.0019597765058279037, -0.011817114427685738, -0.06544750928878784, 0.02128596417605877, 0.0]",4.333333492279053,18,1,60,2
"[0.6476057767868042, -0.18570533394813538, 0.41799506545066833, -0.6660739779472351, 0.7203878164291382, 0.027315011247992516, 0.1914176195859909, 0.0]","[-0.029917582869529724, 0.03663778677582741, -0.04443436488509178, -0.1310163140296936, 0.053779635578393936, 0.07279547303915024, 1.0]",13.333333015441895,35,1,320,0
"[0.5304034352302551, -0.198007732629776, 0.558652937412262, 0.758642315864563, -0.606025218963623, -0.16491836309432983, -0.17319704592227936, 0.0]","[0.0985252857208252, -0.04393090307712555, -0.016880150884389877, 0.13523708283901215, -0.12539219856262207, -0.06776586920022964, 1.0]",23.33333396911621,36,7,266,0
"[0.419107049703598, -0.13967730104923248, 0.8968682289123535, -0.6458096504211426, 0.7146629095077515, 0.13316302001476288, 0.23335480690002441, 0.41902634501457214]","[0.052559878677129745, -0.02030017040669918, -0.016165882349014282, -0.05947907641530037, -0.17911459505558014, -0.13423891365528107, 1.0]",10.333333015441895,89,6,209,6
"[0.43832340836524963, -0.21608683466911316, 0.9783297181129456, -0.6029692888259888, 0.7801606059074402, -0.03705524653196335, 0.16249428689479828, 0.0]","[0.04429749399423599, 0.020016174763441086, -0.04485315829515457, -0.4922211170196533, -0.05818435549736023, -0.12798945605754852, 1.0]",18.33333396911621,19,4,208,3
"[0.4282304644584656, -0.23446176946163177, 0.9158297777175903, -0.5155856609344482, 0.8273487091064453, 0.03911488503217697, 0.21939826011657715, 0.0]","[-0.05848923698067665, -0.030810853466391563, -0.07016745954751968, 0.07467722147703171, 0.17904768884181976, -0.012794177047908306, 0.0]",6.666666507720947,21,0,460,7
"[0.5482527017593384, -0.21063236892223358, 0.5311088562011719, 0.7205007672309875, -0.6634217500686646, -0.11807431280612946, -0.16373379528522491, 0.0]","[-0.004648358095437288, 0.045205164700746536, 0.202168807387352, -0.03880837932229042, -0.1735176146030426, -0.004307511728256941, 0.0]",13.666666984558105,16,1,491,8
"[0.46167993545532227, -0.24251028895378113, 0.8292559385299683, -0.3983839154243469, 0.8621095418930054, 0.1541532278060913, 0.27256953716278076, 0.0]","[-0.028645355254411697, 0.007138357963413, 0.1506156623363495, 0.25610533356666565, -0.2631050646305084, 0.12573137879371643, 0.0]",14.333333015441895,25,5,311,0
"[0.4381362199783325, -0.21666258573532104, 0.9761340022087097, -0.6033243536949158, 0.7807550430297852, -0.03434564545750618, 0.1588764190673828, 0.0]","[0.02768605761229992, 0.002881139051169157, -0.03197706490755081, 0.025437697768211365, -0.001154451398178935, 0.002501229988411069, 1.0]",0.3333333432674408,8,0,45,5
"[0.45659488439559937, 0.07014482468366623, 0.46181848645210266, -0.5570107698440552, 0.7057002782821655, -0.015715504065155983, 0.4375832974910736, 1.0]","[0.05937724560499191, 0.03704795241355896, -0.0829930528998375, -0.022508928552269936, -0.05839752405881882, 0.08295585215091705, 1.0]",5.666666507720947,37,7,183,5
"[0.49754300713539124, -0.11977093666791916, 0.4058072865009308, -0.35354137420654297, 0.9062053561210632, 0.1390553116798401, 0.1856447160243988, 1.0]","[0.007851697504520416, 0.009378344751894474, 0.004783221520483494, 0.030326267704367638, -0.01596977934241295, 0.043349917978048325, 1.0]",28.33333396911621,3,0,65,7
"[0.34056511521339417, -0.13381214439868927, 0.45669642090797424, -0.5037181377410889, 0.850455641746521, 0.1440298855304718, 0.047419387847185135, 1.0]","[0.0871465653181076, -0.10774581134319305, 0.03748549893498421, 0.04530716314911842, 0.27794453501701355, 0.2591991424560547, 0.0]",35.0,8,4,165,0
"[0.5437972545623779, -0.07485072314739227, 0.3340435028076172, -0.6647183299064636, 0.6737572550773621, 0.2605043053627014, 0.19062593579292297, 0.0]","[-0.04860949516296387, -0.002211454790085554, 0.020309651270508766, 0.0840180292725563, -0.05315236374735832, 0.12031517177820206, 0.0]",20.33333396911621,11,4,188,1
"[0.556969165802002, -0.058560412377119064, 0.436551034450531, -0.3873301148414612, 0.8681814074516296, 0.1372455507516861, 0.2782086133956909, 1.0]","[0.02536843530833721, -0.05064991116523743, -0.04234524071216583, -0.036741577088832855, -0.00016603963740635663, -0.20445944368839264, 1.0]",16.66666603088379,29,0,469,2
"[0.5277056097984314, -0.10390812158584595, 0.5020712614059448, -0.3099108338356018, 0.8200396299362183, 0.318141907453537, 0.36093762516975403, 0.0]","[0.05159471184015274, -0.045163266360759735, -0.04419523477554321, -0.14205387234687805, -0.045581456273794174, -0.1337212771177292, 1.0]",1.6666666269302368,61,3,78,1
"[0.5436744093894958, -0.24829411506652832, 0.6510360240936279, -0.6561084389686584, 0.7360714673995972, 0.09562652558088303, 0.1362941563129425, 0.0]","[0.1098863035440445, 0.016003437340259552, 0.04421329125761986, 0.09515786170959473, -0.1888386309146881, -0.16639737784862518, 0.0]",14.0,22,1,56,4
"[0.4872039556503296, 0.06350508332252502, 0.114507757127285, -0.5111702084541321, 0.7822108268737793, 0.2132238894701004, 0.28528374433517456, 0.0]","[0.05623643472790718, 0.0045626526698470116, -0.0014578840928152204, 0.08683457970619202, -0.030871650204062462, -0.0759408175945282, 0.0]",11.333333015441895,7,5,399,1
"[0.35803160071372986, -0.13381637632846832, 0.4235401451587677, -0.4634227156639099, 0.8657454252243042, 0.17798367142677307, 0.06360862404108047, 1.0]","[0.0032983657438308, 0.0010469806147739291, 0.00027279360801912844, 0.0007106459233909845, 0.003565284889191389, -0.007230386137962341, 0.0]",6.333333492279053,27,4,366,0
"[0.5901209115982056, -0.06448280066251755, 0.09715524315834045, -0.4974164068698883, 0.7755836844444275, 0.25962528586387634, 0.2892085313796997, 0.18211179971694946]","[-0.05969006568193436, -0.003934340085834265, 0.16732193529605865, 0.07533126324415207, -0.3469931483268738, 0.05769714340567589, 0.0]",0.3333333432674408,38,4,128,4
"[0.48645779490470886, -0.15035170316696167, 0.7985870838165283, -0.4819095730781555, 0.8063004612922668, 0.14654354751110077, 0.31010913848876953, 0.0]","[0.027246151119470596, 0.050149284303188324, -0.12119317054748535, 0.2129363864660263, 0.027489960193634033, 0.06978091597557068, 1.0]",0.6666666865348816,20,6,461,7
"[0.45755210518836975, -0.21569004654884338, 0.9462960362434387, -0.6254152655601501, 0.7586296796798706, -0.01882735639810562, 0.18161015212535858, 0.0]","[0.06524505466222763, 0.00274645141325891, -0.12218667566776276, 0.44659894704818726, 0.1830935925245285, -0.20242837071418762, 1.0]",8.0,4,8,342,3
"[0.4775755703449249, -0.16329704225063324, 0.749678373336792, -0.607729971408844, 0.7739996910095215, 0.09062667936086655, 0.15289059281349182, 0.0]","[-0.012242215685546398, 0.013957335613667965, -0.06768962740898132, 0.03662112355232239, 0.08931171149015427, 0.06404826045036316, 0.0]",16.0,23,8,68,8
"[0.4021528959274292, -0.21845054626464844, 0.8864309191703796, -0.5869778990745544, 0.794978678226471, -0.0487343966960907, 0.1452266126871109, 1.0]","[0.0005788389244116843, -0.04162494093179703, 0.046641651540994644, -0.04599723219871521, -0.09683780372142792, -0.01773473247885704, 0.0]",11.333333015441895,15,5,156,0
"[0.4718662202358246, 0.06123516708612442, 0.47723907232284546, -0.5544679760932922, 0.7017524838447571, -0.029956741258502007, 0.4463309347629547, 1.0]","[-0.032567884773015976, 0.04388042166829109, -0.028970029205083847, 0.18533162772655487, 0.04736638814210892, 0.4858778119087219, 1.0]",13.0,62,7,201,1
"[0.4998174011707306, -0.1870754361152649, 0.779688835144043, -0.598325252532959, 0.7093228697776794, 0.1082238033413887, 0.35658878087997437, 1.0]","[0.024321990087628365, -0.0018884619930759072, -0.03197538107633591, 0.10822473466396332, 0.039388444274663925, -0.05568844825029373, 1.0]",37.66666793823242,84,0,465,3
"[0.36594218015670776, -0.1363362818956375, 0.5257559418678284, -0.49994543194770813, 0.8568693995475769, 0.08408661931753159, 0.09358849376440048, 1.0]","[-0.014192567206919193, 0.013508129864931107, -0.027706099674105644, 0.05954300984740257, -0.04892638698220253, -0.07967083901166916, 1.0]",14.666666984558105,31,0,314,3
"[0.6261014342308044, -0.11978671699762344, 0.9133508801460266, -0.5731168389320374, 0.7679614424705505, 0.1291656345129013, 0.25512465834617615, 0.11585736274719238]","[-0.11986362189054489, -0.01792486384510994, 0.02455371990799904, 0.11197677254676819, 0.0032243262976408005, 0.035286691039800644, 0.0]",1.6666666269302368,38,0,84,2
"[0.5342053771018982, 0.019444912672042847, 0.9562937021255493, 0.7099364399909973, -0.5895906090736389, -0.17763651907444, -0.341787189245224, 0.2396397441625595]","[-0.03886961191892624, -0.013825418427586555, -0.06790806353092194, 0.08580479025840759, 0.1981854885816574, -0.03731280192732811, 0.0]",16.66666603088379,18,6,386,4
"[0.5062238574028015, -0.11201628297567368, 0.6642687916755676, -0.37320441007614136, 0.8291044235229492, 0.24281473457813263, 0.3381498157978058, 0.0]","[0.033011697232723236, 0.0060541657730937, -0.055509038269519806, -0.031127262860536575, 0.10971031337976456, 0.014239591546356678, 0.0]",4.0,63,0,131,6
"[0.6988769769668579, -0.24529720842838287, 0.5993104577064514, -0.3451392948627472, 0.8679819107055664, -0.027354538440704346, 0.3560027480125427, 0.0]","[0.00630100816488266, -0.010151476599276066, -0.07229898869991302, 0.06897822767496109, 0.03280474245548248, 0.15330719947814941, 1.0]",22.33333396911621,6,7,442,4
"[0.49150192737579346, -0.1023702472448349, 0.4188985228538513, -0.3742867708206177, 0.8914621472358704, 0.15960268676280975, 0.19932810962200165, 1.0]","[0.003802250837907195, 0.001748234499245882, -0.00940188579261303, -0.025866949930787086, -0.01408672146499157, -0.04846711829304695, 1.0]",2.3333332538604736,27,3,307,4
"[0.5022078156471252, -0.20140954852104187, 0.4641783833503723, 0.7192956209182739, -0.6374441981315613, -0.09222101420164108, -0.2603342831134796, 0.06468217074871063]","[0.0, 0.0, 0.0, 0.0, 0.0, 0.0, 1.0]",21.0,9,0,260,4
"[0.549761950969696, -0.021838724613189697, 0.8720506429672241, -0.6310610175132751, 0.48319417238235474, 0.06236201152205467, 0.6036525368690491, 1.0]","[-0.005077349953353405, -0.016793182119727135, 0.050051044672727585, 0.04170961305499077, -0.12188907712697983, 0.05482351779937744, 0.0]",13.0,55,7,233,0
"[0.6009933352470398, -0.0049150967970490456, 0.183330237865448, -0.5117063522338867, 0.7718808650970459, 0.2616468369960785, 0.271840900182724, 1.0]","[0.002937179757282138, 0.0013284594751894474, -0.04570774361491203, 0.013251908123493195, 0.04730122536420822, 0.02242310903966427, 1.0]",4.333333492279053,11,6,293,0
"[0.5084307193756104, -0.24389590322971344, 0.8492942452430725, -0.5825144648551941, 0.8018221259117126, 0.0516071654856205, 0.12286113202571869, 0.0]","[0.03979942202568054, -0.022770969197154045, 0.14866498112678528, -0.06973771005868912, -0.22834697365760803, -0.11152538657188416, 0.0]",0.0,45,1,317,3
"[0.5445665121078491, 0.05046727880835533, 0.5833026170730591, -0.5869643688201904, 0.6558569073677063, -0.09375909715890884, 0.46533191204071045, 1.0]","[0.02749013900756836, 0.04629787057638168, 0.12808893620967865, 0.28690260648727417, -0.32231971621513367, 0.10760895907878876, 0.0]",6.333333492279053,5,1,445,5
"[0.8187230825424194, -0.04980974271893501, 0.8330371975898743, 0.7528597712516785, -0.4739331603050232, 0.0571049340069294, -0.45313194394111633, 0.0]","[0.018296953290700912, 0.04549172520637512, -0.11338341981172562, 0.19582562148571014, 0.02900778502225876, 0.081572525203228, 1.0]",26.66666603088379,108,5,229,7
"[0.3564258813858032, -0.2872519791126251, 0.5670235753059387, -0.5947802662849426, 0.7796531915664673, 0.09330974519252777, 0.1722515970468521, 0.0]","[0.0784725621342659, 0.0325937420129776, -0.07468853145837784, 0.1039266362786293, -0.08550496399402618, 0.10715465247631073, 1.0]",7.0,2,7,249,0
"[0.576454758644104, 0.04486268758773804, 0.859470784664154, 0.7191604375839233, -0.6051189303398132, -0.22902503609657288, -0.25335124135017395, 0.5459006428718567]","[0.008279023692011833, -0.002367032691836357, 0.007114748004823923, 0.028942329809069633, -0.0133779002353549, 0.00262263766489923, 1.0]",28.66666603088379,42,5,450,8
"[0.6778260469436646, -0.2358245849609375, 0.6354665160179138, -0.37989142537117004, 0.8486269116401672, -0.0030720746144652367, 0.36811068654060364, 0.0]","[-0.0027416516095399857, 0.0084108030423522, -0.022647110745310783, 0.01507854275405407, 0.06446636468172073, 0.02869715355336666, 1.0]",27.33333396911621,16,0,142,7
"[0.48146694898605347, 0.05594564601778984, 0.0894826352596283, -0.5005097389221191, 0.8074520826339722, 0.20663675665855408, 0.23412035405635834, 0.0]","[0.010783867910504341, 0.017597254365682602, -0.04690362513065338, -0.03145257383584976, -0.010988383553922176, -0.057249199599027634, 1.0]",9.666666984558105,38,7,447,7
"[0.5055065155029297, 0.048750948160886765, 0.513826310634613, -0.5579119324684143, 0.6874452233314514, -0.05167009308934212, 0.46204277873039246, 1.0]","[0.00847112387418747, 0.009538993239402771, 0.05334875360131264, 0.1753920316696167, -0.1391691267490387, -0.05713432654738426, 0.0]",3.0,37,7,294,7
"[0.5090085864067078, -0.2398369312286377, 0.9016548991203308, -0.5856820940971375, 0.7980585098266602, 0.024063294753432274, 0.13964267075061798, 0.0]","[0.017027782276272774, 0.0083317831158638, 0.02818196266889572, -0.01671387441456318, -0.06380654126405716, 0.013004555366933346, 1.0]",12.333333015441895,19,0,50,0
"[0.3830755054950714, -0.11885538697242737, 0.4039442241191864, -0.44175025820732117, 0.8712300062179565, 0.19160613417625427, 0.09540485590696335, 1.0]","[-0.09345396608114243, 0.05639701709151268, 0.1791050285100937, -0.057953521609306335, -0.42523059248924255, 0.46566519141197205, 0.0]",0.6666666865348816,3,4,110,7
"[0.5278826355934143, -0.0926205962896347, 0.42495954036712646, -0.3647715747356415, 0.8938204646110535, 0.14181092381477356, 0.21889787912368774, 1.0]","[-0.006697026081383228, 0.00297438632696867, -0.013357068412005901, -0.03533738851547241, -0.01587589830160141, -0.06026610732078552, 1.0]",8.333333015441895,22,7,361,7
"[0.5985400676727295, -0.06490293145179749, 0.4094526171684265, -0.3240223526954651, 0.8980597853660583, 0.1185421347618103, 0.27284786105155945, 1.0]","[-4.440892098500626e-16, -4.3021142204224816e-16, -9.71445146547012e-17, -0.0, -0.0, -0.0, 0.0]",0.0,24,2,395,6
"[0.5997691750526428, 0.024532729759812355, 0.23472753167152405, -0.5311195850372314, 0.7589433193206787, 0.26001331210136414, 0.2725988030433655, 0.35204967856407166]","[0.017261406406760216, 0.0684104934334755, -0.027711492031812668, -0.017982834950089455, -0.055898625403642654, 0.08841567486524582, 1.0]",29.0,2,4,272,6
"[0.5843069553375244, -0.1973499357700348, 0.6699085831642151, -0.3617285490036011, 0.8565381169319153, 0.21087832748889923, 0.30170392990112305, 0.0]","[0.027441486716270447, 0.050756677985191345, 0.03220827504992485, 0.015611708164215088, -0.1761234551668167, 0.10690359026193619, 0.0]",26.0,99,0,331,5
"[0.535239040851593, -0.09405200928449631, 0.42934513092041016, -0.3673868775367737, 0.8897269368171692, 0.14176057279109955, 0.2309042513370514, 1.0]","[0.034350767731666565, -0.008368587121367455, -0.04416753724217415, 0.011189568787813187, -0.002048198599368334, -0.026079250499606133, 1.0]",10.0,49,8,413,6
"[0.6019829511642456, -0.18327896296977997, 0.451153427362442, -0.6750882863998413, 0.7029329538345337, 0.056278277188539505, 0.21673451364040375, 0.41196900606155396]","[-0.007696575950831175, 0.005778152961283922, -0.007511934265494347, -0.010061625391244888, 0.013875310309231281, -0.009581655263900757, 0.0]",12.0,64,5,214,1
"[0.4979775846004486, -0.11938626319169998, 0.4060846269130707, -0.3536642789840698, 0.9060584306716919, 0.13906949758529663, 0.1861165165901184, 1.0]","[-0.036174263805150986, 0.010459857992827892, -0.08874420821666718, 0.07030929625034332, 0.1380414217710495, -0.14059799909591675, 0.0]",2.6666667461395264,50,4,116,6
"[0.5369067192077637, -0.24699202179908752, 0.6469183564186096, -0.6413257718086243, 0.7500796914100647, 0.07320632040500641, 0.14395318925380707, 0.0]","[0.046921566128730774, -0.013997881673276424, 0.02373192459344864, 0.043485961854457855, 0.014655682258307934, -0.13019132614135742, 0.0]",30.0,21,7,452,5
"[0.5223674178123474, -0.11955689638853073, 0.41335970163345337, -0.3450623154640198, 0.9046280384063721, 0.14138147234916687, 0.20637689530849457, 1.0]","[0.0, -1.3877787807814457e-17, 0.0, 0.0, 0.0, -0.0, 1.0]",0.0,56,6,355,1
"[0.47985461354255676, 0.05207402631640434, 0.10143756866455078, -0.5022587180137634, 0.7938832640647888, 0.2001473605632782, 0.278256356716156, 0.0]","[0.0, 0.0, -1.1102230246251565e-16, -0.0, 0.0, 0.0, 0.0]",9.0,23,5,289,4
"[0.7482149004936218, -0.01451695803552866, 0.8683342337608337, 0.6765432357788086, -0.5416008830070496, -0.1706255078315735, -0.4688759446144104, 0.03580155223608017]","[0.00961221568286419, -0.010202059522271156, 0.006827695295214653, -0.05043429508805275, -0.05494356155395508, -0.04446377977728844, 1.0]",15.333333015441895,16,2,61,5
"[0.5280836820602417, 0.09691120684146881, 0.75193852186203, -0.6541011333465576, 0.5191193222999573, -0.2170506864786148, 0.5055252909660339, 1.0]","[0.03642414137721062, -0.0006327038863673806, -0.02918197214603424, 0.03554021567106247, 0.04654727503657341, -0.016311364248394966, 0.0]",30.66666603088379,94,0,58,5
"[0.5422044992446899, -0.24980765581130981, 0.6564692854881287, -0.669745683670044, 0.7215228080749512, 0.1035824790596962, 0.1418319046497345, 0.0]","[0.11178413778543472, 0.01098668947815895, 0.013956013135612011, 0.046253591775894165, 0.041315581649541855, -0.070437952876091, 0.0]",21.0,112,1,451,5
"[0.6382836699485779, -0.13487115502357483, 0.8951497077941895, 0.6427953839302063, -0.6103069186210632, -0.05954914167523384, -0.45912253856658936, 1.0]","[0.018253449350595474, 0.0021559547167271376, -0.03773420304059982, 0.034813862293958664, -0.028038837015628815, 0.09573047608137131, 1.0]",18.0,53,7,377,0
"[0.4814211130142212, 0.056007932871580124, 0.08948259800672531, -0.5005358457565308, 0.8074321746826172, 0.20668040215969086, 0.23409472405910492, 0.4181366562843323]","[-0.009348712861537933, 0.0010748968925327063, -0.06855428963899612, -0.007786357309669256, 0.2601264417171478, -0.04555540531873703, 1.0]",35.66666793823242,10,8,95,0
"[0.5022298097610474, -0.20145340263843536, 0.46422016620635986, 0.7192834615707397, -0.6374607682228088, -0.09216820448637009, -0.2603462338447571, 0.7561550140380859]","[-0.0013371249660849571, -0.0017859579529613256, 0.002501543378457427, 0.03887590020895004, -0.0012952852994203568, 0.0107756108045578, 0.0]",20.33333396911621,41,4,383,5
"[0.5443034768104553, -0.004288670141249895, 0.19011496007442474, -0.44321829080581665, 0.7823272347450256, 0.26958367228507996, 0.34474092721939087, 0.0]","[0.0, 0.0, 0.0, 0.0, 0.0, 0.0, 1.0]",21.0,34,7,83,5
"[0.4880882203578949, -0.031109435483813286, 0.9735374450683594, 0.7057988047599792, -0.6338444948196411, -0.11005012691020966, -0.29661113023757935, 0.0]","[0.04594970494508743, -0.02122468128800392, -0.07010508328676224, 0.1551334410905838, 0.22956444323062897, -0.06586438417434692, 0.0]",18.0,10,0,166,1
"[0.5864195823669434, -0.05770237371325493, 0.29886701703071594, -0.26061302423477173, 0.8589987754821777, 0.2733778953552246, 0.345639169216156, 0.0]","[-0.10364975035190582, -0.02022966556251049, 0.030488360673189163, 0.16142083704471588, 0.07193473726511002, 0.08513876795768738, 0.0]",11.666666984558105,85,0,415,5
"[0.565051794052124, 0.020446956157684326, 0.21252895891666412, -0.5072863698005676, 0.770913302898407, 0.25025734305381775, 0.2927874028682709, 0.0]","[0.03377027437090874, 0.04969339445233345, -0.07146817445755005, -0.12741321325302124, -0.0015752763720229268, -0.04498238116502762, 1.0]",4.333333492279053,37,5,433,6
"[0.4565833806991577, -0.15422280132770538, 0.9670082330703735, -0.6378430724143982, 0.7427728772163391, 0.008454058319330215, 0.2034040093421936, 0.0]","[0.02473321557044983, -0.009104100055992603, -0.036438021808862686, -0.09764401614665985, -0.06367100775241852, -0.13724520802497864, 1.0]",6.666666507720947,23,8,139,0
"[0.43859490752220154, -0.20612600445747375, 0.9656865000724792, -0.6123040914535522, 0.7713096141815186, -0.0037887112703174353, 0.17363989353179932, 0.0]","[0.07655491679906845, -0.019776737317442894, -0.04490115866065025, -0.2791862487792969, -0.18256984651088715, -0.015039107762277126, 1.0]",21.33333396911621,47,2,174,0
"[0.43614789843559265, -0.2144721895456314, 0.9492480754852295, -0.6013891100883484, 0.7846128940582275, -0.02034575305879116, 0.1493312418460846, 0.0]","[0.015787383541464806, -0.008218073286116123, 0.033656369894742966, -0.008255129680037498, -0.08175332844257355, -0.04270268231630325, 1.0]",17.33333396911621,10,3,16,7
"[0.5879490971565247, -0.08522146195173264, 0.4024755358695984, -0.31764689087867737, 0.9069606065750122, 0.11375045776367188, 0.25215813517570496, 1.0]","[0.014445873908698559, 0.0216219462454319, -0.04305028170347214, 0.0646430104970932, 0.02406156063079834, 0.008255616761744022, 1.0]",37.33333206176758,14,6,429,7
"[0.8413858413696289, -0.06895768642425537, 0.8837403059005737, -0.5771958231925964, 0.7531957030296326, 0.005829188507050276, 0.3154476583003998, 0.3489440977573395]","[-5.727753887185827e-05, 0.0065597910434007645, -0.012536946684122086, -0.014666478149592876, 0.024370277300477028, 0.01706286147236824, 0.0]",33.33333206176758,32,0,424,7
"[0.538935124874115, -0.1825467348098755, 0.6857670545578003, -0.39112070202827454, 0.8453028798103333, 0.2782439887523651, 0.23466545343399048, 0.0]","[-0.04223641753196716, -0.05484163016080856, -0.39765360951423645, 0.3581807315349579, 0.3019964396953583, -0.0350862517952919, 1.0]",5.333333492279053,6,1,146,2
"[0.5422048568725586, -0.24982869625091553, 0.6565181016921997, -0.6697889566421509, 0.7214745879173279, 0.10358764976263046, 0.1418686956167221, 0.0]","[0.005675161723047495, -0.012267530895769596, -0.07603850215673447, 0.036730483174324036, 0.15937060117721558, -0.0511053167283535, 1.0]",12.333333015441895,93,2,362,5
"[0.5073280930519104, -0.011641576886177063, 0.9706556797027588, 0.70509272813797, -0.6149187088012695, -0.13319280743598938, -0.32707637548446655, 8.695651922607794e-05]","[0.014024701900780201, 0.012480886653065681, -0.08276348561048508, 0.1334073841571808, -0.009720527566969395, -0.12410502135753632, 0.0]",4.0,65,7,82,0
"[0.5184667706489563, -0.09324607998132706, 0.5684630870819092, -0.3315134644508362, 0.8340177536010742, 0.30584144592285156, 0.3177644610404968, 0.0]","[-0.025879207998514175, -0.026397941634058952, -0.061490677297115326, 0.12888211011886597, 0.0816347524523735, -0.10470926761627197, 1.0]",6.333333492279053,72,2,31,7
"[0.822722315788269, -0.06102323532104492, 0.8606376647949219, 0.7446140050888062, -0.4695737957954407, 0.09905470907688141, -0.4639381170272827, 1.0]","[0.0, 0.0, 0.0, 0.0, 0.0, 0.0, 0.0]",3.6666667461395264,10,1,323,7
"[0.5191413164138794, -0.2570343017578125, 0.7936546802520752, -0.6140486598014832, 0.7773689031600952, 0.05529537796974182, 0.12483677268028259, 0.0]","[0.03197474032640457, 0.03698049113154411, 0.25698980689048767, -0.09513693302869797, -0.16203567385673523, 0.06112764775753021, 0.0]",24.33333396911621,8,1,296,4
"[0.43859320878982544, -0.21662122011184692, 0.9774561524391174, -0.6028074622154236, 0.7805654406547546, -0.036016229540109634, 0.1613801270723343, 0.0]","[-0.03745859116315842, 0.004822034388780594, 0.030093202367424965, 0.016353193670511246, -0.029379267245531082, 0.1035223975777626, 0.0]",2.3333332538604736,25,0,245,4
"[0.5798773765563965, -0.08097629994153976, 0.6792395114898682, -0.6445691585540771, 0.7047049403190613, 0.1172184869647026, 0.27236250042915344, 0.0005217391299083829]","[-0.005288328509777784, -0.014776842668652534, 0.030856499448418617, 0.0553724505007267, -0.044882286339998245, 0.009249011985957623, 0.0]",18.0,2,6,111,1
"[0.5056614279747009, -0.022209864109754562, 0.7094709277153015, -0.5802645087242126, 0.5605959296226501, 0.1846316009759903, 0.5611920356750488, 1.0]","[-0.005964689422398806, 0.008749663829803467, 0.027285538613796234, 0.013148720376193523, -0.03777690976858139, -0.021988051012158394, 0.0]",22.66666603088379,82,6,462,5
"[0.4927963614463806, 0.00036082943552173674, 0.5253535509109497, -0.49264365434646606, 0.6296005845069885, 0.3459557592868805, 0.49114149808883667, 1.0]","[0.005157714709639549, -0.014448347501456738, -0.011197744868695736, -0.036362502723932266, 0.01722770370543003, -0.04417555406689644, 0.0]",6.0,30,6,490,0
"[0.5285757780075073, -0.20703700184822083, 0.44630464911460876, 0.6958463191986084, -0.6666026711463928, -0.0828460156917572, -0.25411662459373474, 1.0]","[0.043505460023880005, 0.03251020237803459, -0.00741586834192276, 0.05558792129158974, -0.09012464433908463, 0.0028026339132338762, 0.0]",4.0,0,8,113,7
"[0.611093282699585, 0.007252352777868509, 0.922096312046051, -0.6699185371398926, 0.43412476778030396, 0.032178815454244614, 0.6014227867126465, 1.0]","[0.08922423422336578, 0.0014681743923574686, -0.009125621989369392, -0.01630772277712822, 0.018165703862905502, -0.06627186387777328, 0.0]",3.0,21,7,340,7
"[0.39448192715644836, -0.18294556438922882, 0.3979399800300598, -0.6066566705703735, 0.7496246099472046, 0.21033115684986115, 0.1605970710515976, 0.0]","[-0.021989190950989723, 0.06549620628356934, 0.17208996415138245, -0.35726088285446167, -0.22986961901187897, 0.10669374465942383, 0.0]",3.3333332538604736,39,0,70,8
"[0.7070088386535645, -0.2360721230506897, 0.598312497138977, -0.3377317786216736, 0.8720282912254333, -0.028193432837724686, 0.3531416058540344, 0.887080729007721]","[0.01550218928605318, 0.01743636652827263, -0.10086888074874878, 0.10837876796722412, 0.12799236178398132, -0.017556965351104736, 1.0]",1.6666666269302368,9,0,148,8
"[0.5411100387573242, -0.2051478624343872, 0.5422022342681885, 0.7377123832702637, -0.6406111717224121, -0.13407689332962036, -0.16559314727783203, 0.0]","[0.01061002817004919, -0.02327059395611286, -0.06555233895778656, 0.06557956337928772, -0.09771062433719635, -0.050988275557756424, 1.0]",3.6666667461395264,13,5,85,1
"[0.4205130636692047, -0.1627052277326584, 0.37732118368148804, -0.6282609701156616, 0.7274428606033325, 0.22814403474330902, 0.15512999892234802, 0.0]","[0.08389691263437271, 0.05923418328166008, -0.06260152161121368, 0.06824824213981628, 0.037763431668281555, 0.20823469758033752, 1.0]",1.3333333730697632,59,0,29,3
"[0.5722560286521912, -0.10156552493572235, 0.3960335850715637, -0.31858599185943604, 0.9131982922554016, 0.10593263804912567, 0.23097653687000275, 1.0]","[0.1365649551153183, 0.03955366834998131, 0.12069977074861526, 0.05818161740899086, -0.2937455475330353, 0.11212115734815598, 0.0]",5.666666507720947,106,8,476,6
"[0.6498426198959351, -0.18084034323692322, 0.4795377552509308, 0.6841285228729248, -0.6795831918716431, 0.01194311399012804, -0.2645605504512787, 1.0]","[0.01141267828643322, 0.03613376244902611, -0.00638451986014843, 0.013166157528758049, -0.06954193115234375, 0.03334790840744972, 1.0]",4.666666507720947,33,3,72,8
"[0.48500290513038635, -0.027675198391079903, 0.9735943675041199, 0.7123092412948608, -0.6333292722702026, -0.10971944034099579, -0.28190648555755615, 0.0]","[-0.06802388280630112, -0.05012679472565651, -0.13795629143714905, -0.09066865593194962, -0.03841443732380867, 0.07299017161130905, 1.0]",11.666666984558105,6,7,347,6
"[0.7438690662384033, -0.01860462687909603, 0.8666752576828003, 0.6772697567939758, -0.5484228730201721, -0.16495788097381592, -0.46187329292297363, 0.4987907111644745]","[-7.123738214431796e-06, 2.580998625489883e-05, -1.2930948287248611e-05, -3.359100901434431e-06, 2.2491629351861775e-05, 4.918142803944647e-05, 0.0]",2.3333332538604736,9,5,164,5
"[0.4935108721256256, -0.1473129540681839, 0.397955060005188, -0.3246646821498871, 0.9196589589118958, 0.15118837356567383, 0.16112828254699707, 1.0]","[-0.06240726634860039, -0.013091185130178928, -0.03940724954009056, 0.019231878221035004, -0.046560876071453094, -0.12466224282979965, 1.0]",35.33333206176758,58,0,325,4
"[0.5011494159698486, -0.14010633528232574, 0.7850141525268555, -0.630242109298706, 0.7276368141174316, 0.10311244428157806, 0.25041428208351135, 0.0]","[0.005568788852542639, 0.009471289813518524, 0.06386350095272064, -0.02881675958633423, -0.03498529642820358, 0.017838122323155403, 0.0]",16.0,55,7,154,2
"[0.43813610076904297, -0.2166627049446106, 0.9761339426040649, -0.6033241748809814, 0.7807551622390747, -0.03434563800692558, 0.15887637436389923, 0.0]","[0.010955153964459896, 0.0271476861089468, -0.08094120770692825, 0.016230043023824692, 0.06420456618070602, -0.010436370968818665, 0.0]",17.0,35,0,27,6
"[0.6005805134773254, -0.20595933496952057, 0.6744561195373535, -0.352964848279953, 0.8579955101013184, 0.1707707643508911, 0.3318084180355072, 0.0]","[0.034979112446308136, 0.19490277767181396, 0.012286342680454254, 0.347610205411911, -0.08563355356454849, 0.4270985424518585, 1.0]",3.0,36,4,494,7
"[0.5154803991317749, -0.12746495008468628, 0.39873024821281433, -0.32247936725616455, 0.9161937236785889, 0.1516643613576889, 0.18328683078289032, 1.0]","[0.0009583800565451384, 0.09200143814086914, 0.14772506058216095, -0.015661517158150673, -0.024409135803580284, 0.10209323465824127, 0.0]",14.0,67,8,264,8
"[0.8187166452407837, -0.0499177947640419, 0.8331143856048584, 0.7528282403945923, -0.4739580750465393, 0.05718161165714264, -0.45314857363700867, 0.8147826194763184]","[-0.010399406775832176, 0.002246542600914836, 0.007454399485141039, 0.00504824984818697, -0.0081897908821702, 0.02810024283826351, 1.0]",7.0,72,5,67,8
"[0.5778011679649353, -0.14860817790031433, 0.9251798391342163, -0.5647817850112915, 0.7736665606498718, 0.12062602490186691, 0.2605971395969391, 0.9996526837348938]","[0.004630339331924915, -0.0007806756184436381, 0.008957755751907825, -0.0036052123177796602, -0.07396648079156876, 0.02391006611287594, 0.0]",19.0,14,0,220,1
"[0.5294334888458252, -0.23906588554382324, 0.6380041241645813, -0.63447105884552, 0.7550448179244995, 0.05517426133155823, 0.155915305018425, 0.0]","[0.041687194257974625, 0.0353357270359993, -0.016234619542956352, 0.06604821234941483, -0.01185071375221014, 0.02499392069876194, 1.0]",16.66666603088379,51,0,454,0
"[0.4382588267326355, -0.21650315821170807, 0.9769092202186584, -0.6031535267829895, 0.780570924282074, -0.035313207656145096, 0.1602119654417038, 0.0]","[-0.005166881252080202, -0.01672692783176899, -0.035340815782547, 0.16824986040592194, -0.03357410803437233, -0.10585986822843552, 1.0]",26.33333396911621,36,0,96,0
"[0.6230549216270447, -0.1788642406463623, 0.48665738105773926, -0.6744266748428345, 0.695648193359375, 0.018918797373771667, 0.24670691788196564, 0.1694263517856598]","[0.06274760514497757, 0.01894993521273136, -0.05664316564798355, 0.15138988196849823, -0.059229761362075806, 0.09745476394891739, 1.0]",27.33333396911621,2,5,213,0
"[0.5051668286323547, -0.18899470567703247, 0.5984788537025452, 0.7733258605003357, -0.5865283608436584, -0.168564110994339, -0.17186540365219116, 0.0]","[0.0488690510392189, -0.01684277318418026, -0.055426549166440964, -0.04141576588153839, 0.09337884932756424, -0.006134762894362211, 0.0]",1.0,17,0,182,4
"[0.7679057121276855, 0.014379122294485569, 0.920193612575531, -0.6111934781074524, 0.5111473798751831, 0.054390765726566315, 0.6018409729003906, 0.5546046495437622]","[0.0034890349488705397, -0.008317041210830212, -0.039549633860588074, -0.07664261013269424, 0.06855664402246475, -0.0796704962849617, 1.0]",0.3333333432674408,88,7,432,7
"[0.4994601011276245, -0.16106706857681274, 0.5985069274902344, -0.5490183234214783, 0.8168989419937134, 0.11551934480667114, 0.13382934033870697, 0.16632558405399323]","[-1.1116514542663936e-05, 2.1771620595245622e-05, -2.0945826690876856e-05, 2.3419428544002585e-05, 4.015077502117492e-05, 3.388625555089675e-05, 1.0]",1.3333333730697632,33,5,247,7
"[0.8424063324928284, -0.07052168250083923, 0.8846607208251953, -0.5768657326698303, 0.7526975274085999, 0.0015429508639499545, 0.3172852098941803, 0.9997391104698181]","[0.09698620438575745, -0.003042111871764064, 0.015896854922175407, 0.012096303515136242, -0.02200625091791153, -0.09556849300861359, 0.0]",12.333333015441895,5,5,168,0
"[0.591341495513916, -0.05268454551696777, 0.651110827922821, -0.6420497894287109, 0.702806293964386, 0.1479373425245285, 0.26823484897613525, 0.42124223709106445]","[-0.021844999864697456, -0.0024178270250558853, -0.013338129036128521, 0.008185788989067078, -0.010726259090006351, -0.03415617719292641, 1.0]",0.0,14,5,172,5
"[0.6028185486793518, -0.04116031900048256, 0.13785994052886963, -0.5013827085494995, 0.7770883440971375, 0.2519785165786743, 0.2850542664527893, 1.0]","[-0.09766582399606705, -0.013945313170552254, 0.037131067365407944, 0.07108987867832184, -0.022289646789431572, 0.06300995498895645, 0.0]",5.333333492279053,54,0,408,1
"[0.6990334391593933, -0.11863914132118225, 0.8851923942565918, -0.6159979701042175, 0.6196032166481018, 0.07201112061738968, 0.4810953736305237, 1.0]","[0.09416547417640686, -0.015301679261028767, -0.010782254859805107, 0.07438010722398758, 0.11482616513967514, -0.11374382674694061, 0.0]",36.33333206176758,26,8,246,8
"[0.5151042938232422, -0.25214236974716187, 0.8164226412773132, -0.600937008857727, 0.7888945937156677, 0.05001828446984291, 0.11839879304170609, 0.0]","[0.029652023687958717, 0.017374100163578987, -0.06697304546833038, -0.057728111743927, 0.1392526626586914, 0.04393591731786728, 0.0]",0.0,43,0,458,0
"[0.6705175042152405, -0.23114870488643646, 0.7116219401359558, -0.34511497616767883, 0.8197490572929382, 0.0714968889951706, 0.45143699645996094, 1.0]","[0.018945427611470222, 0.01372558530420065, 0.0043313088826835155, -0.01703953929245472, -0.051568467170000076, 0.0004942426458001137, 0.0]",11.666666984558105,35,5,132,1
"[0.3484466075897217, -0.16654543578624725, 0.6142110228538513, -0.5469163060188293, 0.8347289562225342, 0.025477074086666107, 0.05883074924349785, 1.0]","[0.01684819534420967, -0.0321960411965847, 0.20923824608325958, -0.20751503109931946, -0.43196943402290344, -0.03999137505888939, 0.0]",3.3333332538604736,48,0,369,7
"[0.44419363141059875, 0.1219644770026207, 0.3806776702404022, -0.546898603439331, 0.7368565201759338, 0.0562264509499073, 0.39342471957206726, 1.0]","[0.10610310733318329, 0.041669733822345734, 0.07539238035678864, -0.09266526997089386, -0.14156748354434967, 0.07483408600091934, 0.0]",21.33333396911621,21,1,108,7
"[0.5574378371238708, -0.21115617454051971, 0.5204522609710693, 0.7161209583282471, -0.6684681177139282, -0.11384755373001099, -0.16540808975696564, 0.0]","[0.055954642593860626, 0.04975318908691406, 0.003549808170646429, 0.04204944521188736, -0.10006939619779587, -0.022940093651413918, 0.0]",9.666666984558105,20,4,403,7
"[0.7633520364761353, -0.059431787580251694, 0.9613238573074341, -0.6325138807296753, 0.7008185982704163, -0.003416299819946289, 0.32979968190193176, 1.0]","[0.013489846140146255, 0.0036607817746698856, -0.035929713398218155, 0.007305408362299204, -0.0937088280916214, -0.04413120448589325, 1.0]",19.33333396911621,46,0,305,6
"[0.5027634501457214, -0.2368384450674057, 0.9249900579452515, -0.5928913354873657, 0.7902334332466125, 0.005511737894266844, 0.15485653281211853, 0.0]","[-0.05358191207051277, 0.0697886198759079, 0.20971190929412842, 0.30257317423820496, -0.47862595319747925, 0.4166256785392761, 0.0]",19.66666603088379,4,2,184,0
"[0.5159785747528076, -0.09769626706838608, 0.606369137763977, -0.35044366121292114, 0.8326887488365173, 0.2820742428302765, 0.3228820562362671, 0.0]","[-0.03202993422746658, 0.009937156923115253, 0.03179684281349182, 0.018146967515349388, -0.04464838281273842, 0.02750403992831707, 0.0]",12.666666984558105,14,0,332,2
"[0.6797546148300171, 0.0644736960530281, 0.8715671300888062, -0.663848340511322, 0.4463035464286804, -0.30463525652885437, 0.5170260071754456, 1.0]","[-0.06570763140916824, -0.00876667071133852, 0.03046204335987568, 0.04547931253910065, -0.027364935725927353, 0.05747626721858978, 0.0]",11.666666984558105,24,8,346,7
"[0.5194488763809204, -0.028629902750253677, 0.7680374979972839, -0.5906887054443359, 0.5425538420677185, 0.1416931301355362, 0.580211341381073, 1.0]","[-0.0002814263862092048, 0.003120322246104479, -0.0010423872154206038, 0.0002789268328342587, 0.0015857442049309611, 0.004588122945278883, 1.0]",12.0,13,0,217,2
"[0.34912005066871643, -0.16696478426456451, 0.620849609375, -0.5504436492919922, 0.8324978351593018, 0.0209030881524086, 0.059347622096538544, 1.0]","[0.02263840287923813, 0.014179537072777748, -0.01661977916955948, 0.01687643676996231, 0.016096994280815125, 0.012497782707214355, 1.0]",29.33333396911621,7,0,420,1
"[0.4392920434474945, 0.17743799090385437, 0.31367936730384827, -0.5763809084892273, 0.7264265418052673, 0.13530786335468292, 0.34897175431251526, 1.0]","[-0.007292798720300198, 0.016665782779455185, 0.01922030933201313, -0.0024384704884141684, -0.07837501168251038, 0.04539303109049797, 0.0]",1.0,75,0,498,5
"[0.613126814365387, -0.04987829178571701, 0.13653092086315155, -0.5519702434539795, 0.764907956123352, 0.20617082715034485, 0.2602657675743103, 0.0]","[0.009358158335089684, 0.014980985783040524, 0.012258755043148994, -0.013720895163714886, 0.006487508304417133, 0.054375097155570984, 0.0]",32.66666793823242,44,1,353,1
"[0.6124984622001648, -0.18367931246757507, 0.4406881034374237, -0.6733481287956238, 0.7065984606742859, 0.053014472126960754, 0.2109748125076294, 1.0]","[0.00947362370789051, 0.021483564749360085, -0.01864498108625412, 0.030602669343352318, 0.029658956453204155, 0.01108781062066555, 0.0]",9.0,4,0,180,1
"[0.5733961462974548, 0.028282560408115387, 0.8945412635803223, 0.7082042098045349, -0.6069433093070984, -0.2099706530570984, -0.2932216227054596, 0.27052173018455505]","[0.00023161168792285025, 0.02405775524675846, 0.039438627660274506, -0.003515173913910985, -0.015202931128442287, 0.029000313952565193, 0.0]",4.0,1,7,117,8
"[0.5000534057617188, -0.18645866215229034, 0.7793342471122742, -0.5982956886291504, 0.7096119523048401, 0.10845818370580673, 0.35599154233932495, 1.0]","[-0.014064242132008076, 0.02654317580163479, -0.030077477917075157, -0.05657248571515083, 0.030599301680922508, 0.036009158939123154, 1.0]",19.33333396911621,38,8,36,7
"[0.42531877756118774, -0.1417795866727829, 0.898675799369812, -0.636323869228363, 0.7218201160430908, 0.13901886343955994, 0.23396886885166168, 0.6546852588653564]","[0.07893681526184082, -0.02286786213517189, 0.04341276362538338, 0.0669216588139534, -0.03237474709749222, -0.1764029562473297, 0.0]",12.333333015441895,63,7,237,5
"[0.3437195122241974, -0.13126994669437408, 0.4414770007133484, -0.4970014989376068, 0.8516495227813721, 0.15944570302963257, 0.04753588140010834, 1.0]","[-0.008050893433392048, -0.017563942819833755, -0.018770776689052582, -0.04990338161587715, 0.0032479087822139263, -0.04303290694952011, 1.0]",4.0,87,1,483,7
"[0.5605430006980896, -0.07216059416532516, 0.4246631860733032, -0.3695945739746094, 0.8820539712905884, 0.13925889134407043, 0.25688058137893677, 1.0]","[-0.05353706702589989, -0.009293383918702602, 0.028329625725746155, 0.032272156327962875, -0.02399880439043045, 0.06175370514392853, 0.0]",7.666666507720947,11,5,133,2
"[0.8214216828346252, -0.061107780784368515, 0.9381493330001831, -0.6107587218284607, 0.7185445427894592, -0.034806568175554276, 0.3308413326740265, 1.0]","[-0.0035554049536585808, 0.0008220120216719806, 0.006926069967448711, 0.0025826855562627316, -0.003088952973484993, 0.003612579545006156, 1.0]",5.666666507720947,9,4,327,0
"[0.5381055474281311, -0.03443491458892822, 0.8410152792930603, -0.5966944098472595, 0.5207442045211792, 0.08720885962247849, 0.6042978167533875, 1.0]","[0.04410894215106964, 0.03498359024524689, 0.006667235866189003, 0.03561732545495033, -0.10696104168891907, 0.04788403958082199, 0.0]",21.33333396911621,7,0,109,1
"[0.3524784743785858, -0.15966328978538513, 0.562332272529602, -0.5156892538070679, 0.8513137698173523, 0.057256799191236496, 0.07778886705636978, 1.0]","[0.04413800686597824, 0.03651116415858269, 0.02862517535686493, 0.04082079231739044, -0.09684853255748749, 0.03199808672070503, 0.0]",7.0,55,0,345,0
"[0.48144134879112244, 0.05598882958292961, 0.08949360251426697, -0.5005310773849487, 0.807435929775238, 0.20666450262069702, 0.23410607874393463, 0.1790062040090561]","[0.011623973026871681, 0.03224991634488106, -0.026998130604624748, 0.02411922626197338, 0.027682017534971237, 0.029251253232359886, 1.0]",10.333333015441895,7,5,330,1
"[0.42705532908439636, -0.18407948315143585, 0.8001514673233032, -0.5826461911201477, 0.8027886748313904, 0.06084565445780754, 0.11113742738962173, 0.0]","[0.07624650746583939, 0.05288533493876457, -0.1181018054485321, 0.07054004073143005, -0.018552575260400772, -0.04263966158032417, 1.0]",25.66666603088379,11,5,263,1
"[0.604473888874054, -0.1805848777294159, 0.4462238848209381, -0.6775760650634766, 0.7013920545578003, 0.06353781372308731, 0.21190276741981506, 0.0]","[-0.04323991388082504, 0.12174124270677567, 0.22710546851158142, -0.11206937581300735, -0.40219828486442566, 0.12862926721572876, 0.0]",12.333333015441895,80,7,295,0
"[0.5705735087394714, -0.1092543825507164, 0.12596280872821808, -0.11827284097671509, 0.953843355178833, 0.20166204869747162, 0.18848544359207153, 0.6469457149505615]","[0.020676972344517708, -0.04886409267783165, -0.040710169821977615, -0.005057339556515217, 0.027333389967679977, -0.19721856713294983, 1.0]",18.33333396911621,24,7,23,3
"[0.5209429860115051, -0.09179572016000748, 0.5475608110427856, -0.32209357619285583, 0.8331639170646667, 0.31530269980430603, 0.32043376564979553, 0.0]","[0.06096300110220909, 0.04873272776603699, -0.1273379623889923, 0.18228904902935028, 0.21304535865783691, 0.13390792906284332, 1.0]",11.0,36,0,147,7
"[0.7575005888938904, -0.026495084166526794, 0.9318636059761047, -0.6831085085868835, 0.4396865963935852, -0.240838885307312, 0.5310697555541992, 1.0]","[0.054906584322452545, -0.017456118017435074, -0.04780939221382141, 0.05543477088212967, 0.06398254632949829, -0.010600201785564423, 1.0]",2.0,64,6,5,0
"[0.697674036026001, -0.23867101967334747, 0.7088111042976379, -0.3365703225135803, 0.8219709992408752, 0.018877943977713585, 0.45905089378356934, 1.0]","[0.032688841223716736, 0.05475809425115585, -0.12421787530183792, 0.18151509761810303, 0.09027380496263504, -0.1468471884727478, 1.0]",7.666666507720947,37,8,271,2
"[0.6162339448928833, -0.17593933641910553, 0.46729084849357605, -0.675348162651062, 0.6995165944099426, 0.04107461869716644, 0.22998745739459991, 0.0]","[0.16968056559562683, 0.13287235796451569, -0.062275610864162445, 0.20015986263751984, -0.05309164151549339, 0.14417017996311188, 1.0]",15.666666984558105,8,7,90,0
"[0.7402059435844421, -0.05611591786146164, 0.876903235912323, 0.6470140814781189, -0.5831441879272461, -0.12650369107723236, -0.4746708869934082, 0.9991317987442017]","[0.016290482133626938, 0.03401016816496849, -0.12965933978557587, 0.21715445816516876, 0.10430503636598587, -0.15817849338054657, 1.0]",19.66666603088379,13,7,125,7
"[0.6384769082069397, -0.13480384647846222, 0.895119309425354, 0.6426758766174316, -0.6103385090827942, -0.05958209186792374, -0.45924344658851624, 1.0]","[0.012550847604870796, 0.022431299090385437, -0.10890320688486099, 0.1871720552444458, 0.0328114852309227, -0.10597715526819229, 1.0]",5.333333492279053,3,2,486,7
"[0.3449684679508209, -0.16686053574085236, 0.5969291925430298, -0.5384230613708496, 0.8397253751754761, 0.038209132850170135, 0.059177249670028687, 1.0]","[0.013736195862293243, -0.017395660281181335, -0.06889419257640839, 0.03216405212879181, -0.025890493765473366, 0.1091369017958641, 1.0]",10.666666984558105,7,2,329,5
"[0.599845826625824, 0.024441970512270927, 0.23478402197360992, -0.531100332736969, 0.7589650750160217, 0.2599446773529053, 0.27264127135276794, 1.0]","[0.04018653929233551, 0.010231691412627697, 0.050841961055994034, -0.09547995030879974, -0.12697668373584747, 0.03763146325945854, 0.0]",14.666666984558105,7,1,248,6
"[0.4575554430484772, -0.21571709215641022, 0.9463348388671875, -0.6254139542579651, 0.758642315864563, -0.01884617656469345, 0.18156002461910248, 0.0]","[0.08054550737142563, 0.06529350578784943, -0.08492475748062134, 0.030966047197580338, -0.02679830975830555, 0.17858737707138062, 1.0]",1.0,23,1,77,2
"[0.48144134879112244, 0.05598882958292961, 0.08949360251426697, -0.5005310773849487, 0.807435929775238, 0.20666450262069702, 0.23410607874393463, 0.00026086956495419145]","[0.05044497177004814, 0.01255806814879179, -0.04520885646343231, 0.11230354756116867, -0.034586675465106964, -0.1502290517091751, 0.0]",1.6666666269302368,37,1,203,2
"[0.43814462423324585, -0.21665865182876587, 0.9761232137680054, -0.603329062461853, 0.7807530760765076, -0.034335628151893616, 0.158870130777359, 0.0]","[0.22064019739627838, -0.09866781532764435, -0.01761111058294773, -0.11883601546287537, -0.05509262531995773, -0.25762224197387695, 0.0]",10.0,63,0,449,0
"[0.4928351938724518, -0.15116849541664124, 0.7243998050689697, -0.6188513040542603, 0.7665147185325623, 0.080131396651268, 0.1518457680940628, 0.0]","[0.03425271809101105, 0.02970636822283268, 0.09043692797422409, -0.1478155255317688, -0.22208628058433533, 0.13170181214809418, 0.0]",32.33333206176758,46,0,254,5
"[0.5977449417114258, 0.0061143869534134865, 0.9870218634605408, 0.6796807646751404, -0.6469504237174988, -0.059331439435482025, -0.3405422568321228, 1.0]","[0.0, 0.0, 0.0, 0.0, 0.0, 0.0, 1.0]",10.666666984558105,34,1,299,6
"[0.5816605687141418, -0.09029822796583176, 0.1770012080669403, -0.1538960337638855, 0.9233428239822388, 0.2474375218153, 0.25005748867988586, 1.0]","[0.005090181715786457, 0.0012399174738675356, -0.01861511915922165, 0.07461319118738174, 0.02764751948416233, -0.03421911224722862, 1.0]",19.33333396911621,50,6,204,0
"[0.4761140048503876, -0.11133803427219391, 0.3492416739463806, -0.663853108882904, 0.6891472935676575, 0.2483512908220291, 0.15065427124500275, 0.0]","[-0.003291231580078602, 0.02491532824933529, 0.1017155572772026, 0.11807535588741302, -0.16445378959178925, 0.11544523388147354, 0.0]",0.0,18,7,258,5
"[0.8187230825424194, -0.04980974271893501, 0.8330371975898743, 0.7528597712516785, -0.4739331603050232, 0.0571049340069294, -0.45313194394111633, 0.11602484434843063]","[-0.02270558476448059, -0.038555022329092026, -0.08568327873945236, 0.00039838330121710896, 0.16433705389499664, -0.18092799186706543, 1.0]",8.0,61,8,173,8
"[0.7299289703369141, -0.08920738846063614, 0.8803704380989075, 0.6269986033439636, -0.6048726439476013, -0.09780462086200714, -0.48107805848121643, 1.0]","[0.0, 0.0, -1.3877787807814457e-17, 0.0, 0.0, 0.0, 0.0]",11.0,87,7,54,0
"[0.7675256133079529, 0.019913047552108765, 0.918166995048523, -0.6128972768783569, 0.5097225308418274, 0.05796390026807785, 0.6009826064109802, 0.08948837220668793]","[0.008741416968405247, 0.003201574319973588, -0.030045021325349808, 0.09625749289989471, -0.006065540947020054, 0.005245464853942394, 1.0]",6.666666507720947,14,1,372,7
"[0.482371985912323, 0.05869888886809349, 0.10623086988925934, -0.500018835067749, 0.8072903752326965, 0.2074371874332428, 0.23501743376255035, 1.0]","[0.03777439892292023, 0.02265964262187481, -0.02835129201412201, -0.22678613662719727, -0.001100514316931367, -0.0724228024482727, 1.0]",11.0,33,1,150,0
"[0.6619554162025452, -0.13033120334148407, 0.8932918906211853, 0.6261168122291565, -0.6154202222824097, -0.06091346964240074, -0.47489500045776367, 1.0]","[0.0324602872133255, 0.06705812364816666, -0.0576724149286747, 0.10026226937770844, 0.09215625375509262, 0.03014248050749302, 0.0]",7.333333492279053,3,1,312,0
"[0.473089337348938, 0.170607790350914, 0.2774418294429779, -0.5666870474815369, 0.745090663433075, 0.13818970322608948, 0.32343363761901855, 1.0]","[-1.3392189430305734e-05, 1.4494584320345894e-05, -2.5538030968164094e-05, 9.145987860392779e-06, 4.32837478001602e-05, 2.1379200916271657e-05, 0.0]",10.333333015441895,25,7,495,8
"[0.5798466205596924, -0.08109093457460403, 0.6793342232704163, -0.6445615887641907, 0.7047224044799805, 0.11710968613624573, 0.27238205075263977, 0.0]","[0.10222885757684708, -0.00548438960686326, -0.0024207618553191423, 0.061524659395217896, 0.0910322442650795, -0.09790940582752228, 0.0]",5.666666507720947,43,1,373,8
"[0.6999981999397278, -0.2375565469264984, 0.7036105394363403, -0.33808624744415283, 0.8257193565368652, 0.010904034599661827, 0.4514048099517822, 1.0]","[-0.014691736549139023, -0.00486538652330637, -0.01381668820977211, -0.0692676231265068, -0.044923778623342514, 0.013373391702771187, 1.0]",2.0,52,7,303,7
"[0.49268293380737305, -0.21355988085269928, 0.7516804933547974, -0.3992302417755127, 0.8534813523292542, 0.24779269099235535, 0.2253522425889969, 0.0]","[-0.0017803212394937873, 0.0030578828882426023, -0.0009379860712215304, -0.0010835345601662993, -0.0007309606880880892, 0.006582092959433794, 1.0]",16.33333396911621,77,0,227,1
"[0.35047218203544617, -0.28766942024230957, 0.6612998843193054, -0.6099511384963989, 0.7691094875335693, 0.0501892976462841, 0.18415021896362305, 0.0]","[-8.462245750706643e-05, 0.002144089201465249, -0.0008765188395045698, 0.00038614682853221893, 0.0015705529367551208, 0.00291733187623322, 1.0]",12.0,47,1,145,0
"[0.5873267650604248, -0.06364352256059647, 0.27859172224998474, -0.23696181178092957, 0.8717445731163025, 0.28040796518325806, 0.324471652507782, 0.0]","[0.0010863463394343853, -0.04489115625619888, -0.1329353004693985, 0.5030351877212524, -0.04384234920144081, -0.3901844918727875, 1.0]",0.6666666865348816,1,8,360,7
"[0.5764399766921997, 0.04491483420133591, 0.8594440221786499, 0.7191858291625977, -0.6050901412963867, -0.2290521115064621, -0.25332343578338623, 0.7881366610527039]","[0.006299041677266359, -0.01875755377113819, 0.017771119251847267, 0.021049058064818382, -0.040157340466976166, -0.04649129509925842, 1.0]",1.3333333730697632,20,8,101,5
"[0.5022078156471252, -0.20140954852104187, 0.4641783833503723, 0.7192956209182739, -0.6374441981315613, -0.09222101420164108, -0.2603342831134796, 0.29103875160217285]","[-0.09546463936567307, -0.07213987410068512, -0.2583034634590149, 0.020303761586546898, 0.030192676931619644, 0.07665696740150452, 1.0]",3.0,28,4,232,5
"[0.4536537230014801, -0.1748437136411667, 0.7733930349349976, -0.5953186750411987, 0.7870082855224609, 0.08706116676330566, 0.13650640845298767, 0.0]","[-0.003904780838638544, -0.022920887917280197, 0.09474062919616699, 0.18295323848724365, -0.24517223238945007, 0.017288941890001297, 0.0]",6.0,17,1,190,1
"[0.6055383086204529, -0.18410097062587738, 0.44512704014778137, -0.6740090250968933, 0.7045571804046631, 0.056021515280008316, 0.2148779332637787, 0.8739845156669617]","[-0.008472220972180367, 0.002765693236142397, -0.024792877957224846, 0.022425515577197075, 0.03409144654870033, -0.02814045548439026, 1.0]",15.0,38,7,292,0
"[0.7070104479789734, -0.23612217605113983, 0.5983659029006958, -0.337703138589859, 0.8720260262489319, -0.028226375579833984, 0.35317203402519226, 0.42124223709106445]","[0.015116501599550247, -0.008663286454975605, 0.01157354936003685, 0.01113379467278719, -0.03613285347819328, -0.02290586195886135, 0.0]",6.0,17,7,326,7
"[0.4431518614292145, -0.2065834105014801, 0.9735246300697327, -0.6069812774658203, 0.7759213447570801, -0.02477739378809929, 0.17001745104789734, 0.0]","[0.09224101155996323, -0.014309056103229523, 0.02716430090367794, -0.12387783080339432, -0.017658255994319916, 0.030128207057714462, 0.0]",28.66666603088379,3,0,170,2
"[0.44100749492645264, -0.21164751052856445, 0.9681091904640198, -0.5922878384590149, 0.784347653388977, -0.015501836314797401, 0.18372155725955963, 0.0]","[0.0, 1.3877787807814457e-17, 0.0, 0.0, 0.0, -0.0, 1.0]",6.0,29,5,321,0
"[0.6917645931243896, 0.0708855614066124, 0.885090172290802, -0.6856073141098022, 0.4275113344192505, -0.2779064476490021, 0.5195619463920593, 1.0]","[-0.0029770671389997005, -0.036510057747364044, -0.1034029945731163, -0.11723911762237549, 0.1961693912744522, -0.1168186143040657, 1.0]",19.66666603088379,15,7,13,0
"[0.4965888261795044, -0.1308051198720932, 0.742376446723938, -0.43588733673095703, 0.8214859366416931, 0.18620896339416504, 0.31700047850608826, 0.0]","[0.0, 0.0, -1.1102230246251565e-16, 0.0, 0.0, -0.0, 0.0]",2.6666667461395264,60,3,426,1
"[0.5254089832305908, -0.06640024483203888, 0.2593615651130676, -0.5885318517684937, 0.7158790826797485, 0.29984867572784424, 0.2263585925102234, 0.0]","[-0.08253712207078934, -0.02786093018949032, 0.18403036892414093, 0.3671044409275055, -0.23864147067070007, 0.23231001198291779, 0.0]",34.0,31,1,276,1
"[0.4986962676048279, 0.04897136986255646, 0.12925437092781067, -0.4948565661907196, 0.7819898128509521, 0.22187942266464233, 0.3072108030319214, 0.0]","[0.0, 0.0, 0.0, 0.0, 0.0, 0.0, 1.0]",6.666666507720947,40,8,339,1
"[0.4381290674209595, -0.2166486233472824, 0.976015567779541, -0.603313148021698, 0.7807707786560059, -0.03429355472326279, 0.158852681517601, 0.0]","[9.646234502724838e-06, 1.6549596693948843e-05, -3.100518006249331e-05, -2.6935362029689713e-07, 3.1170278816716745e-05, 1.5087006431713235e-05, 1.0]",17.0,11,7,80,5
"[0.5750231146812439, -0.04953788220882416, 0.34495481848716736, -0.2655267119407654, 0.782617449760437, 0.3696250915527344, 0.42471498250961304, 1.0]","[0.052853651344776154, -0.0273783840239048, -0.0315675213932991, -0.1698557287454605, -0.19563131034374237, -0.25088927149772644, 1.0]",2.6666667461395264,8,5,421,8
"[0.6134893894195557, -0.2178528755903244, 0.682781457901001, -0.34464579820632935, 0.8598272204399109, 0.12444528937339783, 0.35556960105895996, 0.0]","[0.08163052797317505, -0.031786248087882996, -0.050598349422216415, -0.2547438144683838, -0.1268639713525772, -0.053475260734558105, 1.0]",4.333333492279053,84,6,359,6
"[0.510927677154541, -0.15198537707328796, 0.6486386060714722, -0.5481345057487488, 0.8032922148704529, 0.12385156750679016, 0.19730934500694275, 1.0]","[0.012806834653019905, 0.0007845729705877602, -0.021455736830830574, 0.03219747170805931, -0.005231793969869614, 0.04307347163558006, 1.0]",27.66666603088379,0,0,396,7
"[0.6963231563568115, -0.2402423769235611, 0.7112261056900024, -0.3321895897388458, 0.8192881345748901, 0.03718437999486923, 0.4658695161342621, 1.0]","[0.054578203707933426, -0.020092487335205078, -0.03274799510836601, 0.046136122196912766, 0.014728068374097347, 0.0008378172060474753, 1.0]",0.0,8,1,26,3
"[0.43195030093193054, -0.18270741403102875, 0.7926257252693176, -0.5832207798957825, 0.8012704253196716, 0.07023467123508453, 0.11351770162582397, 0.0]","[0.0017311692936345935, 0.02330409735441208, 0.006425872910767794, -0.0032117378432303667, 0.010138100944459438, 0.07768448442220688, 0.0]",0.0,0,0,489,7
"[0.581945538520813, -0.10203522443771362, 0.13299131393432617, -0.14578208327293396, 0.9471919536590576, 0.1987450122833252, 0.2051229029893875, 8.682170300744474e-05]","[-0.05115469917654991, 0.1204448863863945, 0.21583768725395203, -0.10777145624160767, -0.38215428590774536, 0.11075248569250107, 0.0]",11.666666984558105,56,7,158,0
"[0.7070097923278809, -0.23615016043186188, 0.5983924865722656, -0.3376867473125458, 0.8720256686210632, -0.028243666514754295, 0.35318711400032043, 0.188322976231575]","[0.026011956855654716, -0.01635093055665493, 0.09009840339422226, -0.03592250496149063, -0.13405244052410126, -0.08853165060281754, 0.0]",34.66666793823242,23,8,363,8
"[0.5169822573661804, -0.18079634010791779, 0.8005884885787964, -0.6149348020553589, 0.6960018873214722, 0.08123565465211868, 0.36171433329582214, 1.0]","[-0.017272906377911568, -0.0156997162848711, -0.07795174419879913, -0.024536428973078728, -0.013689853250980377, -0.09203953295946121, 0.0]",3.6666667461395264,33,7,42,7
"[0.5705429911613464, -0.10925491154193878, 0.1200108677148819, -0.1182553693652153, 0.9538546800613403, 0.20165129005908966, 0.18845084309577942, 0.414387583732605]","[0.02182433381676674, -0.09843841195106506, -0.07138537615537643, -0.06952904909849167, 0.12896952033042908, -0.28355929255485535, 0.0]",0.6666666865348816,14,0,313,1
"[0.43814826011657715, -0.21663229167461395, 0.9762493968009949, -0.6033052802085876, 0.780724048614502, -0.03448939323425293, 0.1590697169303894, 0.0]","[0.04642105847597122, -0.021316733211278915, -0.043891824781894684, -0.1587338149547577, -0.16033674776554108, -0.2754806876182556, 1.0]",7.0,23,5,4,0
"[0.5867563486099243, -0.052151549607515335, 0.6900145411491394, -0.6384788751602173, 0.6979250311851501, 0.14338864386081696, 0.29100701212882996, 1.0]","[0.043283332139253616, -0.0068909539841115475, -0.004378591198474169, -0.04794996604323387, -0.05882960557937622, 0.000860478961840272, 0.0]",17.33333396911621,24,5,337,4
"[0.49167853593826294, -0.15095187723636627, 0.8015908002853394, -0.6217659711837769, 0.7387508749961853, 0.0910821333527565, 0.24363546073436737, 0.0]","[-0.002969699213281274, -0.0017364355735480785, -0.038297396153211594, 0.018273930996656418, 0.016281520947813988, 0.020888252183794975, 1.0]",14.0,64,1,140,1
"[0.5848190188407898, -0.09438735991716385, 0.21519602835178375, -0.5586032271385193, 0.6882368326187134, 0.3420907258987427, 0.3118756115436554, 0.0]","[-0.01002951804548502, -0.012653140351176262, -0.03151117265224457, 0.03875236585736275, 0.026164334267377853, -0.025708895176649094, 0.0]",4.0,1,1,437,5
"[0.3629581332206726, -0.27491605281829834, 0.7776460647583008, -0.625696063041687, 0.7571199536323547, -0.012120591476559639, 0.1874217689037323, 0.0]","[-0.0328170508146286, 0.05523437634110451, 0.2555035352706909, -0.2300066202878952, -0.450439453125, 0.17328564822673798, 0.0]",4.0,109,0,412,4
"[0.6443473100662231, -0.19619815051555634, 0.4145999848842621, -0.6805189251899719, 0.6968876123428345, 0.04422754421830177, 0.22200357913970947, 1.0]","[0.006770337466150522, 0.04092977195978165, -0.008388623595237732, 0.011626058258116245, 0.022117234766483307, 0.1468256264925003, 1.0]",5.333333492279053,21,2,43,0
"[0.4779497981071472, -0.07086452841758728, 0.43141451478004456, -0.43363073468208313, 0.8605457544326782, 0.1796804815530777, 0.19783909618854523, 1.0]","[-0.0013239373220130801, 0.0027719081845134497, 0.007809143979102373, -0.0016661700792610645, -0.003163798712193966, 0.00959534291177988, 1.0]",17.0,79,6,79,7
"[0.5774280428886414, -0.025183241814374924, 0.8087502717971802, -0.6461026072502136, 0.6854068040847778, 0.10659322887659073, 0.31844431161880493, 1.0]","[0.040975991636514664, -0.00480212178081274, -0.05472373962402344, 0.1365303099155426, 0.014694399200379848, -0.18938188254833221, 0.0]",10.666666984558105,0,7,261,1
"[0.5411731004714966, -0.11504042893648148, 0.4468875527381897, -0.3070612847805023, 0.8049983382225037, 0.34216779470443726, 0.3749829828739166, 0.0]","[-0.0006737357471138239, 0.0014293926069512963, -0.0008909440948627889, 0.004140953533351421, 0.008169339969754219, 0.0025540231727063656, 1.0]",17.33333396911621,80,8,74,5
"[0.46704918146133423, -0.18794623017311096, 0.8779356479644775, -0.5421212315559387, 0.7786164283752441, 0.1008332371711731, 0.2994890511035919, 0.0]","[0.018583396449685097, -0.009012996219098568, 0.0003160967899020761, 0.03520309925079346, 0.03991379961371422, -0.05962150916457176, 0.0]",17.66666603088379,6,7,488,7
"[0.39638763666152954, -0.10808812081813812, 0.40227437019348145, -0.4468132257461548, 0.866723358631134, 0.19246414303779602, 0.11002801358699799, 1.0]","[0.008067571558058262, 0.00047875643940642476, -0.026673302054405212, 0.025377260521054268, 0.013693239539861679, 0.09253234416246414, 1.0]",6.0,18,4,137,7
"[0.6101281046867371, -0.13242848217487335, 0.9254202842712402, -0.570356547832489, 0.7705639600753784, 0.11959941685199738, 0.2581096291542053, 0.5809736251831055]","[-0.021793343126773834, 0.04325249418616295, -0.023321108892560005, 0.11792588233947754, 0.012255026958882809, 0.555607795715332, 1.0]",9.0,45,1,364,2
"[0.645232617855072, -0.1846581995487213, 0.4158964455127716, -0.6652286648750305, 0.7215994000434875, 0.029330626130104065, 0.1894858032464981, 0.9285953640937805]","[0.013705032877624035, 0.02658400684595108, 0.012328282929956913, 0.029245594516396523, -0.0570032112300396, 0.018108071759343147, 0.0]",0.3333333432674408,26,5,105,4
"[0.5021780133247375, -0.14030854403972626, 0.6966085433959961, -0.6255746483802795, 0.7647164463996887, 0.07240481674671173, 0.1364649534225464, 0.0]","[-0.014791755005717278, 0.00724804075434804, -0.08406976610422134, 0.0296280849725008, -0.006382626947015524, -0.16639721393585205, 1.0]",24.66666603088379,35,0,434,3
"[0.5309994220733643, -0.2539384663105011, 0.6924681067466736, -0.6788789629936218, 0.7150725722312927, 0.12025748938322067, 0.1154673621058464, 0.0]","[-0.012163633480668068, -0.018035659566521645, -0.040547627955675125, 0.04260735958814621, 0.04078371450304985, -0.058173030614852905, 0.0]",6.666666507720947,5,6,49,6
"[0.42705532908439636, -0.18407948315143585, 0.8001514673233032, -0.5826461911201477, 0.8027886748313904, 0.06084565445780754, 0.11113742738962173, 0.0]","[-0.03012731857597828, -0.0009174613514915109, -0.07820243388414383, 0.0740220919251442, 0.16198061406612396, 0.04293418675661087, 0.0]",2.0,28,5,235,1
"[0.7098174691200256, -0.23729676008224487, 0.6271224021911621, -0.33725589513778687, 0.8656085133552551, -0.025444749742746353, 0.3692329227924347, 1.0]","[0.019085440784692764, 0.03630061075091362, -0.052934665232896805, 0.09036613255739212, 0.015933599323034286, -0.042520422488451004, 0.0]",9.0,86,3,218,4
"[0.4763898253440857, -0.16781684756278992, 0.8352881669998169, -0.5056148171424866, 0.7980799078941345, 0.12443400919437408, 0.30321329832077026, 0.0]","[-0.02904372848570347, 0.0246232058852911, 0.17998746037483215, 0.024002237245440483, -0.1386062055826187, -0.03313335031270981, 0.0]",7.333333492279053,48,3,463,1
"[0.47985732555389404, 0.05207643657922745, 0.1014258936047554, -0.5022587776184082, 0.7938969731330872, 0.20014923810958862, 0.27821585536003113, 0.0]","[-0.0023184786550700665, 0.0009908699430525303, -0.001995980041101575, 0.0005516889505088329, 0.00580438319593668, -0.002037055091932416, 0.0]",5.333333492279053,45,5,115,1
"[0.5919407606124878, -0.06948043406009674, 0.23040395975112915, -0.21699026226997375, 0.9039525389671326, 0.23405282199382782, 0.2846125662326813, 0.0]","[-2.2082887880969793e-05, 0.00016481633065268397, -0.00016245627193711698, -9.303091064793989e-05, 0.00031399086583405733, 0.00039968869532458484, 0.0]",0.6666666865348816,34,0,157,0
"[0.6451916694641113, -0.1846158504486084, 0.4158194661140442, -0.6652465462684631, 0.7215906977653503, 0.029389843344688416, 0.18944700062274933, 1.0]","[0.014312023296952248, 0.007426864467561245, -0.012614449486136436, -0.00430570961907506, 0.005361003335565329, 0.016478344798088074, 1.0]",10.666666984558105,4,1,238,0
"[0.5138654708862305, -0.20393483340740204, 0.45594531297683716, 0.7093474864959717, -0.6503008008003235, -0.08966786414384842, -0.25669968128204346, 1.0]","[1.1102230246251565e-16, 0.0, 0.0, 0.0, 0.0, 0.0, 0.0]",23.33333396911621,60,2,121,3
"[0.5763080716133118, -0.006370940711349249, 0.9016882181167603, -0.6603036522865295, 0.44981837272644043, 0.04252037778496742, 0.5998787879943848, 1.0]","[0.002566706854850054, -0.06320459395647049, -0.04697602614760399, -0.11793150752782822, 0.08862648159265518, -0.2013176679611206, 0.0]",16.33333396911621,68,6,192,5
"[0.5089914202690125, -0.139224573969841, 0.6664788126945496, -0.6156333684921265, 0.7744070291519165, 0.06791514903306961, 0.1291387677192688, 0.0]","[0.12301623076200485, -0.029280275106430054, 0.1528392732143402, -0.09711219370365143, -0.20649400353431702, 0.03858400508761406, 0.0]",6.333333492279053,25,0,226,4
"[0.5156323909759521, -0.06298414617776871, 0.2349458634853363, -0.5722606182098389, 0.7235497236251831, 0.31470972299575806, 0.2234981209039688, 0.0]","[-0.0054717171005904675, 0.004770816769450903, -0.07816760241985321, 0.03092047944664955, 0.11100059747695923, -0.00939932744950056, 1.0]",10.0,57,0,341,5
"[0.4345572292804718, -0.21808497607707977, 0.9747104048728943, -0.5952572226524353, 0.7853478789329529, -0.04699932783842087, 0.16336657106876373, 1.0]","[-0.0050096963532269, 0.017835097387433052, -0.07182137668132782, 0.04889652132987976, 0.07277501374483109, -0.0021105504129081964, 1.0]",10.666666984558105,36,5,104,8
"[0.660664439201355, -0.1951666921377182, 0.4340854585170746, -0.6751753091812134, 0.7078903317451477, 0.03417126089334488, 0.20460191369056702, 0.0]","[0.009031780995428562, 0.012633077800273895, -0.02759152464568615, 0.18392689526081085, -0.024259429425001144, -0.039461664855480194, 1.0]",5.0,25,4,51,0
"[0.5365301966667175, -0.132417693734169, 0.4499814212322235, -0.2965103089809418, 0.8140752911567688, 0.340349942445755, 0.3654106855392456, 0.0]","[0.11478835344314575, 0.03293494135141373, -0.009862926788628101, 0.10939954966306686, -0.001210238435305655, -0.04486069455742836, 0.0]",20.66666603088379,61,0,274,8
"[0.5901439785957336, -0.06451711058616638, 0.09717288613319397, -0.49741074442863464, 0.7755905985832214, 0.2595996558666229, 0.289222776889801, 0.0]","[0.06474687159061432, 0.014168220572173595, 0.0012666529510170221, -0.03350953012704849, 0.0006258693756535649, -0.009176521562039852, 1.0]",5.333333492279053,70,6,404,5
"[0.5759234428405762, -0.040719013661146164, 0.744022786617279, -0.6392689347267151, 0.6937729120254517, 0.13200624287128448, 0.3042839765548706, 1.0]","[-1.1136550710943993e-05, 2.1813199055031873e-05, -2.0952033082721755e-05, 2.3573105863761157e-05, 4.0411759982816875e-05, 3.4279957617400214e-05, 1.0]",9.333333015441895,63,8,195,0
"[0.4357052743434906, 0.16703692078590393, 0.31402623653411865, -0.5723874568939209, 0.7290634512901306, 0.13322733342647552, 0.3508412837982178, 1.0]","[0.0016404838534072042, 0.016090674325823784, -0.02862921543419361, -0.05287528410553932, -0.04334235191345215, -0.04829644784331322, 1.0]",26.0,22,1,390,4
"[0.4560539424419403, -0.22297629714012146, 0.9718338251113892, -0.6009528040885925, 0.7805559039115906, -0.032976679503917694, 0.16882173717021942, 0.0]","[-0.10102353990077972, -0.018237439915537834, -0.008539090864360332, 0.10108774900436401, 0.05261235684156418, 0.02048315666615963, 0.0]",1.6666666269302368,66,8,428,5
"[0.5557372570037842, 0.016453320160508156, 0.9359109401702881, 0.7029318809509277, -0.6004048585891724, -0.18535876274108887, -0.33323097229003906, 0.2199999988079071]","[-0.00688449339941144, -0.00027992017567157745, -0.04280829057097435, 0.05763503909111023, 0.03681553527712822, -0.04852985963225365, 0.0]",7.0,29,5,376,0
"[0.611488938331604, -0.0637454241514206, 0.1612282693386078, -0.5604172945022583, 0.7534595131874084, 0.22879154980182648, 0.2566819489002228, 0.0]","[0.005366754252463579, 0.03477131202816963, 0.041022516787052155, -0.02331121452152729, -0.0004372255061753094, 0.04027272388339043, 0.0]",4.0,73,7,283,1
"[0.5116502642631531, 0.021836355328559875, 0.14722168445587158, -0.4409383237361908, 0.7826573252677917, 0.25314047932624817, 0.359083354473114, 0.0]","[-0.04932212084531784, 0.003781537991017103, 0.033850811421871185, 0.02512071467936039, -0.02050050161778927, 0.13308215141296387, 0.0]",20.0,49,6,240,7
"[0.5090619325637817, -0.20564115047454834, 0.6155655384063721, 0.7129626274108887, -0.6654550433158875, -0.13814033567905426, -0.17254292964935303, 0.0]","[-0.10395050793886185, -0.02013208344578743, 0.010982806794345379, 0.1428007185459137, 0.10113979876041412, 0.09898923337459564, 0.0]",11.333333015441895,19,7,410,0
"[0.5422279238700867, -0.18261727690696716, 0.6777921915054321, -0.3830218017101288, 0.8489326238632202, 0.27343183755874634, 0.2405051440000534, 0.0]","[0.05320557951927185, 0.03810194507241249, -0.011044967919588089, 0.21217584609985352, -0.04259960725903511, 0.05731242522597313, 1.0]",7.0,19,7,73,5
"[0.5130727291107178, -0.1505976766347885, 0.6355782747268677, -0.5788002014160156, 0.7990148663520813, 0.08787177503108978, 0.13727396726608276, 0.0]","[-0.0020400339271873236, 0.0010920666391029954, -0.0015539773739874363, 0.0034459675662219524, -0.005125468596816063, 0.03610747680068016, 1.0]",6.666666507720947,21,7,328,6
"[0.535076379776001, -0.09356892108917236, 0.42937925457954407, -0.3675610423088074, 0.8897253274917603, 0.1417004019021988, 0.23067009449005127, 1.0]","[-0.08325357735157013, -0.07754621654748917, -0.3586440682411194, 0.2413271963596344, 0.1770656853914261, 0.037006646394729614, 1.0]",1.0,17,3,492,0
"[0.4799216091632843, -0.04879596456885338, 0.9734848737716675, 0.7006670236587524, -0.6537042856216431, -0.09048200398683548, -0.2712000012397766, 0.0]","[0.007848544977605343, 0.0030261774081736803, -0.007097880821675062, 0.00418828846886754, 0.028649529442191124, 0.016485165804624557, 1.0]",31.0,13,5,99,0
"[0.4871862232685089, 0.06347545236349106, 0.11448487639427185, -0.5111379623413086, 0.7822397351264954, 0.2132074236869812, 0.2852746248245239, 0.0]","[0.030239306390285492, 0.03109063021838665, -0.0013507495168596506, 0.026613198220729828, -0.006982890423387289, -0.029810629785060883, 0.0]",1.6666666269302368,16,4,243,7
"[0.4565628468990326, 0.07022740691900253, 0.46170660853385925, -0.5570282340049744, 0.7057343125343323, -0.015598336234688759, 0.43751034140586853, 1.0]","[-0.0018548868829384446, -0.005499175749719143, -0.36953017115592957, 0.2864820957183838, 0.3396679759025574, -0.0808015987277031, 1.0]",3.6666667461395264,20,2,225,6
"[0.590050995349884, -0.06430935114622116, 0.10470914840698242, -0.4975007176399231, 0.7755435109138489, 0.25968435406684875, 0.2891182005405426, 1.0]","[-2.3348835384240374e-05, 3.0129653168842196e-05, -1.768982292560395e-05, 1.835972216213122e-05, 4.103487663087435e-05, 4.087138222530484e-05, 1.0]",11.0,88,0,365,5
"[0.4265361726284027, -0.16497007012367249, 0.9284287095069885, -0.644459068775177, 0.728648841381073, 0.08799004554748535, 0.21447882056236267, 0.0]","[0.012968217022716999, -0.002359147183597088, -0.010613529942929745, 0.09199950844049454, -0.0201035737991333, 0.015744103118777275, 1.0]",6.666666507720947,29,0,191,0
"[0.6087504625320435, -0.07305996865034103, 0.18198245763778687, -0.5668441653251648, 0.7462338805198669, 0.23615236580371857, 0.25701114535331726, 0.0]","[0.023633942008018494, 0.007677367888391018, 0.016246166080236435, 0.019360478967428207, -0.06541784107685089, 0.01386537030339241, 0.0]",29.0,62,4,12,6
"[0.6108427047729492, -0.1766333132982254, 0.45856234431266785, -0.6793738603591919, 0.6979043483734131, 0.05088609457015991, 0.22088754177093506, 0.0]","[0.11899794638156891, 0.026207823306322098, 0.1377999633550644, -0.07786004990339279, -0.34325456619262695, 0.0924936830997467, 0.0]",0.3333333432674408,41,0,411,2
"[0.5986275672912598, -0.15466830134391785, 0.8741740584373474, 0.6433514952659607, -0.6351690888404846, -0.04287891462445259, -0.42522993683815, 1.0]","[0.0, 0.0, 1.1102230246251565e-16, 0.0, 0.0, 0.0, 1.0]",2.3333332538604736,7,5,273,6
"[0.4404864013195038, 0.15673594176769257, 0.33231106400489807, -0.5639275908470154, 0.7331928610801697, 0.11152365803718567, 0.36328548192977905, 1.0]","[0.006979705300182104, -0.0044444287195801735, -0.012775207869708538, 0.02443898469209671, 0.022152354940772057, -0.029331689700484276, 0.0]",0.3333333432674408,104,0,280,5
"[0.6573247909545898, -0.19292598962783813, 0.42721524834632874, -0.6690374612808228, 0.7148244976997375, 0.026625551283359528, 0.20175711810588837, 0.0]","[-0.02646622434258461, 0.01612876169383526, -0.1349949985742569, -0.06629586964845657, 0.10498525947332382, -0.006489833816885948, 0.0]",20.0,42,0,239,1
"[0.4998512268066406, -0.18396489322185516, 0.7769612073898315, -0.5731366872787476, 0.7307546138763428, 0.12370707839727402, 0.3495834767818451, 1.0]","[0.0, 0.0, 0.0, 0.0, 0.0, 0.0, 1.0]",7.0,51,8,265,0
"[0.5377075672149658, -0.18267051875591278, 0.6875391006469727, -0.3923415541648865, 0.8448961973190308, 0.27849775552749634, 0.23378953337669373, 0.0]","[0.05762360244989395, -0.005555408075451851, 0.0004947789129801095, -0.022020235657691956, -0.0038099477533251047, -0.03816699981689453, 0.0]",3.3333332538604736,66,8,459,0
"[0.8485341668128967, -0.06759049743413925, 0.917544960975647, -0.5902421474456787, 0.7337914109230042, -0.04790246859192848, 0.3329710066318512, 1.0]","[0.03808119520545006, 0.014949473552405834, -0.010173792019486427, 0.032347675412893295, -0.010278264991939068, 0.031094463542103767, 1.0]",9.333333015441895,20,5,9,4
"[0.41806405782699585, -0.08331719040870667, 0.4096169173717499, -0.4756719470024109, 0.8517019152641296, 0.17993849515914917, 0.12634164094924927, 1.0]","[-0.016306232661008835, 0.0005827117129229009, -0.02358401007950306, 0.02997935563325882, 0.047158148139715195, -0.04707643762230873, 0.0]",26.33333396911621,3,6,473,6
"[0.6147072315216064, -0.17747536301612854, 0.47936832904815674, 0.7350397706031799, -0.6283050775527954, -0.1652374118566513, -0.1940254122018814, 0.0]","[-0.021037962287664413, -0.05697864294052124, 0.2022719532251358, 0.2076065093278885, -0.49580055475234985, 0.24554896354675293, 0.0]",8.333333015441895,12,7,162,5
"[0.5721380114555359, 0.045412249863147736, 0.8724682331085205, 0.7180529832839966, -0.5936055779457092, -0.23898877203464508, -0.27370911836624146, 1.0]","[-0.07298412173986435, -0.007699121255427599, 0.08375975489616394, 0.09885582327842712, -0.03320807218551636, 0.04505079984664917, 1.0]",38.0,28,7,384,0
"[0.5052230954170227, 0.036977797746658325, 0.14189787209033966, -0.48685234785079956, 0.7812442183494568, 0.22456181049346924, 0.31969401240348816, 0.0]","[-0.013350204564630985, 0.026292208582162857, -0.2004978209733963, 0.08817007392644882, 0.2730972170829773, -0.06986791640520096, 1.0]",7.333333492279053,2,7,257,4
"[0.503273069858551, -0.1898365616798401, 0.6073341369628906, 0.7644297480583191, -0.5996158719062805, -0.16426505148410797, -0.17066025733947754, 0.0]","[-1.3270142517285421e-05, 1.462731324863853e-05, -2.5471152184763923e-05, 9.121980838244781e-06, 4.3171887227799743e-05, 2.1650403141393326e-05, 0.0]",17.0,18,4,46,7
"[0.4383266270160675, -0.21607407927513123, 0.9783781170845032, -0.6029617190361023, 0.7801473140716553, -0.037114355713129044, 0.16257263720035553, 0.6252403259277344]","[0.17128586769104004, -0.03717384859919548, -0.011746962554752827, -0.023814154788851738, -0.055881600826978683, -0.1888953000307083, 0.0]",4.333333492279053,16,0,230,5
"[0.5278549194335938, -0.15227524936199188, 0.9346255660057068, -0.5735368728637695, 0.76248699426651, 0.12687274813652039, 0.2712422311306, 1.0]","[0.10046689957380295, -0.029454991221427917, 0.02243613265454769, 0.04209963232278824, -0.039656661450862885, -0.058907400816679, 0.0]",8.666666984558105,33,0,480,3
"[0.4931805431842804, -0.1516367495059967, 0.8012326955795288, -0.622648298740387, 0.7390978932380676, 0.08950755000114441, 0.24089793860912323, 0.0]","[0.04526922106742859, 0.1197735071182251, -0.12047327309846878, 0.1367132067680359, 0.11239151656627655, 0.10352823883295059, 1.0]",1.3333333730697632,18,7,484,4
"[0.45728251338005066, -0.20970171689987183, 0.9310656189918518, -0.6252967119216919, 0.7564510703086853, -0.008817839436233044, 0.1915934681892395, 0.0]","[0.04278296232223511, 0.10962358117103577, -0.2000228613615036, 0.23952093720436096, 0.1482759416103363, 0.10748840123414993, 1.0]",0.3333333432674408,62,5,389,0
"[0.5398902893066406, -0.10432052612304688, 0.40582531690597534, -0.3319278061389923, 0.9074318408966064, 0.14645709097385406, 0.21199455857276917, 1.0]","[-0.0074091278947889805, -0.02854633331298828, -0.020683296024799347, -0.04281991720199585, 0.05621589347720146, -0.05677373334765434, 0.0]",8.0,18,0,479,8
"[0.558755099773407, 0.07904144376516342, 0.7860813736915588, -0.6519309878349304, 0.500740647315979, -0.24921464920043945, 0.5119930505752563, 1.0]","[0.0402761809527874, -0.018479730933904648, 0.050818584859371185, -0.025215428322553635, -0.10355659574270248, -0.020902270451188087, 0.0]",4.333333492279053,0,1,425,7
"[0.7570525407791138, -0.02643403969705105, 0.9311802983283997, -0.6834424138069153, 0.43984925746917725, -0.24042601883411407, 0.5306923985481262, 1.0]","[-0.03632865473628044, 0.03790367767214775, -0.028566131368279457, 0.1279444694519043, -0.013375942595303059, 0.3300279974937439, 1.0]",4.666666507720947,49,0,409,5
"[0.5007020235061646, -0.11501726508140564, 0.43491819500923157, -0.30282360315322876, 0.9183005690574646, 0.16172444820404053, 0.19714735448360443, 0.8150697946548462]","[0.026216397061944008, 0.06934066861867905, -0.052687499672174454, -0.07897955924272537, -0.007211373187601566, 0.04621197655797005, 1.0]",23.66666603088379,8,4,53,0
"[0.43832501769065857, -0.216080442070961, 0.9783539175987244, -0.6029654741287231, 0.7801539897918701, -0.03708479553461075, 0.1625334620475769, 0.37717828154563904]","[0.004211339168250561, 0.021330201998353004, -0.04964929074048996, -0.058257680386304855, 0.09897448122501373, 0.05924903228878975, 0.0]",9.333333015441895,37,0,381,6
"[0.6877507567405701, 0.07674531638622284, 0.8820626735687256, -0.6815100312232971, 0.4275563061237335, -0.29232147336006165, 0.5169988870620728, 1.0]","[0.0, 2.7755575615628914e-17, 0.0, -0.0, 0.0, 0.0, 0.0]",22.66666603088379,30,6,224,0
"[0.3421778380870819, -0.1845701038837433, 0.6685956120491028, -0.5520021319389343, 0.8308252096176147, 0.01144598051905632, 0.06994401663541794, 1.0]","[-0.03037426248192787, -0.019442033022642136, 0.11692395061254501, 0.22890397906303406, -0.20770233869552612, 0.02335386350750923, 0.0]",31.66666603088379,5,5,482,6
"[0.8232091665267944, -0.06823740154504776, 0.8854597806930542, 0.745097279548645, -0.4613742530345917, 0.1314890831708908, -0.4633297026157379, 1.0]","[0.028252601623535156, -0.01739506609737873, 0.0064639924094080925, 0.007937061600387096, -0.04468297213315964, -0.021390780806541443, 1.0]",28.0,9,0,163,5
"[0.5939998626708984, -0.08143755793571472, 0.18778936564922333, -0.20115140080451965, 0.9257651567459106, 0.20583736896514893, 0.24521014094352722, 0.0]","[0.03835491091012955, -0.02630319632589817, -0.055319879204034805, -0.13220523297786713, -0.050069671124219894, -0.26361173391342163, 1.0]",32.0,65,4,423,0
